sample_index,source_path,true_species,noise_kind,noise_level,predicted_species,confidence,correct
0,data/eval_images/Agglutinella soriformis_20_view4_gif_original.png,Agglutinella soriformis,gaussian,0.0,Agglutinella soriformis,0.9996832609176636,1
0,data/eval_images/Agglutinella soriformis_20_view4_gif_original.png,Agglutinella soriformis,gaussian,5.0,Agglutinella soriformis,0.9946438074111938,1
0,data/eval_images/Agglutinella soriformis_20_view4_gif_original.png,Agglutinella soriformis,gaussian,10.0,Agglutinella soriformis,0.6834282875061035,1
0,data/eval_images/Agglutinella soriformis_20_view4_gif_original.png,Agglutinella soriformis,gaussian,25.0,Bigenerina nodosaria,0.8690736889839172,0
0,data/eval_images/Agglutinella soriformis_20_view4_gif_original.png,Agglutinella soriformis,gaussian,50.0,Bigenerina nodosaria,0.6807622313499451,0
0,data/eval_images/Agglutinella soriformis_20_view4_gif_original.png,Agglutinella soriformis,saltpepper,0.0,Agglutinella soriformis,0.9996832609176636,1
0,data/eval_images/Agglutinella soriformis_20_view4_gif_original.png,Agglutinella soriformis,saltpepper,0.01,Agglutinella soriformis,0.9996570348739624,1
0,data/eval_images/Agglutinella soriformis_20_view4_gif_original.png,Agglutinella soriformis,saltpepper,0.03,Agglutinella soriformis,0.9388540983200072,1
0,data/eval_images/Agglutinella soriformis_20_view4_gif_original.png,Agglutinella soriformis,saltpepper,0.07,Bigenerina nodosaria,0.5836623907089233,0
0,data/eval_images/Agglutinella soriformis_20_view4_gif_original.png,Agglutinella soriformis,stretch,1.0,Agglutinella soriformis,0.9996832609176636,1
1,data/eval_images/Agglutinella soriformis_20_view4_stacked_tiff.png,Agglutinella soriformis,gaussian,0.0,Agglutinella soriformis,0.999616265296936,1
1,data/eval_images/Agglutinella soriformis_20_view4_stacked_tiff.png,Agglutinella soriformis,gaussian,5.0,Agglutinella soriformis,0.9979548454284668,1
1,data/eval_images/Agglutinella soriformis_20_view4_stacked_tiff.png,Agglutinella soriformis,gaussian,10.0,Agglutinella soriformis,0.9349021911621094,1
1,data/eval_images/Agglutinella soriformis_20_view4_stacked_tiff.png,Agglutinella soriformis,gaussian,25.0,Bigenerina nodosaria,0.7512089014053345,0
1,data/eval_images/Agglutinella soriformis_20_view4_stacked_tiff.png,Agglutinella soriformis,gaussian,50.0,Bigenerina nodosaria,0.6172376871109009,0
1,data/eval_images/Agglutinella soriformis_20_view4_stacked_tiff.png,Agglutinella soriformis,saltpepper,0.0,Agglutinella soriformis,0.999616265296936,1
1,data/eval_images/Agglutinella soriformis_20_view4_stacked_tiff.png,Agglutinella soriformis,saltpepper,0.01,Agglutinella soriformis,0.9993669390678406,1
1,data/eval_images/Agglutinella soriformis_20_view4_stacked_tiff.png,Agglutinella soriformis,saltpepper,0.03,Agglutinella soriformis,0.9875180125236512,1
1,data/eval_images/Agglutinella soriformis_20_view4_stacked_tiff.png,Agglutinella soriformis,saltpepper,0.07,Agglutinella soriformis,0.6873093247413635,1
1,data/eval_images/Agglutinella soriformis_20_view4_stacked_tiff.png,Agglutinella soriformis,stretch,1.0,Agglutinella soriformis,0.999616265296936,1
2,data/eval_images/Agglutinella soriformis_20_view4_zstack_slice_z0006.png,Agglutinella soriformis,gaussian,0.0,Agglutinella soriformis,0.9998084902763368,1
2,data/eval_images/Agglutinella soriformis_20_view4_zstack_slice_z0006.png,Agglutinella soriformis,gaussian,5.0,Agglutinella soriformis,0.9983404874801636,1
2,data/eval_images/Agglutinella soriformis_20_view4_zstack_slice_z0006.png,Agglutinella soriformis,gaussian,10.0,Agglutinella soriformis,0.8330320715904236,1
2,data/eval_images/Agglutinella soriformis_20_view4_zstack_slice_z0006.png,Agglutinella soriformis,gaussian,25.0,Bigenerina nodosaria,0.5925774574279785,0
2,data/eval_images/Agglutinella soriformis_20_view4_zstack_slice_z0006.png,Agglutinella soriformis,gaussian,50.0,Bigenerina nodosaria,0.3712019026279449,0
2,data/eval_images/Agglutinella soriformis_20_view4_zstack_slice_z0006.png,Agglutinella soriformis,saltpepper,0.0,Agglutinella soriformis,0.9998084902763368,1
2,data/eval_images/Agglutinella soriformis_20_view4_zstack_slice_z0006.png,Agglutinella soriformis,saltpepper,0.01,Agglutinella soriformis,0.9996234178543092,1
2,data/eval_images/Agglutinella soriformis_20_view4_zstack_slice_z0006.png,Agglutinella soriformis,saltpepper,0.03,Agglutinella soriformis,0.9887025356292723,1
2,data/eval_images/Agglutinella soriformis_20_view4_zstack_slice_z0006.png,Agglutinella soriformis,saltpepper,0.07,Agglutinella soriformis,0.7748821973800659,1
2,data/eval_images/Agglutinella soriformis_20_view4_zstack_slice_z0006.png,Agglutinella soriformis,stretch,1.0,Agglutinella soriformis,0.9998084902763368,1
3,data/eval_images/Agglutinella soriformis_20_view4_zstack_slice_z0007.png,Agglutinella soriformis,gaussian,0.0,Agglutinella soriformis,0.999769389629364,1
3,data/eval_images/Agglutinella soriformis_20_view4_zstack_slice_z0007.png,Agglutinella soriformis,gaussian,5.0,Agglutinella soriformis,0.9985803365707396,1
3,data/eval_images/Agglutinella soriformis_20_view4_zstack_slice_z0007.png,Agglutinella soriformis,gaussian,10.0,Agglutinella soriformis,0.7482874989509583,1
3,data/eval_images/Agglutinella soriformis_20_view4_zstack_slice_z0007.png,Agglutinella soriformis,gaussian,25.0,Bigenerina nodosaria,0.6434121131896973,0
3,data/eval_images/Agglutinella soriformis_20_view4_zstack_slice_z0007.png,Agglutinella soriformis,gaussian,50.0,Bigenerina nodosaria,0.4316071271896362,0
3,data/eval_images/Agglutinella soriformis_20_view4_zstack_slice_z0007.png,Agglutinella soriformis,saltpepper,0.0,Agglutinella soriformis,0.999769389629364,1
3,data/eval_images/Agglutinella soriformis_20_view4_zstack_slice_z0007.png,Agglutinella soriformis,saltpepper,0.01,Agglutinella soriformis,0.9997844099998474,1
3,data/eval_images/Agglutinella soriformis_20_view4_zstack_slice_z0007.png,Agglutinella soriformis,saltpepper,0.03,Agglutinella soriformis,0.906157374382019,1
3,data/eval_images/Agglutinella soriformis_20_view4_zstack_slice_z0007.png,Agglutinella soriformis,saltpepper,0.07,Agglutinella soriformis,0.8278002142906189,1
3,data/eval_images/Agglutinella soriformis_20_view4_zstack_slice_z0007.png,Agglutinella soriformis,stretch,1.0,Agglutinella soriformis,0.999769389629364,1
4,data/eval_images/Agglutinella soriformis_20_view4_zstack_slice_z0009.png,Agglutinella soriformis,gaussian,0.0,Agglutinella soriformis,0.9997745156288148,1
4,data/eval_images/Agglutinella soriformis_20_view4_zstack_slice_z0009.png,Agglutinella soriformis,gaussian,5.0,Agglutinella soriformis,0.9993191957473756,1
4,data/eval_images/Agglutinella soriformis_20_view4_zstack_slice_z0009.png,Agglutinella soriformis,gaussian,10.0,Agglutinella soriformis,0.8520461916923523,1
4,data/eval_images/Agglutinella soriformis_20_view4_zstack_slice_z0009.png,Agglutinella soriformis,gaussian,25.0,Bigenerina nodosaria,0.7496254444122314,0
4,data/eval_images/Agglutinella soriformis_20_view4_zstack_slice_z0009.png,Agglutinella soriformis,gaussian,50.0,Amphistegina radiata,0.519727349281311,0
4,data/eval_images/Agglutinella soriformis_20_view4_zstack_slice_z0009.png,Agglutinella soriformis,saltpepper,0.0,Agglutinella soriformis,0.9997745156288148,1
4,data/eval_images/Agglutinella soriformis_20_view4_zstack_slice_z0009.png,Agglutinella soriformis,saltpepper,0.01,Agglutinella soriformis,0.99978107213974,1
4,data/eval_images/Agglutinella soriformis_20_view4_zstack_slice_z0009.png,Agglutinella soriformis,saltpepper,0.03,Agglutinella soriformis,0.9783554077148438,1
4,data/eval_images/Agglutinella soriformis_20_view4_zstack_slice_z0009.png,Agglutinella soriformis,saltpepper,0.07,Agglutinella soriformis,0.655095636844635,1
4,data/eval_images/Agglutinella soriformis_20_view4_zstack_slice_z0009.png,Agglutinella soriformis,stretch,1.0,Agglutinella soriformis,0.9997745156288148,1
5,data/eval_images/Agglutinella soriformis_20_view4_zstack_slice_z0011.png,Agglutinella soriformis,gaussian,0.0,Agglutinella soriformis,0.9997360110282898,1
5,data/eval_images/Agglutinella soriformis_20_view4_zstack_slice_z0011.png,Agglutinella soriformis,gaussian,5.0,Agglutinella soriformis,0.9992237091064452,1
5,data/eval_images/Agglutinella soriformis_20_view4_zstack_slice_z0011.png,Agglutinella soriformis,gaussian,10.0,Agglutinella soriformis,0.8700351119041443,1
5,data/eval_images/Agglutinella soriformis_20_view4_zstack_slice_z0011.png,Agglutinella soriformis,gaussian,25.0,Bigenerina nodosaria,0.5964646339416504,0
5,data/eval_images/Agglutinella soriformis_20_view4_zstack_slice_z0011.png,Agglutinella soriformis,gaussian,50.0,Amphistegina radiata,0.4577274918556213,0
5,data/eval_images/Agglutinella soriformis_20_view4_zstack_slice_z0011.png,Agglutinella soriformis,saltpepper,0.0,Agglutinella soriformis,0.9997360110282898,1
5,data/eval_images/Agglutinella soriformis_20_view4_zstack_slice_z0011.png,Agglutinella soriformis,saltpepper,0.01,Agglutinella soriformis,0.9997466206550598,1
5,data/eval_images/Agglutinella soriformis_20_view4_zstack_slice_z0011.png,Agglutinella soriformis,saltpepper,0.03,Agglutinella soriformis,0.939747393131256,1
5,data/eval_images/Agglutinella soriformis_20_view4_zstack_slice_z0011.png,Agglutinella soriformis,saltpepper,0.07,Agglutinella soriformis,0.5900171399116516,1
5,data/eval_images/Agglutinella soriformis_20_view4_zstack_slice_z0011.png,Agglutinella soriformis,stretch,1.0,Agglutinella soriformis,0.9997360110282898,1
6,data/eval_images/Agglutinella soriformis_20_view4_zstack_slice_z0016.png,Agglutinella soriformis,gaussian,0.0,Agglutinella soriformis,0.9997032284736632,1
6,data/eval_images/Agglutinella soriformis_20_view4_zstack_slice_z0016.png,Agglutinella soriformis,gaussian,5.0,Agglutinella soriformis,0.997095227241516,1
6,data/eval_images/Agglutinella soriformis_20_view4_zstack_slice_z0016.png,Agglutinella soriformis,gaussian,10.0,Agglutinella soriformis,0.8235299587249756,1
6,data/eval_images/Agglutinella soriformis_20_view4_zstack_slice_z0016.png,Agglutinella soriformis,gaussian,25.0,Spirosigmoilina parri,0.3727047145366668,0
6,data/eval_images/Agglutinella soriformis_20_view4_zstack_slice_z0016.png,Agglutinella soriformis,gaussian,50.0,Amphistegina radiata,0.7186005115509033,0
6,data/eval_images/Agglutinella soriformis_20_view4_zstack_slice_z0016.png,Agglutinella soriformis,saltpepper,0.0,Agglutinella soriformis,0.9997032284736632,1
6,data/eval_images/Agglutinella soriformis_20_view4_zstack_slice_z0016.png,Agglutinella soriformis,saltpepper,0.01,Agglutinella soriformis,0.9991694688796996,1
6,data/eval_images/Agglutinella soriformis_20_view4_zstack_slice_z0016.png,Agglutinella soriformis,saltpepper,0.03,Agglutinella soriformis,0.9009519815444946,1
6,data/eval_images/Agglutinella soriformis_20_view4_zstack_slice_z0016.png,Agglutinella soriformis,saltpepper,0.07,Agglutinella soriformis,0.386269748210907,1
6,data/eval_images/Agglutinella soriformis_20_view4_zstack_slice_z0016.png,Agglutinella soriformis,stretch,1.0,Agglutinella soriformis,0.9997032284736632,1
7,data/eval_images/Ammoscalaria pseudospiralis_12_view3_gif_original.png,Ammoscalaria pseudospiralis,gaussian,0.0,Ammoscalaria pseudospiralis,0.9972953200340272,1
7,data/eval_images/Ammoscalaria pseudospiralis_12_view3_gif_original.png,Ammoscalaria pseudospiralis,gaussian,5.0,Ammoscalaria pseudospiralis,0.997913658618927,1
7,data/eval_images/Ammoscalaria pseudospiralis_12_view3_gif_original.png,Ammoscalaria pseudospiralis,gaussian,10.0,Ammoscalaria pseudospiralis,0.9979872703552246,1
7,data/eval_images/Ammoscalaria pseudospiralis_12_view3_gif_original.png,Ammoscalaria pseudospiralis,gaussian,25.0,Ammoscalaria pseudospiralis,0.9978627562522888,1
7,data/eval_images/Ammoscalaria pseudospiralis_12_view3_gif_original.png,Ammoscalaria pseudospiralis,gaussian,50.0,Ammoscalaria pseudospiralis,0.9945682287216188,1
7,data/eval_images/Ammoscalaria pseudospiralis_12_view3_gif_original.png,Ammoscalaria pseudospiralis,saltpepper,0.0,Ammoscalaria pseudospiralis,0.9972953200340272,1
7,data/eval_images/Ammoscalaria pseudospiralis_12_view3_gif_original.png,Ammoscalaria pseudospiralis,saltpepper,0.01,Ammoscalaria pseudospiralis,0.9960430860519408,1
7,data/eval_images/Ammoscalaria pseudospiralis_12_view3_gif_original.png,Ammoscalaria pseudospiralis,saltpepper,0.03,Ammoscalaria pseudospiralis,0.980128824710846,1
7,data/eval_images/Ammoscalaria pseudospiralis_12_view3_gif_original.png,Ammoscalaria pseudospiralis,saltpepper,0.07,Ammoscalaria pseudospiralis,0.745008647441864,1
7,data/eval_images/Ammoscalaria pseudospiralis_12_view3_gif_original.png,Ammoscalaria pseudospiralis,stretch,1.0,Ammoscalaria pseudospiralis,0.9972953200340272,1
8,data/eval_images/Ammoscalaria pseudospiralis_12_view3_stacked_tiff.png,Ammoscalaria pseudospiralis,gaussian,0.0,Ammoscalaria pseudospiralis,0.9964913725852966,1
8,data/eval_images/Ammoscalaria pseudospiralis_12_view3_stacked_tiff.png,Ammoscalaria pseudospiralis,gaussian,5.0,Ammoscalaria pseudospiralis,0.9974865913391112,1
8,data/eval_images/Ammoscalaria pseudospiralis_12_view3_stacked_tiff.png,Ammoscalaria pseudospiralis,gaussian,10.0,Ammoscalaria pseudospiralis,0.9982484579086304,1
8,data/eval_images/Ammoscalaria pseudospiralis_12_view3_stacked_tiff.png,Ammoscalaria pseudospiralis,gaussian,25.0,Ammoscalaria pseudospiralis,0.9973213076591492,1
8,data/eval_images/Ammoscalaria pseudospiralis_12_view3_stacked_tiff.png,Ammoscalaria pseudospiralis,gaussian,50.0,Ammoscalaria pseudospiralis,0.9892424941062928,1
8,data/eval_images/Ammoscalaria pseudospiralis_12_view3_stacked_tiff.png,Ammoscalaria pseudospiralis,saltpepper,0.0,Ammoscalaria pseudospiralis,0.9964913725852966,1
8,data/eval_images/Ammoscalaria pseudospiralis_12_view3_stacked_tiff.png,Ammoscalaria pseudospiralis,saltpepper,0.01,Ammoscalaria pseudospiralis,0.9964460730552672,1
8,data/eval_images/Ammoscalaria pseudospiralis_12_view3_stacked_tiff.png,Ammoscalaria pseudospiralis,saltpepper,0.03,Ammoscalaria pseudospiralis,0.993346095085144,1
8,data/eval_images/Ammoscalaria pseudospiralis_12_view3_stacked_tiff.png,Ammoscalaria pseudospiralis,saltpepper,0.07,Ammoscalaria pseudospiralis,0.9272039532661438,1
8,data/eval_images/Ammoscalaria pseudospiralis_12_view3_stacked_tiff.png,Ammoscalaria pseudospiralis,stretch,1.0,Ammoscalaria pseudospiralis,0.9964913725852966,1
9,data/eval_images/Ammoscalaria pseudospiralis_12_view3_zstack_slice_z0001.png,Ammoscalaria pseudospiralis,gaussian,0.0,Ammoscalaria pseudospiralis,0.9955924153327942,1
9,data/eval_images/Ammoscalaria pseudospiralis_12_view3_zstack_slice_z0001.png,Ammoscalaria pseudospiralis,gaussian,5.0,Ammoscalaria pseudospiralis,0.9974727034568788,1
9,data/eval_images/Ammoscalaria pseudospiralis_12_view3_zstack_slice_z0001.png,Ammoscalaria pseudospiralis,gaussian,10.0,Ammoscalaria pseudospiralis,0.99809592962265,1
9,data/eval_images/Ammoscalaria pseudospiralis_12_view3_zstack_slice_z0001.png,Ammoscalaria pseudospiralis,gaussian,25.0,Ammoscalaria pseudospiralis,0.9976031184196472,1
9,data/eval_images/Ammoscalaria pseudospiralis_12_view3_zstack_slice_z0001.png,Ammoscalaria pseudospiralis,gaussian,50.0,Ammoscalaria pseudospiralis,0.9972259402275084,1
9,data/eval_images/Ammoscalaria pseudospiralis_12_view3_zstack_slice_z0001.png,Ammoscalaria pseudospiralis,saltpepper,0.0,Ammoscalaria pseudospiralis,0.9955924153327942,1
9,data/eval_images/Ammoscalaria pseudospiralis_12_view3_zstack_slice_z0001.png,Ammoscalaria pseudospiralis,saltpepper,0.01,Ammoscalaria pseudospiralis,0.992668092250824,1
9,data/eval_images/Ammoscalaria pseudospiralis_12_view3_zstack_slice_z0001.png,Ammoscalaria pseudospiralis,saltpepper,0.03,Ammoscalaria pseudospiralis,0.9954671859741212,1
9,data/eval_images/Ammoscalaria pseudospiralis_12_view3_zstack_slice_z0001.png,Ammoscalaria pseudospiralis,saltpepper,0.07,Ammoscalaria pseudospiralis,0.9906479716300964,1
9,data/eval_images/Ammoscalaria pseudospiralis_12_view3_zstack_slice_z0001.png,Ammoscalaria pseudospiralis,stretch,1.0,Ammoscalaria pseudospiralis,0.9955924153327942,1
10,data/eval_images/Ammoscalaria pseudospiralis_12_view3_zstack_slice_z0007.png,Ammoscalaria pseudospiralis,gaussian,0.0,Ammoscalaria pseudospiralis,0.996323823928833,1
10,data/eval_images/Ammoscalaria pseudospiralis_12_view3_zstack_slice_z0007.png,Ammoscalaria pseudospiralis,gaussian,5.0,Ammoscalaria pseudospiralis,0.9974830746650696,1
10,data/eval_images/Ammoscalaria pseudospiralis_12_view3_zstack_slice_z0007.png,Ammoscalaria pseudospiralis,gaussian,10.0,Ammoscalaria pseudospiralis,0.9982360601425172,1
10,data/eval_images/Ammoscalaria pseudospiralis_12_view3_zstack_slice_z0007.png,Ammoscalaria pseudospiralis,gaussian,25.0,Ammoscalaria pseudospiralis,0.9979567527770996,1
10,data/eval_images/Ammoscalaria pseudospiralis_12_view3_zstack_slice_z0007.png,Ammoscalaria pseudospiralis,gaussian,50.0,Ammoscalaria pseudospiralis,0.9975678324699402,1
10,data/eval_images/Ammoscalaria pseudospiralis_12_view3_zstack_slice_z0007.png,Ammoscalaria pseudospiralis,saltpepper,0.0,Ammoscalaria pseudospiralis,0.996323823928833,1
10,data/eval_images/Ammoscalaria pseudospiralis_12_view3_zstack_slice_z0007.png,Ammoscalaria pseudospiralis,saltpepper,0.01,Ammoscalaria pseudospiralis,0.9947640895843506,1
10,data/eval_images/Ammoscalaria pseudospiralis_12_view3_zstack_slice_z0007.png,Ammoscalaria pseudospiralis,saltpepper,0.03,Ammoscalaria pseudospiralis,0.9955377578735352,1
10,data/eval_images/Ammoscalaria pseudospiralis_12_view3_zstack_slice_z0007.png,Ammoscalaria pseudospiralis,saltpepper,0.07,Ammoscalaria pseudospiralis,0.9755022525787354,1
10,data/eval_images/Ammoscalaria pseudospiralis_12_view3_zstack_slice_z0007.png,Ammoscalaria pseudospiralis,stretch,1.0,Ammoscalaria pseudospiralis,0.996323823928833,1
11,data/eval_images/Ammoscalaria pseudospiralis_12_view3_zstack_slice_z0016.png,Ammoscalaria pseudospiralis,gaussian,0.0,Ammoscalaria pseudospiralis,0.9960395097732544,1
11,data/eval_images/Ammoscalaria pseudospiralis_12_view3_zstack_slice_z0016.png,Ammoscalaria pseudospiralis,gaussian,5.0,Ammoscalaria pseudospiralis,0.9973533153533936,1
11,data/eval_images/Ammoscalaria pseudospiralis_12_view3_zstack_slice_z0016.png,Ammoscalaria pseudospiralis,gaussian,10.0,Ammoscalaria pseudospiralis,0.9976633787155152,1
11,data/eval_images/Ammoscalaria pseudospiralis_12_view3_zstack_slice_z0016.png,Ammoscalaria pseudospiralis,gaussian,25.0,Ammoscalaria pseudospiralis,0.9971272349357604,1
11,data/eval_images/Ammoscalaria pseudospiralis_12_view3_zstack_slice_z0016.png,Ammoscalaria pseudospiralis,gaussian,50.0,Ammoscalaria pseudospiralis,0.9968968629837036,1
11,data/eval_images/Ammoscalaria pseudospiralis_12_view3_zstack_slice_z0016.png,Ammoscalaria pseudospiralis,saltpepper,0.0,Ammoscalaria pseudospiralis,0.9960395097732544,1
11,data/eval_images/Ammoscalaria pseudospiralis_12_view3_zstack_slice_z0016.png,Ammoscalaria pseudospiralis,saltpepper,0.01,Ammoscalaria pseudospiralis,0.994778037071228,1
11,data/eval_images/Ammoscalaria pseudospiralis_12_view3_zstack_slice_z0016.png,Ammoscalaria pseudospiralis,saltpepper,0.03,Ammoscalaria pseudospiralis,0.9945911169052124,1
11,data/eval_images/Ammoscalaria pseudospiralis_12_view3_zstack_slice_z0016.png,Ammoscalaria pseudospiralis,saltpepper,0.07,Ammoscalaria pseudospiralis,0.9780519604682922,1
11,data/eval_images/Ammoscalaria pseudospiralis_12_view3_zstack_slice_z0016.png,Ammoscalaria pseudospiralis,stretch,1.0,Ammoscalaria pseudospiralis,0.9960395097732544,1
12,data/eval_images/Ammoscalaria pseudospiralis_12_view3_zstack_slice_z0021.png,Ammoscalaria pseudospiralis,gaussian,0.0,Ammoscalaria pseudospiralis,0.9958717226982116,1
12,data/eval_images/Ammoscalaria pseudospiralis_12_view3_zstack_slice_z0021.png,Ammoscalaria pseudospiralis,gaussian,5.0,Ammoscalaria pseudospiralis,0.99728524684906,1
12,data/eval_images/Ammoscalaria pseudospiralis_12_view3_zstack_slice_z0021.png,Ammoscalaria pseudospiralis,gaussian,10.0,Ammoscalaria pseudospiralis,0.9981545805931092,1
12,data/eval_images/Ammoscalaria pseudospiralis_12_view3_zstack_slice_z0021.png,Ammoscalaria pseudospiralis,gaussian,25.0,Ammoscalaria pseudospiralis,0.9980278611183168,1
12,data/eval_images/Ammoscalaria pseudospiralis_12_view3_zstack_slice_z0021.png,Ammoscalaria pseudospiralis,gaussian,50.0,Ammoscalaria pseudospiralis,0.9967541098594666,1
12,data/eval_images/Ammoscalaria pseudospiralis_12_view3_zstack_slice_z0021.png,Ammoscalaria pseudospiralis,saltpepper,0.0,Ammoscalaria pseudospiralis,0.9958717226982116,1
12,data/eval_images/Ammoscalaria pseudospiralis_12_view3_zstack_slice_z0021.png,Ammoscalaria pseudospiralis,saltpepper,0.01,Ammoscalaria pseudospiralis,0.994783103466034,1
12,data/eval_images/Ammoscalaria pseudospiralis_12_view3_zstack_slice_z0021.png,Ammoscalaria pseudospiralis,saltpepper,0.03,Ammoscalaria pseudospiralis,0.99062180519104,1
12,data/eval_images/Ammoscalaria pseudospiralis_12_view3_zstack_slice_z0021.png,Ammoscalaria pseudospiralis,saltpepper,0.07,Ammoscalaria pseudospiralis,0.984691560268402,1
12,data/eval_images/Ammoscalaria pseudospiralis_12_view3_zstack_slice_z0021.png,Ammoscalaria pseudospiralis,stretch,1.0,Ammoscalaria pseudospiralis,0.9958717226982116,1
13,data/eval_images/Ammoscalaria pseudospiralis_12_view3_zstack_slice_z0030.png,Ammoscalaria pseudospiralis,gaussian,0.0,Ammoscalaria pseudospiralis,0.9960373640060424,1
13,data/eval_images/Ammoscalaria pseudospiralis_12_view3_zstack_slice_z0030.png,Ammoscalaria pseudospiralis,gaussian,5.0,Ammoscalaria pseudospiralis,0.9970375299453736,1
13,data/eval_images/Ammoscalaria pseudospiralis_12_view3_zstack_slice_z0030.png,Ammoscalaria pseudospiralis,gaussian,10.0,Ammoscalaria pseudospiralis,0.9980827569961548,1
13,data/eval_images/Ammoscalaria pseudospiralis_12_view3_zstack_slice_z0030.png,Ammoscalaria pseudospiralis,gaussian,25.0,Ammoscalaria pseudospiralis,0.9984377026557922,1
13,data/eval_images/Ammoscalaria pseudospiralis_12_view3_zstack_slice_z0030.png,Ammoscalaria pseudospiralis,gaussian,50.0,Ammoscalaria pseudospiralis,0.9980558156967164,1
13,data/eval_images/Ammoscalaria pseudospiralis_12_view3_zstack_slice_z0030.png,Ammoscalaria pseudospiralis,saltpepper,0.0,Ammoscalaria pseudospiralis,0.9960373640060424,1
13,data/eval_images/Ammoscalaria pseudospiralis_12_view3_zstack_slice_z0030.png,Ammoscalaria pseudospiralis,saltpepper,0.01,Ammoscalaria pseudospiralis,0.9943466782569884,1
13,data/eval_images/Ammoscalaria pseudospiralis_12_view3_zstack_slice_z0030.png,Ammoscalaria pseudospiralis,saltpepper,0.03,Ammoscalaria pseudospiralis,0.9956644177436828,1
13,data/eval_images/Ammoscalaria pseudospiralis_12_view3_zstack_slice_z0030.png,Ammoscalaria pseudospiralis,saltpepper,0.07,Ammoscalaria pseudospiralis,0.9948011636734008,1
13,data/eval_images/Ammoscalaria pseudospiralis_12_view3_zstack_slice_z0030.png,Ammoscalaria pseudospiralis,stretch,1.0,Ammoscalaria pseudospiralis,0.9960373640060424,1
14,data/eval_images/Amphicoryna scalaris_27_view1_gif_original.png,Amphicoryna scalaris,gaussian,0.0,Amphicoryna scalaris,0.9916514754295348,1
14,data/eval_images/Amphicoryna scalaris_27_view1_gif_original.png,Amphicoryna scalaris,gaussian,5.0,Amphicoryna scalaris,0.990835189819336,1
14,data/eval_images/Amphicoryna scalaris_27_view1_gif_original.png,Amphicoryna scalaris,gaussian,10.0,Amphicoryna scalaris,0.9905971884727478,1
14,data/eval_images/Amphicoryna scalaris_27_view1_gif_original.png,Amphicoryna scalaris,gaussian,25.0,Amphicoryna scalaris,0.9891512393951416,1
14,data/eval_images/Amphicoryna scalaris_27_view1_gif_original.png,Amphicoryna scalaris,gaussian,50.0,Amphicoryna scalaris,0.9859008193016052,1
14,data/eval_images/Amphicoryna scalaris_27_view1_gif_original.png,Amphicoryna scalaris,saltpepper,0.0,Amphicoryna scalaris,0.9916514754295348,1
14,data/eval_images/Amphicoryna scalaris_27_view1_gif_original.png,Amphicoryna scalaris,saltpepper,0.01,Amphicoryna scalaris,0.9914119243621826,1
14,data/eval_images/Amphicoryna scalaris_27_view1_gif_original.png,Amphicoryna scalaris,saltpepper,0.03,Amphicoryna scalaris,0.9897595643997192,1
14,data/eval_images/Amphicoryna scalaris_27_view1_gif_original.png,Amphicoryna scalaris,saltpepper,0.07,Amphicoryna scalaris,0.9876233339309692,1
14,data/eval_images/Amphicoryna scalaris_27_view1_gif_original.png,Amphicoryna scalaris,stretch,1.0,Amphicoryna scalaris,0.9916514754295348,1
15,data/eval_images/Amphicoryna scalaris_27_view1_zstack_slice_z0017.png,Amphicoryna scalaris,gaussian,0.0,Amphicoryna scalaris,0.9903851747512816,1
15,data/eval_images/Amphicoryna scalaris_27_view1_zstack_slice_z0017.png,Amphicoryna scalaris,gaussian,5.0,Amphicoryna scalaris,0.98941832780838,1
15,data/eval_images/Amphicoryna scalaris_27_view1_zstack_slice_z0017.png,Amphicoryna scalaris,gaussian,10.0,Amphicoryna scalaris,0.9865391850471495,1
15,data/eval_images/Amphicoryna scalaris_27_view1_zstack_slice_z0017.png,Amphicoryna scalaris,gaussian,25.0,Amphicoryna scalaris,0.9755286574363708,1
15,data/eval_images/Amphicoryna scalaris_27_view1_zstack_slice_z0017.png,Amphicoryna scalaris,gaussian,50.0,Amphicoryna scalaris,0.8602634072303772,1
15,data/eval_images/Amphicoryna scalaris_27_view1_zstack_slice_z0017.png,Amphicoryna scalaris,saltpepper,0.0,Amphicoryna scalaris,0.9903851747512816,1
15,data/eval_images/Amphicoryna scalaris_27_view1_zstack_slice_z0017.png,Amphicoryna scalaris,saltpepper,0.01,Amphicoryna scalaris,0.989212155342102,1
15,data/eval_images/Amphicoryna scalaris_27_view1_zstack_slice_z0017.png,Amphicoryna scalaris,saltpepper,0.03,Amphicoryna scalaris,0.9841673970222472,1
15,data/eval_images/Amphicoryna scalaris_27_view1_zstack_slice_z0017.png,Amphicoryna scalaris,saltpepper,0.07,Amphicoryna scalaris,0.9611152410507202,1
15,data/eval_images/Amphicoryna scalaris_27_view1_zstack_slice_z0017.png,Amphicoryna scalaris,stretch,1.0,Amphicoryna scalaris,0.9903851747512816,1
16,data/eval_images/Amphicoryna scalaris_27_view1_zstack_slice_z0023.png,Amphicoryna scalaris,gaussian,0.0,Amphicoryna scalaris,0.9899927973747252,1
16,data/eval_images/Amphicoryna scalaris_27_view1_zstack_slice_z0023.png,Amphicoryna scalaris,gaussian,5.0,Amphicoryna scalaris,0.9897574186325072,1
16,data/eval_images/Amphicoryna scalaris_27_view1_zstack_slice_z0023.png,Amphicoryna scalaris,gaussian,10.0,Amphicoryna scalaris,0.9883131384849548,1
16,data/eval_images/Amphicoryna scalaris_27_view1_zstack_slice_z0023.png,Amphicoryna scalaris,gaussian,25.0,Amphicoryna scalaris,0.9859538674354552,1
16,data/eval_images/Amphicoryna scalaris_27_view1_zstack_slice_z0023.png,Amphicoryna scalaris,gaussian,50.0,Amphicoryna scalaris,0.9721579551696776,1
16,data/eval_images/Amphicoryna scalaris_27_view1_zstack_slice_z0023.png,Amphicoryna scalaris,saltpepper,0.0,Amphicoryna scalaris,0.9899927973747252,1
16,data/eval_images/Amphicoryna scalaris_27_view1_zstack_slice_z0023.png,Amphicoryna scalaris,saltpepper,0.01,Amphicoryna scalaris,0.9889987111091614,1
16,data/eval_images/Amphicoryna scalaris_27_view1_zstack_slice_z0023.png,Amphicoryna scalaris,saltpepper,0.03,Amphicoryna scalaris,0.9882219433784484,1
16,data/eval_images/Amphicoryna scalaris_27_view1_zstack_slice_z0023.png,Amphicoryna scalaris,saltpepper,0.07,Amphicoryna scalaris,0.979526937007904,1
16,data/eval_images/Amphicoryna scalaris_27_view1_zstack_slice_z0023.png,Amphicoryna scalaris,stretch,1.0,Amphicoryna scalaris,0.9899927973747252,1
17,data/eval_images/Amphicoryna scalaris_27_view1_zstack_slice_z0024.png,Amphicoryna scalaris,gaussian,0.0,Amphicoryna scalaris,0.990333616733551,1
17,data/eval_images/Amphicoryna scalaris_27_view1_zstack_slice_z0024.png,Amphicoryna scalaris,gaussian,5.0,Amphicoryna scalaris,0.9890185594558716,1
17,data/eval_images/Amphicoryna scalaris_27_view1_zstack_slice_z0024.png,Amphicoryna scalaris,gaussian,10.0,Amphicoryna scalaris,0.9887716174125672,1
17,data/eval_images/Amphicoryna scalaris_27_view1_zstack_slice_z0024.png,Amphicoryna scalaris,gaussian,25.0,Amphicoryna scalaris,0.9869946837425232,1
17,data/eval_images/Amphicoryna scalaris_27_view1_zstack_slice_z0024.png,Amphicoryna scalaris,gaussian,50.0,Amphicoryna scalaris,0.9719670414924622,1
17,data/eval_images/Amphicoryna scalaris_27_view1_zstack_slice_z0024.png,Amphicoryna scalaris,saltpepper,0.0,Amphicoryna scalaris,0.990333616733551,1
17,data/eval_images/Amphicoryna scalaris_27_view1_zstack_slice_z0024.png,Amphicoryna scalaris,saltpepper,0.01,Amphicoryna scalaris,0.9894441962242126,1
17,data/eval_images/Amphicoryna scalaris_27_view1_zstack_slice_z0024.png,Amphicoryna scalaris,saltpepper,0.03,Amphicoryna scalaris,0.9886907339096068,1
17,data/eval_images/Amphicoryna scalaris_27_view1_zstack_slice_z0024.png,Amphicoryna scalaris,saltpepper,0.07,Amphicoryna scalaris,0.9791985750198364,1
17,data/eval_images/Amphicoryna scalaris_27_view1_zstack_slice_z0024.png,Amphicoryna scalaris,stretch,1.0,Amphicoryna scalaris,0.990333616733551,1
18,data/eval_images/Amphicoryna scalaris_27_view1_zstack_slice_z0025.png,Amphicoryna scalaris,gaussian,0.0,Amphicoryna scalaris,0.9900726079940796,1
18,data/eval_images/Amphicoryna scalaris_27_view1_zstack_slice_z0025.png,Amphicoryna scalaris,gaussian,5.0,Amphicoryna scalaris,0.9892992973327636,1
18,data/eval_images/Amphicoryna scalaris_27_view1_zstack_slice_z0025.png,Amphicoryna scalaris,gaussian,10.0,Amphicoryna scalaris,0.9888454079627992,1
18,data/eval_images/Amphicoryna scalaris_27_view1_zstack_slice_z0025.png,Amphicoryna scalaris,gaussian,25.0,Amphicoryna scalaris,0.9861980080604552,1
18,data/eval_images/Amphicoryna scalaris_27_view1_zstack_slice_z0025.png,Amphicoryna scalaris,gaussian,50.0,Amphicoryna scalaris,0.9829177260398864,1
18,data/eval_images/Amphicoryna scalaris_27_view1_zstack_slice_z0025.png,Amphicoryna scalaris,saltpepper,0.0,Amphicoryna scalaris,0.9900726079940796,1
18,data/eval_images/Amphicoryna scalaris_27_view1_zstack_slice_z0025.png,Amphicoryna scalaris,saltpepper,0.01,Amphicoryna scalaris,0.9894718527793884,1
18,data/eval_images/Amphicoryna scalaris_27_view1_zstack_slice_z0025.png,Amphicoryna scalaris,saltpepper,0.03,Amphicoryna scalaris,0.987267792224884,1
18,data/eval_images/Amphicoryna scalaris_27_view1_zstack_slice_z0025.png,Amphicoryna scalaris,saltpepper,0.07,Amphicoryna scalaris,0.9806982278823853,1
18,data/eval_images/Amphicoryna scalaris_27_view1_zstack_slice_z0025.png,Amphicoryna scalaris,stretch,1.0,Amphicoryna scalaris,0.9900726079940796,1
19,data/eval_images/Amphicoryna scalaris_27_view1_zstack_slice_z0038.png,Amphicoryna scalaris,gaussian,0.0,Amphicoryna scalaris,0.9926183819770812,1
19,data/eval_images/Amphicoryna scalaris_27_view1_zstack_slice_z0038.png,Amphicoryna scalaris,gaussian,5.0,Amphicoryna scalaris,0.990849494934082,1
19,data/eval_images/Amphicoryna scalaris_27_view1_zstack_slice_z0038.png,Amphicoryna scalaris,gaussian,10.0,Amphicoryna scalaris,0.9891160130500792,1
19,data/eval_images/Amphicoryna scalaris_27_view1_zstack_slice_z0038.png,Amphicoryna scalaris,gaussian,25.0,Amphicoryna scalaris,0.9843246936798096,1
19,data/eval_images/Amphicoryna scalaris_27_view1_zstack_slice_z0038.png,Amphicoryna scalaris,gaussian,50.0,Amphicoryna scalaris,0.9645256400108336,1
19,data/eval_images/Amphicoryna scalaris_27_view1_zstack_slice_z0038.png,Amphicoryna scalaris,saltpepper,0.0,Amphicoryna scalaris,0.9926183819770812,1
19,data/eval_images/Amphicoryna scalaris_27_view1_zstack_slice_z0038.png,Amphicoryna scalaris,saltpepper,0.01,Amphicoryna scalaris,0.9912712574005128,1
19,data/eval_images/Amphicoryna scalaris_27_view1_zstack_slice_z0038.png,Amphicoryna scalaris,saltpepper,0.03,Amphicoryna scalaris,0.9894256591796876,1
19,data/eval_images/Amphicoryna scalaris_27_view1_zstack_slice_z0038.png,Amphicoryna scalaris,saltpepper,0.07,Amphicoryna scalaris,0.9754501581192015,1
19,data/eval_images/Amphicoryna scalaris_27_view1_zstack_slice_z0038.png,Amphicoryna scalaris,stretch,1.0,Amphicoryna scalaris,0.9926183819770812,1
20,data/eval_images/Amphistegina radiata_22_view2_gif_original.png,Amphistegina radiata,gaussian,0.0,Amphistegina radiata,0.982554018497467,1
20,data/eval_images/Amphistegina radiata_22_view2_gif_original.png,Amphistegina radiata,gaussian,5.0,Amphistegina radiata,0.9944266080856324,1
20,data/eval_images/Amphistegina radiata_22_view2_gif_original.png,Amphistegina radiata,gaussian,10.0,Amphistegina radiata,0.9928286671638488,1
20,data/eval_images/Amphistegina radiata_22_view2_gif_original.png,Amphistegina radiata,gaussian,25.0,Amphistegina radiata,0.9902936220169068,1
20,data/eval_images/Amphistegina radiata_22_view2_gif_original.png,Amphistegina radiata,gaussian,50.0,Amphistegina radiata,0.979988694190979,1
20,data/eval_images/Amphistegina radiata_22_view2_gif_original.png,Amphistegina radiata,saltpepper,0.0,Amphistegina radiata,0.982554018497467,1
20,data/eval_images/Amphistegina radiata_22_view2_gif_original.png,Amphistegina radiata,saltpepper,0.01,Amphistegina radiata,0.9874305725097656,1
20,data/eval_images/Amphistegina radiata_22_view2_gif_original.png,Amphistegina radiata,saltpepper,0.03,Amphistegina radiata,0.986835479736328,1
20,data/eval_images/Amphistegina radiata_22_view2_gif_original.png,Amphistegina radiata,saltpepper,0.07,Amphistegina radiata,0.9702683091163636,1
20,data/eval_images/Amphistegina radiata_22_view2_gif_original.png,Amphistegina radiata,stretch,1.0,Amphistegina radiata,0.982554018497467,1
21,data/eval_images/Amphistegina radiata_22_view2_stacked_tiff.png,Amphistegina radiata,gaussian,0.0,Amphistegina radiata,0.940096914768219,1
21,data/eval_images/Amphistegina radiata_22_view2_stacked_tiff.png,Amphistegina radiata,gaussian,5.0,Amphistegina radiata,0.9900914430618286,1
21,data/eval_images/Amphistegina radiata_22_view2_stacked_tiff.png,Amphistegina radiata,gaussian,10.0,Amphistegina radiata,0.9904314875602722,1
21,data/eval_images/Amphistegina radiata_22_view2_stacked_tiff.png,Amphistegina radiata,gaussian,25.0,Amphistegina radiata,0.9883991479873656,1
21,data/eval_images/Amphistegina radiata_22_view2_stacked_tiff.png,Amphistegina radiata,gaussian,50.0,Amphistegina radiata,0.9525086879730223,1
21,data/eval_images/Amphistegina radiata_22_view2_stacked_tiff.png,Amphistegina radiata,saltpepper,0.0,Amphistegina radiata,0.940096914768219,1
21,data/eval_images/Amphistegina radiata_22_view2_stacked_tiff.png,Amphistegina radiata,saltpepper,0.01,Amphistegina radiata,0.9528158903121948,1
21,data/eval_images/Amphistegina radiata_22_view2_stacked_tiff.png,Amphistegina radiata,saltpepper,0.03,Amphistegina radiata,0.9599918127059937,1
21,data/eval_images/Amphistegina radiata_22_view2_stacked_tiff.png,Amphistegina radiata,saltpepper,0.07,Amphistegina radiata,0.9675875902175904,1
21,data/eval_images/Amphistegina radiata_22_view2_stacked_tiff.png,Amphistegina radiata,stretch,1.0,Amphistegina radiata,0.940096914768219,1
22,data/eval_images/Amphistegina radiata_22_view2_zstack_slice_z0000.png,Amphistegina radiata,gaussian,0.0,Amphistegina radiata,0.9587280750274658,1
22,data/eval_images/Amphistegina radiata_22_view2_zstack_slice_z0000.png,Amphistegina radiata,gaussian,5.0,Amphistegina radiata,0.9090173244476318,1
22,data/eval_images/Amphistegina radiata_22_view2_zstack_slice_z0000.png,Amphistegina radiata,gaussian,10.0,Amphistegina radiata,0.9215612411499025,1
22,data/eval_images/Amphistegina radiata_22_view2_zstack_slice_z0000.png,Amphistegina radiata,gaussian,25.0,Amphistegina radiata,0.8957786560058594,1
22,data/eval_images/Amphistegina radiata_22_view2_zstack_slice_z0000.png,Amphistegina radiata,gaussian,50.0,Amphistegina radiata,0.4766095876693725,1
22,data/eval_images/Amphistegina radiata_22_view2_zstack_slice_z0000.png,Amphistegina radiata,saltpepper,0.0,Amphistegina radiata,0.9587280750274658,1
22,data/eval_images/Amphistegina radiata_22_view2_zstack_slice_z0000.png,Amphistegina radiata,saltpepper,0.01,Amphistegina radiata,0.9200184941291808,1
22,data/eval_images/Amphistegina radiata_22_view2_zstack_slice_z0000.png,Amphistegina radiata,saltpepper,0.03,Amphistegina radiata,0.8038924932479858,1
22,data/eval_images/Amphistegina radiata_22_view2_zstack_slice_z0000.png,Amphistegina radiata,saltpepper,0.07,Amphistegina radiata,0.5899738073348999,1
22,data/eval_images/Amphistegina radiata_22_view2_zstack_slice_z0000.png,Amphistegina radiata,stretch,1.0,Amphistegina radiata,0.9587280750274658,1
23,data/eval_images/Amphistegina radiata_22_view2_zstack_slice_z0028.png,Amphistegina radiata,gaussian,0.0,Amphistegina radiata,0.9909186363220216,1
23,data/eval_images/Amphistegina radiata_22_view2_zstack_slice_z0028.png,Amphistegina radiata,gaussian,5.0,Amphistegina radiata,0.988811492919922,1
23,data/eval_images/Amphistegina radiata_22_view2_zstack_slice_z0028.png,Amphistegina radiata,gaussian,10.0,Amphistegina radiata,0.9860888123512268,1
23,data/eval_images/Amphistegina radiata_22_view2_zstack_slice_z0028.png,Amphistegina radiata,gaussian,25.0,Amphistegina radiata,0.9089184999465942,1
23,data/eval_images/Amphistegina radiata_22_view2_zstack_slice_z0028.png,Amphistegina radiata,gaussian,50.0,Amphistegina radiata,0.5388666391372681,1
23,data/eval_images/Amphistegina radiata_22_view2_zstack_slice_z0028.png,Amphistegina radiata,saltpepper,0.0,Amphistegina radiata,0.9909186363220216,1
23,data/eval_images/Amphistegina radiata_22_view2_zstack_slice_z0028.png,Amphistegina radiata,saltpepper,0.01,Amphistegina radiata,0.9866718649864196,1
23,data/eval_images/Amphistegina radiata_22_view2_zstack_slice_z0028.png,Amphistegina radiata,saltpepper,0.03,Amphistegina radiata,0.9671511650085448,1
23,data/eval_images/Amphistegina radiata_22_view2_zstack_slice_z0028.png,Amphistegina radiata,saltpepper,0.07,Amphistegina radiata,0.5948063135147095,1
23,data/eval_images/Amphistegina radiata_22_view2_zstack_slice_z0028.png,Amphistegina radiata,stretch,1.0,Amphistegina radiata,0.9909186363220216,1
24,data/eval_images/Amphistegina radiata_22_view2_zstack_slice_z0046.png,Amphistegina radiata,gaussian,0.0,Amphistegina radiata,0.9965156316757202,1
24,data/eval_images/Amphistegina radiata_22_view2_zstack_slice_z0046.png,Amphistegina radiata,gaussian,5.0,Amphistegina radiata,0.9958468079566956,1
24,data/eval_images/Amphistegina radiata_22_view2_zstack_slice_z0046.png,Amphistegina radiata,gaussian,10.0,Amphistegina radiata,0.9938626289367676,1
24,data/eval_images/Amphistegina radiata_22_view2_zstack_slice_z0046.png,Amphistegina radiata,gaussian,25.0,Amphistegina radiata,0.977957010269165,1
24,data/eval_images/Amphistegina radiata_22_view2_zstack_slice_z0046.png,Amphistegina radiata,gaussian,50.0,Amphistegina radiata,0.9187086224555968,1
24,data/eval_images/Amphistegina radiata_22_view2_zstack_slice_z0046.png,Amphistegina radiata,saltpepper,0.0,Amphistegina radiata,0.9965156316757202,1
24,data/eval_images/Amphistegina radiata_22_view2_zstack_slice_z0046.png,Amphistegina radiata,saltpepper,0.01,Amphistegina radiata,0.9964072108268738,1
24,data/eval_images/Amphistegina radiata_22_view2_zstack_slice_z0046.png,Amphistegina radiata,saltpepper,0.03,Amphistegina radiata,0.9958180785179138,1
24,data/eval_images/Amphistegina radiata_22_view2_zstack_slice_z0046.png,Amphistegina radiata,saltpepper,0.07,Amphistegina radiata,0.9274634122848512,1
24,data/eval_images/Amphistegina radiata_22_view2_zstack_slice_z0046.png,Amphistegina radiata,stretch,1.0,Amphistegina radiata,0.9965156316757202,1
25,data/eval_images/Amphistegina radiata_22_view2_zstack_slice_z0047.png,Amphistegina radiata,gaussian,0.0,Amphistegina radiata,0.9962828755378724,1
25,data/eval_images/Amphistegina radiata_22_view2_zstack_slice_z0047.png,Amphistegina radiata,gaussian,5.0,Amphistegina radiata,0.9963271021842957,1
25,data/eval_images/Amphistegina radiata_22_view2_zstack_slice_z0047.png,Amphistegina radiata,gaussian,10.0,Amphistegina radiata,0.99458646774292,1
25,data/eval_images/Amphistegina radiata_22_view2_zstack_slice_z0047.png,Amphistegina radiata,gaussian,25.0,Amphistegina radiata,0.9812989830970764,1
25,data/eval_images/Amphistegina radiata_22_view2_zstack_slice_z0047.png,Amphistegina radiata,gaussian,50.0,Amphistegina radiata,0.8604329824447632,1
25,data/eval_images/Amphistegina radiata_22_view2_zstack_slice_z0047.png,Amphistegina radiata,saltpepper,0.0,Amphistegina radiata,0.9962828755378724,1
25,data/eval_images/Amphistegina radiata_22_view2_zstack_slice_z0047.png,Amphistegina radiata,saltpepper,0.01,Amphistegina radiata,0.996644139289856,1
25,data/eval_images/Amphistegina radiata_22_view2_zstack_slice_z0047.png,Amphistegina radiata,saltpepper,0.03,Amphistegina radiata,0.9943652153015136,1
25,data/eval_images/Amphistegina radiata_22_view2_zstack_slice_z0047.png,Amphistegina radiata,saltpepper,0.07,Amphistegina radiata,0.9294434189796448,1
25,data/eval_images/Amphistegina radiata_22_view2_zstack_slice_z0047.png,Amphistegina radiata,stretch,1.0,Amphistegina radiata,0.9962828755378724,1
26,data/eval_images/Amphistegina radiata_22_view2_zstack_slice_z0062.png,Amphistegina radiata,gaussian,0.0,Amphistegina radiata,0.9930960536003112,1
26,data/eval_images/Amphistegina radiata_22_view2_zstack_slice_z0062.png,Amphistegina radiata,gaussian,5.0,Amphistegina radiata,0.9969307780265808,1
26,data/eval_images/Amphistegina radiata_22_view2_zstack_slice_z0062.png,Amphistegina radiata,gaussian,10.0,Amphistegina radiata,0.996397852897644,1
26,data/eval_images/Amphistegina radiata_22_view2_zstack_slice_z0062.png,Amphistegina radiata,gaussian,25.0,Amphistegina radiata,0.9874762892723083,1
26,data/eval_images/Amphistegina radiata_22_view2_zstack_slice_z0062.png,Amphistegina radiata,gaussian,50.0,Amphistegina radiata,0.9597387313842772,1
26,data/eval_images/Amphistegina radiata_22_view2_zstack_slice_z0062.png,Amphistegina radiata,saltpepper,0.0,Amphistegina radiata,0.9930960536003112,1
26,data/eval_images/Amphistegina radiata_22_view2_zstack_slice_z0062.png,Amphistegina radiata,saltpepper,0.01,Amphistegina radiata,0.9968472123146056,1
26,data/eval_images/Amphistegina radiata_22_view2_zstack_slice_z0062.png,Amphistegina radiata,saltpepper,0.03,Amphistegina radiata,0.9965839385986328,1
26,data/eval_images/Amphistegina radiata_22_view2_zstack_slice_z0062.png,Amphistegina radiata,saltpepper,0.07,Amphistegina radiata,0.9662796258926392,1
26,data/eval_images/Amphistegina radiata_22_view2_zstack_slice_z0062.png,Amphistegina radiata,stretch,1.0,Amphistegina radiata,0.9930960536003112,1
27,data/eval_images/Bigenerina nodosaria_15_view5_gif_original.png,Bigenerina nodosaria,gaussian,0.0,Bigenerina nodosaria,0.9973151087760924,1
27,data/eval_images/Bigenerina nodosaria_15_view5_gif_original.png,Bigenerina nodosaria,gaussian,5.0,Bigenerina nodosaria,0.9971939325332642,1
27,data/eval_images/Bigenerina nodosaria_15_view5_gif_original.png,Bigenerina nodosaria,gaussian,10.0,Bigenerina nodosaria,0.9969430565834044,1
27,data/eval_images/Bigenerina nodosaria_15_view5_gif_original.png,Bigenerina nodosaria,gaussian,25.0,Bigenerina nodosaria,0.994832158088684,1
27,data/eval_images/Bigenerina nodosaria_15_view5_gif_original.png,Bigenerina nodosaria,gaussian,50.0,Bigenerina nodosaria,0.9869104027748108,1
27,data/eval_images/Bigenerina nodosaria_15_view5_gif_original.png,Bigenerina nodosaria,saltpepper,0.0,Bigenerina nodosaria,0.9973151087760924,1
27,data/eval_images/Bigenerina nodosaria_15_view5_gif_original.png,Bigenerina nodosaria,saltpepper,0.01,Bigenerina nodosaria,0.996855854988098,1
27,data/eval_images/Bigenerina nodosaria_15_view5_gif_original.png,Bigenerina nodosaria,saltpepper,0.03,Bigenerina nodosaria,0.996651828289032,1
27,data/eval_images/Bigenerina nodosaria_15_view5_gif_original.png,Bigenerina nodosaria,saltpepper,0.07,Bigenerina nodosaria,0.9960458874702454,1
27,data/eval_images/Bigenerina nodosaria_15_view5_gif_original.png,Bigenerina nodosaria,stretch,1.0,Bigenerina nodosaria,0.9973151087760924,1
28,data/eval_images/Cibicides corticatus_29_view6_gif_original.png,Cibicides corticatus,gaussian,0.0,Cibicides corticatus,0.9993020296096802,1
28,data/eval_images/Cibicides corticatus_29_view6_gif_original.png,Cibicides corticatus,gaussian,5.0,Cibicides corticatus,0.9975499510765076,1
28,data/eval_images/Cibicides corticatus_29_view6_gif_original.png,Cibicides corticatus,gaussian,10.0,Cibicides corticatus,0.9193131923675536,1
28,data/eval_images/Cibicides corticatus_29_view6_gif_original.png,Cibicides corticatus,gaussian,25.0,Karreriella bradyi,0.7560767531394958,0
28,data/eval_images/Cibicides corticatus_29_view6_gif_original.png,Cibicides corticatus,gaussian,50.0,Amphistegina radiata,0.7009369134902954,0
28,data/eval_images/Cibicides corticatus_29_view6_gif_original.png,Cibicides corticatus,saltpepper,0.0,Cibicides corticatus,0.9993020296096802,1
28,data/eval_images/Cibicides corticatus_29_view6_gif_original.png,Cibicides corticatus,saltpepper,0.01,Cibicides corticatus,0.998793125152588,1
28,data/eval_images/Cibicides corticatus_29_view6_gif_original.png,Cibicides corticatus,saltpepper,0.03,Cibicides corticatus,0.9906972646713256,1
28,data/eval_images/Cibicides corticatus_29_view6_gif_original.png,Cibicides corticatus,saltpepper,0.07,Spirosigmoilina parri,0.3546881377696991,0
28,data/eval_images/Cibicides corticatus_29_view6_gif_original.png,Cibicides corticatus,stretch,1.0,Cibicides corticatus,0.9993020296096802,1
29,data/eval_images/Cibicides corticatus_29_view6_zstack_slice_z0002.png,Cibicides corticatus,gaussian,0.0,Cibicides corticatus,0.9957183003425598,1
29,data/eval_images/Cibicides corticatus_29_view6_zstack_slice_z0002.png,Cibicides corticatus,gaussian,5.0,Cibicides corticatus,0.734171986579895,1
29,data/eval_images/Cibicides corticatus_29_view6_zstack_slice_z0002.png,Cibicides corticatus,gaussian,10.0,Cribroelphidium clavatum,0.6644824743270874,0
29,data/eval_images/Cibicides corticatus_29_view6_zstack_slice_z0002.png,Cibicides corticatus,gaussian,25.0,Cribroelphidium clavatum,0.4302432239055633,0
29,data/eval_images/Cibicides corticatus_29_view6_zstack_slice_z0002.png,Cibicides corticatus,gaussian,50.0,Cribroelphidium clavatum,0.4050915837287903,0
29,data/eval_images/Cibicides corticatus_29_view6_zstack_slice_z0002.png,Cibicides corticatus,saltpepper,0.0,Cibicides corticatus,0.9957183003425598,1
29,data/eval_images/Cibicides corticatus_29_view6_zstack_slice_z0002.png,Cibicides corticatus,saltpepper,0.01,Cibicides corticatus,0.9586208462715148,1
29,data/eval_images/Cibicides corticatus_29_view6_zstack_slice_z0002.png,Cibicides corticatus,saltpepper,0.03,Cibicides corticatus,0.6370892524719238,1
29,data/eval_images/Cibicides corticatus_29_view6_zstack_slice_z0002.png,Cibicides corticatus,saltpepper,0.07,Cribroelphidium clavatum,0.4775086343288421,0
29,data/eval_images/Cibicides corticatus_29_view6_zstack_slice_z0002.png,Cibicides corticatus,stretch,1.0,Cibicides corticatus,0.9957183003425598,1
30,data/eval_images/Cibicides corticatus_29_view6_zstack_slice_z0007.png,Cibicides corticatus,gaussian,0.0,Cibicides corticatus,0.9987724423408508,1
30,data/eval_images/Cibicides corticatus_29_view6_zstack_slice_z0007.png,Cibicides corticatus,gaussian,5.0,Cibicides corticatus,0.9088104963302612,1
30,data/eval_images/Cibicides corticatus_29_view6_zstack_slice_z0007.png,Cibicides corticatus,gaussian,10.0,Cibicides corticatus,0.3874806463718414,1
30,data/eval_images/Cibicides corticatus_29_view6_zstack_slice_z0007.png,Cibicides corticatus,gaussian,25.0,Cribroelphidium clavatum,0.676264226436615,0
30,data/eval_images/Cibicides corticatus_29_view6_zstack_slice_z0007.png,Cibicides corticatus,gaussian,50.0,Cribroelphidium clavatum,0.5763522982597351,0
30,data/eval_images/Cibicides corticatus_29_view6_zstack_slice_z0007.png,Cibicides corticatus,saltpepper,0.0,Cibicides corticatus,0.9987724423408508,1
30,data/eval_images/Cibicides corticatus_29_view6_zstack_slice_z0007.png,Cibicides corticatus,saltpepper,0.01,Cibicides corticatus,0.9829171299934388,1
30,data/eval_images/Cibicides corticatus_29_view6_zstack_slice_z0007.png,Cibicides corticatus,saltpepper,0.03,Cibicides corticatus,0.8725379109382629,1
30,data/eval_images/Cibicides corticatus_29_view6_zstack_slice_z0007.png,Cibicides corticatus,saltpepper,0.07,Cribroelphidium clavatum,0.6052345633506775,0
30,data/eval_images/Cibicides corticatus_29_view6_zstack_slice_z0007.png,Cibicides corticatus,stretch,1.0,Cibicides corticatus,0.9987724423408508,1
31,data/eval_images/Cibicides corticatus_29_view6_zstack_slice_z0014.png,Cibicides corticatus,gaussian,0.0,Cibicides corticatus,0.9994404911994934,1
31,data/eval_images/Cibicides corticatus_29_view6_zstack_slice_z0014.png,Cibicides corticatus,gaussian,5.0,Cibicides corticatus,0.9919524788856506,1
31,data/eval_images/Cibicides corticatus_29_view6_zstack_slice_z0014.png,Cibicides corticatus,gaussian,10.0,Cibicides corticatus,0.4244066178798675,1
31,data/eval_images/Cibicides corticatus_29_view6_zstack_slice_z0014.png,Cibicides corticatus,gaussian,25.0,Karreriella bradyi,0.4462873339653015,0
31,data/eval_images/Cibicides corticatus_29_view6_zstack_slice_z0014.png,Cibicides corticatus,gaussian,50.0,Spirosigmoilina parri,0.4156340360641479,0
31,data/eval_images/Cibicides corticatus_29_view6_zstack_slice_z0014.png,Cibicides corticatus,saltpepper,0.0,Cibicides corticatus,0.9994404911994934,1
31,data/eval_images/Cibicides corticatus_29_view6_zstack_slice_z0014.png,Cibicides corticatus,saltpepper,0.01,Cibicides corticatus,0.9983585476875304,1
31,data/eval_images/Cibicides corticatus_29_view6_zstack_slice_z0014.png,Cibicides corticatus,saltpepper,0.03,Cibicides corticatus,0.9346763491630554,1
31,data/eval_images/Cibicides corticatus_29_view6_zstack_slice_z0014.png,Cibicides corticatus,saltpepper,0.07,Spirosigmoilina parri,0.7408168315887451,0
31,data/eval_images/Cibicides corticatus_29_view6_zstack_slice_z0014.png,Cibicides corticatus,stretch,1.0,Cibicides corticatus,0.9994404911994934,1
32,data/eval_images/Cibicides corticatus_29_view6_zstack_slice_z0021.png,Cibicides corticatus,gaussian,0.0,Cibicides corticatus,0.9994863271713256,1
32,data/eval_images/Cibicides corticatus_29_view6_zstack_slice_z0021.png,Cibicides corticatus,gaussian,5.0,Cibicides corticatus,0.9772164821624756,1
32,data/eval_images/Cibicides corticatus_29_view6_zstack_slice_z0021.png,Cibicides corticatus,gaussian,10.0,Cibicides corticatus,0.3652266263961792,1
32,data/eval_images/Cibicides corticatus_29_view6_zstack_slice_z0021.png,Cibicides corticatus,gaussian,25.0,Spirosigmoilina parri,0.4577721059322357,0
32,data/eval_images/Cibicides corticatus_29_view6_zstack_slice_z0021.png,Cibicides corticatus,gaussian,50.0,Spirosigmoilina parri,0.6097477078437805,0
32,data/eval_images/Cibicides corticatus_29_view6_zstack_slice_z0021.png,Cibicides corticatus,saltpepper,0.0,Cibicides corticatus,0.9994863271713256,1
32,data/eval_images/Cibicides corticatus_29_view6_zstack_slice_z0021.png,Cibicides corticatus,saltpepper,0.01,Cibicides corticatus,0.9985448122024536,1
32,data/eval_images/Cibicides corticatus_29_view6_zstack_slice_z0021.png,Cibicides corticatus,saltpepper,0.03,Cibicides corticatus,0.9150401949882508,1
32,data/eval_images/Cibicides corticatus_29_view6_zstack_slice_z0021.png,Cibicides corticatus,saltpepper,0.07,Spirosigmoilina parri,0.917116403579712,0
32,data/eval_images/Cibicides corticatus_29_view6_zstack_slice_z0021.png,Cibicides corticatus,stretch,1.0,Cibicides corticatus,0.9994863271713256,1
33,data/eval_images/Cibicides corticatus_29_view6_zstack_slice_z0024.png,Cibicides corticatus,gaussian,0.0,Cibicides corticatus,0.999420166015625,1
33,data/eval_images/Cibicides corticatus_29_view6_zstack_slice_z0024.png,Cibicides corticatus,gaussian,5.0,Cibicides corticatus,0.9164848923683168,1
33,data/eval_images/Cibicides corticatus_29_view6_zstack_slice_z0024.png,Cibicides corticatus,gaussian,10.0,Spirosigmoilina parri,0.6700437068939209,0
33,data/eval_images/Cibicides corticatus_29_view6_zstack_slice_z0024.png,Cibicides corticatus,gaussian,25.0,Spirosigmoilina parri,0.7345890402793884,0
33,data/eval_images/Cibicides corticatus_29_view6_zstack_slice_z0024.png,Cibicides corticatus,gaussian,50.0,Spirosigmoilina parri,0.7184733152389526,0
33,data/eval_images/Cibicides corticatus_29_view6_zstack_slice_z0024.png,Cibicides corticatus,saltpepper,0.0,Cibicides corticatus,0.999420166015625,1
33,data/eval_images/Cibicides corticatus_29_view6_zstack_slice_z0024.png,Cibicides corticatus,saltpepper,0.01,Cibicides corticatus,0.9924966096878052,1
33,data/eval_images/Cibicides corticatus_29_view6_zstack_slice_z0024.png,Cibicides corticatus,saltpepper,0.03,Cibicides corticatus,0.5340664386749268,1
33,data/eval_images/Cibicides corticatus_29_view6_zstack_slice_z0024.png,Cibicides corticatus,saltpepper,0.07,Spirosigmoilina parri,0.92640221118927,0
33,data/eval_images/Cibicides corticatus_29_view6_zstack_slice_z0024.png,Cibicides corticatus,stretch,1.0,Cibicides corticatus,0.999420166015625,1
34,data/eval_images/Cribroelphidium clavatum_31_view5_gif_original.png,Cribroelphidium clavatum,gaussian,0.0,Cribroelphidium clavatum,0.9992371797561646,1
34,data/eval_images/Cribroelphidium clavatum_31_view5_gif_original.png,Cribroelphidium clavatum,gaussian,5.0,Cribroelphidium clavatum,0.9991300702095032,1
34,data/eval_images/Cribroelphidium clavatum_31_view5_gif_original.png,Cribroelphidium clavatum,gaussian,10.0,Cribroelphidium clavatum,0.997497856616974,1
34,data/eval_images/Cribroelphidium clavatum_31_view5_gif_original.png,Cribroelphidium clavatum,gaussian,25.0,Cribroelphidium clavatum,0.9285318851470948,1
34,data/eval_images/Cribroelphidium clavatum_31_view5_gif_original.png,Cribroelphidium clavatum,gaussian,50.0,Cribroelphidium clavatum,0.682991623878479,1
34,data/eval_images/Cribroelphidium clavatum_31_view5_gif_original.png,Cribroelphidium clavatum,saltpepper,0.0,Cribroelphidium clavatum,0.9992371797561646,1
34,data/eval_images/Cribroelphidium clavatum_31_view5_gif_original.png,Cribroelphidium clavatum,saltpepper,0.01,Cribroelphidium clavatum,0.9986453652381896,1
34,data/eval_images/Cribroelphidium clavatum_31_view5_gif_original.png,Cribroelphidium clavatum,saltpepper,0.03,Cribroelphidium clavatum,0.9971615076065063,1
34,data/eval_images/Cribroelphidium clavatum_31_view5_gif_original.png,Cribroelphidium clavatum,saltpepper,0.07,Cribroelphidium clavatum,0.995864748954773,1
34,data/eval_images/Cribroelphidium clavatum_31_view5_gif_original.png,Cribroelphidium clavatum,stretch,1.0,Cribroelphidium clavatum,0.9992371797561646,1
35,data/eval_images/Cribroelphidium clavatum_31_view5_zstack_slice_z0011.png,Cribroelphidium clavatum,gaussian,0.0,Cribroelphidium clavatum,0.9985560774803162,1
35,data/eval_images/Cribroelphidium clavatum_31_view5_zstack_slice_z0011.png,Cribroelphidium clavatum,gaussian,5.0,Cribroelphidium clavatum,0.9982117414474488,1
35,data/eval_images/Cribroelphidium clavatum_31_view5_zstack_slice_z0011.png,Cribroelphidium clavatum,gaussian,10.0,Cribroelphidium clavatum,0.9944175481796264,1
35,data/eval_images/Cribroelphidium clavatum_31_view5_zstack_slice_z0011.png,Cribroelphidium clavatum,gaussian,25.0,Cribroelphidium clavatum,0.951484739780426,1
35,data/eval_images/Cribroelphidium clavatum_31_view5_zstack_slice_z0011.png,Cribroelphidium clavatum,gaussian,50.0,Cribroelphidium clavatum,0.9373114109039308,1
35,data/eval_images/Cribroelphidium clavatum_31_view5_zstack_slice_z0011.png,Cribroelphidium clavatum,saltpepper,0.0,Cribroelphidium clavatum,0.9985560774803162,1
35,data/eval_images/Cribroelphidium clavatum_31_view5_zstack_slice_z0011.png,Cribroelphidium clavatum,saltpepper,0.01,Cribroelphidium clavatum,0.9980029463768004,1
35,data/eval_images/Cribroelphidium clavatum_31_view5_zstack_slice_z0011.png,Cribroelphidium clavatum,saltpepper,0.03,Cribroelphidium clavatum,0.9953131675720216,1
35,data/eval_images/Cribroelphidium clavatum_31_view5_zstack_slice_z0011.png,Cribroelphidium clavatum,saltpepper,0.07,Cribroelphidium clavatum,0.9890479445457458,1
35,data/eval_images/Cribroelphidium clavatum_31_view5_zstack_slice_z0011.png,Cribroelphidium clavatum,stretch,1.0,Cribroelphidium clavatum,0.9985560774803162,1
36,data/eval_images/Cribroelphidium clavatum_31_view5_zstack_slice_z0017.png,Cribroelphidium clavatum,gaussian,0.0,Cribroelphidium clavatum,0.99887353181839,1
36,data/eval_images/Cribroelphidium clavatum_31_view5_zstack_slice_z0017.png,Cribroelphidium clavatum,gaussian,5.0,Cribroelphidium clavatum,0.9988190531730652,1
36,data/eval_images/Cribroelphidium clavatum_31_view5_zstack_slice_z0017.png,Cribroelphidium clavatum,gaussian,10.0,Cribroelphidium clavatum,0.9978005290031432,1
36,data/eval_images/Cribroelphidium clavatum_31_view5_zstack_slice_z0017.png,Cribroelphidium clavatum,gaussian,25.0,Cribroelphidium clavatum,0.9841701984405518,1
36,data/eval_images/Cribroelphidium clavatum_31_view5_zstack_slice_z0017.png,Cribroelphidium clavatum,gaussian,50.0,Cribroelphidium clavatum,0.9593307971954346,1
36,data/eval_images/Cribroelphidium clavatum_31_view5_zstack_slice_z0017.png,Cribroelphidium clavatum,saltpepper,0.0,Cribroelphidium clavatum,0.99887353181839,1
36,data/eval_images/Cribroelphidium clavatum_31_view5_zstack_slice_z0017.png,Cribroelphidium clavatum,saltpepper,0.01,Cribroelphidium clavatum,0.9982624650001526,1
36,data/eval_images/Cribroelphidium clavatum_31_view5_zstack_slice_z0017.png,Cribroelphidium clavatum,saltpepper,0.03,Cribroelphidium clavatum,0.9946963787078856,1
36,data/eval_images/Cribroelphidium clavatum_31_view5_zstack_slice_z0017.png,Cribroelphidium clavatum,saltpepper,0.07,Cribroelphidium clavatum,0.9938499331474304,1
36,data/eval_images/Cribroelphidium clavatum_31_view5_zstack_slice_z0017.png,Cribroelphidium clavatum,stretch,1.0,Cribroelphidium clavatum,0.99887353181839,1
37,data/eval_images/Cribroelphidium clavatum_31_view5_zstack_slice_z0019.png,Cribroelphidium clavatum,gaussian,0.0,Cribroelphidium clavatum,0.9989126920700072,1
37,data/eval_images/Cribroelphidium clavatum_31_view5_zstack_slice_z0019.png,Cribroelphidium clavatum,gaussian,5.0,Cribroelphidium clavatum,0.9988137483596802,1
37,data/eval_images/Cribroelphidium clavatum_31_view5_zstack_slice_z0019.png,Cribroelphidium clavatum,gaussian,10.0,Cribroelphidium clavatum,0.998217523097992,1
37,data/eval_images/Cribroelphidium clavatum_31_view5_zstack_slice_z0019.png,Cribroelphidium clavatum,gaussian,25.0,Cribroelphidium clavatum,0.9933039546012878,1
37,data/eval_images/Cribroelphidium clavatum_31_view5_zstack_slice_z0019.png,Cribroelphidium clavatum,gaussian,50.0,Cribroelphidium clavatum,0.9778532385826112,1
37,data/eval_images/Cribroelphidium clavatum_31_view5_zstack_slice_z0019.png,Cribroelphidium clavatum,saltpepper,0.0,Cribroelphidium clavatum,0.9989126920700072,1
37,data/eval_images/Cribroelphidium clavatum_31_view5_zstack_slice_z0019.png,Cribroelphidium clavatum,saltpepper,0.01,Cribroelphidium clavatum,0.9987188577651978,1
37,data/eval_images/Cribroelphidium clavatum_31_view5_zstack_slice_z0019.png,Cribroelphidium clavatum,saltpepper,0.03,Cribroelphidium clavatum,0.9964194297790528,1
37,data/eval_images/Cribroelphidium clavatum_31_view5_zstack_slice_z0019.png,Cribroelphidium clavatum,saltpepper,0.07,Cribroelphidium clavatum,0.9957455992698668,1
37,data/eval_images/Cribroelphidium clavatum_31_view5_zstack_slice_z0019.png,Cribroelphidium clavatum,stretch,1.0,Cribroelphidium clavatum,0.9989126920700072,1
38,data/eval_images/Cribroelphidium clavatum_31_view5_zstack_slice_z0020.png,Cribroelphidium clavatum,gaussian,0.0,Cribroelphidium clavatum,0.9989672899246216,1
38,data/eval_images/Cribroelphidium clavatum_31_view5_zstack_slice_z0020.png,Cribroelphidium clavatum,gaussian,5.0,Cribroelphidium clavatum,0.9989032745361328,1
38,data/eval_images/Cribroelphidium clavatum_31_view5_zstack_slice_z0020.png,Cribroelphidium clavatum,gaussian,10.0,Cribroelphidium clavatum,0.9972938895225524,1
38,data/eval_images/Cribroelphidium clavatum_31_view5_zstack_slice_z0020.png,Cribroelphidium clavatum,gaussian,25.0,Cribroelphidium clavatum,0.9914485812187196,1
38,data/eval_images/Cribroelphidium clavatum_31_view5_zstack_slice_z0020.png,Cribroelphidium clavatum,gaussian,50.0,Cribroelphidium clavatum,0.9846833348274232,1
38,data/eval_images/Cribroelphidium clavatum_31_view5_zstack_slice_z0020.png,Cribroelphidium clavatum,saltpepper,0.0,Cribroelphidium clavatum,0.9989672899246216,1
38,data/eval_images/Cribroelphidium clavatum_31_view5_zstack_slice_z0020.png,Cribroelphidium clavatum,saltpepper,0.01,Cribroelphidium clavatum,0.999142050743103,1
38,data/eval_images/Cribroelphidium clavatum_31_view5_zstack_slice_z0020.png,Cribroelphidium clavatum,saltpepper,0.03,Cribroelphidium clavatum,0.9971880316734314,1
38,data/eval_images/Cribroelphidium clavatum_31_view5_zstack_slice_z0020.png,Cribroelphidium clavatum,saltpepper,0.07,Cribroelphidium clavatum,0.9960338473320008,1
38,data/eval_images/Cribroelphidium clavatum_31_view5_zstack_slice_z0020.png,Cribroelphidium clavatum,stretch,1.0,Cribroelphidium clavatum,0.9989672899246216,1
39,data/eval_images/Cribroelphidium clavatum_31_view5_zstack_slice_z0029.png,Cribroelphidium clavatum,gaussian,0.0,Cribroelphidium clavatum,0.9991227984428406,1
39,data/eval_images/Cribroelphidium clavatum_31_view5_zstack_slice_z0029.png,Cribroelphidium clavatum,gaussian,5.0,Cribroelphidium clavatum,0.997244119644165,1
39,data/eval_images/Cribroelphidium clavatum_31_view5_zstack_slice_z0029.png,Cribroelphidium clavatum,gaussian,10.0,Cribroelphidium clavatum,0.9848777055740356,1
39,data/eval_images/Cribroelphidium clavatum_31_view5_zstack_slice_z0029.png,Cribroelphidium clavatum,gaussian,25.0,Cribroelphidium clavatum,0.995500385761261,1
39,data/eval_images/Cribroelphidium clavatum_31_view5_zstack_slice_z0029.png,Cribroelphidium clavatum,gaussian,50.0,Cribroelphidium clavatum,0.9152227640151978,1
39,data/eval_images/Cribroelphidium clavatum_31_view5_zstack_slice_z0029.png,Cribroelphidium clavatum,saltpepper,0.0,Cribroelphidium clavatum,0.9991227984428406,1
39,data/eval_images/Cribroelphidium clavatum_31_view5_zstack_slice_z0029.png,Cribroelphidium clavatum,saltpepper,0.01,Cribroelphidium clavatum,0.9974122643470764,1
39,data/eval_images/Cribroelphidium clavatum_31_view5_zstack_slice_z0029.png,Cribroelphidium clavatum,saltpepper,0.03,Cribroelphidium clavatum,0.9869994521141052,1
39,data/eval_images/Cribroelphidium clavatum_31_view5_zstack_slice_z0029.png,Cribroelphidium clavatum,saltpepper,0.07,Cribroelphidium clavatum,0.91046541929245,1
39,data/eval_images/Cribroelphidium clavatum_31_view5_zstack_slice_z0029.png,Cribroelphidium clavatum,stretch,1.0,Cribroelphidium clavatum,0.9991227984428406,1
40,data/eval_images/Cylindroclavulina bradyi_13_view2_gif_original.png,Cylindroclavulina bradyi,gaussian,0.0,Cylindroclavulina bradyi,0.9950664043426514,1
40,data/eval_images/Cylindroclavulina bradyi_13_view2_gif_original.png,Cylindroclavulina bradyi,gaussian,5.0,Cylindroclavulina bradyi,0.6122245788574219,1
40,data/eval_images/Cylindroclavulina bradyi_13_view2_gif_original.png,Cylindroclavulina bradyi,gaussian,10.0,Bigenerina nodosaria,0.9948254823684692,0
40,data/eval_images/Cylindroclavulina bradyi_13_view2_gif_original.png,Cylindroclavulina bradyi,gaussian,25.0,Bigenerina nodosaria,0.9956193566322328,0
40,data/eval_images/Cylindroclavulina bradyi_13_view2_gif_original.png,Cylindroclavulina bradyi,gaussian,50.0,Bigenerina nodosaria,0.9871646165847778,0
40,data/eval_images/Cylindroclavulina bradyi_13_view2_gif_original.png,Cylindroclavulina bradyi,saltpepper,0.0,Cylindroclavulina bradyi,0.9950664043426514,1
40,data/eval_images/Cylindroclavulina bradyi_13_view2_gif_original.png,Cylindroclavulina bradyi,saltpepper,0.01,Cylindroclavulina bradyi,0.7875413298606873,1
40,data/eval_images/Cylindroclavulina bradyi_13_view2_gif_original.png,Cylindroclavulina bradyi,saltpepper,0.03,Bigenerina nodosaria,0.9909884333610536,0
40,data/eval_images/Cylindroclavulina bradyi_13_view2_gif_original.png,Cylindroclavulina bradyi,saltpepper,0.07,Bigenerina nodosaria,0.9730246663093568,0
40,data/eval_images/Cylindroclavulina bradyi_13_view2_gif_original.png,Cylindroclavulina bradyi,stretch,1.0,Cylindroclavulina bradyi,0.9950664043426514,1
41,data/eval_images/Cylindroclavulina bradyi_13_view2_stacked_tiff.png,Cylindroclavulina bradyi,gaussian,0.0,Cylindroclavulina bradyi,0.9977754950523376,1
41,data/eval_images/Cylindroclavulina bradyi_13_view2_stacked_tiff.png,Cylindroclavulina bradyi,gaussian,5.0,Cylindroclavulina bradyi,0.9910818338394164,1
41,data/eval_images/Cylindroclavulina bradyi_13_view2_stacked_tiff.png,Cylindroclavulina bradyi,gaussian,10.0,Bigenerina nodosaria,0.6031150221824646,0
41,data/eval_images/Cylindroclavulina bradyi_13_view2_stacked_tiff.png,Cylindroclavulina bradyi,gaussian,25.0,Bigenerina nodosaria,0.9949775338172911,0
41,data/eval_images/Cylindroclavulina bradyi_13_view2_stacked_tiff.png,Cylindroclavulina bradyi,gaussian,50.0,Bigenerina nodosaria,0.9879928827285768,0
41,data/eval_images/Cylindroclavulina bradyi_13_view2_stacked_tiff.png,Cylindroclavulina bradyi,saltpepper,0.0,Cylindroclavulina bradyi,0.9977754950523376,1
41,data/eval_images/Cylindroclavulina bradyi_13_view2_stacked_tiff.png,Cylindroclavulina bradyi,saltpepper,0.01,Cylindroclavulina bradyi,0.9952025413513184,1
41,data/eval_images/Cylindroclavulina bradyi_13_view2_stacked_tiff.png,Cylindroclavulina bradyi,saltpepper,0.03,Cylindroclavulina bradyi,0.7134724855422974,1
41,data/eval_images/Cylindroclavulina bradyi_13_view2_stacked_tiff.png,Cylindroclavulina bradyi,saltpepper,0.07,Bigenerina nodosaria,0.9869957566261292,0
41,data/eval_images/Cylindroclavulina bradyi_13_view2_stacked_tiff.png,Cylindroclavulina bradyi,stretch,1.0,Cylindroclavulina bradyi,0.9977754950523376,1
42,data/eval_images/Cylindroclavulina bradyi_13_view2_zstack_slice_z0014.png,Cylindroclavulina bradyi,gaussian,0.0,Cylindroclavulina bradyi,0.9973934888839722,1
42,data/eval_images/Cylindroclavulina bradyi_13_view2_zstack_slice_z0014.png,Cylindroclavulina bradyi,gaussian,5.0,Cylindroclavulina bradyi,0.9949382543563844,1
42,data/eval_images/Cylindroclavulina bradyi_13_view2_zstack_slice_z0014.png,Cylindroclavulina bradyi,gaussian,10.0,Cylindroclavulina bradyi,0.8908714652061462,1
42,data/eval_images/Cylindroclavulina bradyi_13_view2_zstack_slice_z0014.png,Cylindroclavulina bradyi,gaussian,25.0,Bigenerina nodosaria,0.9931125044822692,0
42,data/eval_images/Cylindroclavulina bradyi_13_view2_zstack_slice_z0014.png,Cylindroclavulina bradyi,gaussian,50.0,Bigenerina nodosaria,0.9798532724380492,0
42,data/eval_images/Cylindroclavulina bradyi_13_view2_zstack_slice_z0014.png,Cylindroclavulina bradyi,saltpepper,0.0,Cylindroclavulina bradyi,0.9973934888839722,1
42,data/eval_images/Cylindroclavulina bradyi_13_view2_zstack_slice_z0014.png,Cylindroclavulina bradyi,saltpepper,0.01,Cylindroclavulina bradyi,0.9929313659667968,1
42,data/eval_images/Cylindroclavulina bradyi_13_view2_zstack_slice_z0014.png,Cylindroclavulina bradyi,saltpepper,0.03,Cylindroclavulina bradyi,0.9913468956947328,1
42,data/eval_images/Cylindroclavulina bradyi_13_view2_zstack_slice_z0014.png,Cylindroclavulina bradyi,saltpepper,0.07,Bigenerina nodosaria,0.8809743523597717,0
42,data/eval_images/Cylindroclavulina bradyi_13_view2_zstack_slice_z0014.png,Cylindroclavulina bradyi,stretch,1.0,Cylindroclavulina bradyi,0.9973934888839722,1
43,data/eval_images/Cylindroclavulina bradyi_13_view2_zstack_slice_z0028.png,Cylindroclavulina bradyi,gaussian,0.0,Cylindroclavulina bradyi,0.9962816834449768,1
43,data/eval_images/Cylindroclavulina bradyi_13_view2_zstack_slice_z0028.png,Cylindroclavulina bradyi,gaussian,5.0,Cylindroclavulina bradyi,0.9875887036323548,1
43,data/eval_images/Cylindroclavulina bradyi_13_view2_zstack_slice_z0028.png,Cylindroclavulina bradyi,gaussian,10.0,Cylindroclavulina bradyi,0.6501701474189758,1
43,data/eval_images/Cylindroclavulina bradyi_13_view2_zstack_slice_z0028.png,Cylindroclavulina bradyi,gaussian,25.0,Bigenerina nodosaria,0.9797280430793762,0
43,data/eval_images/Cylindroclavulina bradyi_13_view2_zstack_slice_z0028.png,Cylindroclavulina bradyi,gaussian,50.0,Bigenerina nodosaria,0.9706057906150818,0
43,data/eval_images/Cylindroclavulina bradyi_13_view2_zstack_slice_z0028.png,Cylindroclavulina bradyi,saltpepper,0.0,Cylindroclavulina bradyi,0.9962816834449768,1
43,data/eval_images/Cylindroclavulina bradyi_13_view2_zstack_slice_z0028.png,Cylindroclavulina bradyi,saltpepper,0.01,Cylindroclavulina bradyi,0.9953487515449524,1
43,data/eval_images/Cylindroclavulina bradyi_13_view2_zstack_slice_z0028.png,Cylindroclavulina bradyi,saltpepper,0.03,Cylindroclavulina bradyi,0.8196558356285095,1
43,data/eval_images/Cylindroclavulina bradyi_13_view2_zstack_slice_z0028.png,Cylindroclavulina bradyi,saltpepper,0.07,Bigenerina nodosaria,0.338785320520401,0
43,data/eval_images/Cylindroclavulina bradyi_13_view2_zstack_slice_z0028.png,Cylindroclavulina bradyi,stretch,1.0,Cylindroclavulina bradyi,0.9962816834449768,1
44,data/eval_images/Cylindroclavulina bradyi_13_view2_zstack_slice_z0032.png,Cylindroclavulina bradyi,gaussian,0.0,Cylindroclavulina bradyi,0.9942978024482728,1
44,data/eval_images/Cylindroclavulina bradyi_13_view2_zstack_slice_z0032.png,Cylindroclavulina bradyi,gaussian,5.0,Cylindroclavulina bradyi,0.954904079437256,1
44,data/eval_images/Cylindroclavulina bradyi_13_view2_zstack_slice_z0032.png,Cylindroclavulina bradyi,gaussian,10.0,Cylindroclavulina bradyi,0.3799557983875274,1
44,data/eval_images/Cylindroclavulina bradyi_13_view2_zstack_slice_z0032.png,Cylindroclavulina bradyi,gaussian,25.0,Bigenerina nodosaria,0.9600108861923218,0
44,data/eval_images/Cylindroclavulina bradyi_13_view2_zstack_slice_z0032.png,Cylindroclavulina bradyi,gaussian,50.0,Bigenerina nodosaria,0.9635005593299866,0
44,data/eval_images/Cylindroclavulina bradyi_13_view2_zstack_slice_z0032.png,Cylindroclavulina bradyi,saltpepper,0.0,Cylindroclavulina bradyi,0.9942978024482728,1
44,data/eval_images/Cylindroclavulina bradyi_13_view2_zstack_slice_z0032.png,Cylindroclavulina bradyi,saltpepper,0.01,Cylindroclavulina bradyi,0.9812207221984864,1
44,data/eval_images/Cylindroclavulina bradyi_13_view2_zstack_slice_z0032.png,Cylindroclavulina bradyi,saltpepper,0.03,Cylindroclavulina bradyi,0.7577146291732788,1
44,data/eval_images/Cylindroclavulina bradyi_13_view2_zstack_slice_z0032.png,Cylindroclavulina bradyi,saltpepper,0.07,Karreriella bradyi,0.6772897243499756,0
44,data/eval_images/Cylindroclavulina bradyi_13_view2_zstack_slice_z0032.png,Cylindroclavulina bradyi,stretch,1.0,Cylindroclavulina bradyi,0.9942978024482728,1
45,data/eval_images/Cylindroclavulina bradyi_13_view2_zstack_slice_z0033.png,Cylindroclavulina bradyi,gaussian,0.0,Cylindroclavulina bradyi,0.99459707736969,1
45,data/eval_images/Cylindroclavulina bradyi_13_view2_zstack_slice_z0033.png,Cylindroclavulina bradyi,gaussian,5.0,Cylindroclavulina bradyi,0.9721279740333556,1
45,data/eval_images/Cylindroclavulina bradyi_13_view2_zstack_slice_z0033.png,Cylindroclavulina bradyi,gaussian,10.0,Nodulina dentaliniformis,0.3201920986175537,0
45,data/eval_images/Cylindroclavulina bradyi_13_view2_zstack_slice_z0033.png,Cylindroclavulina bradyi,gaussian,25.0,Bigenerina nodosaria,0.9605821371078492,0
45,data/eval_images/Cylindroclavulina bradyi_13_view2_zstack_slice_z0033.png,Cylindroclavulina bradyi,gaussian,50.0,Bigenerina nodosaria,0.8994666934013367,0
45,data/eval_images/Cylindroclavulina bradyi_13_view2_zstack_slice_z0033.png,Cylindroclavulina bradyi,saltpepper,0.0,Cylindroclavulina bradyi,0.99459707736969,1
45,data/eval_images/Cylindroclavulina bradyi_13_view2_zstack_slice_z0033.png,Cylindroclavulina bradyi,saltpepper,0.01,Cylindroclavulina bradyi,0.9876606464385986,1
45,data/eval_images/Cylindroclavulina bradyi_13_view2_zstack_slice_z0033.png,Cylindroclavulina bradyi,saltpepper,0.03,Cylindroclavulina bradyi,0.7317209243774414,1
45,data/eval_images/Cylindroclavulina bradyi_13_view2_zstack_slice_z0033.png,Cylindroclavulina bradyi,saltpepper,0.07,Karreriella bradyi,0.2924620807170868,0
45,data/eval_images/Cylindroclavulina bradyi_13_view2_zstack_slice_z0033.png,Cylindroclavulina bradyi,stretch,1.0,Cylindroclavulina bradyi,0.99459707736969,1
46,data/eval_images/Cylindroclavulina bradyi_13_view2_zstack_slice_z0036.png,Cylindroclavulina bradyi,gaussian,0.0,Cylindroclavulina bradyi,0.9917762279510498,1
46,data/eval_images/Cylindroclavulina bradyi_13_view2_zstack_slice_z0036.png,Cylindroclavulina bradyi,gaussian,5.0,Cylindroclavulina bradyi,0.9737640023231506,1
46,data/eval_images/Cylindroclavulina bradyi_13_view2_zstack_slice_z0036.png,Cylindroclavulina bradyi,gaussian,10.0,Cylindroclavulina bradyi,0.5861577391624451,1
46,data/eval_images/Cylindroclavulina bradyi_13_view2_zstack_slice_z0036.png,Cylindroclavulina bradyi,gaussian,25.0,Bigenerina nodosaria,0.9263285398483276,0
46,data/eval_images/Cylindroclavulina bradyi_13_view2_zstack_slice_z0036.png,Cylindroclavulina bradyi,gaussian,50.0,Bigenerina nodosaria,0.9353853464126588,0
46,data/eval_images/Cylindroclavulina bradyi_13_view2_zstack_slice_z0036.png,Cylindroclavulina bradyi,saltpepper,0.0,Cylindroclavulina bradyi,0.9917762279510498,1
46,data/eval_images/Cylindroclavulina bradyi_13_view2_zstack_slice_z0036.png,Cylindroclavulina bradyi,saltpepper,0.01,Cylindroclavulina bradyi,0.9905170798301696,1
46,data/eval_images/Cylindroclavulina bradyi_13_view2_zstack_slice_z0036.png,Cylindroclavulina bradyi,saltpepper,0.03,Cylindroclavulina bradyi,0.904158890247345,1
46,data/eval_images/Cylindroclavulina bradyi_13_view2_zstack_slice_z0036.png,Cylindroclavulina bradyi,saltpepper,0.07,Bigenerina nodosaria,0.508648693561554,0
46,data/eval_images/Cylindroclavulina bradyi_13_view2_zstack_slice_z0036.png,Cylindroclavulina bradyi,stretch,1.0,Cylindroclavulina bradyi,0.9917762279510498,1
47,data/eval_images/Hoeglundina elegans_0_view4_gif_original.png,Hoeglundina elegans,gaussian,0.0,Hoeglundina elegans,0.9984495639801024,1
47,data/eval_images/Hoeglundina elegans_0_view4_gif_original.png,Hoeglundina elegans,gaussian,5.0,Hoeglundina elegans,0.9982572197914124,1
47,data/eval_images/Hoeglundina elegans_0_view4_gif_original.png,Hoeglundina elegans,gaussian,10.0,Hoeglundina elegans,0.9890214800834656,1
47,data/eval_images/Hoeglundina elegans_0_view4_gif_original.png,Hoeglundina elegans,gaussian,25.0,Amphistegina radiata,0.8549581170082092,0
47,data/eval_images/Hoeglundina elegans_0_view4_gif_original.png,Hoeglundina elegans,gaussian,50.0,Amphistegina radiata,0.6957011818885803,0
47,data/eval_images/Hoeglundina elegans_0_view4_gif_original.png,Hoeglundina elegans,saltpepper,0.0,Hoeglundina elegans,0.9984495639801024,1
47,data/eval_images/Hoeglundina elegans_0_view4_gif_original.png,Hoeglundina elegans,saltpepper,0.01,Hoeglundina elegans,0.998437225818634,1
47,data/eval_images/Hoeglundina elegans_0_view4_gif_original.png,Hoeglundina elegans,saltpepper,0.03,Hoeglundina elegans,0.9983060359954834,1
47,data/eval_images/Hoeglundina elegans_0_view4_gif_original.png,Hoeglundina elegans,saltpepper,0.07,Hoeglundina elegans,0.6235992908477783,1
47,data/eval_images/Hoeglundina elegans_0_view4_gif_original.png,Hoeglundina elegans,stretch,1.0,Hoeglundina elegans,0.9984495639801024,1
48,data/eval_images/Hoeglundina elegans_28_view3_zstack_slice_z0005.png,Hoeglundina elegans,gaussian,0.0,Hoeglundina elegans,0.9901878237724304,1
48,data/eval_images/Hoeglundina elegans_28_view3_zstack_slice_z0005.png,Hoeglundina elegans,gaussian,5.0,Amphistegina radiata,0.5544619560241699,0
48,data/eval_images/Hoeglundina elegans_28_view3_zstack_slice_z0005.png,Hoeglundina elegans,gaussian,10.0,Amphistegina radiata,0.947156310081482,0
48,data/eval_images/Hoeglundina elegans_28_view3_zstack_slice_z0005.png,Hoeglundina elegans,gaussian,25.0,Amphistegina radiata,0.9882744550704956,0
48,data/eval_images/Hoeglundina elegans_28_view3_zstack_slice_z0005.png,Hoeglundina elegans,gaussian,50.0,Amphistegina radiata,0.9797013998031616,0
48,data/eval_images/Hoeglundina elegans_28_view3_zstack_slice_z0005.png,Hoeglundina elegans,saltpepper,0.0,Hoeglundina elegans,0.9901878237724304,1
48,data/eval_images/Hoeglundina elegans_28_view3_zstack_slice_z0005.png,Hoeglundina elegans,saltpepper,0.01,Hoeglundina elegans,0.8138735294342041,1
48,data/eval_images/Hoeglundina elegans_28_view3_zstack_slice_z0005.png,Hoeglundina elegans,saltpepper,0.03,Operculina ammonoides,0.4642195701599121,0
48,data/eval_images/Hoeglundina elegans_28_view3_zstack_slice_z0005.png,Hoeglundina elegans,saltpepper,0.07,Cribroelphidium clavatum,0.3661409318447113,0
48,data/eval_images/Hoeglundina elegans_28_view3_zstack_slice_z0005.png,Hoeglundina elegans,stretch,1.0,Hoeglundina elegans,0.9901878237724304,1
49,data/eval_images/Hoeglundina elegans_28_view3_zstack_slice_z0041.png,Hoeglundina elegans,gaussian,0.0,Hoeglundina elegans,0.9861329793930054,1
49,data/eval_images/Hoeglundina elegans_28_view3_zstack_slice_z0041.png,Hoeglundina elegans,gaussian,5.0,Cribroelphidium clavatum,0.2489628791809082,0
49,data/eval_images/Hoeglundina elegans_28_view3_zstack_slice_z0041.png,Hoeglundina elegans,gaussian,10.0,Amphistegina radiata,0.9758259654045104,0
49,data/eval_images/Hoeglundina elegans_28_view3_zstack_slice_z0041.png,Hoeglundina elegans,gaussian,25.0,Amphistegina radiata,0.9961995482444764,0
49,data/eval_images/Hoeglundina elegans_28_view3_zstack_slice_z0041.png,Hoeglundina elegans,gaussian,50.0,Amphistegina radiata,0.968430757522583,0
49,data/eval_images/Hoeglundina elegans_28_view3_zstack_slice_z0041.png,Hoeglundina elegans,saltpepper,0.0,Hoeglundina elegans,0.9861329793930054,1
49,data/eval_images/Hoeglundina elegans_28_view3_zstack_slice_z0041.png,Hoeglundina elegans,saltpepper,0.01,Hoeglundina elegans,0.4035643339157104,1
49,data/eval_images/Hoeglundina elegans_28_view3_zstack_slice_z0041.png,Hoeglundina elegans,saltpepper,0.03,Cibicides corticatus,0.6097084879875183,0
49,data/eval_images/Hoeglundina elegans_28_view3_zstack_slice_z0041.png,Hoeglundina elegans,saltpepper,0.07,Cibicides corticatus,0.5533050894737244,0
49,data/eval_images/Hoeglundina elegans_28_view3_zstack_slice_z0041.png,Hoeglundina elegans,stretch,1.0,Hoeglundina elegans,0.9861329793930054,1
50,data/eval_images/Hoeglundina elegans_28_view3_zstack_slice_z0042.png,Hoeglundina elegans,gaussian,0.0,Hoeglundina elegans,0.984570562839508,1
50,data/eval_images/Hoeglundina elegans_28_view3_zstack_slice_z0042.png,Hoeglundina elegans,gaussian,5.0,Spirotextularia floridana,0.3183814287185669,0
50,data/eval_images/Hoeglundina elegans_28_view3_zstack_slice_z0042.png,Hoeglundina elegans,gaussian,10.0,Amphistegina radiata,0.9778156280517578,0
50,data/eval_images/Hoeglundina elegans_28_view3_zstack_slice_z0042.png,Hoeglundina elegans,gaussian,25.0,Amphistegina radiata,0.996557116508484,0
50,data/eval_images/Hoeglundina elegans_28_view3_zstack_slice_z0042.png,Hoeglundina elegans,gaussian,50.0,Amphistegina radiata,0.9704833030700684,0
50,data/eval_images/Hoeglundina elegans_28_view3_zstack_slice_z0042.png,Hoeglundina elegans,saltpepper,0.0,Hoeglundina elegans,0.984570562839508,1
50,data/eval_images/Hoeglundina elegans_28_view3_zstack_slice_z0042.png,Hoeglundina elegans,saltpepper,0.01,Agglutinella soriformis,0.6177809238433838,0
50,data/eval_images/Hoeglundina elegans_28_view3_zstack_slice_z0042.png,Hoeglundina elegans,saltpepper,0.03,Cibicides corticatus,0.8223075270652771,0
50,data/eval_images/Hoeglundina elegans_28_view3_zstack_slice_z0042.png,Hoeglundina elegans,saltpepper,0.07,Cibicides corticatus,0.5345658659934998,0
50,data/eval_images/Hoeglundina elegans_28_view3_zstack_slice_z0042.png,Hoeglundina elegans,stretch,1.0,Hoeglundina elegans,0.984570562839508,1
51,data/eval_images/Hoeglundina elegans_28_view3_zstack_slice_z0043.png,Hoeglundina elegans,gaussian,0.0,Hoeglundina elegans,0.9426835179328918,1
51,data/eval_images/Hoeglundina elegans_28_view3_zstack_slice_z0043.png,Hoeglundina elegans,gaussian,5.0,Amphistegina radiata,0.3585605323314667,0
51,data/eval_images/Hoeglundina elegans_28_view3_zstack_slice_z0043.png,Hoeglundina elegans,gaussian,10.0,Amphistegina radiata,0.9738726615905762,0
51,data/eval_images/Hoeglundina elegans_28_view3_zstack_slice_z0043.png,Hoeglundina elegans,gaussian,25.0,Amphistegina radiata,0.9957340359687804,0
51,data/eval_images/Hoeglundina elegans_28_view3_zstack_slice_z0043.png,Hoeglundina elegans,gaussian,50.0,Amphistegina radiata,0.9813089966773988,0
51,data/eval_images/Hoeglundina elegans_28_view3_zstack_slice_z0043.png,Hoeglundina elegans,saltpepper,0.0,Hoeglundina elegans,0.9426835179328918,1
51,data/eval_images/Hoeglundina elegans_28_view3_zstack_slice_z0043.png,Hoeglundina elegans,saltpepper,0.01,Agglutinella soriformis,0.4037953913211822,0
51,data/eval_images/Hoeglundina elegans_28_view3_zstack_slice_z0043.png,Hoeglundina elegans,saltpepper,0.03,Cibicides corticatus,0.7453234791755676,0
51,data/eval_images/Hoeglundina elegans_28_view3_zstack_slice_z0043.png,Hoeglundina elegans,saltpepper,0.07,Spirosigmoilina parri,0.7636216282844543,0
51,data/eval_images/Hoeglundina elegans_28_view3_zstack_slice_z0043.png,Hoeglundina elegans,stretch,1.0,Hoeglundina elegans,0.9426835179328918,1
52,data/eval_images/Hoeglundina elegans_28_view3_zstack_slice_z0046.png,Hoeglundina elegans,gaussian,0.0,Hoeglundina elegans,0.7877709269523621,1
52,data/eval_images/Hoeglundina elegans_28_view3_zstack_slice_z0046.png,Hoeglundina elegans,gaussian,5.0,Amphistegina radiata,0.6834590435028076,0
52,data/eval_images/Hoeglundina elegans_28_view3_zstack_slice_z0046.png,Hoeglundina elegans,gaussian,10.0,Amphistegina radiata,0.9935837388038636,0
52,data/eval_images/Hoeglundina elegans_28_view3_zstack_slice_z0046.png,Hoeglundina elegans,gaussian,25.0,Amphistegina radiata,0.9921370148658752,0
52,data/eval_images/Hoeglundina elegans_28_view3_zstack_slice_z0046.png,Hoeglundina elegans,gaussian,50.0,Amphistegina radiata,0.9485710859298706,0
52,data/eval_images/Hoeglundina elegans_28_view3_zstack_slice_z0046.png,Hoeglundina elegans,saltpepper,0.0,Hoeglundina elegans,0.7877709269523621,1
52,data/eval_images/Hoeglundina elegans_28_view3_zstack_slice_z0046.png,Hoeglundina elegans,saltpepper,0.01,Cibicides corticatus,0.392740935087204,0
52,data/eval_images/Hoeglundina elegans_28_view3_zstack_slice_z0046.png,Hoeglundina elegans,saltpepper,0.03,Amphistegina radiata,0.4241682887077331,0
52,data/eval_images/Hoeglundina elegans_28_view3_zstack_slice_z0046.png,Hoeglundina elegans,saltpepper,0.07,Spirosigmoilina parri,0.766610324382782,0
52,data/eval_images/Hoeglundina elegans_28_view3_zstack_slice_z0046.png,Hoeglundina elegans,stretch,1.0,Hoeglundina elegans,0.7877709269523621,1
53,data/eval_images/Karreriella bradyi_17_view3_gif_original.png,Karreriella bradyi,gaussian,0.0,Karreriella bradyi,0.9980539083480836,1
53,data/eval_images/Karreriella bradyi_17_view3_gif_original.png,Karreriella bradyi,gaussian,5.0,Karreriella bradyi,0.9981070756912231,1
53,data/eval_images/Karreriella bradyi_17_view3_gif_original.png,Karreriella bradyi,gaussian,10.0,Karreriella bradyi,0.9982340335845948,1
53,data/eval_images/Karreriella bradyi_17_view3_gif_original.png,Karreriella bradyi,gaussian,25.0,Karreriella bradyi,0.9981147050857544,1
53,data/eval_images/Karreriella bradyi_17_view3_gif_original.png,Karreriella bradyi,gaussian,50.0,Karreriella bradyi,0.9982231259346008,1
53,data/eval_images/Karreriella bradyi_17_view3_gif_original.png,Karreriella bradyi,saltpepper,0.0,Karreriella bradyi,0.9980539083480836,1
53,data/eval_images/Karreriella bradyi_17_view3_gif_original.png,Karreriella bradyi,saltpepper,0.01,Karreriella bradyi,0.9981589913368224,1
53,data/eval_images/Karreriella bradyi_17_view3_gif_original.png,Karreriella bradyi,saltpepper,0.03,Karreriella bradyi,0.9983398914337158,1
53,data/eval_images/Karreriella bradyi_17_view3_gif_original.png,Karreriella bradyi,saltpepper,0.07,Karreriella bradyi,0.9988369345664978,1
53,data/eval_images/Karreriella bradyi_17_view3_gif_original.png,Karreriella bradyi,stretch,1.0,Karreriella bradyi,0.9980539083480836,1
54,data/eval_images/Karreriella bradyi_17_view3_stacked_tiff.png,Karreriella bradyi,gaussian,0.0,Karreriella bradyi,0.9978891015052797,1
54,data/eval_images/Karreriella bradyi_17_view3_stacked_tiff.png,Karreriella bradyi,gaussian,5.0,Karreriella bradyi,0.9979915618896484,1
54,data/eval_images/Karreriella bradyi_17_view3_stacked_tiff.png,Karreriella bradyi,gaussian,10.0,Karreriella bradyi,0.998130977153778,1
54,data/eval_images/Karreriella bradyi_17_view3_stacked_tiff.png,Karreriella bradyi,gaussian,25.0,Karreriella bradyi,0.9981257319450378,1
54,data/eval_images/Karreriella bradyi_17_view3_stacked_tiff.png,Karreriella bradyi,gaussian,50.0,Karreriella bradyi,0.9981339573860168,1
54,data/eval_images/Karreriella bradyi_17_view3_stacked_tiff.png,Karreriella bradyi,saltpepper,0.0,Karreriella bradyi,0.9978891015052797,1
54,data/eval_images/Karreriella bradyi_17_view3_stacked_tiff.png,Karreriella bradyi,saltpepper,0.01,Karreriella bradyi,0.9980556964874268,1
54,data/eval_images/Karreriella bradyi_17_view3_stacked_tiff.png,Karreriella bradyi,saltpepper,0.03,Karreriella bradyi,0.9981233477592468,1
54,data/eval_images/Karreriella bradyi_17_view3_stacked_tiff.png,Karreriella bradyi,saltpepper,0.07,Karreriella bradyi,0.9984678626060486,1
54,data/eval_images/Karreriella bradyi_17_view3_stacked_tiff.png,Karreriella bradyi,stretch,1.0,Karreriella bradyi,0.9978891015052797,1
55,data/eval_images/Karreriella bradyi_17_view3_zstack_slice_z0005.png,Karreriella bradyi,gaussian,0.0,Karreriella bradyi,0.9981221556663512,1
55,data/eval_images/Karreriella bradyi_17_view3_zstack_slice_z0005.png,Karreriella bradyi,gaussian,5.0,Karreriella bradyi,0.9982393980026244,1
55,data/eval_images/Karreriella bradyi_17_view3_zstack_slice_z0005.png,Karreriella bradyi,gaussian,10.0,Karreriella bradyi,0.9984729886054992,1
55,data/eval_images/Karreriella bradyi_17_view3_zstack_slice_z0005.png,Karreriella bradyi,gaussian,25.0,Karreriella bradyi,0.9986633062362672,1
55,data/eval_images/Karreriella bradyi_17_view3_zstack_slice_z0005.png,Karreriella bradyi,gaussian,50.0,Karreriella bradyi,0.997254192829132,1
55,data/eval_images/Karreriella bradyi_17_view3_zstack_slice_z0005.png,Karreriella bradyi,saltpepper,0.0,Karreriella bradyi,0.9981221556663512,1
55,data/eval_images/Karreriella bradyi_17_view3_zstack_slice_z0005.png,Karreriella bradyi,saltpepper,0.01,Karreriella bradyi,0.9983723759651184,1
55,data/eval_images/Karreriella bradyi_17_view3_zstack_slice_z0005.png,Karreriella bradyi,saltpepper,0.03,Karreriella bradyi,0.998518168926239,1
55,data/eval_images/Karreriella bradyi_17_view3_zstack_slice_z0005.png,Karreriella bradyi,saltpepper,0.07,Karreriella bradyi,0.9981231093406676,1
55,data/eval_images/Karreriella bradyi_17_view3_zstack_slice_z0005.png,Karreriella bradyi,stretch,1.0,Karreriella bradyi,0.9981221556663512,1
56,data/eval_images/Karreriella bradyi_17_view3_zstack_slice_z0007.png,Karreriella bradyi,gaussian,0.0,Karreriella bradyi,0.9980610013008118,1
56,data/eval_images/Karreriella bradyi_17_view3_zstack_slice_z0007.png,Karreriella bradyi,gaussian,5.0,Karreriella bradyi,0.9982522130012512,1
56,data/eval_images/Karreriella bradyi_17_view3_zstack_slice_z0007.png,Karreriella bradyi,gaussian,10.0,Karreriella bradyi,0.998376965522766,1
56,data/eval_images/Karreriella bradyi_17_view3_zstack_slice_z0007.png,Karreriella bradyi,gaussian,25.0,Karreriella bradyi,0.9986166954040528,1
56,data/eval_images/Karreriella bradyi_17_view3_zstack_slice_z0007.png,Karreriella bradyi,gaussian,50.0,Karreriella bradyi,0.9983704686164856,1
56,data/eval_images/Karreriella bradyi_17_view3_zstack_slice_z0007.png,Karreriella bradyi,saltpepper,0.0,Karreriella bradyi,0.9980610013008118,1
56,data/eval_images/Karreriella bradyi_17_view3_zstack_slice_z0007.png,Karreriella bradyi,saltpepper,0.01,Karreriella bradyi,0.9981282353401184,1
56,data/eval_images/Karreriella bradyi_17_view3_zstack_slice_z0007.png,Karreriella bradyi,saltpepper,0.03,Karreriella bradyi,0.9983471632003784,1
56,data/eval_images/Karreriella bradyi_17_view3_zstack_slice_z0007.png,Karreriella bradyi,saltpepper,0.07,Karreriella bradyi,0.9979625940322876,1
56,data/eval_images/Karreriella bradyi_17_view3_zstack_slice_z0007.png,Karreriella bradyi,stretch,1.0,Karreriella bradyi,0.9980610013008118,1
57,data/eval_images/Karreriella bradyi_17_view3_zstack_slice_z0013.png,Karreriella bradyi,gaussian,0.0,Karreriella bradyi,0.9980619549751282,1
57,data/eval_images/Karreriella bradyi_17_view3_zstack_slice_z0013.png,Karreriella bradyi,gaussian,5.0,Karreriella bradyi,0.9981889128684998,1
57,data/eval_images/Karreriella bradyi_17_view3_zstack_slice_z0013.png,Karreriella bradyi,gaussian,10.0,Karreriella bradyi,0.9983162879943848,1
57,data/eval_images/Karreriella bradyi_17_view3_zstack_slice_z0013.png,Karreriella bradyi,gaussian,25.0,Karreriella bradyi,0.9985085129737854,1
57,data/eval_images/Karreriella bradyi_17_view3_zstack_slice_z0013.png,Karreriella bradyi,gaussian,50.0,Karreriella bradyi,0.9982666969299316,1
57,data/eval_images/Karreriella bradyi_17_view3_zstack_slice_z0013.png,Karreriella bradyi,saltpepper,0.0,Karreriella bradyi,0.9980619549751282,1
57,data/eval_images/Karreriella bradyi_17_view3_zstack_slice_z0013.png,Karreriella bradyi,saltpepper,0.01,Karreriella bradyi,0.9982607960700988,1
57,data/eval_images/Karreriella bradyi_17_view3_zstack_slice_z0013.png,Karreriella bradyi,saltpepper,0.03,Karreriella bradyi,0.99835604429245,1
57,data/eval_images/Karreriella bradyi_17_view3_zstack_slice_z0013.png,Karreriella bradyi,saltpepper,0.07,Karreriella bradyi,0.9986108541488647,1
57,data/eval_images/Karreriella bradyi_17_view3_zstack_slice_z0013.png,Karreriella bradyi,stretch,1.0,Karreriella bradyi,0.9980619549751282,1
58,data/eval_images/Karreriella bradyi_17_view3_zstack_slice_z0015.png,Karreriella bradyi,gaussian,0.0,Karreriella bradyi,0.9980412721633912,1
58,data/eval_images/Karreriella bradyi_17_view3_zstack_slice_z0015.png,Karreriella bradyi,gaussian,5.0,Karreriella bradyi,0.9981420040130616,1
58,data/eval_images/Karreriella bradyi_17_view3_zstack_slice_z0015.png,Karreriella bradyi,gaussian,10.0,Karreriella bradyi,0.9982555508613586,1
58,data/eval_images/Karreriella bradyi_17_view3_zstack_slice_z0015.png,Karreriella bradyi,gaussian,25.0,Karreriella bradyi,0.9984673857688904,1
58,data/eval_images/Karreriella bradyi_17_view3_zstack_slice_z0015.png,Karreriella bradyi,gaussian,50.0,Karreriella bradyi,0.9981614947319032,1
58,data/eval_images/Karreriella bradyi_17_view3_zstack_slice_z0015.png,Karreriella bradyi,saltpepper,0.0,Karreriella bradyi,0.9980412721633912,1
58,data/eval_images/Karreriella bradyi_17_view3_zstack_slice_z0015.png,Karreriella bradyi,saltpepper,0.01,Karreriella bradyi,0.9981974959373474,1
58,data/eval_images/Karreriella bradyi_17_view3_zstack_slice_z0015.png,Karreriella bradyi,saltpepper,0.03,Karreriella bradyi,0.9983464479446412,1
58,data/eval_images/Karreriella bradyi_17_view3_zstack_slice_z0015.png,Karreriella bradyi,saltpepper,0.07,Karreriella bradyi,0.9988468885421752,1
58,data/eval_images/Karreriella bradyi_17_view3_zstack_slice_z0015.png,Karreriella bradyi,stretch,1.0,Karreriella bradyi,0.9980412721633912,1
59,data/eval_images/Karreriella bradyi_17_view3_zstack_slice_z0039.png,Karreriella bradyi,gaussian,0.0,Karreriella bradyi,0.998576283454895,1
59,data/eval_images/Karreriella bradyi_17_view3_zstack_slice_z0039.png,Karreriella bradyi,gaussian,5.0,Karreriella bradyi,0.9988176226615906,1
59,data/eval_images/Karreriella bradyi_17_view3_zstack_slice_z0039.png,Karreriella bradyi,gaussian,10.0,Karreriella bradyi,0.9988065958023072,1
59,data/eval_images/Karreriella bradyi_17_view3_zstack_slice_z0039.png,Karreriella bradyi,gaussian,25.0,Karreriella bradyi,0.9982830286026,1
59,data/eval_images/Karreriella bradyi_17_view3_zstack_slice_z0039.png,Karreriella bradyi,gaussian,50.0,Karreriella bradyi,0.7202122211456299,1
59,data/eval_images/Karreriella bradyi_17_view3_zstack_slice_z0039.png,Karreriella bradyi,saltpepper,0.0,Karreriella bradyi,0.998576283454895,1
59,data/eval_images/Karreriella bradyi_17_view3_zstack_slice_z0039.png,Karreriella bradyi,saltpepper,0.01,Karreriella bradyi,0.9986730813980104,1
59,data/eval_images/Karreriella bradyi_17_view3_zstack_slice_z0039.png,Karreriella bradyi,saltpepper,0.03,Karreriella bradyi,0.9985093474388124,1
59,data/eval_images/Karreriella bradyi_17_view3_zstack_slice_z0039.png,Karreriella bradyi,saltpepper,0.07,Karreriella bradyi,0.9930238723754884,1
59,data/eval_images/Karreriella bradyi_17_view3_zstack_slice_z0039.png,Karreriella bradyi,stretch,1.0,Karreriella bradyi,0.998576283454895,1
60,data/eval_images/Lenticulina suborbicularis_30_view4_gif_original.png,Lenticulina suborbicularis,gaussian,0.0,Lenticulina suborbicularis,0.9990434050559998,1
60,data/eval_images/Lenticulina suborbicularis_30_view4_gif_original.png,Lenticulina suborbicularis,gaussian,5.0,Lenticulina suborbicularis,0.998500108718872,1
60,data/eval_images/Lenticulina suborbicularis_30_view4_gif_original.png,Lenticulina suborbicularis,gaussian,10.0,Lenticulina suborbicularis,0.9929335117340088,1
60,data/eval_images/Lenticulina suborbicularis_30_view4_gif_original.png,Lenticulina suborbicularis,gaussian,25.0,Lenticulina suborbicularis,0.9134319424629213,1
60,data/eval_images/Lenticulina suborbicularis_30_view4_gif_original.png,Lenticulina suborbicularis,gaussian,50.0,Lenticulina suborbicularis,0.9089884161949158,1
60,data/eval_images/Lenticulina suborbicularis_30_view4_gif_original.png,Lenticulina suborbicularis,saltpepper,0.0,Lenticulina suborbicularis,0.9990434050559998,1
60,data/eval_images/Lenticulina suborbicularis_30_view4_gif_original.png,Lenticulina suborbicularis,saltpepper,0.01,Lenticulina suborbicularis,0.9989107847213744,1
60,data/eval_images/Lenticulina suborbicularis_30_view4_gif_original.png,Lenticulina suborbicularis,saltpepper,0.03,Lenticulina suborbicularis,0.9978476762771606,1
60,data/eval_images/Lenticulina suborbicularis_30_view4_gif_original.png,Lenticulina suborbicularis,saltpepper,0.07,Cribroelphidium clavatum,0.5196073055267334,0
60,data/eval_images/Lenticulina suborbicularis_30_view4_gif_original.png,Lenticulina suborbicularis,stretch,1.0,Lenticulina suborbicularis,0.9990434050559998,1
61,data/eval_images/Lenticulina suborbicularis_30_view4_zstack_slice_z0001.png,Lenticulina suborbicularis,gaussian,0.0,Lenticulina suborbicularis,0.9986513257026672,1
61,data/eval_images/Lenticulina suborbicularis_30_view4_zstack_slice_z0001.png,Lenticulina suborbicularis,gaussian,5.0,Lenticulina suborbicularis,0.9854328036308287,1
61,data/eval_images/Lenticulina suborbicularis_30_view4_zstack_slice_z0001.png,Lenticulina suborbicularis,gaussian,10.0,Lenticulina suborbicularis,0.942129611968994,1
61,data/eval_images/Lenticulina suborbicularis_30_view4_zstack_slice_z0001.png,Lenticulina suborbicularis,gaussian,25.0,Lenticulina suborbicularis,0.9637811183929444,1
61,data/eval_images/Lenticulina suborbicularis_30_view4_zstack_slice_z0001.png,Lenticulina suborbicularis,gaussian,50.0,Lenticulina suborbicularis,0.9370766282081604,1
61,data/eval_images/Lenticulina suborbicularis_30_view4_zstack_slice_z0001.png,Lenticulina suborbicularis,saltpepper,0.0,Lenticulina suborbicularis,0.9986513257026672,1
61,data/eval_images/Lenticulina suborbicularis_30_view4_zstack_slice_z0001.png,Lenticulina suborbicularis,saltpepper,0.01,Lenticulina suborbicularis,0.997886836528778,1
61,data/eval_images/Lenticulina suborbicularis_30_view4_zstack_slice_z0001.png,Lenticulina suborbicularis,saltpepper,0.03,Lenticulina suborbicularis,0.9350403547286988,1
61,data/eval_images/Lenticulina suborbicularis_30_view4_zstack_slice_z0001.png,Lenticulina suborbicularis,saltpepper,0.07,Lenticulina suborbicularis,0.8811129927635193,1
61,data/eval_images/Lenticulina suborbicularis_30_view4_zstack_slice_z0001.png,Lenticulina suborbicularis,stretch,1.0,Lenticulina suborbicularis,0.9986513257026672,1
62,data/eval_images/Lenticulina suborbicularis_30_view4_zstack_slice_z0018.png,Lenticulina suborbicularis,gaussian,0.0,Lenticulina suborbicularis,0.9989369511604308,1
62,data/eval_images/Lenticulina suborbicularis_30_view4_zstack_slice_z0018.png,Lenticulina suborbicularis,gaussian,5.0,Lenticulina suborbicularis,0.9980338215827942,1
62,data/eval_images/Lenticulina suborbicularis_30_view4_zstack_slice_z0018.png,Lenticulina suborbicularis,gaussian,10.0,Lenticulina suborbicularis,0.9952173233032228,1
62,data/eval_images/Lenticulina suborbicularis_30_view4_zstack_slice_z0018.png,Lenticulina suborbicularis,gaussian,25.0,Lenticulina suborbicularis,0.9845000505447388,1
62,data/eval_images/Lenticulina suborbicularis_30_view4_zstack_slice_z0018.png,Lenticulina suborbicularis,gaussian,50.0,Lenticulina suborbicularis,0.9676340222358704,1
62,data/eval_images/Lenticulina suborbicularis_30_view4_zstack_slice_z0018.png,Lenticulina suborbicularis,saltpepper,0.0,Lenticulina suborbicularis,0.9989369511604308,1
62,data/eval_images/Lenticulina suborbicularis_30_view4_zstack_slice_z0018.png,Lenticulina suborbicularis,saltpepper,0.01,Lenticulina suborbicularis,0.9985363483428956,1
62,data/eval_images/Lenticulina suborbicularis_30_view4_zstack_slice_z0018.png,Lenticulina suborbicularis,saltpepper,0.03,Lenticulina suborbicularis,0.9973777532577516,1
62,data/eval_images/Lenticulina suborbicularis_30_view4_zstack_slice_z0018.png,Lenticulina suborbicularis,saltpepper,0.07,Lenticulina suborbicularis,0.961286723613739,1
62,data/eval_images/Lenticulina suborbicularis_30_view4_zstack_slice_z0018.png,Lenticulina suborbicularis,stretch,1.0,Lenticulina suborbicularis,0.9989369511604308,1
63,data/eval_images/Lenticulina suborbicularis_30_view4_zstack_slice_z0025.png,Lenticulina suborbicularis,gaussian,0.0,Lenticulina suborbicularis,0.9987993240356444,1
63,data/eval_images/Lenticulina suborbicularis_30_view4_zstack_slice_z0025.png,Lenticulina suborbicularis,gaussian,5.0,Lenticulina suborbicularis,0.9977338314056396,1
63,data/eval_images/Lenticulina suborbicularis_30_view4_zstack_slice_z0025.png,Lenticulina suborbicularis,gaussian,10.0,Lenticulina suborbicularis,0.9949305653572084,1
63,data/eval_images/Lenticulina suborbicularis_30_view4_zstack_slice_z0025.png,Lenticulina suborbicularis,gaussian,25.0,Lenticulina suborbicularis,0.9898492097854614,1
63,data/eval_images/Lenticulina suborbicularis_30_view4_zstack_slice_z0025.png,Lenticulina suborbicularis,gaussian,50.0,Lenticulina suborbicularis,0.897108793258667,1
63,data/eval_images/Lenticulina suborbicularis_30_view4_zstack_slice_z0025.png,Lenticulina suborbicularis,saltpepper,0.0,Lenticulina suborbicularis,0.9987993240356444,1
63,data/eval_images/Lenticulina suborbicularis_30_view4_zstack_slice_z0025.png,Lenticulina suborbicularis,saltpepper,0.01,Lenticulina suborbicularis,0.998016357421875,1
63,data/eval_images/Lenticulina suborbicularis_30_view4_zstack_slice_z0025.png,Lenticulina suborbicularis,saltpepper,0.03,Lenticulina suborbicularis,0.996522068977356,1
63,data/eval_images/Lenticulina suborbicularis_30_view4_zstack_slice_z0025.png,Lenticulina suborbicularis,saltpepper,0.07,Lenticulina suborbicularis,0.9113781452178956,1
63,data/eval_images/Lenticulina suborbicularis_30_view4_zstack_slice_z0025.png,Lenticulina suborbicularis,stretch,1.0,Lenticulina suborbicularis,0.9987993240356444,1
64,data/eval_images/Lenticulina suborbicularis_30_view4_zstack_slice_z0027.png,Lenticulina suborbicularis,gaussian,0.0,Lenticulina suborbicularis,0.9988023042678832,1
64,data/eval_images/Lenticulina suborbicularis_30_view4_zstack_slice_z0027.png,Lenticulina suborbicularis,gaussian,5.0,Lenticulina suborbicularis,0.9978906512260436,1
64,data/eval_images/Lenticulina suborbicularis_30_view4_zstack_slice_z0027.png,Lenticulina suborbicularis,gaussian,10.0,Lenticulina suborbicularis,0.9953508377075196,1
64,data/eval_images/Lenticulina suborbicularis_30_view4_zstack_slice_z0027.png,Lenticulina suborbicularis,gaussian,25.0,Lenticulina suborbicularis,0.9847747683525084,1
64,data/eval_images/Lenticulina suborbicularis_30_view4_zstack_slice_z0027.png,Lenticulina suborbicularis,gaussian,50.0,Lenticulina suborbicularis,0.9550336599349976,1
64,data/eval_images/Lenticulina suborbicularis_30_view4_zstack_slice_z0027.png,Lenticulina suborbicularis,saltpepper,0.0,Lenticulina suborbicularis,0.9988023042678832,1
64,data/eval_images/Lenticulina suborbicularis_30_view4_zstack_slice_z0027.png,Lenticulina suborbicularis,saltpepper,0.01,Lenticulina suborbicularis,0.9972801208496094,1
64,data/eval_images/Lenticulina suborbicularis_30_view4_zstack_slice_z0027.png,Lenticulina suborbicularis,saltpepper,0.03,Lenticulina suborbicularis,0.9969812035560608,1
64,data/eval_images/Lenticulina suborbicularis_30_view4_zstack_slice_z0027.png,Lenticulina suborbicularis,saltpepper,0.07,Lenticulina suborbicularis,0.8005416989326477,1
64,data/eval_images/Lenticulina suborbicularis_30_view4_zstack_slice_z0027.png,Lenticulina suborbicularis,stretch,1.0,Lenticulina suborbicularis,0.9988023042678832,1
65,data/eval_images/Lenticulina suborbicularis_30_view4_zstack_slice_z0039.png,Lenticulina suborbicularis,gaussian,0.0,Lenticulina suborbicularis,0.9987598657608032,1
65,data/eval_images/Lenticulina suborbicularis_30_view4_zstack_slice_z0039.png,Lenticulina suborbicularis,gaussian,5.0,Lenticulina suborbicularis,0.9974933862686156,1
65,data/eval_images/Lenticulina suborbicularis_30_view4_zstack_slice_z0039.png,Lenticulina suborbicularis,gaussian,10.0,Lenticulina suborbicularis,0.9564104080200196,1
65,data/eval_images/Lenticulina suborbicularis_30_view4_zstack_slice_z0039.png,Lenticulina suborbicularis,gaussian,25.0,Lenticulina suborbicularis,0.936594545841217,1
65,data/eval_images/Lenticulina suborbicularis_30_view4_zstack_slice_z0039.png,Lenticulina suborbicularis,gaussian,50.0,Lenticulina suborbicularis,0.9382116794586182,1
65,data/eval_images/Lenticulina suborbicularis_30_view4_zstack_slice_z0039.png,Lenticulina suborbicularis,saltpepper,0.0,Lenticulina suborbicularis,0.9987598657608032,1
65,data/eval_images/Lenticulina suborbicularis_30_view4_zstack_slice_z0039.png,Lenticulina suborbicularis,saltpepper,0.01,Lenticulina suborbicularis,0.998256266117096,1
65,data/eval_images/Lenticulina suborbicularis_30_view4_zstack_slice_z0039.png,Lenticulina suborbicularis,saltpepper,0.03,Lenticulina suborbicularis,0.9872211813926696,1
65,data/eval_images/Lenticulina suborbicularis_30_view4_zstack_slice_z0039.png,Lenticulina suborbicularis,saltpepper,0.07,Lenticulina suborbicularis,0.8389548659324646,1
65,data/eval_images/Lenticulina suborbicularis_30_view4_zstack_slice_z0039.png,Lenticulina suborbicularis,stretch,1.0,Lenticulina suborbicularis,0.9987598657608032,1
66,data/eval_images/Miliolinella circularis_6_view3_gif_original.png,Miliolinella circularis,gaussian,0.0,Miliolinella circularis,0.9963494539260864,1
66,data/eval_images/Miliolinella circularis_6_view3_gif_original.png,Miliolinella circularis,gaussian,5.0,Miliolinella circularis,0.9242343902587892,1
66,data/eval_images/Miliolinella circularis_6_view3_gif_original.png,Miliolinella circularis,gaussian,10.0,Miliolinella circularis,0.5835764408111572,1
66,data/eval_images/Miliolinella circularis_6_view3_gif_original.png,Miliolinella circularis,gaussian,25.0,Triloculina trigonula,0.5511154532432556,0
66,data/eval_images/Miliolinella circularis_6_view3_gif_original.png,Miliolinella circularis,gaussian,50.0,Miliolinella circularis,0.647171676158905,1
66,data/eval_images/Miliolinella circularis_6_view3_gif_original.png,Miliolinella circularis,saltpepper,0.0,Miliolinella circularis,0.9963494539260864,1
66,data/eval_images/Miliolinella circularis_6_view3_gif_original.png,Miliolinella circularis,saltpepper,0.01,Miliolinella circularis,0.9930022358894348,1
66,data/eval_images/Miliolinella circularis_6_view3_gif_original.png,Miliolinella circularis,saltpepper,0.03,Miliolinella circularis,0.9465610980987548,1
66,data/eval_images/Miliolinella circularis_6_view3_gif_original.png,Miliolinella circularis,saltpepper,0.07,Miliolinella circularis,0.9355799555778505,1
66,data/eval_images/Miliolinella circularis_6_view3_gif_original.png,Miliolinella circularis,stretch,1.0,Miliolinella circularis,0.9963494539260864,1
67,data/eval_images/Miliolinella circularis_6_view3_stacked_tiff.png,Miliolinella circularis,gaussian,0.0,Miliolinella circularis,0.9952200055122375,1
67,data/eval_images/Miliolinella circularis_6_view3_stacked_tiff.png,Miliolinella circularis,gaussian,5.0,Miliolinella circularis,0.8833452463150024,1
67,data/eval_images/Miliolinella circularis_6_view3_stacked_tiff.png,Miliolinella circularis,gaussian,10.0,Triloculina trigonula,0.5603992938995361,0
67,data/eval_images/Miliolinella circularis_6_view3_stacked_tiff.png,Miliolinella circularis,gaussian,25.0,Miliolinella circularis,0.4314618110656738,1
67,data/eval_images/Miliolinella circularis_6_view3_stacked_tiff.png,Miliolinella circularis,gaussian,50.0,Miliolinella circularis,0.5465659499168396,1
67,data/eval_images/Miliolinella circularis_6_view3_stacked_tiff.png,Miliolinella circularis,saltpepper,0.0,Miliolinella circularis,0.9952200055122375,1
67,data/eval_images/Miliolinella circularis_6_view3_stacked_tiff.png,Miliolinella circularis,saltpepper,0.01,Miliolinella circularis,0.9897581338882446,1
67,data/eval_images/Miliolinella circularis_6_view3_stacked_tiff.png,Miliolinella circularis,saltpepper,0.03,Miliolinella circularis,0.9574193954467772,1
67,data/eval_images/Miliolinella circularis_6_view3_stacked_tiff.png,Miliolinella circularis,saltpepper,0.07,Miliolinella circularis,0.8914422392845154,1
67,data/eval_images/Miliolinella circularis_6_view3_stacked_tiff.png,Miliolinella circularis,stretch,1.0,Miliolinella circularis,0.9952200055122375,1
68,data/eval_images/Miliolinella circularis_6_view3_zstack_slice_z0012.png,Miliolinella circularis,gaussian,0.0,Miliolinella circularis,0.9972834587097168,1
68,data/eval_images/Miliolinella circularis_6_view3_zstack_slice_z0012.png,Miliolinella circularis,gaussian,5.0,Miliolinella circularis,0.5203177332878113,1
68,data/eval_images/Miliolinella circularis_6_view3_zstack_slice_z0012.png,Miliolinella circularis,gaussian,10.0,Triloculina trigonula,0.5369836091995239,0
68,data/eval_images/Miliolinella circularis_6_view3_zstack_slice_z0012.png,Miliolinella circularis,gaussian,25.0,Miliolinella circularis,0.7218893766403198,1
68,data/eval_images/Miliolinella circularis_6_view3_zstack_slice_z0012.png,Miliolinella circularis,gaussian,50.0,Miliolinella circularis,0.9139007329940796,1
68,data/eval_images/Miliolinella circularis_6_view3_zstack_slice_z0012.png,Miliolinella circularis,saltpepper,0.0,Miliolinella circularis,0.9972834587097168,1
68,data/eval_images/Miliolinella circularis_6_view3_zstack_slice_z0012.png,Miliolinella circularis,saltpepper,0.01,Miliolinella circularis,0.9736219644546508,1
68,data/eval_images/Miliolinella circularis_6_view3_zstack_slice_z0012.png,Miliolinella circularis,saltpepper,0.03,Miliolinella circularis,0.9689133763313292,1
68,data/eval_images/Miliolinella circularis_6_view3_zstack_slice_z0012.png,Miliolinella circularis,saltpepper,0.07,Miliolinella circularis,0.9552509784698486,1
68,data/eval_images/Miliolinella circularis_6_view3_zstack_slice_z0012.png,Miliolinella circularis,stretch,1.0,Miliolinella circularis,0.9972834587097168,1
69,data/eval_images/Miliolinella circularis_6_view3_zstack_slice_z0018.png,Miliolinella circularis,gaussian,0.0,Miliolinella circularis,0.997516632080078,1
69,data/eval_images/Miliolinella circularis_6_view3_zstack_slice_z0018.png,Miliolinella circularis,gaussian,5.0,Miliolinella circularis,0.8736975789070129,1
69,data/eval_images/Miliolinella circularis_6_view3_zstack_slice_z0018.png,Miliolinella circularis,gaussian,10.0,Miliolinella circularis,0.7184644341468811,1
69,data/eval_images/Miliolinella circularis_6_view3_zstack_slice_z0018.png,Miliolinella circularis,gaussian,25.0,Miliolinella circularis,0.6823920011520386,1
69,data/eval_images/Miliolinella circularis_6_view3_zstack_slice_z0018.png,Miliolinella circularis,gaussian,50.0,Miliolinella circularis,0.8644968271255493,1
69,data/eval_images/Miliolinella circularis_6_view3_zstack_slice_z0018.png,Miliolinella circularis,saltpepper,0.0,Miliolinella circularis,0.997516632080078,1
69,data/eval_images/Miliolinella circularis_6_view3_zstack_slice_z0018.png,Miliolinella circularis,saltpepper,0.01,Miliolinella circularis,0.9959063529968262,1
69,data/eval_images/Miliolinella circularis_6_view3_zstack_slice_z0018.png,Miliolinella circularis,saltpepper,0.03,Miliolinella circularis,0.9858946800231934,1
69,data/eval_images/Miliolinella circularis_6_view3_zstack_slice_z0018.png,Miliolinella circularis,saltpepper,0.07,Miliolinella circularis,0.9663913249969482,1
69,data/eval_images/Miliolinella circularis_6_view3_zstack_slice_z0018.png,Miliolinella circularis,stretch,1.0,Miliolinella circularis,0.997516632080078,1
70,data/eval_images/Miliolinella circularis_6_view3_zstack_slice_z0027.png,Miliolinella circularis,gaussian,0.0,Miliolinella circularis,0.9926677346229552,1
70,data/eval_images/Miliolinella circularis_6_view3_zstack_slice_z0027.png,Miliolinella circularis,gaussian,5.0,Miliolinella circularis,0.7428519129753113,1
70,data/eval_images/Miliolinella circularis_6_view3_zstack_slice_z0027.png,Miliolinella circularis,gaussian,10.0,Triloculina trigonula,0.6278079748153687,0
70,data/eval_images/Miliolinella circularis_6_view3_zstack_slice_z0027.png,Miliolinella circularis,gaussian,25.0,Miliolinella circularis,0.4961740970611572,1
70,data/eval_images/Miliolinella circularis_6_view3_zstack_slice_z0027.png,Miliolinella circularis,gaussian,50.0,Miliolinella circularis,0.8153043985366821,1
70,data/eval_images/Miliolinella circularis_6_view3_zstack_slice_z0027.png,Miliolinella circularis,saltpepper,0.0,Miliolinella circularis,0.9926677346229552,1
70,data/eval_images/Miliolinella circularis_6_view3_zstack_slice_z0027.png,Miliolinella circularis,saltpepper,0.01,Miliolinella circularis,0.995900332927704,1
70,data/eval_images/Miliolinella circularis_6_view3_zstack_slice_z0027.png,Miliolinella circularis,saltpepper,0.03,Miliolinella circularis,0.9740694165229796,1
70,data/eval_images/Miliolinella circularis_6_view3_zstack_slice_z0027.png,Miliolinella circularis,saltpepper,0.07,Miliolinella circularis,0.9353090524673462,1
70,data/eval_images/Miliolinella circularis_6_view3_zstack_slice_z0027.png,Miliolinella circularis,stretch,1.0,Miliolinella circularis,0.9926677346229552,1
71,data/eval_images/Miliolinella circularis_6_view3_zstack_slice_z0030.png,Miliolinella circularis,gaussian,0.0,Miliolinella circularis,0.9887739419937134,1
71,data/eval_images/Miliolinella circularis_6_view3_zstack_slice_z0030.png,Miliolinella circularis,gaussian,5.0,Miliolinella circularis,0.8570560812950134,1
71,data/eval_images/Miliolinella circularis_6_view3_zstack_slice_z0030.png,Miliolinella circularis,gaussian,10.0,Triloculina trigonula,0.4821510016918182,0
71,data/eval_images/Miliolinella circularis_6_view3_zstack_slice_z0030.png,Miliolinella circularis,gaussian,25.0,Miliolinella circularis,0.6099629402160645,1
71,data/eval_images/Miliolinella circularis_6_view3_zstack_slice_z0030.png,Miliolinella circularis,gaussian,50.0,Miliolinella circularis,0.7392504811286926,1
71,data/eval_images/Miliolinella circularis_6_view3_zstack_slice_z0030.png,Miliolinella circularis,saltpepper,0.0,Miliolinella circularis,0.9887739419937134,1
71,data/eval_images/Miliolinella circularis_6_view3_zstack_slice_z0030.png,Miliolinella circularis,saltpepper,0.01,Miliolinella circularis,0.9954622387886048,1
71,data/eval_images/Miliolinella circularis_6_view3_zstack_slice_z0030.png,Miliolinella circularis,saltpepper,0.03,Miliolinella circularis,0.967690408229828,1
71,data/eval_images/Miliolinella circularis_6_view3_zstack_slice_z0030.png,Miliolinella circularis,saltpepper,0.07,Miliolinella circularis,0.9147738814353944,1
71,data/eval_images/Miliolinella circularis_6_view3_zstack_slice_z0030.png,Miliolinella circularis,stretch,1.0,Miliolinella circularis,0.9887739419937134,1
72,data/eval_images/Miliolinella circularis_6_view3_zstack_slice_z0043.png,Miliolinella circularis,gaussian,0.0,Miliolinella circularis,0.8780051469802856,1
72,data/eval_images/Miliolinella circularis_6_view3_zstack_slice_z0043.png,Miliolinella circularis,gaussian,5.0,Miliolinella circularis,0.5322595238685608,1
72,data/eval_images/Miliolinella circularis_6_view3_zstack_slice_z0043.png,Miliolinella circularis,gaussian,10.0,Triloculina trigonula,0.8687463998794556,0
72,data/eval_images/Miliolinella circularis_6_view3_zstack_slice_z0043.png,Miliolinella circularis,gaussian,25.0,Triloculina trigonula,0.6547542810440063,0
72,data/eval_images/Miliolinella circularis_6_view3_zstack_slice_z0043.png,Miliolinella circularis,gaussian,50.0,Miliolinella circularis,0.8699352145195007,1
72,data/eval_images/Miliolinella circularis_6_view3_zstack_slice_z0043.png,Miliolinella circularis,saltpepper,0.0,Miliolinella circularis,0.8780051469802856,1
72,data/eval_images/Miliolinella circularis_6_view3_zstack_slice_z0043.png,Miliolinella circularis,saltpepper,0.01,Miliolinella circularis,0.9699562191963196,1
72,data/eval_images/Miliolinella circularis_6_view3_zstack_slice_z0043.png,Miliolinella circularis,saltpepper,0.03,Miliolinella circularis,0.8920741081237793,1
72,data/eval_images/Miliolinella circularis_6_view3_zstack_slice_z0043.png,Miliolinella circularis,saltpepper,0.07,Miliolinella circularis,0.8924756646156311,1
72,data/eval_images/Miliolinella circularis_6_view3_zstack_slice_z0043.png,Miliolinella circularis,stretch,1.0,Miliolinella circularis,0.8780051469802856,1
73,data/eval_images/Neorotalia calcar_26_view3_stacked_tiff.png,Neorotalia calcar,gaussian,0.0,Neorotalia calcar,0.9988805651664734,1
73,data/eval_images/Neorotalia calcar_26_view3_stacked_tiff.png,Neorotalia calcar,gaussian,5.0,Neorotalia calcar,0.9989709854125975,1
73,data/eval_images/Neorotalia calcar_26_view3_stacked_tiff.png,Neorotalia calcar,gaussian,10.0,Neorotalia calcar,0.9990221261978148,1
73,data/eval_images/Neorotalia calcar_26_view3_stacked_tiff.png,Neorotalia calcar,gaussian,25.0,Neorotalia calcar,0.998954176902771,1
73,data/eval_images/Neorotalia calcar_26_view3_stacked_tiff.png,Neorotalia calcar,gaussian,50.0,Neorotalia calcar,0.998952865600586,1
73,data/eval_images/Neorotalia calcar_26_view3_stacked_tiff.png,Neorotalia calcar,saltpepper,0.0,Neorotalia calcar,0.9988805651664734,1
73,data/eval_images/Neorotalia calcar_26_view3_stacked_tiff.png,Neorotalia calcar,saltpepper,0.01,Neorotalia calcar,0.9987674951553344,1
73,data/eval_images/Neorotalia calcar_26_view3_stacked_tiff.png,Neorotalia calcar,saltpepper,0.03,Neorotalia calcar,0.9984695315361024,1
73,data/eval_images/Neorotalia calcar_26_view3_stacked_tiff.png,Neorotalia calcar,saltpepper,0.07,Neorotalia calcar,0.9984304308891296,1
73,data/eval_images/Neorotalia calcar_26_view3_stacked_tiff.png,Neorotalia calcar,stretch,1.0,Neorotalia calcar,0.9988805651664734,1
74,data/eval_images/Neorotalia calcar_26_view3_zstack_slice_z0006.png,Neorotalia calcar,gaussian,0.0,Neorotalia calcar,0.9982208609580994,1
74,data/eval_images/Neorotalia calcar_26_view3_zstack_slice_z0006.png,Neorotalia calcar,gaussian,5.0,Neorotalia calcar,0.9981335997581482,1
74,data/eval_images/Neorotalia calcar_26_view3_zstack_slice_z0006.png,Neorotalia calcar,gaussian,10.0,Neorotalia calcar,0.9983530044555664,1
74,data/eval_images/Neorotalia calcar_26_view3_zstack_slice_z0006.png,Neorotalia calcar,gaussian,25.0,Neorotalia calcar,0.9979774355888368,1
74,data/eval_images/Neorotalia calcar_26_view3_zstack_slice_z0006.png,Neorotalia calcar,gaussian,50.0,Neorotalia calcar,0.9277735948562622,1
74,data/eval_images/Neorotalia calcar_26_view3_zstack_slice_z0006.png,Neorotalia calcar,saltpepper,0.0,Neorotalia calcar,0.9982208609580994,1
74,data/eval_images/Neorotalia calcar_26_view3_zstack_slice_z0006.png,Neorotalia calcar,saltpepper,0.01,Neorotalia calcar,0.9969494938850404,1
74,data/eval_images/Neorotalia calcar_26_view3_zstack_slice_z0006.png,Neorotalia calcar,saltpepper,0.03,Neorotalia calcar,0.9952868223190308,1
74,data/eval_images/Neorotalia calcar_26_view3_zstack_slice_z0006.png,Neorotalia calcar,saltpepper,0.07,Neorotalia calcar,0.9881898164749146,1
74,data/eval_images/Neorotalia calcar_26_view3_zstack_slice_z0006.png,Neorotalia calcar,stretch,1.0,Neorotalia calcar,0.9982208609580994,1
75,data/eval_images/Neorotalia calcar_26_view3_zstack_slice_z0018.png,Neorotalia calcar,gaussian,0.0,Neorotalia calcar,0.998402774333954,1
75,data/eval_images/Neorotalia calcar_26_view3_zstack_slice_z0018.png,Neorotalia calcar,gaussian,5.0,Neorotalia calcar,0.9978971481323242,1
75,data/eval_images/Neorotalia calcar_26_view3_zstack_slice_z0018.png,Neorotalia calcar,gaussian,10.0,Neorotalia calcar,0.9979859590530396,1
75,data/eval_images/Neorotalia calcar_26_view3_zstack_slice_z0018.png,Neorotalia calcar,gaussian,25.0,Neorotalia calcar,0.9976032376289368,1
75,data/eval_images/Neorotalia calcar_26_view3_zstack_slice_z0018.png,Neorotalia calcar,gaussian,50.0,Neorotalia calcar,0.9951950907707214,1
75,data/eval_images/Neorotalia calcar_26_view3_zstack_slice_z0018.png,Neorotalia calcar,saltpepper,0.0,Neorotalia calcar,0.998402774333954,1
75,data/eval_images/Neorotalia calcar_26_view3_zstack_slice_z0018.png,Neorotalia calcar,saltpepper,0.01,Neorotalia calcar,0.9971066117286682,1
75,data/eval_images/Neorotalia calcar_26_view3_zstack_slice_z0018.png,Neorotalia calcar,saltpepper,0.03,Neorotalia calcar,0.99434232711792,1
75,data/eval_images/Neorotalia calcar_26_view3_zstack_slice_z0018.png,Neorotalia calcar,saltpepper,0.07,Neorotalia calcar,0.9953563809394836,1
75,data/eval_images/Neorotalia calcar_26_view3_zstack_slice_z0018.png,Neorotalia calcar,stretch,1.0,Neorotalia calcar,0.998402774333954,1
76,data/eval_images/Neorotalia calcar_26_view3_zstack_slice_z0030.png,Neorotalia calcar,gaussian,0.0,Neorotalia calcar,0.9987857937812804,1
76,data/eval_images/Neorotalia calcar_26_view3_zstack_slice_z0030.png,Neorotalia calcar,gaussian,5.0,Neorotalia calcar,0.9988351464271544,1
76,data/eval_images/Neorotalia calcar_26_view3_zstack_slice_z0030.png,Neorotalia calcar,gaussian,10.0,Neorotalia calcar,0.998892605304718,1
76,data/eval_images/Neorotalia calcar_26_view3_zstack_slice_z0030.png,Neorotalia calcar,gaussian,25.0,Neorotalia calcar,0.9984617233276368,1
76,data/eval_images/Neorotalia calcar_26_view3_zstack_slice_z0030.png,Neorotalia calcar,gaussian,50.0,Neorotalia calcar,0.9949508905410768,1
76,data/eval_images/Neorotalia calcar_26_view3_zstack_slice_z0030.png,Neorotalia calcar,saltpepper,0.0,Neorotalia calcar,0.9987857937812804,1
76,data/eval_images/Neorotalia calcar_26_view3_zstack_slice_z0030.png,Neorotalia calcar,saltpepper,0.01,Neorotalia calcar,0.9984446167945862,1
76,data/eval_images/Neorotalia calcar_26_view3_zstack_slice_z0030.png,Neorotalia calcar,saltpepper,0.03,Neorotalia calcar,0.996933102607727,1
76,data/eval_images/Neorotalia calcar_26_view3_zstack_slice_z0030.png,Neorotalia calcar,saltpepper,0.07,Neorotalia calcar,0.9898668527603148,1
76,data/eval_images/Neorotalia calcar_26_view3_zstack_slice_z0030.png,Neorotalia calcar,stretch,1.0,Neorotalia calcar,0.9987857937812804,1
77,data/eval_images/Neorotalia calcar_26_view3_zstack_slice_z0039.png,Neorotalia calcar,gaussian,0.0,Neorotalia calcar,0.9989798665046692,1
77,data/eval_images/Neorotalia calcar_26_view3_zstack_slice_z0039.png,Neorotalia calcar,gaussian,5.0,Neorotalia calcar,0.998959183692932,1
77,data/eval_images/Neorotalia calcar_26_view3_zstack_slice_z0039.png,Neorotalia calcar,gaussian,10.0,Neorotalia calcar,0.9989750385284424,1
77,data/eval_images/Neorotalia calcar_26_view3_zstack_slice_z0039.png,Neorotalia calcar,gaussian,25.0,Neorotalia calcar,0.9986423850059508,1
77,data/eval_images/Neorotalia calcar_26_view3_zstack_slice_z0039.png,Neorotalia calcar,gaussian,50.0,Neorotalia calcar,0.9975852966308594,1
77,data/eval_images/Neorotalia calcar_26_view3_zstack_slice_z0039.png,Neorotalia calcar,saltpepper,0.0,Neorotalia calcar,0.9989798665046692,1
77,data/eval_images/Neorotalia calcar_26_view3_zstack_slice_z0039.png,Neorotalia calcar,saltpepper,0.01,Neorotalia calcar,0.998803734779358,1
77,data/eval_images/Neorotalia calcar_26_view3_zstack_slice_z0039.png,Neorotalia calcar,saltpepper,0.03,Neorotalia calcar,0.9984328150749208,1
77,data/eval_images/Neorotalia calcar_26_view3_zstack_slice_z0039.png,Neorotalia calcar,saltpepper,0.07,Neorotalia calcar,0.9940767288208008,1
77,data/eval_images/Neorotalia calcar_26_view3_zstack_slice_z0039.png,Neorotalia calcar,stretch,1.0,Neorotalia calcar,0.9989798665046692,1
78,data/eval_images/Neorotalia calcar_26_view3_zstack_slice_z0054.png,Neorotalia calcar,gaussian,0.0,Neorotalia calcar,0.9988881945610046,1
78,data/eval_images/Neorotalia calcar_26_view3_zstack_slice_z0054.png,Neorotalia calcar,gaussian,5.0,Neorotalia calcar,0.9991024732589722,1
78,data/eval_images/Neorotalia calcar_26_view3_zstack_slice_z0054.png,Neorotalia calcar,gaussian,10.0,Neorotalia calcar,0.9991586208343506,1
78,data/eval_images/Neorotalia calcar_26_view3_zstack_slice_z0054.png,Neorotalia calcar,gaussian,25.0,Neorotalia calcar,0.9987351298332214,1
78,data/eval_images/Neorotalia calcar_26_view3_zstack_slice_z0054.png,Neorotalia calcar,gaussian,50.0,Neorotalia calcar,0.989378035068512,1
78,data/eval_images/Neorotalia calcar_26_view3_zstack_slice_z0054.png,Neorotalia calcar,saltpepper,0.0,Neorotalia calcar,0.9988881945610046,1
78,data/eval_images/Neorotalia calcar_26_view3_zstack_slice_z0054.png,Neorotalia calcar,saltpepper,0.01,Neorotalia calcar,0.9986652135849,1
78,data/eval_images/Neorotalia calcar_26_view3_zstack_slice_z0054.png,Neorotalia calcar,saltpepper,0.03,Neorotalia calcar,0.9922415018081664,1
78,data/eval_images/Neorotalia calcar_26_view3_zstack_slice_z0054.png,Neorotalia calcar,saltpepper,0.07,Neorotalia calcar,0.961050510406494,1
78,data/eval_images/Neorotalia calcar_26_view3_zstack_slice_z0054.png,Neorotalia calcar,stretch,1.0,Neorotalia calcar,0.9988881945610046,1
79,data/eval_images/Nodulina dentaliniformis_11_view3_gif_original.png,Nodulina dentaliniformis,gaussian,0.0,Nodulina dentaliniformis,0.997890293598175,1
79,data/eval_images/Nodulina dentaliniformis_11_view3_gif_original.png,Nodulina dentaliniformis,gaussian,5.0,Nodulina dentaliniformis,0.9965783953666688,1
79,data/eval_images/Nodulina dentaliniformis_11_view3_gif_original.png,Nodulina dentaliniformis,gaussian,10.0,Nodulina dentaliniformis,0.993150532245636,1
79,data/eval_images/Nodulina dentaliniformis_11_view3_gif_original.png,Nodulina dentaliniformis,gaussian,25.0,Nodulina dentaliniformis,0.946572721004486,1
79,data/eval_images/Nodulina dentaliniformis_11_view3_gif_original.png,Nodulina dentaliniformis,gaussian,50.0,Ammoscalaria pseudospiralis,0.6330827474594116,0
79,data/eval_images/Nodulina dentaliniformis_11_view3_gif_original.png,Nodulina dentaliniformis,saltpepper,0.0,Nodulina dentaliniformis,0.997890293598175,1
79,data/eval_images/Nodulina dentaliniformis_11_view3_gif_original.png,Nodulina dentaliniformis,saltpepper,0.01,Nodulina dentaliniformis,0.995353937149048,1
79,data/eval_images/Nodulina dentaliniformis_11_view3_gif_original.png,Nodulina dentaliniformis,saltpepper,0.03,Nodulina dentaliniformis,0.9955215454101562,1
79,data/eval_images/Nodulina dentaliniformis_11_view3_gif_original.png,Nodulina dentaliniformis,saltpepper,0.07,Nodulina dentaliniformis,0.991555392742157,1
79,data/eval_images/Nodulina dentaliniformis_11_view3_gif_original.png,Nodulina dentaliniformis,stretch,1.0,Nodulina dentaliniformis,0.997890293598175,1
80,data/eval_images/Nodulina dentaliniformis_11_view3_zstack_slice_z0005.png,Nodulina dentaliniformis,gaussian,0.0,Nodulina dentaliniformis,0.99798846244812,1
80,data/eval_images/Nodulina dentaliniformis_11_view3_zstack_slice_z0005.png,Nodulina dentaliniformis,gaussian,5.0,Nodulina dentaliniformis,0.9981378316879272,1
80,data/eval_images/Nodulina dentaliniformis_11_view3_zstack_slice_z0005.png,Nodulina dentaliniformis,gaussian,10.0,Nodulina dentaliniformis,0.9968814849853516,1
80,data/eval_images/Nodulina dentaliniformis_11_view3_zstack_slice_z0005.png,Nodulina dentaliniformis,gaussian,25.0,Nodulina dentaliniformis,0.9859426617622375,1
80,data/eval_images/Nodulina dentaliniformis_11_view3_zstack_slice_z0005.png,Nodulina dentaliniformis,gaussian,50.0,Ammoscalaria pseudospiralis,0.5165653824806213,0
80,data/eval_images/Nodulina dentaliniformis_11_view3_zstack_slice_z0005.png,Nodulina dentaliniformis,saltpepper,0.0,Nodulina dentaliniformis,0.99798846244812,1
80,data/eval_images/Nodulina dentaliniformis_11_view3_zstack_slice_z0005.png,Nodulina dentaliniformis,saltpepper,0.01,Nodulina dentaliniformis,0.9983867406845092,1
80,data/eval_images/Nodulina dentaliniformis_11_view3_zstack_slice_z0005.png,Nodulina dentaliniformis,saltpepper,0.03,Nodulina dentaliniformis,0.998324453830719,1
80,data/eval_images/Nodulina dentaliniformis_11_view3_zstack_slice_z0005.png,Nodulina dentaliniformis,saltpepper,0.07,Nodulina dentaliniformis,0.9973394274711608,1
80,data/eval_images/Nodulina dentaliniformis_11_view3_zstack_slice_z0005.png,Nodulina dentaliniformis,stretch,1.0,Nodulina dentaliniformis,0.99798846244812,1
81,data/eval_images/Nodulina dentaliniformis_11_view3_zstack_slice_z0025.png,Nodulina dentaliniformis,gaussian,0.0,Nodulina dentaliniformis,0.998656153678894,1
81,data/eval_images/Nodulina dentaliniformis_11_view3_zstack_slice_z0025.png,Nodulina dentaliniformis,gaussian,5.0,Nodulina dentaliniformis,0.9986504912376404,1
81,data/eval_images/Nodulina dentaliniformis_11_view3_zstack_slice_z0025.png,Nodulina dentaliniformis,gaussian,10.0,Nodulina dentaliniformis,0.9973450303077698,1
81,data/eval_images/Nodulina dentaliniformis_11_view3_zstack_slice_z0025.png,Nodulina dentaliniformis,gaussian,25.0,Nodulina dentaliniformis,0.9815629720687866,1
81,data/eval_images/Nodulina dentaliniformis_11_view3_zstack_slice_z0025.png,Nodulina dentaliniformis,gaussian,50.0,Nodulina dentaliniformis,0.7016108632087708,1
81,data/eval_images/Nodulina dentaliniformis_11_view3_zstack_slice_z0025.png,Nodulina dentaliniformis,saltpepper,0.0,Nodulina dentaliniformis,0.998656153678894,1
81,data/eval_images/Nodulina dentaliniformis_11_view3_zstack_slice_z0025.png,Nodulina dentaliniformis,saltpepper,0.01,Nodulina dentaliniformis,0.9983752965927124,1
81,data/eval_images/Nodulina dentaliniformis_11_view3_zstack_slice_z0025.png,Nodulina dentaliniformis,saltpepper,0.03,Nodulina dentaliniformis,0.9975593090057372,1
81,data/eval_images/Nodulina dentaliniformis_11_view3_zstack_slice_z0025.png,Nodulina dentaliniformis,saltpepper,0.07,Nodulina dentaliniformis,0.9958196878433228,1
81,data/eval_images/Nodulina dentaliniformis_11_view3_zstack_slice_z0025.png,Nodulina dentaliniformis,stretch,1.0,Nodulina dentaliniformis,0.998656153678894,1
82,data/eval_images/Nodulina dentaliniformis_11_view3_zstack_slice_z0031.png,Nodulina dentaliniformis,gaussian,0.0,Nodulina dentaliniformis,0.9986698627471924,1
82,data/eval_images/Nodulina dentaliniformis_11_view3_zstack_slice_z0031.png,Nodulina dentaliniformis,gaussian,5.0,Nodulina dentaliniformis,0.998602569103241,1
82,data/eval_images/Nodulina dentaliniformis_11_view3_zstack_slice_z0031.png,Nodulina dentaliniformis,gaussian,10.0,Nodulina dentaliniformis,0.9980897307395936,1
82,data/eval_images/Nodulina dentaliniformis_11_view3_zstack_slice_z0031.png,Nodulina dentaliniformis,gaussian,25.0,Nodulina dentaliniformis,0.9875269532203674,1
82,data/eval_images/Nodulina dentaliniformis_11_view3_zstack_slice_z0031.png,Nodulina dentaliniformis,gaussian,50.0,Ammoscalaria pseudospiralis,0.8640841841697693,0
82,data/eval_images/Nodulina dentaliniformis_11_view3_zstack_slice_z0031.png,Nodulina dentaliniformis,saltpepper,0.0,Nodulina dentaliniformis,0.9986698627471924,1
82,data/eval_images/Nodulina dentaliniformis_11_view3_zstack_slice_z0031.png,Nodulina dentaliniformis,saltpepper,0.01,Nodulina dentaliniformis,0.9983566403388976,1
82,data/eval_images/Nodulina dentaliniformis_11_view3_zstack_slice_z0031.png,Nodulina dentaliniformis,saltpepper,0.03,Nodulina dentaliniformis,0.997731864452362,1
82,data/eval_images/Nodulina dentaliniformis_11_view3_zstack_slice_z0031.png,Nodulina dentaliniformis,saltpepper,0.07,Nodulina dentaliniformis,0.9970846772193908,1
82,data/eval_images/Nodulina dentaliniformis_11_view3_zstack_slice_z0031.png,Nodulina dentaliniformis,stretch,1.0,Nodulina dentaliniformis,0.9986698627471924,1
83,data/eval_images/Nodulina dentaliniformis_11_view3_zstack_slice_z0035.png,Nodulina dentaliniformis,gaussian,0.0,Nodulina dentaliniformis,0.9986768364906312,1
83,data/eval_images/Nodulina dentaliniformis_11_view3_zstack_slice_z0035.png,Nodulina dentaliniformis,gaussian,5.0,Nodulina dentaliniformis,0.9987084865570068,1
83,data/eval_images/Nodulina dentaliniformis_11_view3_zstack_slice_z0035.png,Nodulina dentaliniformis,gaussian,10.0,Nodulina dentaliniformis,0.9979731440544128,1
83,data/eval_images/Nodulina dentaliniformis_11_view3_zstack_slice_z0035.png,Nodulina dentaliniformis,gaussian,25.0,Nodulina dentaliniformis,0.9765394926071168,1
83,data/eval_images/Nodulina dentaliniformis_11_view3_zstack_slice_z0035.png,Nodulina dentaliniformis,gaussian,50.0,Ammoscalaria pseudospiralis,0.5620006918907166,0
83,data/eval_images/Nodulina dentaliniformis_11_view3_zstack_slice_z0035.png,Nodulina dentaliniformis,saltpepper,0.0,Nodulina dentaliniformis,0.9986768364906312,1
83,data/eval_images/Nodulina dentaliniformis_11_view3_zstack_slice_z0035.png,Nodulina dentaliniformis,saltpepper,0.01,Nodulina dentaliniformis,0.9983556866645812,1
83,data/eval_images/Nodulina dentaliniformis_11_view3_zstack_slice_z0035.png,Nodulina dentaliniformis,saltpepper,0.03,Nodulina dentaliniformis,0.9977001547813416,1
83,data/eval_images/Nodulina dentaliniformis_11_view3_zstack_slice_z0035.png,Nodulina dentaliniformis,saltpepper,0.07,Nodulina dentaliniformis,0.9959872364997864,1
83,data/eval_images/Nodulina dentaliniformis_11_view3_zstack_slice_z0035.png,Nodulina dentaliniformis,stretch,1.0,Nodulina dentaliniformis,0.9986768364906312,1
84,data/eval_images/Nodulina dentaliniformis_11_view3_zstack_slice_z0037.png,Nodulina dentaliniformis,gaussian,0.0,Nodulina dentaliniformis,0.9986883997917176,1
84,data/eval_images/Nodulina dentaliniformis_11_view3_zstack_slice_z0037.png,Nodulina dentaliniformis,gaussian,5.0,Nodulina dentaliniformis,0.9986670017242432,1
84,data/eval_images/Nodulina dentaliniformis_11_view3_zstack_slice_z0037.png,Nodulina dentaliniformis,gaussian,10.0,Nodulina dentaliniformis,0.9983445405960084,1
84,data/eval_images/Nodulina dentaliniformis_11_view3_zstack_slice_z0037.png,Nodulina dentaliniformis,gaussian,25.0,Nodulina dentaliniformis,0.9899932742118835,1
84,data/eval_images/Nodulina dentaliniformis_11_view3_zstack_slice_z0037.png,Nodulina dentaliniformis,gaussian,50.0,Ammoscalaria pseudospiralis,0.5114229917526245,0
84,data/eval_images/Nodulina dentaliniformis_11_view3_zstack_slice_z0037.png,Nodulina dentaliniformis,saltpepper,0.0,Nodulina dentaliniformis,0.9986883997917176,1
84,data/eval_images/Nodulina dentaliniformis_11_view3_zstack_slice_z0037.png,Nodulina dentaliniformis,saltpepper,0.01,Nodulina dentaliniformis,0.9983914494514464,1
84,data/eval_images/Nodulina dentaliniformis_11_view3_zstack_slice_z0037.png,Nodulina dentaliniformis,saltpepper,0.03,Nodulina dentaliniformis,0.9976301193237304,1
84,data/eval_images/Nodulina dentaliniformis_11_view3_zstack_slice_z0037.png,Nodulina dentaliniformis,saltpepper,0.07,Nodulina dentaliniformis,0.9926931858062744,1
84,data/eval_images/Nodulina dentaliniformis_11_view3_zstack_slice_z0037.png,Nodulina dentaliniformis,stretch,1.0,Nodulina dentaliniformis,0.9986883997917176,1
85,data/eval_images/Operculina ammonoides_23_view3_gif_original.png,Operculina ammonoides,gaussian,0.0,Operculina ammonoides,0.9984093308448792,1
85,data/eval_images/Operculina ammonoides_23_view3_gif_original.png,Operculina ammonoides,gaussian,5.0,Operculina ammonoides,0.992767095565796,1
85,data/eval_images/Operculina ammonoides_23_view3_gif_original.png,Operculina ammonoides,gaussian,10.0,Operculina ammonoides,0.9390263557434082,1
85,data/eval_images/Operculina ammonoides_23_view3_gif_original.png,Operculina ammonoides,gaussian,25.0,Amphistegina radiata,0.939782977104187,0
85,data/eval_images/Operculina ammonoides_23_view3_gif_original.png,Operculina ammonoides,gaussian,50.0,Amphistegina radiata,0.9673671126365662,0
85,data/eval_images/Operculina ammonoides_23_view3_gif_original.png,Operculina ammonoides,saltpepper,0.0,Operculina ammonoides,0.9984093308448792,1
85,data/eval_images/Operculina ammonoides_23_view3_gif_original.png,Operculina ammonoides,saltpepper,0.01,Operculina ammonoides,0.99673992395401,1
85,data/eval_images/Operculina ammonoides_23_view3_gif_original.png,Operculina ammonoides,saltpepper,0.03,Operculina ammonoides,0.9357475638389589,1
85,data/eval_images/Operculina ammonoides_23_view3_gif_original.png,Operculina ammonoides,saltpepper,0.07,Operculina ammonoides,0.8708140254020691,1
85,data/eval_images/Operculina ammonoides_23_view3_gif_original.png,Operculina ammonoides,stretch,1.0,Operculina ammonoides,0.9984093308448792,1
86,data/eval_images/Operculina ammonoides_23_view3_stacked_tiff.png,Operculina ammonoides,gaussian,0.0,Operculina ammonoides,0.9984827637672424,1
86,data/eval_images/Operculina ammonoides_23_view3_stacked_tiff.png,Operculina ammonoides,gaussian,5.0,Operculina ammonoides,0.9929878115653992,1
86,data/eval_images/Operculina ammonoides_23_view3_stacked_tiff.png,Operculina ammonoides,gaussian,10.0,Operculina ammonoides,0.9331104755401612,1
86,data/eval_images/Operculina ammonoides_23_view3_stacked_tiff.png,Operculina ammonoides,gaussian,25.0,Amphistegina radiata,0.4394452273845672,0
86,data/eval_images/Operculina ammonoides_23_view3_stacked_tiff.png,Operculina ammonoides,gaussian,50.0,Amphistegina radiata,0.9797196984291076,0
86,data/eval_images/Operculina ammonoides_23_view3_stacked_tiff.png,Operculina ammonoides,saltpepper,0.0,Operculina ammonoides,0.9984827637672424,1
86,data/eval_images/Operculina ammonoides_23_view3_stacked_tiff.png,Operculina ammonoides,saltpepper,0.01,Operculina ammonoides,0.996717631816864,1
86,data/eval_images/Operculina ammonoides_23_view3_stacked_tiff.png,Operculina ammonoides,saltpepper,0.03,Operculina ammonoides,0.973914623260498,1
86,data/eval_images/Operculina ammonoides_23_view3_stacked_tiff.png,Operculina ammonoides,saltpepper,0.07,Operculina ammonoides,0.9797927141189576,1
86,data/eval_images/Operculina ammonoides_23_view3_stacked_tiff.png,Operculina ammonoides,stretch,1.0,Operculina ammonoides,0.9984827637672424,1
87,data/eval_images/Operculina ammonoides_23_view3_zstack_slice_z0011.png,Operculina ammonoides,gaussian,0.0,Operculina ammonoides,0.995916187763214,1
87,data/eval_images/Operculina ammonoides_23_view3_zstack_slice_z0011.png,Operculina ammonoides,gaussian,5.0,Operculina ammonoides,0.9799981713294984,1
87,data/eval_images/Operculina ammonoides_23_view3_zstack_slice_z0011.png,Operculina ammonoides,gaussian,10.0,Operculina ammonoides,0.933438777923584,1
87,data/eval_images/Operculina ammonoides_23_view3_zstack_slice_z0011.png,Operculina ammonoides,gaussian,25.0,Amphistegina radiata,0.7589508891105652,0
87,data/eval_images/Operculina ammonoides_23_view3_zstack_slice_z0011.png,Operculina ammonoides,gaussian,50.0,Amphistegina radiata,0.9581699967384338,0
87,data/eval_images/Operculina ammonoides_23_view3_zstack_slice_z0011.png,Operculina ammonoides,saltpepper,0.0,Operculina ammonoides,0.995916187763214,1
87,data/eval_images/Operculina ammonoides_23_view3_zstack_slice_z0011.png,Operculina ammonoides,saltpepper,0.01,Operculina ammonoides,0.9943053126335144,1
87,data/eval_images/Operculina ammonoides_23_view3_zstack_slice_z0011.png,Operculina ammonoides,saltpepper,0.03,Operculina ammonoides,0.9667285084724426,1
87,data/eval_images/Operculina ammonoides_23_view3_zstack_slice_z0011.png,Operculina ammonoides,saltpepper,0.07,Operculina ammonoides,0.889208197593689,1
87,data/eval_images/Operculina ammonoides_23_view3_zstack_slice_z0011.png,Operculina ammonoides,stretch,1.0,Operculina ammonoides,0.995916187763214,1
88,data/eval_images/Operculina ammonoides_23_view3_zstack_slice_z0018.png,Operculina ammonoides,gaussian,0.0,Operculina ammonoides,0.9971269965171814,1
88,data/eval_images/Operculina ammonoides_23_view3_zstack_slice_z0018.png,Operculina ammonoides,gaussian,5.0,Operculina ammonoides,0.9947571754455566,1
88,data/eval_images/Operculina ammonoides_23_view3_zstack_slice_z0018.png,Operculina ammonoides,gaussian,10.0,Operculina ammonoides,0.96127051115036,1
88,data/eval_images/Operculina ammonoides_23_view3_zstack_slice_z0018.png,Operculina ammonoides,gaussian,25.0,Amphistegina radiata,0.6828131079673767,0
88,data/eval_images/Operculina ammonoides_23_view3_zstack_slice_z0018.png,Operculina ammonoides,gaussian,50.0,Amphistegina radiata,0.9886942505836488,0
88,data/eval_images/Operculina ammonoides_23_view3_zstack_slice_z0018.png,Operculina ammonoides,saltpepper,0.0,Operculina ammonoides,0.9971269965171814,1
88,data/eval_images/Operculina ammonoides_23_view3_zstack_slice_z0018.png,Operculina ammonoides,saltpepper,0.01,Operculina ammonoides,0.9968292117118835,1
88,data/eval_images/Operculina ammonoides_23_view3_zstack_slice_z0018.png,Operculina ammonoides,saltpepper,0.03,Operculina ammonoides,0.960021674633026,1
88,data/eval_images/Operculina ammonoides_23_view3_zstack_slice_z0018.png,Operculina ammonoides,saltpepper,0.07,Operculina ammonoides,0.8295942544937134,1
88,data/eval_images/Operculina ammonoides_23_view3_zstack_slice_z0018.png,Operculina ammonoides,stretch,1.0,Operculina ammonoides,0.9971269965171814,1
89,data/eval_images/Operculina ammonoides_23_view3_zstack_slice_z0034.png,Operculina ammonoides,gaussian,0.0,Operculina ammonoides,0.9979534149169922,1
89,data/eval_images/Operculina ammonoides_23_view3_zstack_slice_z0034.png,Operculina ammonoides,gaussian,5.0,Operculina ammonoides,0.9956423044204712,1
89,data/eval_images/Operculina ammonoides_23_view3_zstack_slice_z0034.png,Operculina ammonoides,gaussian,10.0,Operculina ammonoides,0.9715875387191772,1
89,data/eval_images/Operculina ammonoides_23_view3_zstack_slice_z0034.png,Operculina ammonoides,gaussian,25.0,Amphistegina radiata,0.5993491411209106,0
89,data/eval_images/Operculina ammonoides_23_view3_zstack_slice_z0034.png,Operculina ammonoides,gaussian,50.0,Amphistegina radiata,0.9856086373329164,0
89,data/eval_images/Operculina ammonoides_23_view3_zstack_slice_z0034.png,Operculina ammonoides,saltpepper,0.0,Operculina ammonoides,0.9979534149169922,1
89,data/eval_images/Operculina ammonoides_23_view3_zstack_slice_z0034.png,Operculina ammonoides,saltpepper,0.01,Operculina ammonoides,0.9963281750679016,1
89,data/eval_images/Operculina ammonoides_23_view3_zstack_slice_z0034.png,Operculina ammonoides,saltpepper,0.03,Operculina ammonoides,0.9594276547431946,1
89,data/eval_images/Operculina ammonoides_23_view3_zstack_slice_z0034.png,Operculina ammonoides,saltpepper,0.07,Operculina ammonoides,0.876503586769104,1
89,data/eval_images/Operculina ammonoides_23_view3_zstack_slice_z0034.png,Operculina ammonoides,stretch,1.0,Operculina ammonoides,0.9979534149169922,1
90,data/eval_images/Operculina ammonoides_23_view3_zstack_slice_z0046.png,Operculina ammonoides,gaussian,0.0,Operculina ammonoides,0.9981437921524048,1
90,data/eval_images/Operculina ammonoides_23_view3_zstack_slice_z0046.png,Operculina ammonoides,gaussian,5.0,Operculina ammonoides,0.9955345392227172,1
90,data/eval_images/Operculina ammonoides_23_view3_zstack_slice_z0046.png,Operculina ammonoides,gaussian,10.0,Operculina ammonoides,0.8787294626235962,1
90,data/eval_images/Operculina ammonoides_23_view3_zstack_slice_z0046.png,Operculina ammonoides,gaussian,25.0,Amphistegina radiata,0.914223313331604,0
90,data/eval_images/Operculina ammonoides_23_view3_zstack_slice_z0046.png,Operculina ammonoides,gaussian,50.0,Amphistegina radiata,0.9798988103866576,0
90,data/eval_images/Operculina ammonoides_23_view3_zstack_slice_z0046.png,Operculina ammonoides,saltpepper,0.0,Operculina ammonoides,0.9981437921524048,1
90,data/eval_images/Operculina ammonoides_23_view3_zstack_slice_z0046.png,Operculina ammonoides,saltpepper,0.01,Operculina ammonoides,0.9965196847915648,1
90,data/eval_images/Operculina ammonoides_23_view3_zstack_slice_z0046.png,Operculina ammonoides,saltpepper,0.03,Operculina ammonoides,0.973831593990326,1
90,data/eval_images/Operculina ammonoides_23_view3_zstack_slice_z0046.png,Operculina ammonoides,saltpepper,0.07,Operculina ammonoides,0.8201128840446472,1
90,data/eval_images/Operculina ammonoides_23_view3_zstack_slice_z0046.png,Operculina ammonoides,stretch,1.0,Operculina ammonoides,0.9981437921524048,1
91,data/eval_images/Operculina ammonoides_23_view3_zstack_slice_z0056.png,Operculina ammonoides,gaussian,0.0,Operculina ammonoides,0.9976955056190492,1
91,data/eval_images/Operculina ammonoides_23_view3_zstack_slice_z0056.png,Operculina ammonoides,gaussian,5.0,Operculina ammonoides,0.9904198050498962,1
91,data/eval_images/Operculina ammonoides_23_view3_zstack_slice_z0056.png,Operculina ammonoides,gaussian,10.0,Operculina ammonoides,0.6707159280776978,1
91,data/eval_images/Operculina ammonoides_23_view3_zstack_slice_z0056.png,Operculina ammonoides,gaussian,25.0,Amphistegina radiata,0.9523745179176332,0
91,data/eval_images/Operculina ammonoides_23_view3_zstack_slice_z0056.png,Operculina ammonoides,gaussian,50.0,Amphistegina radiata,0.9627566933631896,0
91,data/eval_images/Operculina ammonoides_23_view3_zstack_slice_z0056.png,Operculina ammonoides,saltpepper,0.0,Operculina ammonoides,0.9976955056190492,1
91,data/eval_images/Operculina ammonoides_23_view3_zstack_slice_z0056.png,Operculina ammonoides,saltpepper,0.01,Operculina ammonoides,0.9910938143730164,1
91,data/eval_images/Operculina ammonoides_23_view3_zstack_slice_z0056.png,Operculina ammonoides,saltpepper,0.03,Operculina ammonoides,0.9665436148643494,1
91,data/eval_images/Operculina ammonoides_23_view3_zstack_slice_z0056.png,Operculina ammonoides,saltpepper,0.07,Operculina ammonoides,0.5216008424758911,1
91,data/eval_images/Operculina ammonoides_23_view3_zstack_slice_z0056.png,Operculina ammonoides,stretch,1.0,Operculina ammonoides,0.9976955056190492,1
92,data/eval_images/Pseudotriloculina limbata_10_view2_gif_original.png,Pseudotriloculina limbata,gaussian,0.0,Pseudotriloculina limbata,0.9959216117858888,1
92,data/eval_images/Pseudotriloculina limbata_10_view2_gif_original.png,Pseudotriloculina limbata,gaussian,5.0,Pseudotriloculina limbata,0.9942587614059448,1
92,data/eval_images/Pseudotriloculina limbata_10_view2_gif_original.png,Pseudotriloculina limbata,gaussian,10.0,Pseudotriloculina limbata,0.9899425506591796,1
92,data/eval_images/Pseudotriloculina limbata_10_view2_gif_original.png,Pseudotriloculina limbata,gaussian,25.0,Pseudotriloculina limbata,0.9765165448188782,1
92,data/eval_images/Pseudotriloculina limbata_10_view2_gif_original.png,Pseudotriloculina limbata,gaussian,50.0,Pseudotriloculina limbata,0.973473846912384,1
92,data/eval_images/Pseudotriloculina limbata_10_view2_gif_original.png,Pseudotriloculina limbata,saltpepper,0.0,Pseudotriloculina limbata,0.9959216117858888,1
92,data/eval_images/Pseudotriloculina limbata_10_view2_gif_original.png,Pseudotriloculina limbata,saltpepper,0.01,Pseudotriloculina limbata,0.9960176348686218,1
92,data/eval_images/Pseudotriloculina limbata_10_view2_gif_original.png,Pseudotriloculina limbata,saltpepper,0.03,Pseudotriloculina limbata,0.9958427548408508,1
92,data/eval_images/Pseudotriloculina limbata_10_view2_gif_original.png,Pseudotriloculina limbata,saltpepper,0.07,Pseudotriloculina limbata,0.9954171180725098,1
92,data/eval_images/Pseudotriloculina limbata_10_view2_gif_original.png,Pseudotriloculina limbata,stretch,1.0,Pseudotriloculina limbata,0.9959216117858888,1
93,data/eval_images/Pseudotriloculina limbata_10_view2_stacked_tiff.png,Pseudotriloculina limbata,gaussian,0.0,Pseudotriloculina limbata,0.9955534338951112,1
93,data/eval_images/Pseudotriloculina limbata_10_view2_stacked_tiff.png,Pseudotriloculina limbata,gaussian,5.0,Pseudotriloculina limbata,0.9941762685775756,1
93,data/eval_images/Pseudotriloculina limbata_10_view2_stacked_tiff.png,Pseudotriloculina limbata,gaussian,10.0,Pseudotriloculina limbata,0.990598738193512,1
93,data/eval_images/Pseudotriloculina limbata_10_view2_stacked_tiff.png,Pseudotriloculina limbata,gaussian,25.0,Pseudotriloculina limbata,0.9825155735015868,1
93,data/eval_images/Pseudotriloculina limbata_10_view2_stacked_tiff.png,Pseudotriloculina limbata,gaussian,50.0,Pseudotriloculina limbata,0.9723513126373292,1
93,data/eval_images/Pseudotriloculina limbata_10_view2_stacked_tiff.png,Pseudotriloculina limbata,saltpepper,0.0,Pseudotriloculina limbata,0.9955534338951112,1
93,data/eval_images/Pseudotriloculina limbata_10_view2_stacked_tiff.png,Pseudotriloculina limbata,saltpepper,0.01,Pseudotriloculina limbata,0.9959781169891356,1
93,data/eval_images/Pseudotriloculina limbata_10_view2_stacked_tiff.png,Pseudotriloculina limbata,saltpepper,0.03,Pseudotriloculina limbata,0.9954825639724731,1
93,data/eval_images/Pseudotriloculina limbata_10_view2_stacked_tiff.png,Pseudotriloculina limbata,saltpepper,0.07,Pseudotriloculina limbata,0.9953287839889526,1
93,data/eval_images/Pseudotriloculina limbata_10_view2_stacked_tiff.png,Pseudotriloculina limbata,stretch,1.0,Pseudotriloculina limbata,0.9955534338951112,1
94,data/eval_images/Pseudotriloculina limbata_10_view2_zstack_slice_z0009.png,Pseudotriloculina limbata,gaussian,0.0,Pseudotriloculina limbata,0.9963772892951964,1
94,data/eval_images/Pseudotriloculina limbata_10_view2_zstack_slice_z0009.png,Pseudotriloculina limbata,gaussian,5.0,Pseudotriloculina limbata,0.993909478187561,1
94,data/eval_images/Pseudotriloculina limbata_10_view2_zstack_slice_z0009.png,Pseudotriloculina limbata,gaussian,10.0,Pseudotriloculina limbata,0.9877703189849854,1
94,data/eval_images/Pseudotriloculina limbata_10_view2_zstack_slice_z0009.png,Pseudotriloculina limbata,gaussian,25.0,Spirosigmoilina parri,0.9301440119743348,0
94,data/eval_images/Pseudotriloculina limbata_10_view2_zstack_slice_z0009.png,Pseudotriloculina limbata,gaussian,50.0,Spirosigmoilina parri,0.8810458779335022,0
94,data/eval_images/Pseudotriloculina limbata_10_view2_zstack_slice_z0009.png,Pseudotriloculina limbata,saltpepper,0.0,Pseudotriloculina limbata,0.9963772892951964,1
94,data/eval_images/Pseudotriloculina limbata_10_view2_zstack_slice_z0009.png,Pseudotriloculina limbata,saltpepper,0.01,Pseudotriloculina limbata,0.9965803027153016,1
94,data/eval_images/Pseudotriloculina limbata_10_view2_zstack_slice_z0009.png,Pseudotriloculina limbata,saltpepper,0.03,Pseudotriloculina limbata,0.9924635887145996,1
94,data/eval_images/Pseudotriloculina limbata_10_view2_zstack_slice_z0009.png,Pseudotriloculina limbata,saltpepper,0.07,Spirosigmoilina parri,0.9203823804855348,0
94,data/eval_images/Pseudotriloculina limbata_10_view2_zstack_slice_z0009.png,Pseudotriloculina limbata,stretch,1.0,Pseudotriloculina limbata,0.9963772892951964,1
95,data/eval_images/Pseudotriloculina limbata_10_view2_zstack_slice_z0018.png,Pseudotriloculina limbata,gaussian,0.0,Pseudotriloculina limbata,0.9956465363502502,1
95,data/eval_images/Pseudotriloculina limbata_10_view2_zstack_slice_z0018.png,Pseudotriloculina limbata,gaussian,5.0,Pseudotriloculina limbata,0.9937251210212708,1
95,data/eval_images/Pseudotriloculina limbata_10_view2_zstack_slice_z0018.png,Pseudotriloculina limbata,gaussian,10.0,Pseudotriloculina limbata,0.9902703762054444,1
95,data/eval_images/Pseudotriloculina limbata_10_view2_zstack_slice_z0018.png,Pseudotriloculina limbata,gaussian,25.0,Pseudotriloculina limbata,0.9268558621406556,1
95,data/eval_images/Pseudotriloculina limbata_10_view2_zstack_slice_z0018.png,Pseudotriloculina limbata,gaussian,50.0,Spirosigmoilina parri,0.430610328912735,0
95,data/eval_images/Pseudotriloculina limbata_10_view2_zstack_slice_z0018.png,Pseudotriloculina limbata,saltpepper,0.0,Pseudotriloculina limbata,0.9956465363502502,1
95,data/eval_images/Pseudotriloculina limbata_10_view2_zstack_slice_z0018.png,Pseudotriloculina limbata,saltpepper,0.01,Pseudotriloculina limbata,0.9955539107322692,1
95,data/eval_images/Pseudotriloculina limbata_10_view2_zstack_slice_z0018.png,Pseudotriloculina limbata,saltpepper,0.03,Pseudotriloculina limbata,0.9946776628494264,1
95,data/eval_images/Pseudotriloculina limbata_10_view2_zstack_slice_z0018.png,Pseudotriloculina limbata,saltpepper,0.07,Pseudotriloculina limbata,0.9559783935546876,1
95,data/eval_images/Pseudotriloculina limbata_10_view2_zstack_slice_z0018.png,Pseudotriloculina limbata,stretch,1.0,Pseudotriloculina limbata,0.9956465363502502,1
96,data/eval_images/Pseudotriloculina limbata_10_view2_zstack_slice_z0023.png,Pseudotriloculina limbata,gaussian,0.0,Pseudotriloculina limbata,0.995660364627838,1
96,data/eval_images/Pseudotriloculina limbata_10_view2_zstack_slice_z0023.png,Pseudotriloculina limbata,gaussian,5.0,Pseudotriloculina limbata,0.9939154982566832,1
96,data/eval_images/Pseudotriloculina limbata_10_view2_zstack_slice_z0023.png,Pseudotriloculina limbata,gaussian,10.0,Pseudotriloculina limbata,0.990972638130188,1
96,data/eval_images/Pseudotriloculina limbata_10_view2_zstack_slice_z0023.png,Pseudotriloculina limbata,gaussian,25.0,Pseudotriloculina limbata,0.9684659242630004,1
96,data/eval_images/Pseudotriloculina limbata_10_view2_zstack_slice_z0023.png,Pseudotriloculina limbata,gaussian,50.0,Spirosigmoilina parri,0.8758547306060791,0
96,data/eval_images/Pseudotriloculina limbata_10_view2_zstack_slice_z0023.png,Pseudotriloculina limbata,saltpepper,0.0,Pseudotriloculina limbata,0.995660364627838,1
96,data/eval_images/Pseudotriloculina limbata_10_view2_zstack_slice_z0023.png,Pseudotriloculina limbata,saltpepper,0.01,Pseudotriloculina limbata,0.9955175518989564,1
96,data/eval_images/Pseudotriloculina limbata_10_view2_zstack_slice_z0023.png,Pseudotriloculina limbata,saltpepper,0.03,Pseudotriloculina limbata,0.9946107864379884,1
96,data/eval_images/Pseudotriloculina limbata_10_view2_zstack_slice_z0023.png,Pseudotriloculina limbata,saltpepper,0.07,Pseudotriloculina limbata,0.9924359917640686,1
96,data/eval_images/Pseudotriloculina limbata_10_view2_zstack_slice_z0023.png,Pseudotriloculina limbata,stretch,1.0,Pseudotriloculina limbata,0.995660364627838,1
97,data/eval_images/Pseudotriloculina limbata_10_view2_zstack_slice_z0043.png,Pseudotriloculina limbata,gaussian,0.0,Pseudotriloculina limbata,0.995752215385437,1
97,data/eval_images/Pseudotriloculina limbata_10_view2_zstack_slice_z0043.png,Pseudotriloculina limbata,gaussian,5.0,Pseudotriloculina limbata,0.9943451881408693,1
97,data/eval_images/Pseudotriloculina limbata_10_view2_zstack_slice_z0043.png,Pseudotriloculina limbata,gaussian,10.0,Pseudotriloculina limbata,0.9924514889717102,1
97,data/eval_images/Pseudotriloculina limbata_10_view2_zstack_slice_z0043.png,Pseudotriloculina limbata,gaussian,25.0,Pseudotriloculina limbata,0.9881384968757628,1
97,data/eval_images/Pseudotriloculina limbata_10_view2_zstack_slice_z0043.png,Pseudotriloculina limbata,gaussian,50.0,Pseudotriloculina limbata,0.8961485028266907,1
97,data/eval_images/Pseudotriloculina limbata_10_view2_zstack_slice_z0043.png,Pseudotriloculina limbata,saltpepper,0.0,Pseudotriloculina limbata,0.995752215385437,1
97,data/eval_images/Pseudotriloculina limbata_10_view2_zstack_slice_z0043.png,Pseudotriloculina limbata,saltpepper,0.01,Pseudotriloculina limbata,0.9962508082389832,1
97,data/eval_images/Pseudotriloculina limbata_10_view2_zstack_slice_z0043.png,Pseudotriloculina limbata,saltpepper,0.03,Pseudotriloculina limbata,0.995835781097412,1
97,data/eval_images/Pseudotriloculina limbata_10_view2_zstack_slice_z0043.png,Pseudotriloculina limbata,saltpepper,0.07,Pseudotriloculina limbata,0.9956393241882324,1
97,data/eval_images/Pseudotriloculina limbata_10_view2_zstack_slice_z0043.png,Pseudotriloculina limbata,stretch,1.0,Pseudotriloculina limbata,0.995752215385437,1
98,data/eval_images/Pseudotriloculina limbata_10_view2_zstack_slice_z0045.png,Pseudotriloculina limbata,gaussian,0.0,Pseudotriloculina limbata,0.9956845045089722,1
98,data/eval_images/Pseudotriloculina limbata_10_view2_zstack_slice_z0045.png,Pseudotriloculina limbata,gaussian,5.0,Pseudotriloculina limbata,0.9945513606071472,1
98,data/eval_images/Pseudotriloculina limbata_10_view2_zstack_slice_z0045.png,Pseudotriloculina limbata,gaussian,10.0,Pseudotriloculina limbata,0.9933212399482728,1
98,data/eval_images/Pseudotriloculina limbata_10_view2_zstack_slice_z0045.png,Pseudotriloculina limbata,gaussian,25.0,Pseudotriloculina limbata,0.987893044948578,1
98,data/eval_images/Pseudotriloculina limbata_10_view2_zstack_slice_z0045.png,Pseudotriloculina limbata,gaussian,50.0,Pseudotriloculina limbata,0.942697525024414,1
98,data/eval_images/Pseudotriloculina limbata_10_view2_zstack_slice_z0045.png,Pseudotriloculina limbata,saltpepper,0.0,Pseudotriloculina limbata,0.9956845045089722,1
98,data/eval_images/Pseudotriloculina limbata_10_view2_zstack_slice_z0045.png,Pseudotriloculina limbata,saltpepper,0.01,Pseudotriloculina limbata,0.9963130354881288,1
98,data/eval_images/Pseudotriloculina limbata_10_view2_zstack_slice_z0045.png,Pseudotriloculina limbata,saltpepper,0.03,Pseudotriloculina limbata,0.9956325888633728,1
98,data/eval_images/Pseudotriloculina limbata_10_view2_zstack_slice_z0045.png,Pseudotriloculina limbata,saltpepper,0.07,Pseudotriloculina limbata,0.9948792457580566,1
98,data/eval_images/Pseudotriloculina limbata_10_view2_zstack_slice_z0045.png,Pseudotriloculina limbata,stretch,1.0,Pseudotriloculina limbata,0.9956845045089722,1
99,data/eval_images/Pyrgo depressa_10_view3_gif_original.png,Pyrgo depressa,gaussian,0.0,Pyrgo depressa,0.9676592350006104,1
99,data/eval_images/Pyrgo depressa_10_view3_gif_original.png,Pyrgo depressa,gaussian,5.0,Pyrgo inornata,0.4958659410476684,0
99,data/eval_images/Pyrgo depressa_10_view3_gif_original.png,Pyrgo depressa,gaussian,10.0,Pyrgo inornata,0.4848627150058746,0
99,data/eval_images/Pyrgo depressa_10_view3_gif_original.png,Pyrgo depressa,gaussian,25.0,Pyrgo inornata,0.5182639360427856,0
99,data/eval_images/Pyrgo depressa_10_view3_gif_original.png,Pyrgo depressa,gaussian,50.0,Amphistegina radiata,0.9402332901954652,0
99,data/eval_images/Pyrgo depressa_10_view3_gif_original.png,Pyrgo depressa,saltpepper,0.0,Pyrgo depressa,0.9676592350006104,1
99,data/eval_images/Pyrgo depressa_10_view3_gif_original.png,Pyrgo depressa,saltpepper,0.01,Pyrgo depressa,0.957624852657318,1
99,data/eval_images/Pyrgo depressa_10_view3_gif_original.png,Pyrgo depressa,saltpepper,0.03,Pyrgo depressa,0.9336152076721193,1
99,data/eval_images/Pyrgo depressa_10_view3_gif_original.png,Pyrgo depressa,saltpepper,0.07,Pyrgo depressa,0.8854809403419495,1
99,data/eval_images/Pyrgo depressa_10_view3_gif_original.png,Pyrgo depressa,stretch,1.0,Pyrgo depressa,0.9676592350006104,1
100,data/eval_images/Pyrgo depressa_10_view3_stacked_tiff.png,Pyrgo depressa,gaussian,0.0,Pyrgo depressa,0.93069726228714,1
100,data/eval_images/Pyrgo depressa_10_view3_stacked_tiff.png,Pyrgo depressa,gaussian,5.0,Pyrgo inornata,0.5026724934577942,0
100,data/eval_images/Pyrgo depressa_10_view3_stacked_tiff.png,Pyrgo depressa,gaussian,10.0,Pyrgo inornata,0.5912933349609375,0
100,data/eval_images/Pyrgo depressa_10_view3_stacked_tiff.png,Pyrgo depressa,gaussian,25.0,Pyrgo inornata,0.6633407473564148,0
100,data/eval_images/Pyrgo depressa_10_view3_stacked_tiff.png,Pyrgo depressa,gaussian,50.0,Amphistegina radiata,0.970455288887024,0
100,data/eval_images/Pyrgo depressa_10_view3_stacked_tiff.png,Pyrgo depressa,saltpepper,0.0,Pyrgo depressa,0.93069726228714,1
100,data/eval_images/Pyrgo depressa_10_view3_stacked_tiff.png,Pyrgo depressa,saltpepper,0.01,Pyrgo depressa,0.9046915769577026,1
100,data/eval_images/Pyrgo depressa_10_view3_stacked_tiff.png,Pyrgo depressa,saltpepper,0.03,Pyrgo depressa,0.9039877653121948,1
100,data/eval_images/Pyrgo depressa_10_view3_stacked_tiff.png,Pyrgo depressa,saltpepper,0.07,Pyrgo depressa,0.8343068957328796,1
100,data/eval_images/Pyrgo depressa_10_view3_stacked_tiff.png,Pyrgo depressa,stretch,1.0,Pyrgo depressa,0.93069726228714,1
101,data/eval_images/Pyrgo depressa_10_view3_zstack_slice_z0007.png,Pyrgo depressa,gaussian,0.0,Pyrgo depressa,0.947892725467682,1
101,data/eval_images/Pyrgo depressa_10_view3_zstack_slice_z0007.png,Pyrgo depressa,gaussian,5.0,Pyrgo inornata,0.6625642776489258,0
101,data/eval_images/Pyrgo depressa_10_view3_zstack_slice_z0007.png,Pyrgo depressa,gaussian,10.0,Pyrgo inornata,0.8518272042274475,0
101,data/eval_images/Pyrgo depressa_10_view3_zstack_slice_z0007.png,Pyrgo depressa,gaussian,25.0,Pyrgo inornata,0.4947763681411743,0
101,data/eval_images/Pyrgo depressa_10_view3_zstack_slice_z0007.png,Pyrgo depressa,gaussian,50.0,Amphistegina radiata,0.9481075406074524,0
101,data/eval_images/Pyrgo depressa_10_view3_zstack_slice_z0007.png,Pyrgo depressa,saltpepper,0.0,Pyrgo depressa,0.947892725467682,1
101,data/eval_images/Pyrgo depressa_10_view3_zstack_slice_z0007.png,Pyrgo depressa,saltpepper,0.01,Pyrgo depressa,0.955353319644928,1
101,data/eval_images/Pyrgo depressa_10_view3_zstack_slice_z0007.png,Pyrgo depressa,saltpepper,0.03,Pyrgo depressa,0.9402359127998352,1
101,data/eval_images/Pyrgo depressa_10_view3_zstack_slice_z0007.png,Pyrgo depressa,saltpepper,0.07,Pyrgo depressa,0.8762908577919006,1
101,data/eval_images/Pyrgo depressa_10_view3_zstack_slice_z0007.png,Pyrgo depressa,stretch,1.0,Pyrgo depressa,0.947892725467682,1
102,data/eval_images/Pyrgo depressa_10_view3_zstack_slice_z0008.png,Pyrgo depressa,gaussian,0.0,Pyrgo depressa,0.9210384488105774,1
102,data/eval_images/Pyrgo depressa_10_view3_zstack_slice_z0008.png,Pyrgo depressa,gaussian,5.0,Pyrgo inornata,0.568030059337616,0
102,data/eval_images/Pyrgo depressa_10_view3_zstack_slice_z0008.png,Pyrgo depressa,gaussian,10.0,Pyrgo inornata,0.8567835092544556,0
102,data/eval_images/Pyrgo depressa_10_view3_zstack_slice_z0008.png,Pyrgo depressa,gaussian,25.0,Pyrgo inornata,0.5515711307525635,0
102,data/eval_images/Pyrgo depressa_10_view3_zstack_slice_z0008.png,Pyrgo depressa,gaussian,50.0,Amphistegina radiata,0.9654714465141296,0
102,data/eval_images/Pyrgo depressa_10_view3_zstack_slice_z0008.png,Pyrgo depressa,saltpepper,0.0,Pyrgo depressa,0.9210384488105774,1
102,data/eval_images/Pyrgo depressa_10_view3_zstack_slice_z0008.png,Pyrgo depressa,saltpepper,0.01,Pyrgo depressa,0.9350116848945618,1
102,data/eval_images/Pyrgo depressa_10_view3_zstack_slice_z0008.png,Pyrgo depressa,saltpepper,0.03,Pyrgo depressa,0.9361971020698548,1
102,data/eval_images/Pyrgo depressa_10_view3_zstack_slice_z0008.png,Pyrgo depressa,saltpepper,0.07,Pyrgo depressa,0.94444739818573,1
102,data/eval_images/Pyrgo depressa_10_view3_zstack_slice_z0008.png,Pyrgo depressa,stretch,1.0,Pyrgo depressa,0.9210384488105774,1
103,data/eval_images/Pyrgo depressa_10_view3_zstack_slice_z0022.png,Pyrgo depressa,gaussian,0.0,Pyrgo depressa,0.937528133392334,1
103,data/eval_images/Pyrgo depressa_10_view3_zstack_slice_z0022.png,Pyrgo depressa,gaussian,5.0,Pyrgo depressa,0.4897900223731994,1
103,data/eval_images/Pyrgo depressa_10_view3_zstack_slice_z0022.png,Pyrgo depressa,gaussian,10.0,Pyrgo inornata,0.7175928950309753,0
103,data/eval_images/Pyrgo depressa_10_view3_zstack_slice_z0022.png,Pyrgo depressa,gaussian,25.0,Pyrgo inornata,0.797292947769165,0
103,data/eval_images/Pyrgo depressa_10_view3_zstack_slice_z0022.png,Pyrgo depressa,gaussian,50.0,Amphistegina radiata,0.9731953144073486,0
103,data/eval_images/Pyrgo depressa_10_view3_zstack_slice_z0022.png,Pyrgo depressa,saltpepper,0.0,Pyrgo depressa,0.937528133392334,1
103,data/eval_images/Pyrgo depressa_10_view3_zstack_slice_z0022.png,Pyrgo depressa,saltpepper,0.01,Pyrgo depressa,0.9073390364646912,1
103,data/eval_images/Pyrgo depressa_10_view3_zstack_slice_z0022.png,Pyrgo depressa,saltpepper,0.03,Pyrgo depressa,0.68648761510849,1
103,data/eval_images/Pyrgo depressa_10_view3_zstack_slice_z0022.png,Pyrgo depressa,saltpepper,0.07,Pyrgo depressa,0.6561374664306641,1
103,data/eval_images/Pyrgo depressa_10_view3_zstack_slice_z0022.png,Pyrgo depressa,stretch,1.0,Pyrgo depressa,0.937528133392334,1
104,data/eval_images/Pyrgo depressa_10_view3_zstack_slice_z0037.png,Pyrgo depressa,gaussian,0.0,Pyrgo depressa,0.8341964483261108,1
104,data/eval_images/Pyrgo depressa_10_view3_zstack_slice_z0037.png,Pyrgo depressa,gaussian,5.0,Pyrgo inornata,0.8355556130409241,0
104,data/eval_images/Pyrgo depressa_10_view3_zstack_slice_z0037.png,Pyrgo depressa,gaussian,10.0,Pyrgo inornata,0.9629758596420288,0
104,data/eval_images/Pyrgo depressa_10_view3_zstack_slice_z0037.png,Pyrgo depressa,gaussian,25.0,Pyrgo inornata,0.9740070104599,0
104,data/eval_images/Pyrgo depressa_10_view3_zstack_slice_z0037.png,Pyrgo depressa,gaussian,50.0,Amphistegina radiata,0.6862096190452576,0
104,data/eval_images/Pyrgo depressa_10_view3_zstack_slice_z0037.png,Pyrgo depressa,saltpepper,0.0,Pyrgo depressa,0.8341964483261108,1
104,data/eval_images/Pyrgo depressa_10_view3_zstack_slice_z0037.png,Pyrgo depressa,saltpepper,0.01,Pyrgo depressa,0.7299867272377014,1
104,data/eval_images/Pyrgo depressa_10_view3_zstack_slice_z0037.png,Pyrgo depressa,saltpepper,0.03,Pyrgo depressa,0.5845851898193359,1
104,data/eval_images/Pyrgo depressa_10_view3_zstack_slice_z0037.png,Pyrgo depressa,saltpepper,0.07,Pyrgo inornata,0.7126806378364563,0
104,data/eval_images/Pyrgo depressa_10_view3_zstack_slice_z0037.png,Pyrgo depressa,stretch,1.0,Pyrgo depressa,0.8341964483261108,1
105,data/eval_images/Pyrgo depressa_10_view3_zstack_slice_z0048.png,Pyrgo depressa,gaussian,0.0,Pyrgo depressa,0.8664968609809875,1
105,data/eval_images/Pyrgo depressa_10_view3_zstack_slice_z0048.png,Pyrgo depressa,gaussian,5.0,Pyrgo inornata,0.8828638195991516,0
105,data/eval_images/Pyrgo depressa_10_view3_zstack_slice_z0048.png,Pyrgo depressa,gaussian,10.0,Pyrgo inornata,0.9639979600906372,0
105,data/eval_images/Pyrgo depressa_10_view3_zstack_slice_z0048.png,Pyrgo depressa,gaussian,25.0,Pyrgo inornata,0.9724226593971252,0
105,data/eval_images/Pyrgo depressa_10_view3_zstack_slice_z0048.png,Pyrgo depressa,gaussian,50.0,Amphistegina radiata,0.6331512331962585,0
105,data/eval_images/Pyrgo depressa_10_view3_zstack_slice_z0048.png,Pyrgo depressa,saltpepper,0.0,Pyrgo depressa,0.8664968609809875,1
105,data/eval_images/Pyrgo depressa_10_view3_zstack_slice_z0048.png,Pyrgo depressa,saltpepper,0.01,Pyrgo depressa,0.7128922939300537,1
105,data/eval_images/Pyrgo depressa_10_view3_zstack_slice_z0048.png,Pyrgo depressa,saltpepper,0.03,Pyrgo depressa,0.5816060304641724,1
105,data/eval_images/Pyrgo depressa_10_view3_zstack_slice_z0048.png,Pyrgo depressa,saltpepper,0.07,Pyrgo inornata,0.552169919013977,0
105,data/eval_images/Pyrgo depressa_10_view3_zstack_slice_z0048.png,Pyrgo depressa,stretch,1.0,Pyrgo depressa,0.8664968609809875,1
106,data/eval_images/Pyrgo inornata_9_view5_gif_original.png,Pyrgo inornata,gaussian,0.0,Pyrgo inornata,0.9865006804466248,1
106,data/eval_images/Pyrgo inornata_9_view5_gif_original.png,Pyrgo inornata,gaussian,5.0,Pyrgo inornata,0.5946679711341858,1
106,data/eval_images/Pyrgo inornata_9_view5_gif_original.png,Pyrgo inornata,gaussian,10.0,Triloculina trigonula,0.7044447660446167,0
106,data/eval_images/Pyrgo inornata_9_view5_gif_original.png,Pyrgo inornata,gaussian,25.0,Triloculina trigonula,0.5758059024810791,0
106,data/eval_images/Pyrgo inornata_9_view5_gif_original.png,Pyrgo inornata,gaussian,50.0,Pyrgo inornata,0.7107398509979248,1
106,data/eval_images/Pyrgo inornata_9_view5_gif_original.png,Pyrgo inornata,saltpepper,0.0,Pyrgo inornata,0.9865006804466248,1
106,data/eval_images/Pyrgo inornata_9_view5_gif_original.png,Pyrgo inornata,saltpepper,0.01,Pyrgo inornata,0.8923081159591675,1
106,data/eval_images/Pyrgo inornata_9_view5_gif_original.png,Pyrgo inornata,saltpepper,0.03,Pyrgo inornata,0.7871479988098145,1
106,data/eval_images/Pyrgo inornata_9_view5_gif_original.png,Pyrgo inornata,saltpepper,0.07,Pyrgo inornata,0.9008498787879944,1
106,data/eval_images/Pyrgo inornata_9_view5_gif_original.png,Pyrgo inornata,stretch,1.0,Pyrgo inornata,0.9865006804466248,1
107,data/eval_images/Pyrgo inornata_9_view5_stacked_tiff.png,Pyrgo inornata,gaussian,0.0,Pyrgo inornata,0.9858600497245787,1
107,data/eval_images/Pyrgo inornata_9_view5_stacked_tiff.png,Pyrgo inornata,gaussian,5.0,Pyrgo inornata,0.7317261695861816,1
107,data/eval_images/Pyrgo inornata_9_view5_stacked_tiff.png,Pyrgo inornata,gaussian,10.0,Triloculina trigonula,0.6425225138664246,0
107,data/eval_images/Pyrgo inornata_9_view5_stacked_tiff.png,Pyrgo inornata,gaussian,25.0,Pyrgo inornata,0.5263246297836304,1
107,data/eval_images/Pyrgo inornata_9_view5_stacked_tiff.png,Pyrgo inornata,gaussian,50.0,Pyrgo inornata,0.7491678595542908,1
107,data/eval_images/Pyrgo inornata_9_view5_stacked_tiff.png,Pyrgo inornata,saltpepper,0.0,Pyrgo inornata,0.9858600497245787,1
107,data/eval_images/Pyrgo inornata_9_view5_stacked_tiff.png,Pyrgo inornata,saltpepper,0.01,Pyrgo inornata,0.7401027083396912,1
107,data/eval_images/Pyrgo inornata_9_view5_stacked_tiff.png,Pyrgo inornata,saltpepper,0.03,Triloculina trigonula,0.4969350695610046,0
107,data/eval_images/Pyrgo inornata_9_view5_stacked_tiff.png,Pyrgo inornata,saltpepper,0.07,Pyrgo inornata,0.7289707660675049,1
107,data/eval_images/Pyrgo inornata_9_view5_stacked_tiff.png,Pyrgo inornata,stretch,1.0,Pyrgo inornata,0.9858600497245787,1
108,data/eval_images/Pyrgo inornata_9_view5_zstack_slice_z0000.png,Pyrgo inornata,gaussian,0.0,Pyrgo inornata,0.980107307434082,1
108,data/eval_images/Pyrgo inornata_9_view5_zstack_slice_z0000.png,Pyrgo inornata,gaussian,5.0,Pyrgo inornata,0.9919862747192384,1
108,data/eval_images/Pyrgo inornata_9_view5_zstack_slice_z0000.png,Pyrgo inornata,gaussian,10.0,Pyrgo inornata,0.9870710968971252,1
108,data/eval_images/Pyrgo inornata_9_view5_zstack_slice_z0000.png,Pyrgo inornata,gaussian,25.0,Pyrgo inornata,0.95662921667099,1
108,data/eval_images/Pyrgo inornata_9_view5_zstack_slice_z0000.png,Pyrgo inornata,gaussian,50.0,Pyrgo inornata,0.7253056764602661,1
108,data/eval_images/Pyrgo inornata_9_view5_zstack_slice_z0000.png,Pyrgo inornata,saltpepper,0.0,Pyrgo inornata,0.980107307434082,1
108,data/eval_images/Pyrgo inornata_9_view5_zstack_slice_z0000.png,Pyrgo inornata,saltpepper,0.01,Pyrgo inornata,0.9786394834518432,1
108,data/eval_images/Pyrgo inornata_9_view5_zstack_slice_z0000.png,Pyrgo inornata,saltpepper,0.03,Pyrgo inornata,0.9678465723991394,1
108,data/eval_images/Pyrgo inornata_9_view5_zstack_slice_z0000.png,Pyrgo inornata,saltpepper,0.07,Pyrgo inornata,0.9178206324577332,1
108,data/eval_images/Pyrgo inornata_9_view5_zstack_slice_z0000.png,Pyrgo inornata,stretch,1.0,Pyrgo inornata,0.980107307434082,1
109,data/eval_images/Pyrgo inornata_9_view5_zstack_slice_z0004.png,Pyrgo inornata,gaussian,0.0,Pyrgo inornata,0.9769484400749208,1
109,data/eval_images/Pyrgo inornata_9_view5_zstack_slice_z0004.png,Pyrgo inornata,gaussian,5.0,Pyrgo inornata,0.9910323023796082,1
109,data/eval_images/Pyrgo inornata_9_view5_zstack_slice_z0004.png,Pyrgo inornata,gaussian,10.0,Pyrgo inornata,0.9834585189819336,1
109,data/eval_images/Pyrgo inornata_9_view5_zstack_slice_z0004.png,Pyrgo inornata,gaussian,25.0,Pyrgo inornata,0.9173151850700378,1
109,data/eval_images/Pyrgo inornata_9_view5_zstack_slice_z0004.png,Pyrgo inornata,gaussian,50.0,Pyrgo inornata,0.662543773651123,1
109,data/eval_images/Pyrgo inornata_9_view5_zstack_slice_z0004.png,Pyrgo inornata,saltpepper,0.0,Pyrgo inornata,0.9769484400749208,1
109,data/eval_images/Pyrgo inornata_9_view5_zstack_slice_z0004.png,Pyrgo inornata,saltpepper,0.01,Pyrgo inornata,0.9794501066207886,1
109,data/eval_images/Pyrgo inornata_9_view5_zstack_slice_z0004.png,Pyrgo inornata,saltpepper,0.03,Pyrgo inornata,0.9612099528312684,1
109,data/eval_images/Pyrgo inornata_9_view5_zstack_slice_z0004.png,Pyrgo inornata,saltpepper,0.07,Pyrgo inornata,0.8987246751785278,1
109,data/eval_images/Pyrgo inornata_9_view5_zstack_slice_z0004.png,Pyrgo inornata,stretch,1.0,Pyrgo inornata,0.9769484400749208,1
110,data/eval_images/Pyrgo inornata_9_view5_zstack_slice_z0008.png,Pyrgo inornata,gaussian,0.0,Pyrgo inornata,0.9639602899551392,1
110,data/eval_images/Pyrgo inornata_9_view5_zstack_slice_z0008.png,Pyrgo inornata,gaussian,5.0,Pyrgo inornata,0.9845128655433656,1
110,data/eval_images/Pyrgo inornata_9_view5_zstack_slice_z0008.png,Pyrgo inornata,gaussian,10.0,Pyrgo inornata,0.9712080955505372,1
110,data/eval_images/Pyrgo inornata_9_view5_zstack_slice_z0008.png,Pyrgo inornata,gaussian,25.0,Pyrgo inornata,0.9473187327384948,1
110,data/eval_images/Pyrgo inornata_9_view5_zstack_slice_z0008.png,Pyrgo inornata,gaussian,50.0,Pyrgo inornata,0.8584731221199036,1
110,data/eval_images/Pyrgo inornata_9_view5_zstack_slice_z0008.png,Pyrgo inornata,saltpepper,0.0,Pyrgo inornata,0.9639602899551392,1
110,data/eval_images/Pyrgo inornata_9_view5_zstack_slice_z0008.png,Pyrgo inornata,saltpepper,0.01,Pyrgo inornata,0.9655669331550598,1
110,data/eval_images/Pyrgo inornata_9_view5_zstack_slice_z0008.png,Pyrgo inornata,saltpepper,0.03,Pyrgo inornata,0.9599844217300416,1
110,data/eval_images/Pyrgo inornata_9_view5_zstack_slice_z0008.png,Pyrgo inornata,saltpepper,0.07,Pyrgo inornata,0.8753129243850708,1
110,data/eval_images/Pyrgo inornata_9_view5_zstack_slice_z0008.png,Pyrgo inornata,stretch,1.0,Pyrgo inornata,0.9639602899551392,1
111,data/eval_images/Pyrgo inornata_9_view5_zstack_slice_z0017.png,Pyrgo inornata,gaussian,0.0,Pyrgo inornata,0.9601076245307922,1
111,data/eval_images/Pyrgo inornata_9_view5_zstack_slice_z0017.png,Pyrgo inornata,gaussian,5.0,Pyrgo inornata,0.979647159576416,1
111,data/eval_images/Pyrgo inornata_9_view5_zstack_slice_z0017.png,Pyrgo inornata,gaussian,10.0,Pyrgo inornata,0.9615582227706908,1
111,data/eval_images/Pyrgo inornata_9_view5_zstack_slice_z0017.png,Pyrgo inornata,gaussian,25.0,Pyrgo inornata,0.9311288595199584,1
111,data/eval_images/Pyrgo inornata_9_view5_zstack_slice_z0017.png,Pyrgo inornata,gaussian,50.0,Pyrgo inornata,0.7532834410667419,1
111,data/eval_images/Pyrgo inornata_9_view5_zstack_slice_z0017.png,Pyrgo inornata,saltpepper,0.0,Pyrgo inornata,0.9601076245307922,1
111,data/eval_images/Pyrgo inornata_9_view5_zstack_slice_z0017.png,Pyrgo inornata,saltpepper,0.01,Pyrgo inornata,0.9456685781478882,1
111,data/eval_images/Pyrgo inornata_9_view5_zstack_slice_z0017.png,Pyrgo inornata,saltpepper,0.03,Pyrgo inornata,0.8686109781265259,1
111,data/eval_images/Pyrgo inornata_9_view5_zstack_slice_z0017.png,Pyrgo inornata,saltpepper,0.07,Pyrgo inornata,0.7837331891059875,1
111,data/eval_images/Pyrgo inornata_9_view5_zstack_slice_z0017.png,Pyrgo inornata,stretch,1.0,Pyrgo inornata,0.9601076245307922,1
112,data/eval_images/Pyrgo inornata_9_view5_zstack_slice_z0040.png,Pyrgo inornata,gaussian,0.0,Pyrgo inornata,0.9800124764442444,1
112,data/eval_images/Pyrgo inornata_9_view5_zstack_slice_z0040.png,Pyrgo inornata,gaussian,5.0,Triloculina trigonula,0.4880122244358063,0
112,data/eval_images/Pyrgo inornata_9_view5_zstack_slice_z0040.png,Pyrgo inornata,gaussian,10.0,Triloculina trigonula,0.7260558009147644,0
112,data/eval_images/Pyrgo inornata_9_view5_zstack_slice_z0040.png,Pyrgo inornata,gaussian,25.0,Pyrgo inornata,0.6817194819450378,1
112,data/eval_images/Pyrgo inornata_9_view5_zstack_slice_z0040.png,Pyrgo inornata,gaussian,50.0,Pyrgo inornata,0.611131489276886,1
112,data/eval_images/Pyrgo inornata_9_view5_zstack_slice_z0040.png,Pyrgo inornata,saltpepper,0.0,Pyrgo inornata,0.9800124764442444,1
112,data/eval_images/Pyrgo inornata_9_view5_zstack_slice_z0040.png,Pyrgo inornata,saltpepper,0.01,Pyrgo inornata,0.9287018179893494,1
112,data/eval_images/Pyrgo inornata_9_view5_zstack_slice_z0040.png,Pyrgo inornata,saltpepper,0.03,Pyrgo inornata,0.8989872932434082,1
112,data/eval_images/Pyrgo inornata_9_view5_zstack_slice_z0040.png,Pyrgo inornata,saltpepper,0.07,Pyrgo inornata,0.9211727380752563,1
112,data/eval_images/Pyrgo inornata_9_view5_zstack_slice_z0040.png,Pyrgo inornata,stretch,1.0,Pyrgo inornata,0.9800124764442444,1
113,data/eval_images/Quinqueloculina bosciana_3_view1_gif_original.png,Quinqueloculina bosciana,gaussian,0.0,Quinqueloculina bosciana,0.986153483390808,1
113,data/eval_images/Quinqueloculina bosciana_3_view1_gif_original.png,Quinqueloculina bosciana,gaussian,5.0,Quinqueloculina bosciana,0.992900252342224,1
113,data/eval_images/Quinqueloculina bosciana_3_view1_gif_original.png,Quinqueloculina bosciana,gaussian,10.0,Quinqueloculina bosciana,0.9950245022773744,1
113,data/eval_images/Quinqueloculina bosciana_3_view1_gif_original.png,Quinqueloculina bosciana,gaussian,25.0,Quinqueloculina bosciana,0.9940847754478456,1
113,data/eval_images/Quinqueloculina bosciana_3_view1_gif_original.png,Quinqueloculina bosciana,gaussian,50.0,Quinqueloculina bosciana,0.995486319065094,1
113,data/eval_images/Quinqueloculina bosciana_3_view1_gif_original.png,Quinqueloculina bosciana,saltpepper,0.0,Quinqueloculina bosciana,0.986153483390808,1
113,data/eval_images/Quinqueloculina bosciana_3_view1_gif_original.png,Quinqueloculina bosciana,saltpepper,0.01,Quinqueloculina bosciana,0.987441897392273,1
113,data/eval_images/Quinqueloculina bosciana_3_view1_gif_original.png,Quinqueloculina bosciana,saltpepper,0.03,Quinqueloculina bosciana,0.9867912530899048,1
113,data/eval_images/Quinqueloculina bosciana_3_view1_gif_original.png,Quinqueloculina bosciana,saltpepper,0.07,Quinqueloculina bosciana,0.9889469742774964,1
113,data/eval_images/Quinqueloculina bosciana_3_view1_gif_original.png,Quinqueloculina bosciana,stretch,1.0,Quinqueloculina bosciana,0.986153483390808,1
114,data/eval_images/Quinqueloculina bosciana_3_view1_stacked_tiff.png,Quinqueloculina bosciana,gaussian,0.0,Quinqueloculina bosciana,0.9865267872810364,1
114,data/eval_images/Quinqueloculina bosciana_3_view1_stacked_tiff.png,Quinqueloculina bosciana,gaussian,5.0,Quinqueloculina bosciana,0.9908406138420104,1
114,data/eval_images/Quinqueloculina bosciana_3_view1_stacked_tiff.png,Quinqueloculina bosciana,gaussian,10.0,Quinqueloculina bosciana,0.9939513206481934,1
114,data/eval_images/Quinqueloculina bosciana_3_view1_stacked_tiff.png,Quinqueloculina bosciana,gaussian,25.0,Quinqueloculina bosciana,0.994485318660736,1
114,data/eval_images/Quinqueloculina bosciana_3_view1_stacked_tiff.png,Quinqueloculina bosciana,gaussian,50.0,Quinqueloculina bosciana,0.9953261613845824,1
114,data/eval_images/Quinqueloculina bosciana_3_view1_stacked_tiff.png,Quinqueloculina bosciana,saltpepper,0.0,Quinqueloculina bosciana,0.9865267872810364,1
114,data/eval_images/Quinqueloculina bosciana_3_view1_stacked_tiff.png,Quinqueloculina bosciana,saltpepper,0.01,Quinqueloculina bosciana,0.9862443804740906,1
114,data/eval_images/Quinqueloculina bosciana_3_view1_stacked_tiff.png,Quinqueloculina bosciana,saltpepper,0.03,Quinqueloculina bosciana,0.9879721999168396,1
114,data/eval_images/Quinqueloculina bosciana_3_view1_stacked_tiff.png,Quinqueloculina bosciana,saltpepper,0.07,Quinqueloculina bosciana,0.9895646572113036,1
114,data/eval_images/Quinqueloculina bosciana_3_view1_stacked_tiff.png,Quinqueloculina bosciana,stretch,1.0,Quinqueloculina bosciana,0.9865267872810364,1
115,data/eval_images/Quinqueloculina bosciana_3_view1_zstack_slice_z0012.png,Quinqueloculina bosciana,gaussian,0.0,Quinqueloculina bosciana,0.987564504146576,1
115,data/eval_images/Quinqueloculina bosciana_3_view1_zstack_slice_z0012.png,Quinqueloculina bosciana,gaussian,5.0,Quinqueloculina bosciana,0.9923572540283204,1
115,data/eval_images/Quinqueloculina bosciana_3_view1_zstack_slice_z0012.png,Quinqueloculina bosciana,gaussian,10.0,Quinqueloculina bosciana,0.9933075904846193,1
115,data/eval_images/Quinqueloculina bosciana_3_view1_zstack_slice_z0012.png,Quinqueloculina bosciana,gaussian,25.0,Quinqueloculina bosciana,0.9939941763877868,1
115,data/eval_images/Quinqueloculina bosciana_3_view1_zstack_slice_z0012.png,Quinqueloculina bosciana,gaussian,50.0,Quinqueloculina bosciana,0.9950110912322998,1
115,data/eval_images/Quinqueloculina bosciana_3_view1_zstack_slice_z0012.png,Quinqueloculina bosciana,saltpepper,0.0,Quinqueloculina bosciana,0.987564504146576,1
115,data/eval_images/Quinqueloculina bosciana_3_view1_zstack_slice_z0012.png,Quinqueloculina bosciana,saltpepper,0.01,Quinqueloculina bosciana,0.9877989292144777,1
115,data/eval_images/Quinqueloculina bosciana_3_view1_zstack_slice_z0012.png,Quinqueloculina bosciana,saltpepper,0.03,Quinqueloculina bosciana,0.9891818165779114,1
115,data/eval_images/Quinqueloculina bosciana_3_view1_zstack_slice_z0012.png,Quinqueloculina bosciana,saltpepper,0.07,Quinqueloculina bosciana,0.9883601665496826,1
115,data/eval_images/Quinqueloculina bosciana_3_view1_zstack_slice_z0012.png,Quinqueloculina bosciana,stretch,1.0,Quinqueloculina bosciana,0.987564504146576,1
116,data/eval_images/Quinqueloculina bosciana_3_view1_zstack_slice_z0013.png,Quinqueloculina bosciana,gaussian,0.0,Quinqueloculina bosciana,0.9877476692199708,1
116,data/eval_images/Quinqueloculina bosciana_3_view1_zstack_slice_z0013.png,Quinqueloculina bosciana,gaussian,5.0,Quinqueloculina bosciana,0.9918585419654846,1
116,data/eval_images/Quinqueloculina bosciana_3_view1_zstack_slice_z0013.png,Quinqueloculina bosciana,gaussian,10.0,Quinqueloculina bosciana,0.9937986731529236,1
116,data/eval_images/Quinqueloculina bosciana_3_view1_zstack_slice_z0013.png,Quinqueloculina bosciana,gaussian,25.0,Quinqueloculina bosciana,0.9941944479942322,1
116,data/eval_images/Quinqueloculina bosciana_3_view1_zstack_slice_z0013.png,Quinqueloculina bosciana,gaussian,50.0,Quinqueloculina bosciana,0.995458483695984,1
116,data/eval_images/Quinqueloculina bosciana_3_view1_zstack_slice_z0013.png,Quinqueloculina bosciana,saltpepper,0.0,Quinqueloculina bosciana,0.9877476692199708,1
116,data/eval_images/Quinqueloculina bosciana_3_view1_zstack_slice_z0013.png,Quinqueloculina bosciana,saltpepper,0.01,Quinqueloculina bosciana,0.9897418022155762,1
116,data/eval_images/Quinqueloculina bosciana_3_view1_zstack_slice_z0013.png,Quinqueloculina bosciana,saltpepper,0.03,Quinqueloculina bosciana,0.988215446472168,1
116,data/eval_images/Quinqueloculina bosciana_3_view1_zstack_slice_z0013.png,Quinqueloculina bosciana,saltpepper,0.07,Quinqueloculina bosciana,0.991309642791748,1
116,data/eval_images/Quinqueloculina bosciana_3_view1_zstack_slice_z0013.png,Quinqueloculina bosciana,stretch,1.0,Quinqueloculina bosciana,0.9877476692199708,1
117,data/eval_images/Quinqueloculina bosciana_3_view1_zstack_slice_z0014.png,Quinqueloculina bosciana,gaussian,0.0,Quinqueloculina bosciana,0.9886465668678284,1
117,data/eval_images/Quinqueloculina bosciana_3_view1_zstack_slice_z0014.png,Quinqueloculina bosciana,gaussian,5.0,Quinqueloculina bosciana,0.9918478727340698,1
117,data/eval_images/Quinqueloculina bosciana_3_view1_zstack_slice_z0014.png,Quinqueloculina bosciana,gaussian,10.0,Quinqueloculina bosciana,0.9938663840293884,1
117,data/eval_images/Quinqueloculina bosciana_3_view1_zstack_slice_z0014.png,Quinqueloculina bosciana,gaussian,25.0,Quinqueloculina bosciana,0.9941993951797484,1
117,data/eval_images/Quinqueloculina bosciana_3_view1_zstack_slice_z0014.png,Quinqueloculina bosciana,gaussian,50.0,Quinqueloculina bosciana,0.99530029296875,1
117,data/eval_images/Quinqueloculina bosciana_3_view1_zstack_slice_z0014.png,Quinqueloculina bosciana,saltpepper,0.0,Quinqueloculina bosciana,0.9886465668678284,1
117,data/eval_images/Quinqueloculina bosciana_3_view1_zstack_slice_z0014.png,Quinqueloculina bosciana,saltpepper,0.01,Quinqueloculina bosciana,0.9886187314987184,1
117,data/eval_images/Quinqueloculina bosciana_3_view1_zstack_slice_z0014.png,Quinqueloculina bosciana,saltpepper,0.03,Quinqueloculina bosciana,0.9878963232040404,1
117,data/eval_images/Quinqueloculina bosciana_3_view1_zstack_slice_z0014.png,Quinqueloculina bosciana,saltpepper,0.07,Quinqueloculina bosciana,0.9888765215873718,1
117,data/eval_images/Quinqueloculina bosciana_3_view1_zstack_slice_z0014.png,Quinqueloculina bosciana,stretch,1.0,Quinqueloculina bosciana,0.9886465668678284,1
118,data/eval_images/Quinqueloculina bosciana_3_view1_zstack_slice_z0021.png,Quinqueloculina bosciana,gaussian,0.0,Quinqueloculina bosciana,0.9883468747138976,1
118,data/eval_images/Quinqueloculina bosciana_3_view1_zstack_slice_z0021.png,Quinqueloculina bosciana,gaussian,5.0,Quinqueloculina bosciana,0.9921759963035583,1
118,data/eval_images/Quinqueloculina bosciana_3_view1_zstack_slice_z0021.png,Quinqueloculina bosciana,gaussian,10.0,Quinqueloculina bosciana,0.9933266639709472,1
118,data/eval_images/Quinqueloculina bosciana_3_view1_zstack_slice_z0021.png,Quinqueloculina bosciana,gaussian,25.0,Quinqueloculina bosciana,0.9937219023704528,1
118,data/eval_images/Quinqueloculina bosciana_3_view1_zstack_slice_z0021.png,Quinqueloculina bosciana,gaussian,50.0,Quinqueloculina bosciana,0.9949831962585448,1
118,data/eval_images/Quinqueloculina bosciana_3_view1_zstack_slice_z0021.png,Quinqueloculina bosciana,saltpepper,0.0,Quinqueloculina bosciana,0.9883468747138976,1
118,data/eval_images/Quinqueloculina bosciana_3_view1_zstack_slice_z0021.png,Quinqueloculina bosciana,saltpepper,0.01,Quinqueloculina bosciana,0.9869203567504884,1
118,data/eval_images/Quinqueloculina bosciana_3_view1_zstack_slice_z0021.png,Quinqueloculina bosciana,saltpepper,0.03,Quinqueloculina bosciana,0.9889793395996094,1
118,data/eval_images/Quinqueloculina bosciana_3_view1_zstack_slice_z0021.png,Quinqueloculina bosciana,saltpepper,0.07,Quinqueloculina bosciana,0.990664005279541,1
118,data/eval_images/Quinqueloculina bosciana_3_view1_zstack_slice_z0021.png,Quinqueloculina bosciana,stretch,1.0,Quinqueloculina bosciana,0.9883468747138976,1
119,data/eval_images/Quinqueloculina bosciana_3_view1_zstack_slice_z0027.png,Quinqueloculina bosciana,gaussian,0.0,Quinqueloculina bosciana,0.9861910343170166,1
119,data/eval_images/Quinqueloculina bosciana_3_view1_zstack_slice_z0027.png,Quinqueloculina bosciana,gaussian,5.0,Quinqueloculina bosciana,0.9920891523361206,1
119,data/eval_images/Quinqueloculina bosciana_3_view1_zstack_slice_z0027.png,Quinqueloculina bosciana,gaussian,10.0,Quinqueloculina bosciana,0.9922383427619934,1
119,data/eval_images/Quinqueloculina bosciana_3_view1_zstack_slice_z0027.png,Quinqueloculina bosciana,gaussian,25.0,Quinqueloculina bosciana,0.9938342571258544,1
119,data/eval_images/Quinqueloculina bosciana_3_view1_zstack_slice_z0027.png,Quinqueloculina bosciana,gaussian,50.0,Quinqueloculina bosciana,0.991447687149048,1
119,data/eval_images/Quinqueloculina bosciana_3_view1_zstack_slice_z0027.png,Quinqueloculina bosciana,saltpepper,0.0,Quinqueloculina bosciana,0.9861910343170166,1
119,data/eval_images/Quinqueloculina bosciana_3_view1_zstack_slice_z0027.png,Quinqueloculina bosciana,saltpepper,0.01,Quinqueloculina bosciana,0.9905800223350524,1
119,data/eval_images/Quinqueloculina bosciana_3_view1_zstack_slice_z0027.png,Quinqueloculina bosciana,saltpepper,0.03,Quinqueloculina bosciana,0.9869140982627868,1
119,data/eval_images/Quinqueloculina bosciana_3_view1_zstack_slice_z0027.png,Quinqueloculina bosciana,saltpepper,0.07,Quinqueloculina bosciana,0.992438018321991,1
119,data/eval_images/Quinqueloculina bosciana_3_view1_zstack_slice_z0027.png,Quinqueloculina bosciana,stretch,1.0,Quinqueloculina bosciana,0.9861910343170166,1
120,data/eval_images/Quinqueloculina crassicarinata_4_view5_gif_original.png,Quinqueloculina crassicarinata,gaussian,0.0,Quinqueloculina crassicarinata,0.5964459776878357,1
120,data/eval_images/Quinqueloculina crassicarinata_4_view5_gif_original.png,Quinqueloculina crassicarinata,gaussian,5.0,Triloculina plicata,0.4280595779418945,0
120,data/eval_images/Quinqueloculina crassicarinata_4_view5_gif_original.png,Quinqueloculina crassicarinata,gaussian,10.0,Triloculina plicata,0.622122585773468,0
120,data/eval_images/Quinqueloculina crassicarinata_4_view5_gif_original.png,Quinqueloculina crassicarinata,gaussian,25.0,Triloculina plicata,0.6176772713661194,0
120,data/eval_images/Quinqueloculina crassicarinata_4_view5_gif_original.png,Quinqueloculina crassicarinata,gaussian,50.0,Triloculina plicata,0.6917229294776917,0
120,data/eval_images/Quinqueloculina crassicarinata_4_view5_gif_original.png,Quinqueloculina crassicarinata,saltpepper,0.0,Quinqueloculina crassicarinata,0.5964459776878357,1
120,data/eval_images/Quinqueloculina crassicarinata_4_view5_gif_original.png,Quinqueloculina crassicarinata,saltpepper,0.01,Quinqueloculina pulchella,0.5108757615089417,0
120,data/eval_images/Quinqueloculina crassicarinata_4_view5_gif_original.png,Quinqueloculina crassicarinata,saltpepper,0.03,Quinqueloculina pulchella,0.6728036999702454,0
120,data/eval_images/Quinqueloculina crassicarinata_4_view5_gif_original.png,Quinqueloculina crassicarinata,saltpepper,0.07,Triloculina plicata,0.7121878266334534,0
120,data/eval_images/Quinqueloculina crassicarinata_4_view5_gif_original.png,Quinqueloculina crassicarinata,stretch,1.0,Quinqueloculina crassicarinata,0.5964459776878357,1
121,data/eval_images/Quinqueloculina crassicarinata_4_view5_stacked_tiff.png,Quinqueloculina crassicarinata,gaussian,0.0,Quinqueloculina crassicarinata,0.6493809223175049,1
121,data/eval_images/Quinqueloculina crassicarinata_4_view5_stacked_tiff.png,Quinqueloculina crassicarinata,gaussian,5.0,Triloculina plicata,0.3784066438674927,0
121,data/eval_images/Quinqueloculina crassicarinata_4_view5_stacked_tiff.png,Quinqueloculina crassicarinata,gaussian,10.0,Triloculina plicata,0.5349036455154419,0
121,data/eval_images/Quinqueloculina crassicarinata_4_view5_stacked_tiff.png,Quinqueloculina crassicarinata,gaussian,25.0,Triloculina plicata,0.6898305416107178,0
121,data/eval_images/Quinqueloculina crassicarinata_4_view5_stacked_tiff.png,Quinqueloculina crassicarinata,gaussian,50.0,Triloculina plicata,0.7724090814590454,0
121,data/eval_images/Quinqueloculina crassicarinata_4_view5_stacked_tiff.png,Quinqueloculina crassicarinata,saltpepper,0.0,Quinqueloculina crassicarinata,0.6493809223175049,1
121,data/eval_images/Quinqueloculina crassicarinata_4_view5_stacked_tiff.png,Quinqueloculina crassicarinata,saltpepper,0.01,Quinqueloculina crassicarinata,0.5101858377456665,1
121,data/eval_images/Quinqueloculina crassicarinata_4_view5_stacked_tiff.png,Quinqueloculina crassicarinata,saltpepper,0.03,Quinqueloculina pulchella,0.4304831326007843,0
121,data/eval_images/Quinqueloculina crassicarinata_4_view5_stacked_tiff.png,Quinqueloculina crassicarinata,saltpepper,0.07,Triloculina plicata,0.7177690267562866,0
121,data/eval_images/Quinqueloculina crassicarinata_4_view5_stacked_tiff.png,Quinqueloculina crassicarinata,stretch,1.0,Quinqueloculina crassicarinata,0.6493809223175049,1
122,data/eval_images/Quinqueloculina crassicarinata_4_view5_zstack_slice_z0015.png,Quinqueloculina crassicarinata,gaussian,0.0,Quinqueloculina crassicarinata,0.3655701279640198,1
122,data/eval_images/Quinqueloculina crassicarinata_4_view5_zstack_slice_z0015.png,Quinqueloculina crassicarinata,gaussian,5.0,Triloculina plicata,0.878557562828064,0
122,data/eval_images/Quinqueloculina crassicarinata_4_view5_zstack_slice_z0015.png,Quinqueloculina crassicarinata,gaussian,10.0,Triloculina plicata,0.8702698945999146,0
122,data/eval_images/Quinqueloculina crassicarinata_4_view5_zstack_slice_z0015.png,Quinqueloculina crassicarinata,gaussian,25.0,Triloculina plicata,0.861290454864502,0
122,data/eval_images/Quinqueloculina crassicarinata_4_view5_zstack_slice_z0015.png,Quinqueloculina crassicarinata,gaussian,50.0,Triloculina plicata,0.8383523225784302,0
122,data/eval_images/Quinqueloculina crassicarinata_4_view5_zstack_slice_z0015.png,Quinqueloculina crassicarinata,saltpepper,0.0,Quinqueloculina crassicarinata,0.3655701279640198,1
122,data/eval_images/Quinqueloculina crassicarinata_4_view5_zstack_slice_z0015.png,Quinqueloculina crassicarinata,saltpepper,0.01,Triloculina plicata,0.5019956231117249,0
122,data/eval_images/Quinqueloculina crassicarinata_4_view5_zstack_slice_z0015.png,Quinqueloculina crassicarinata,saltpepper,0.03,Triloculina plicata,0.6438868641853333,0
122,data/eval_images/Quinqueloculina crassicarinata_4_view5_zstack_slice_z0015.png,Quinqueloculina crassicarinata,saltpepper,0.07,Triloculina plicata,0.9840906262397766,0
122,data/eval_images/Quinqueloculina crassicarinata_4_view5_zstack_slice_z0015.png,Quinqueloculina crassicarinata,stretch,1.0,Quinqueloculina crassicarinata,0.3655701279640198,1
123,data/eval_images/Quinqueloculina crassicarinata_4_view5_zstack_slice_z0025.png,Quinqueloculina crassicarinata,gaussian,0.0,Quinqueloculina crassicarinata,0.7812791466712952,1
123,data/eval_images/Quinqueloculina crassicarinata_4_view5_zstack_slice_z0025.png,Quinqueloculina crassicarinata,gaussian,5.0,Triloculina plicata,0.9042544960975648,0
123,data/eval_images/Quinqueloculina crassicarinata_4_view5_zstack_slice_z0025.png,Quinqueloculina crassicarinata,gaussian,10.0,Triloculina plicata,0.945457637310028,0
123,data/eval_images/Quinqueloculina crassicarinata_4_view5_zstack_slice_z0025.png,Quinqueloculina crassicarinata,gaussian,25.0,Triloculina plicata,0.8573886156082153,0
123,data/eval_images/Quinqueloculina crassicarinata_4_view5_zstack_slice_z0025.png,Quinqueloculina crassicarinata,gaussian,50.0,Triloculina plicata,0.7062128782272339,0
123,data/eval_images/Quinqueloculina crassicarinata_4_view5_zstack_slice_z0025.png,Quinqueloculina crassicarinata,saltpepper,0.0,Quinqueloculina crassicarinata,0.7812791466712952,1
123,data/eval_images/Quinqueloculina crassicarinata_4_view5_zstack_slice_z0025.png,Quinqueloculina crassicarinata,saltpepper,0.01,Triloculina plicata,0.6035016179084778,0
123,data/eval_images/Quinqueloculina crassicarinata_4_view5_zstack_slice_z0025.png,Quinqueloculina crassicarinata,saltpepper,0.03,Triloculina plicata,0.8905627131462097,0
123,data/eval_images/Quinqueloculina crassicarinata_4_view5_zstack_slice_z0025.png,Quinqueloculina crassicarinata,saltpepper,0.07,Triloculina plicata,0.9853066205978394,0
123,data/eval_images/Quinqueloculina crassicarinata_4_view5_zstack_slice_z0025.png,Quinqueloculina crassicarinata,stretch,1.0,Quinqueloculina crassicarinata,0.7812791466712952,1
124,data/eval_images/Quinqueloculina crassicarinata_4_view5_zstack_slice_z0027.png,Quinqueloculina crassicarinata,gaussian,0.0,Quinqueloculina crassicarinata,0.8787780404090881,1
124,data/eval_images/Quinqueloculina crassicarinata_4_view5_zstack_slice_z0027.png,Quinqueloculina crassicarinata,gaussian,5.0,Triloculina plicata,0.8910490870475769,0
124,data/eval_images/Quinqueloculina crassicarinata_4_view5_zstack_slice_z0027.png,Quinqueloculina crassicarinata,gaussian,10.0,Triloculina plicata,0.934296190738678,0
124,data/eval_images/Quinqueloculina crassicarinata_4_view5_zstack_slice_z0027.png,Quinqueloculina crassicarinata,gaussian,25.0,Triloculina plicata,0.8583547472953796,0
124,data/eval_images/Quinqueloculina crassicarinata_4_view5_zstack_slice_z0027.png,Quinqueloculina crassicarinata,gaussian,50.0,Triloculina plicata,0.7832173705101013,0
124,data/eval_images/Quinqueloculina crassicarinata_4_view5_zstack_slice_z0027.png,Quinqueloculina crassicarinata,saltpepper,0.0,Quinqueloculina crassicarinata,0.8787780404090881,1
124,data/eval_images/Quinqueloculina crassicarinata_4_view5_zstack_slice_z0027.png,Quinqueloculina crassicarinata,saltpepper,0.01,Triloculina plicata,0.6180133819580078,0
124,data/eval_images/Quinqueloculina crassicarinata_4_view5_zstack_slice_z0027.png,Quinqueloculina crassicarinata,saltpepper,0.03,Triloculina plicata,0.9728859663009644,0
124,data/eval_images/Quinqueloculina crassicarinata_4_view5_zstack_slice_z0027.png,Quinqueloculina crassicarinata,saltpepper,0.07,Triloculina plicata,0.985995590686798,0
124,data/eval_images/Quinqueloculina crassicarinata_4_view5_zstack_slice_z0027.png,Quinqueloculina crassicarinata,stretch,1.0,Quinqueloculina crassicarinata,0.8787780404090881,1
125,data/eval_images/Quinqueloculina crassicarinata_4_view5_zstack_slice_z0039.png,Quinqueloculina crassicarinata,gaussian,0.0,Quinqueloculina crassicarinata,0.8865081071853638,1
125,data/eval_images/Quinqueloculina crassicarinata_4_view5_zstack_slice_z0039.png,Quinqueloculina crassicarinata,gaussian,5.0,Triloculina plicata,0.7633754014968872,0
125,data/eval_images/Quinqueloculina crassicarinata_4_view5_zstack_slice_z0039.png,Quinqueloculina crassicarinata,gaussian,10.0,Triloculina plicata,0.8082932233810425,0
125,data/eval_images/Quinqueloculina crassicarinata_4_view5_zstack_slice_z0039.png,Quinqueloculina crassicarinata,gaussian,25.0,Triloculina plicata,0.8026814460754395,0
125,data/eval_images/Quinqueloculina crassicarinata_4_view5_zstack_slice_z0039.png,Quinqueloculina crassicarinata,gaussian,50.0,Triloculina plicata,0.5812519192695618,0
125,data/eval_images/Quinqueloculina crassicarinata_4_view5_zstack_slice_z0039.png,Quinqueloculina crassicarinata,saltpepper,0.0,Quinqueloculina crassicarinata,0.8865081071853638,1
125,data/eval_images/Quinqueloculina crassicarinata_4_view5_zstack_slice_z0039.png,Quinqueloculina crassicarinata,saltpepper,0.01,Triloculina plicata,0.8806037902832031,0
125,data/eval_images/Quinqueloculina crassicarinata_4_view5_zstack_slice_z0039.png,Quinqueloculina crassicarinata,saltpepper,0.03,Triloculina plicata,0.9763746857643129,0
125,data/eval_images/Quinqueloculina crassicarinata_4_view5_zstack_slice_z0039.png,Quinqueloculina crassicarinata,saltpepper,0.07,Triloculina plicata,0.975540578365326,0
125,data/eval_images/Quinqueloculina crassicarinata_4_view5_zstack_slice_z0039.png,Quinqueloculina crassicarinata,stretch,1.0,Quinqueloculina crassicarinata,0.8865081071853638,1
126,data/eval_images/Quinqueloculina crassicarinata_4_view5_zstack_slice_z0041.png,Quinqueloculina crassicarinata,gaussian,0.0,Quinqueloculina crassicarinata,0.748794674873352,1
126,data/eval_images/Quinqueloculina crassicarinata_4_view5_zstack_slice_z0041.png,Quinqueloculina crassicarinata,gaussian,5.0,Triloculina plicata,0.8216449022293091,0
126,data/eval_images/Quinqueloculina crassicarinata_4_view5_zstack_slice_z0041.png,Quinqueloculina crassicarinata,gaussian,10.0,Triloculina plicata,0.7778244018554688,0
126,data/eval_images/Quinqueloculina crassicarinata_4_view5_zstack_slice_z0041.png,Quinqueloculina crassicarinata,gaussian,25.0,Triloculina plicata,0.6446479558944702,0
126,data/eval_images/Quinqueloculina crassicarinata_4_view5_zstack_slice_z0041.png,Quinqueloculina crassicarinata,gaussian,50.0,Triloculina plicata,0.6557855606079102,0
126,data/eval_images/Quinqueloculina crassicarinata_4_view5_zstack_slice_z0041.png,Quinqueloculina crassicarinata,saltpepper,0.0,Quinqueloculina crassicarinata,0.748794674873352,1
126,data/eval_images/Quinqueloculina crassicarinata_4_view5_zstack_slice_z0041.png,Quinqueloculina crassicarinata,saltpepper,0.01,Triloculina plicata,0.926688313484192,0
126,data/eval_images/Quinqueloculina crassicarinata_4_view5_zstack_slice_z0041.png,Quinqueloculina crassicarinata,saltpepper,0.03,Triloculina plicata,0.9838188290596008,0
126,data/eval_images/Quinqueloculina crassicarinata_4_view5_zstack_slice_z0041.png,Quinqueloculina crassicarinata,saltpepper,0.07,Triloculina plicata,0.9697980880737304,0
126,data/eval_images/Quinqueloculina crassicarinata_4_view5_zstack_slice_z0041.png,Quinqueloculina crassicarinata,stretch,1.0,Quinqueloculina crassicarinata,0.748794674873352,1
127,data/eval_images/Quinqueloculina pulchella_5_view2_gif_original.png,Quinqueloculina pulchella,gaussian,0.0,Quinqueloculina crassicarinata,0.6602579951286316,0
127,data/eval_images/Quinqueloculina pulchella_5_view2_gif_original.png,Quinqueloculina pulchella,gaussian,5.0,Amphistegina radiata,0.6369130611419678,0
127,data/eval_images/Quinqueloculina pulchella_5_view2_gif_original.png,Quinqueloculina pulchella,gaussian,10.0,Amphistegina radiata,0.8223954439163208,0
127,data/eval_images/Quinqueloculina pulchella_5_view2_gif_original.png,Quinqueloculina pulchella,gaussian,25.0,Amphistegina radiata,0.8784105181694031,0
127,data/eval_images/Quinqueloculina pulchella_5_view2_gif_original.png,Quinqueloculina pulchella,gaussian,50.0,Amphistegina radiata,0.816277265548706,0
127,data/eval_images/Quinqueloculina pulchella_5_view2_gif_original.png,Quinqueloculina pulchella,saltpepper,0.0,Quinqueloculina crassicarinata,0.6602579951286316,0
127,data/eval_images/Quinqueloculina pulchella_5_view2_gif_original.png,Quinqueloculina pulchella,saltpepper,0.01,Quinqueloculina crassicarinata,0.5528634190559387,0
127,data/eval_images/Quinqueloculina pulchella_5_view2_gif_original.png,Quinqueloculina pulchella,saltpepper,0.03,Quinqueloculina pulchella,0.4672556519508362,1
127,data/eval_images/Quinqueloculina pulchella_5_view2_gif_original.png,Quinqueloculina pulchella,saltpepper,0.07,Spirosigmoilina parri,0.5483414530754089,0
127,data/eval_images/Quinqueloculina pulchella_5_view2_gif_original.png,Quinqueloculina pulchella,stretch,1.0,Quinqueloculina crassicarinata,0.6602579951286316,0
128,data/eval_images/Quinqueloculina pulchella_5_view2_stacked_tiff.png,Quinqueloculina pulchella,gaussian,0.0,Quinqueloculina pulchella,0.7012783288955688,1
128,data/eval_images/Quinqueloculina pulchella_5_view2_stacked_tiff.png,Quinqueloculina pulchella,gaussian,5.0,Amphistegina radiata,0.9235419034957886,0
128,data/eval_images/Quinqueloculina pulchella_5_view2_stacked_tiff.png,Quinqueloculina pulchella,gaussian,10.0,Amphistegina radiata,0.9681931138038636,0
128,data/eval_images/Quinqueloculina pulchella_5_view2_stacked_tiff.png,Quinqueloculina pulchella,gaussian,25.0,Amphistegina radiata,0.9019188284873962,0
128,data/eval_images/Quinqueloculina pulchella_5_view2_stacked_tiff.png,Quinqueloculina pulchella,gaussian,50.0,Amphistegina radiata,0.8664690852165222,0
128,data/eval_images/Quinqueloculina pulchella_5_view2_stacked_tiff.png,Quinqueloculina pulchella,saltpepper,0.0,Quinqueloculina pulchella,0.7012783288955688,1
128,data/eval_images/Quinqueloculina pulchella_5_view2_stacked_tiff.png,Quinqueloculina pulchella,saltpepper,0.01,Quinqueloculina pulchella,0.7273257374763489,1
128,data/eval_images/Quinqueloculina pulchella_5_view2_stacked_tiff.png,Quinqueloculina pulchella,saltpepper,0.03,Quinqueloculina pulchella,0.5745016932487488,1
128,data/eval_images/Quinqueloculina pulchella_5_view2_stacked_tiff.png,Quinqueloculina pulchella,saltpepper,0.07,Quinqueloculina pulchella,0.5441436171531677,1
128,data/eval_images/Quinqueloculina pulchella_5_view2_stacked_tiff.png,Quinqueloculina pulchella,stretch,1.0,Quinqueloculina pulchella,0.7012783288955688,1
129,data/eval_images/Quinqueloculina pulchella_5_view2_zstack_slice_z0003.png,Quinqueloculina pulchella,gaussian,0.0,Quinqueloculina pulchella,0.8235424160957336,1
129,data/eval_images/Quinqueloculina pulchella_5_view2_zstack_slice_z0003.png,Quinqueloculina pulchella,gaussian,5.0,Quinqueloculina pulchella,0.4930201172828674,1
129,data/eval_images/Quinqueloculina pulchella_5_view2_zstack_slice_z0003.png,Quinqueloculina pulchella,gaussian,10.0,Amphistegina radiata,0.6685029864311218,0
129,data/eval_images/Quinqueloculina pulchella_5_view2_zstack_slice_z0003.png,Quinqueloculina pulchella,gaussian,25.0,Amphistegina radiata,0.7911196351051331,0
129,data/eval_images/Quinqueloculina pulchella_5_view2_zstack_slice_z0003.png,Quinqueloculina pulchella,gaussian,50.0,Amphistegina radiata,0.8172857761383057,0
129,data/eval_images/Quinqueloculina pulchella_5_view2_zstack_slice_z0003.png,Quinqueloculina pulchella,saltpepper,0.0,Quinqueloculina pulchella,0.8235424160957336,1
129,data/eval_images/Quinqueloculina pulchella_5_view2_zstack_slice_z0003.png,Quinqueloculina pulchella,saltpepper,0.01,Quinqueloculina pulchella,0.6035253405570984,1
129,data/eval_images/Quinqueloculina pulchella_5_view2_zstack_slice_z0003.png,Quinqueloculina pulchella,saltpepper,0.03,Quinqueloculina pulchella,0.7220965623855591,1
129,data/eval_images/Quinqueloculina pulchella_5_view2_zstack_slice_z0003.png,Quinqueloculina pulchella,saltpepper,0.07,Quinqueloculina pulchella,0.4094989001750946,1
129,data/eval_images/Quinqueloculina pulchella_5_view2_zstack_slice_z0003.png,Quinqueloculina pulchella,stretch,1.0,Quinqueloculina pulchella,0.8235424160957336,1
130,data/eval_images/Quinqueloculina pulchella_5_view2_zstack_slice_z0010.png,Quinqueloculina pulchella,gaussian,0.0,Quinqueloculina pulchella,0.9225826859474182,1
130,data/eval_images/Quinqueloculina pulchella_5_view2_zstack_slice_z0010.png,Quinqueloculina pulchella,gaussian,5.0,Quinqueloculina pulchella,0.6570040583610535,1
130,data/eval_images/Quinqueloculina pulchella_5_view2_zstack_slice_z0010.png,Quinqueloculina pulchella,gaussian,10.0,Amphistegina radiata,0.7706610560417175,0
130,data/eval_images/Quinqueloculina pulchella_5_view2_zstack_slice_z0010.png,Quinqueloculina pulchella,gaussian,25.0,Amphistegina radiata,0.8401669859886169,0
130,data/eval_images/Quinqueloculina pulchella_5_view2_zstack_slice_z0010.png,Quinqueloculina pulchella,gaussian,50.0,Amphistegina radiata,0.7765772938728333,0
130,data/eval_images/Quinqueloculina pulchella_5_view2_zstack_slice_z0010.png,Quinqueloculina pulchella,saltpepper,0.0,Quinqueloculina pulchella,0.9225826859474182,1
130,data/eval_images/Quinqueloculina pulchella_5_view2_zstack_slice_z0010.png,Quinqueloculina pulchella,saltpepper,0.01,Quinqueloculina pulchella,0.7853933572769165,1
130,data/eval_images/Quinqueloculina pulchella_5_view2_zstack_slice_z0010.png,Quinqueloculina pulchella,saltpepper,0.03,Quinqueloculina pulchella,0.7518555521965027,1
130,data/eval_images/Quinqueloculina pulchella_5_view2_zstack_slice_z0010.png,Quinqueloculina pulchella,saltpepper,0.07,Quinqueloculina pulchella,0.5080759525299072,1
130,data/eval_images/Quinqueloculina pulchella_5_view2_zstack_slice_z0010.png,Quinqueloculina pulchella,stretch,1.0,Quinqueloculina pulchella,0.9225826859474182,1
131,data/eval_images/Quinqueloculina pulchella_5_view2_zstack_slice_z0014.png,Quinqueloculina pulchella,gaussian,0.0,Quinqueloculina pulchella,0.9239925742149352,1
131,data/eval_images/Quinqueloculina pulchella_5_view2_zstack_slice_z0014.png,Quinqueloculina pulchella,gaussian,5.0,Quinqueloculina pulchella,0.7297667860984802,1
131,data/eval_images/Quinqueloculina pulchella_5_view2_zstack_slice_z0014.png,Quinqueloculina pulchella,gaussian,10.0,Amphistegina radiata,0.7759747505187988,0
131,data/eval_images/Quinqueloculina pulchella_5_view2_zstack_slice_z0014.png,Quinqueloculina pulchella,gaussian,25.0,Amphistegina radiata,0.865248441696167,0
131,data/eval_images/Quinqueloculina pulchella_5_view2_zstack_slice_z0014.png,Quinqueloculina pulchella,gaussian,50.0,Amphistegina radiata,0.853913426399231,0
131,data/eval_images/Quinqueloculina pulchella_5_view2_zstack_slice_z0014.png,Quinqueloculina pulchella,saltpepper,0.0,Quinqueloculina pulchella,0.9239925742149352,1
131,data/eval_images/Quinqueloculina pulchella_5_view2_zstack_slice_z0014.png,Quinqueloculina pulchella,saltpepper,0.01,Quinqueloculina pulchella,0.8000255823135376,1
131,data/eval_images/Quinqueloculina pulchella_5_view2_zstack_slice_z0014.png,Quinqueloculina pulchella,saltpepper,0.03,Quinqueloculina pulchella,0.7270280122756958,1
131,data/eval_images/Quinqueloculina pulchella_5_view2_zstack_slice_z0014.png,Quinqueloculina pulchella,saltpepper,0.07,Quinqueloculina pulchella,0.6527410745620728,1
131,data/eval_images/Quinqueloculina pulchella_5_view2_zstack_slice_z0014.png,Quinqueloculina pulchella,stretch,1.0,Quinqueloculina pulchella,0.9239925742149352,1
132,data/eval_images/Quinqueloculina pulchella_5_view2_zstack_slice_z0019.png,Quinqueloculina pulchella,gaussian,0.0,Quinqueloculina pulchella,0.9206140637397766,1
132,data/eval_images/Quinqueloculina pulchella_5_view2_zstack_slice_z0019.png,Quinqueloculina pulchella,gaussian,5.0,Quinqueloculina pulchella,0.5673255324363708,1
132,data/eval_images/Quinqueloculina pulchella_5_view2_zstack_slice_z0019.png,Quinqueloculina pulchella,gaussian,10.0,Amphistegina radiata,0.8124587535858154,0
132,data/eval_images/Quinqueloculina pulchella_5_view2_zstack_slice_z0019.png,Quinqueloculina pulchella,gaussian,25.0,Amphistegina radiata,0.8492097854614258,0
132,data/eval_images/Quinqueloculina pulchella_5_view2_zstack_slice_z0019.png,Quinqueloculina pulchella,gaussian,50.0,Amphistegina radiata,0.7719391584396362,0
132,data/eval_images/Quinqueloculina pulchella_5_view2_zstack_slice_z0019.png,Quinqueloculina pulchella,saltpepper,0.0,Quinqueloculina pulchella,0.9206140637397766,1
132,data/eval_images/Quinqueloculina pulchella_5_view2_zstack_slice_z0019.png,Quinqueloculina pulchella,saltpepper,0.01,Quinqueloculina pulchella,0.8946613669395447,1
132,data/eval_images/Quinqueloculina pulchella_5_view2_zstack_slice_z0019.png,Quinqueloculina pulchella,saltpepper,0.03,Quinqueloculina pulchella,0.7934392094612122,1
132,data/eval_images/Quinqueloculina pulchella_5_view2_zstack_slice_z0019.png,Quinqueloculina pulchella,saltpepper,0.07,Quinqueloculina pulchella,0.616729736328125,1
132,data/eval_images/Quinqueloculina pulchella_5_view2_zstack_slice_z0019.png,Quinqueloculina pulchella,stretch,1.0,Quinqueloculina pulchella,0.9206140637397766,1
133,data/eval_images/Quinqueloculina pulchella_5_view2_zstack_slice_z0050.png,Quinqueloculina pulchella,gaussian,0.0,Quinqueloculina pulchella,0.7701741456985474,1
133,data/eval_images/Quinqueloculina pulchella_5_view2_zstack_slice_z0050.png,Quinqueloculina pulchella,gaussian,5.0,Amphistegina radiata,0.9067386388778688,0
133,data/eval_images/Quinqueloculina pulchella_5_view2_zstack_slice_z0050.png,Quinqueloculina pulchella,gaussian,10.0,Amphistegina radiata,0.9819812178611756,0
133,data/eval_images/Quinqueloculina pulchella_5_view2_zstack_slice_z0050.png,Quinqueloculina pulchella,gaussian,25.0,Amphistegina radiata,0.9727160334587096,0
133,data/eval_images/Quinqueloculina pulchella_5_view2_zstack_slice_z0050.png,Quinqueloculina pulchella,gaussian,50.0,Amphistegina radiata,0.9562907218933104,0
133,data/eval_images/Quinqueloculina pulchella_5_view2_zstack_slice_z0050.png,Quinqueloculina pulchella,saltpepper,0.0,Quinqueloculina pulchella,0.7701741456985474,1
133,data/eval_images/Quinqueloculina pulchella_5_view2_zstack_slice_z0050.png,Quinqueloculina pulchella,saltpepper,0.01,Quinqueloculina pulchella,0.794633686542511,1
133,data/eval_images/Quinqueloculina pulchella_5_view2_zstack_slice_z0050.png,Quinqueloculina pulchella,saltpepper,0.03,Quinqueloculina pulchella,0.5181941390037537,1
133,data/eval_images/Quinqueloculina pulchella_5_view2_zstack_slice_z0050.png,Quinqueloculina pulchella,saltpepper,0.07,Quinqueloculina pulchella,0.3428089320659637,1
133,data/eval_images/Quinqueloculina pulchella_5_view2_zstack_slice_z0050.png,Quinqueloculina pulchella,stretch,1.0,Quinqueloculina pulchella,0.7701741456985474,1
134,data/eval_images/Sahulia kerimbaensis_19_view1_gif_original.png,Sahulia kerimbaensis,gaussian,0.0,Sahulia kerimbaensis,0.9713461995124816,1
134,data/eval_images/Sahulia kerimbaensis_19_view1_gif_original.png,Sahulia kerimbaensis,gaussian,5.0,Sahulia kerimbaensis,0.8409051299095154,1
134,data/eval_images/Sahulia kerimbaensis_19_view1_gif_original.png,Sahulia kerimbaensis,gaussian,10.0,Bigenerina nodosaria,0.2909368276596069,0
134,data/eval_images/Sahulia kerimbaensis_19_view1_gif_original.png,Sahulia kerimbaensis,gaussian,25.0,Neorotalia calcar,0.3306994140148163,0
134,data/eval_images/Sahulia kerimbaensis_19_view1_gif_original.png,Sahulia kerimbaensis,gaussian,50.0,Amphistegina radiata,0.3029793202877044,0
134,data/eval_images/Sahulia kerimbaensis_19_view1_gif_original.png,Sahulia kerimbaensis,saltpepper,0.0,Sahulia kerimbaensis,0.9713461995124816,1
134,data/eval_images/Sahulia kerimbaensis_19_view1_gif_original.png,Sahulia kerimbaensis,saltpepper,0.01,Sahulia kerimbaensis,0.977871835231781,1
134,data/eval_images/Sahulia kerimbaensis_19_view1_gif_original.png,Sahulia kerimbaensis,saltpepper,0.03,Sahulia kerimbaensis,0.9850283861160278,1
134,data/eval_images/Sahulia kerimbaensis_19_view1_gif_original.png,Sahulia kerimbaensis,saltpepper,0.07,Sahulia kerimbaensis,0.847599446773529,1
134,data/eval_images/Sahulia kerimbaensis_19_view1_gif_original.png,Sahulia kerimbaensis,stretch,1.0,Sahulia kerimbaensis,0.9713461995124816,1
135,data/eval_images/Sahulia kerimbaensis_19_view1_stacked_tiff.png,Sahulia kerimbaensis,gaussian,0.0,Sahulia kerimbaensis,0.9918004870414734,1
135,data/eval_images/Sahulia kerimbaensis_19_view1_stacked_tiff.png,Sahulia kerimbaensis,gaussian,5.0,Sahulia kerimbaensis,0.959825038909912,1
135,data/eval_images/Sahulia kerimbaensis_19_view1_stacked_tiff.png,Sahulia kerimbaensis,gaussian,10.0,Sahulia kerimbaensis,0.7999464273452759,1
135,data/eval_images/Sahulia kerimbaensis_19_view1_stacked_tiff.png,Sahulia kerimbaensis,gaussian,25.0,Neorotalia calcar,0.3523244559764862,0
135,data/eval_images/Sahulia kerimbaensis_19_view1_stacked_tiff.png,Sahulia kerimbaensis,gaussian,50.0,Amphistegina radiata,0.3950015306472778,0
135,data/eval_images/Sahulia kerimbaensis_19_view1_stacked_tiff.png,Sahulia kerimbaensis,saltpepper,0.0,Sahulia kerimbaensis,0.9918004870414734,1
135,data/eval_images/Sahulia kerimbaensis_19_view1_stacked_tiff.png,Sahulia kerimbaensis,saltpepper,0.01,Sahulia kerimbaensis,0.9937275648117064,1
135,data/eval_images/Sahulia kerimbaensis_19_view1_stacked_tiff.png,Sahulia kerimbaensis,saltpepper,0.03,Sahulia kerimbaensis,0.9947006702423096,1
135,data/eval_images/Sahulia kerimbaensis_19_view1_stacked_tiff.png,Sahulia kerimbaensis,saltpepper,0.07,Sahulia kerimbaensis,0.940697193145752,1
135,data/eval_images/Sahulia kerimbaensis_19_view1_stacked_tiff.png,Sahulia kerimbaensis,stretch,1.0,Sahulia kerimbaensis,0.9918004870414734,1
136,data/eval_images/Sahulia kerimbaensis_19_view1_zstack_slice_z0000.png,Sahulia kerimbaensis,gaussian,0.0,Sahulia kerimbaensis,0.997887909412384,1
136,data/eval_images/Sahulia kerimbaensis_19_view1_zstack_slice_z0000.png,Sahulia kerimbaensis,gaussian,5.0,Sahulia kerimbaensis,0.9931459426879884,1
136,data/eval_images/Sahulia kerimbaensis_19_view1_zstack_slice_z0000.png,Sahulia kerimbaensis,gaussian,10.0,Sahulia kerimbaensis,0.979345440864563,1
136,data/eval_images/Sahulia kerimbaensis_19_view1_zstack_slice_z0000.png,Sahulia kerimbaensis,gaussian,25.0,Sahulia kerimbaensis,0.6163520216941833,1
136,data/eval_images/Sahulia kerimbaensis_19_view1_zstack_slice_z0000.png,Sahulia kerimbaensis,gaussian,50.0,Agglutinella soriformis,0.4536238014698028,0
136,data/eval_images/Sahulia kerimbaensis_19_view1_zstack_slice_z0000.png,Sahulia kerimbaensis,saltpepper,0.0,Sahulia kerimbaensis,0.997887909412384,1
136,data/eval_images/Sahulia kerimbaensis_19_view1_zstack_slice_z0000.png,Sahulia kerimbaensis,saltpepper,0.01,Sahulia kerimbaensis,0.9980388283729552,1
136,data/eval_images/Sahulia kerimbaensis_19_view1_zstack_slice_z0000.png,Sahulia kerimbaensis,saltpepper,0.03,Sahulia kerimbaensis,0.9978840947151184,1
136,data/eval_images/Sahulia kerimbaensis_19_view1_zstack_slice_z0000.png,Sahulia kerimbaensis,saltpepper,0.07,Sahulia kerimbaensis,0.9928225874900818,1
136,data/eval_images/Sahulia kerimbaensis_19_view1_zstack_slice_z0000.png,Sahulia kerimbaensis,stretch,1.0,Sahulia kerimbaensis,0.997887909412384,1
137,data/eval_images/Sahulia kerimbaensis_19_view1_zstack_slice_z0011.png,Sahulia kerimbaensis,gaussian,0.0,Sahulia kerimbaensis,0.9975818395614624,1
137,data/eval_images/Sahulia kerimbaensis_19_view1_zstack_slice_z0011.png,Sahulia kerimbaensis,gaussian,5.0,Sahulia kerimbaensis,0.9934021830558776,1
137,data/eval_images/Sahulia kerimbaensis_19_view1_zstack_slice_z0011.png,Sahulia kerimbaensis,gaussian,10.0,Sahulia kerimbaensis,0.951499044895172,1
137,data/eval_images/Sahulia kerimbaensis_19_view1_zstack_slice_z0011.png,Sahulia kerimbaensis,gaussian,25.0,Sahulia kerimbaensis,0.4803338944911957,1
137,data/eval_images/Sahulia kerimbaensis_19_view1_zstack_slice_z0011.png,Sahulia kerimbaensis,gaussian,50.0,Agglutinella soriformis,0.4473002552986145,0
137,data/eval_images/Sahulia kerimbaensis_19_view1_zstack_slice_z0011.png,Sahulia kerimbaensis,saltpepper,0.0,Sahulia kerimbaensis,0.9975818395614624,1
137,data/eval_images/Sahulia kerimbaensis_19_view1_zstack_slice_z0011.png,Sahulia kerimbaensis,saltpepper,0.01,Sahulia kerimbaensis,0.9972910284996032,1
137,data/eval_images/Sahulia kerimbaensis_19_view1_zstack_slice_z0011.png,Sahulia kerimbaensis,saltpepper,0.03,Sahulia kerimbaensis,0.9963854551315308,1
137,data/eval_images/Sahulia kerimbaensis_19_view1_zstack_slice_z0011.png,Sahulia kerimbaensis,saltpepper,0.07,Sahulia kerimbaensis,0.9924749732017516,1
137,data/eval_images/Sahulia kerimbaensis_19_view1_zstack_slice_z0011.png,Sahulia kerimbaensis,stretch,1.0,Sahulia kerimbaensis,0.9975818395614624,1
138,data/eval_images/Sahulia kerimbaensis_19_view1_zstack_slice_z0013.png,Sahulia kerimbaensis,gaussian,0.0,Sahulia kerimbaensis,0.9975920915603638,1
138,data/eval_images/Sahulia kerimbaensis_19_view1_zstack_slice_z0013.png,Sahulia kerimbaensis,gaussian,5.0,Sahulia kerimbaensis,0.993818700313568,1
138,data/eval_images/Sahulia kerimbaensis_19_view1_zstack_slice_z0013.png,Sahulia kerimbaensis,gaussian,10.0,Sahulia kerimbaensis,0.9589255452156068,1
138,data/eval_images/Sahulia kerimbaensis_19_view1_zstack_slice_z0013.png,Sahulia kerimbaensis,gaussian,25.0,Sahulia kerimbaensis,0.5805217027664185,1
138,data/eval_images/Sahulia kerimbaensis_19_view1_zstack_slice_z0013.png,Sahulia kerimbaensis,gaussian,50.0,Agglutinella soriformis,0.3652811050415039,0
138,data/eval_images/Sahulia kerimbaensis_19_view1_zstack_slice_z0013.png,Sahulia kerimbaensis,saltpepper,0.0,Sahulia kerimbaensis,0.9975920915603638,1
138,data/eval_images/Sahulia kerimbaensis_19_view1_zstack_slice_z0013.png,Sahulia kerimbaensis,saltpepper,0.01,Sahulia kerimbaensis,0.9973241090774536,1
138,data/eval_images/Sahulia kerimbaensis_19_view1_zstack_slice_z0013.png,Sahulia kerimbaensis,saltpepper,0.03,Sahulia kerimbaensis,0.99790620803833,1
138,data/eval_images/Sahulia kerimbaensis_19_view1_zstack_slice_z0013.png,Sahulia kerimbaensis,saltpepper,0.07,Sahulia kerimbaensis,0.991963505744934,1
138,data/eval_images/Sahulia kerimbaensis_19_view1_zstack_slice_z0013.png,Sahulia kerimbaensis,stretch,1.0,Sahulia kerimbaensis,0.9975920915603638,1
139,data/eval_images/Sahulia kerimbaensis_19_view1_zstack_slice_z0018.png,Sahulia kerimbaensis,gaussian,0.0,Sahulia kerimbaensis,0.9973457455635072,1
139,data/eval_images/Sahulia kerimbaensis_19_view1_zstack_slice_z0018.png,Sahulia kerimbaensis,gaussian,5.0,Sahulia kerimbaensis,0.992486834526062,1
139,data/eval_images/Sahulia kerimbaensis_19_view1_zstack_slice_z0018.png,Sahulia kerimbaensis,gaussian,10.0,Sahulia kerimbaensis,0.9432222247123718,1
139,data/eval_images/Sahulia kerimbaensis_19_view1_zstack_slice_z0018.png,Sahulia kerimbaensis,gaussian,25.0,Sahulia kerimbaensis,0.5987067818641663,1
139,data/eval_images/Sahulia kerimbaensis_19_view1_zstack_slice_z0018.png,Sahulia kerimbaensis,gaussian,50.0,Agglutinella soriformis,0.3017957210540771,0
139,data/eval_images/Sahulia kerimbaensis_19_view1_zstack_slice_z0018.png,Sahulia kerimbaensis,saltpepper,0.0,Sahulia kerimbaensis,0.9973457455635072,1
139,data/eval_images/Sahulia kerimbaensis_19_view1_zstack_slice_z0018.png,Sahulia kerimbaensis,saltpepper,0.01,Sahulia kerimbaensis,0.9970380067825316,1
139,data/eval_images/Sahulia kerimbaensis_19_view1_zstack_slice_z0018.png,Sahulia kerimbaensis,saltpepper,0.03,Sahulia kerimbaensis,0.9978437423706056,1
139,data/eval_images/Sahulia kerimbaensis_19_view1_zstack_slice_z0018.png,Sahulia kerimbaensis,saltpepper,0.07,Sahulia kerimbaensis,0.9921247363090516,1
139,data/eval_images/Sahulia kerimbaensis_19_view1_zstack_slice_z0018.png,Sahulia kerimbaensis,stretch,1.0,Sahulia kerimbaensis,0.9973457455635072,1
140,data/eval_images/Sahulia kerimbaensis_19_view1_zstack_slice_z0021.png,Sahulia kerimbaensis,gaussian,0.0,Sahulia kerimbaensis,0.9966446161270142,1
140,data/eval_images/Sahulia kerimbaensis_19_view1_zstack_slice_z0021.png,Sahulia kerimbaensis,gaussian,5.0,Sahulia kerimbaensis,0.99183452129364,1
140,data/eval_images/Sahulia kerimbaensis_19_view1_zstack_slice_z0021.png,Sahulia kerimbaensis,gaussian,10.0,Sahulia kerimbaensis,0.949966311454773,1
140,data/eval_images/Sahulia kerimbaensis_19_view1_zstack_slice_z0021.png,Sahulia kerimbaensis,gaussian,25.0,Sahulia kerimbaensis,0.517552375793457,1
140,data/eval_images/Sahulia kerimbaensis_19_view1_zstack_slice_z0021.png,Sahulia kerimbaensis,gaussian,50.0,Agglutinella soriformis,0.4050082266330719,0
140,data/eval_images/Sahulia kerimbaensis_19_view1_zstack_slice_z0021.png,Sahulia kerimbaensis,saltpepper,0.0,Sahulia kerimbaensis,0.9966446161270142,1
140,data/eval_images/Sahulia kerimbaensis_19_view1_zstack_slice_z0021.png,Sahulia kerimbaensis,saltpepper,0.01,Sahulia kerimbaensis,0.996475875377655,1
140,data/eval_images/Sahulia kerimbaensis_19_view1_zstack_slice_z0021.png,Sahulia kerimbaensis,saltpepper,0.03,Sahulia kerimbaensis,0.9973188042640686,1
140,data/eval_images/Sahulia kerimbaensis_19_view1_zstack_slice_z0021.png,Sahulia kerimbaensis,saltpepper,0.07,Sahulia kerimbaensis,0.9510676860809326,1
140,data/eval_images/Sahulia kerimbaensis_19_view1_zstack_slice_z0021.png,Sahulia kerimbaensis,stretch,1.0,Sahulia kerimbaensis,0.9966446161270142,1
141,data/eval_images/Siphonaperta arenata_21_view3_gif_original.png,Siphonaperta arenata,gaussian,0.0,Siphonaperta arenata,0.9971867203712464,1
141,data/eval_images/Siphonaperta arenata_21_view3_gif_original.png,Siphonaperta arenata,gaussian,5.0,Siphonaperta arenata,0.9965149164199828,1
141,data/eval_images/Siphonaperta arenata_21_view3_gif_original.png,Siphonaperta arenata,gaussian,10.0,Siphonaperta arenata,0.9889407753944396,1
141,data/eval_images/Siphonaperta arenata_21_view3_gif_original.png,Siphonaperta arenata,gaussian,25.0,Siphonaperta arenata,0.890351414680481,1
141,data/eval_images/Siphonaperta arenata_21_view3_gif_original.png,Siphonaperta arenata,gaussian,50.0,Siphonaperta arenata,0.8135888576507568,1
141,data/eval_images/Siphonaperta arenata_21_view3_gif_original.png,Siphonaperta arenata,saltpepper,0.0,Siphonaperta arenata,0.9971867203712464,1
141,data/eval_images/Siphonaperta arenata_21_view3_gif_original.png,Siphonaperta arenata,saltpepper,0.01,Siphonaperta arenata,0.9966636300086976,1
141,data/eval_images/Siphonaperta arenata_21_view3_gif_original.png,Siphonaperta arenata,saltpepper,0.03,Siphonaperta arenata,0.9928593635559082,1
141,data/eval_images/Siphonaperta arenata_21_view3_gif_original.png,Siphonaperta arenata,saltpepper,0.07,Siphonaperta arenata,0.9834848046302797,1
141,data/eval_images/Siphonaperta arenata_21_view3_gif_original.png,Siphonaperta arenata,stretch,1.0,Siphonaperta arenata,0.9971867203712464,1
142,data/eval_images/Siphonaperta arenata_21_view3_stacked_tiff.png,Siphonaperta arenata,gaussian,0.0,Siphonaperta arenata,0.9973374009132384,1
142,data/eval_images/Siphonaperta arenata_21_view3_stacked_tiff.png,Siphonaperta arenata,gaussian,5.0,Siphonaperta arenata,0.9969143867492676,1
142,data/eval_images/Siphonaperta arenata_21_view3_stacked_tiff.png,Siphonaperta arenata,gaussian,10.0,Siphonaperta arenata,0.9936698079109192,1
142,data/eval_images/Siphonaperta arenata_21_view3_stacked_tiff.png,Siphonaperta arenata,gaussian,25.0,Siphonaperta arenata,0.9557531476020812,1
142,data/eval_images/Siphonaperta arenata_21_view3_stacked_tiff.png,Siphonaperta arenata,gaussian,50.0,Siphonaperta arenata,0.8515146374702454,1
142,data/eval_images/Siphonaperta arenata_21_view3_stacked_tiff.png,Siphonaperta arenata,saltpepper,0.0,Siphonaperta arenata,0.9973374009132384,1
142,data/eval_images/Siphonaperta arenata_21_view3_stacked_tiff.png,Siphonaperta arenata,saltpepper,0.01,Siphonaperta arenata,0.99695885181427,1
142,data/eval_images/Siphonaperta arenata_21_view3_stacked_tiff.png,Siphonaperta arenata,saltpepper,0.03,Siphonaperta arenata,0.994892120361328,1
142,data/eval_images/Siphonaperta arenata_21_view3_stacked_tiff.png,Siphonaperta arenata,saltpepper,0.07,Siphonaperta arenata,0.9915890097618104,1
142,data/eval_images/Siphonaperta arenata_21_view3_stacked_tiff.png,Siphonaperta arenata,stretch,1.0,Siphonaperta arenata,0.9973374009132384,1
143,data/eval_images/Siphonaperta arenata_21_view3_zstack_slice_z0001.png,Siphonaperta arenata,gaussian,0.0,Siphonaperta arenata,0.997899293899536,1
143,data/eval_images/Siphonaperta arenata_21_view3_zstack_slice_z0001.png,Siphonaperta arenata,gaussian,5.0,Siphonaperta arenata,0.9972265362739564,1
143,data/eval_images/Siphonaperta arenata_21_view3_zstack_slice_z0001.png,Siphonaperta arenata,gaussian,10.0,Siphonaperta arenata,0.9959706664085388,1
143,data/eval_images/Siphonaperta arenata_21_view3_zstack_slice_z0001.png,Siphonaperta arenata,gaussian,25.0,Siphonaperta arenata,0.962733268737793,1
143,data/eval_images/Siphonaperta arenata_21_view3_zstack_slice_z0001.png,Siphonaperta arenata,gaussian,50.0,Siphonaperta arenata,0.9249258041381836,1
143,data/eval_images/Siphonaperta arenata_21_view3_zstack_slice_z0001.png,Siphonaperta arenata,saltpepper,0.0,Siphonaperta arenata,0.997899293899536,1
143,data/eval_images/Siphonaperta arenata_21_view3_zstack_slice_z0001.png,Siphonaperta arenata,saltpepper,0.01,Siphonaperta arenata,0.9971745014190674,1
143,data/eval_images/Siphonaperta arenata_21_view3_zstack_slice_z0001.png,Siphonaperta arenata,saltpepper,0.03,Siphonaperta arenata,0.9945580959320068,1
143,data/eval_images/Siphonaperta arenata_21_view3_zstack_slice_z0001.png,Siphonaperta arenata,saltpepper,0.07,Siphonaperta arenata,0.9794583320617676,1
143,data/eval_images/Siphonaperta arenata_21_view3_zstack_slice_z0001.png,Siphonaperta arenata,stretch,1.0,Siphonaperta arenata,0.997899293899536,1
144,data/eval_images/Siphonaperta arenata_21_view3_zstack_slice_z0002.png,Siphonaperta arenata,gaussian,0.0,Siphonaperta arenata,0.9979264736175536,1
144,data/eval_images/Siphonaperta arenata_21_view3_zstack_slice_z0002.png,Siphonaperta arenata,gaussian,5.0,Siphonaperta arenata,0.9974589943885804,1
144,data/eval_images/Siphonaperta arenata_21_view3_zstack_slice_z0002.png,Siphonaperta arenata,gaussian,10.0,Siphonaperta arenata,0.9959751963615416,1
144,data/eval_images/Siphonaperta arenata_21_view3_zstack_slice_z0002.png,Siphonaperta arenata,gaussian,25.0,Siphonaperta arenata,0.9707322716712952,1
144,data/eval_images/Siphonaperta arenata_21_view3_zstack_slice_z0002.png,Siphonaperta arenata,gaussian,50.0,Siphonaperta arenata,0.915532648563385,1
144,data/eval_images/Siphonaperta arenata_21_view3_zstack_slice_z0002.png,Siphonaperta arenata,saltpepper,0.0,Siphonaperta arenata,0.9979264736175536,1
144,data/eval_images/Siphonaperta arenata_21_view3_zstack_slice_z0002.png,Siphonaperta arenata,saltpepper,0.01,Siphonaperta arenata,0.997516393661499,1
144,data/eval_images/Siphonaperta arenata_21_view3_zstack_slice_z0002.png,Siphonaperta arenata,saltpepper,0.03,Siphonaperta arenata,0.9924306273460388,1
144,data/eval_images/Siphonaperta arenata_21_view3_zstack_slice_z0002.png,Siphonaperta arenata,saltpepper,0.07,Siphonaperta arenata,0.9749568700790404,1
144,data/eval_images/Siphonaperta arenata_21_view3_zstack_slice_z0002.png,Siphonaperta arenata,stretch,1.0,Siphonaperta arenata,0.9979264736175536,1
145,data/eval_images/Siphonaperta arenata_21_view3_zstack_slice_z0005.png,Siphonaperta arenata,gaussian,0.0,Siphonaperta arenata,0.997969686985016,1
145,data/eval_images/Siphonaperta arenata_21_view3_zstack_slice_z0005.png,Siphonaperta arenata,gaussian,5.0,Siphonaperta arenata,0.997633934020996,1
145,data/eval_images/Siphonaperta arenata_21_view3_zstack_slice_z0005.png,Siphonaperta arenata,gaussian,10.0,Siphonaperta arenata,0.9967840909957886,1
145,data/eval_images/Siphonaperta arenata_21_view3_zstack_slice_z0005.png,Siphonaperta arenata,gaussian,25.0,Siphonaperta arenata,0.9872118830680848,1
145,data/eval_images/Siphonaperta arenata_21_view3_zstack_slice_z0005.png,Siphonaperta arenata,gaussian,50.0,Siphonaperta arenata,0.8805918097496033,1
145,data/eval_images/Siphonaperta arenata_21_view3_zstack_slice_z0005.png,Siphonaperta arenata,saltpepper,0.0,Siphonaperta arenata,0.997969686985016,1
145,data/eval_images/Siphonaperta arenata_21_view3_zstack_slice_z0005.png,Siphonaperta arenata,saltpepper,0.01,Siphonaperta arenata,0.9975526928901672,1
145,data/eval_images/Siphonaperta arenata_21_view3_zstack_slice_z0005.png,Siphonaperta arenata,saltpepper,0.03,Siphonaperta arenata,0.9962480664253236,1
145,data/eval_images/Siphonaperta arenata_21_view3_zstack_slice_z0005.png,Siphonaperta arenata,saltpepper,0.07,Siphonaperta arenata,0.9927005767822266,1
145,data/eval_images/Siphonaperta arenata_21_view3_zstack_slice_z0005.png,Siphonaperta arenata,stretch,1.0,Siphonaperta arenata,0.997969686985016,1
146,data/eval_images/Siphonaperta arenata_21_view3_zstack_slice_z0007.png,Siphonaperta arenata,gaussian,0.0,Siphonaperta arenata,0.9978452920913696,1
146,data/eval_images/Siphonaperta arenata_21_view3_zstack_slice_z0007.png,Siphonaperta arenata,gaussian,5.0,Siphonaperta arenata,0.9972943663597108,1
146,data/eval_images/Siphonaperta arenata_21_view3_zstack_slice_z0007.png,Siphonaperta arenata,gaussian,10.0,Siphonaperta arenata,0.9961088299751282,1
146,data/eval_images/Siphonaperta arenata_21_view3_zstack_slice_z0007.png,Siphonaperta arenata,gaussian,25.0,Siphonaperta arenata,0.9790853261947632,1
146,data/eval_images/Siphonaperta arenata_21_view3_zstack_slice_z0007.png,Siphonaperta arenata,gaussian,50.0,Siphonaperta arenata,0.928864598274231,1
146,data/eval_images/Siphonaperta arenata_21_view3_zstack_slice_z0007.png,Siphonaperta arenata,saltpepper,0.0,Siphonaperta arenata,0.9978452920913696,1
146,data/eval_images/Siphonaperta arenata_21_view3_zstack_slice_z0007.png,Siphonaperta arenata,saltpepper,0.01,Siphonaperta arenata,0.9974958300590516,1
146,data/eval_images/Siphonaperta arenata_21_view3_zstack_slice_z0007.png,Siphonaperta arenata,saltpepper,0.03,Siphonaperta arenata,0.9959703683853148,1
146,data/eval_images/Siphonaperta arenata_21_view3_zstack_slice_z0007.png,Siphonaperta arenata,saltpepper,0.07,Siphonaperta arenata,0.992607355117798,1
146,data/eval_images/Siphonaperta arenata_21_view3_zstack_slice_z0007.png,Siphonaperta arenata,stretch,1.0,Siphonaperta arenata,0.9978452920913696,1
147,data/eval_images/Siphonaperta arenata_21_view3_zstack_slice_z0017.png,Siphonaperta arenata,gaussian,0.0,Siphonaperta arenata,0.9968164563179016,1
147,data/eval_images/Siphonaperta arenata_21_view3_zstack_slice_z0017.png,Siphonaperta arenata,gaussian,5.0,Siphonaperta arenata,0.9952802658081056,1
147,data/eval_images/Siphonaperta arenata_21_view3_zstack_slice_z0017.png,Siphonaperta arenata,gaussian,10.0,Siphonaperta arenata,0.97353857755661,1
147,data/eval_images/Siphonaperta arenata_21_view3_zstack_slice_z0017.png,Siphonaperta arenata,gaussian,25.0,Siphonaperta arenata,0.8044689297676086,1
147,data/eval_images/Siphonaperta arenata_21_view3_zstack_slice_z0017.png,Siphonaperta arenata,gaussian,50.0,Siphonaperta arenata,0.6090314388275146,1
147,data/eval_images/Siphonaperta arenata_21_view3_zstack_slice_z0017.png,Siphonaperta arenata,saltpepper,0.0,Siphonaperta arenata,0.9968164563179016,1
147,data/eval_images/Siphonaperta arenata_21_view3_zstack_slice_z0017.png,Siphonaperta arenata,saltpepper,0.01,Siphonaperta arenata,0.9874624609947203,1
147,data/eval_images/Siphonaperta arenata_21_view3_zstack_slice_z0017.png,Siphonaperta arenata,saltpepper,0.03,Siphonaperta arenata,0.97299724817276,1
147,data/eval_images/Siphonaperta arenata_21_view3_zstack_slice_z0017.png,Siphonaperta arenata,saltpepper,0.07,Siphonaperta arenata,0.9526668787002563,1
147,data/eval_images/Siphonaperta arenata_21_view3_zstack_slice_z0017.png,Siphonaperta arenata,stretch,1.0,Siphonaperta arenata,0.9968164563179016,1
148,data/eval_images/Siphouvigerina proboscidea_32_view3_gif_original.png,Siphouvigerina proboscidea,gaussian,0.0,Siphouvigerina proboscidea,0.9941264390945436,1
148,data/eval_images/Siphouvigerina proboscidea_32_view3_gif_original.png,Siphouvigerina proboscidea,gaussian,5.0,Siphouvigerina proboscidea,0.9903267025947572,1
148,data/eval_images/Siphouvigerina proboscidea_32_view3_gif_original.png,Siphouvigerina proboscidea,gaussian,10.0,Siphouvigerina proboscidea,0.9855800867080688,1
148,data/eval_images/Siphouvigerina proboscidea_32_view3_gif_original.png,Siphouvigerina proboscidea,gaussian,25.0,Siphouvigerina proboscidea,0.9794877171516418,1
148,data/eval_images/Siphouvigerina proboscidea_32_view3_gif_original.png,Siphouvigerina proboscidea,gaussian,50.0,Siphouvigerina proboscidea,0.9660840034484864,1
148,data/eval_images/Siphouvigerina proboscidea_32_view3_gif_original.png,Siphouvigerina proboscidea,saltpepper,0.0,Siphouvigerina proboscidea,0.9941264390945436,1
148,data/eval_images/Siphouvigerina proboscidea_32_view3_gif_original.png,Siphouvigerina proboscidea,saltpepper,0.01,Siphouvigerina proboscidea,0.995992124080658,1
148,data/eval_images/Siphouvigerina proboscidea_32_view3_gif_original.png,Siphouvigerina proboscidea,saltpepper,0.03,Siphouvigerina proboscidea,0.9962798953056335,1
148,data/eval_images/Siphouvigerina proboscidea_32_view3_gif_original.png,Siphouvigerina proboscidea,saltpepper,0.07,Siphouvigerina proboscidea,0.993395984172821,1
148,data/eval_images/Siphouvigerina proboscidea_32_view3_gif_original.png,Siphouvigerina proboscidea,stretch,1.0,Siphouvigerina proboscidea,0.9941264390945436,1
149,data/eval_images/Siphouvigerina proboscidea_32_view3_zstack_slice_z0004.png,Siphouvigerina proboscidea,gaussian,0.0,Siphouvigerina proboscidea,0.9970445036888124,1
149,data/eval_images/Siphouvigerina proboscidea_32_view3_zstack_slice_z0004.png,Siphouvigerina proboscidea,gaussian,5.0,Siphouvigerina proboscidea,0.9962427616119384,1
149,data/eval_images/Siphouvigerina proboscidea_32_view3_zstack_slice_z0004.png,Siphouvigerina proboscidea,gaussian,10.0,Siphouvigerina proboscidea,0.9947142004966736,1
149,data/eval_images/Siphouvigerina proboscidea_32_view3_zstack_slice_z0004.png,Siphouvigerina proboscidea,gaussian,25.0,Siphouvigerina proboscidea,0.9890536665916444,1
149,data/eval_images/Siphouvigerina proboscidea_32_view3_zstack_slice_z0004.png,Siphouvigerina proboscidea,gaussian,50.0,Siphouvigerina proboscidea,0.9812104105949402,1
149,data/eval_images/Siphouvigerina proboscidea_32_view3_zstack_slice_z0004.png,Siphouvigerina proboscidea,saltpepper,0.0,Siphouvigerina proboscidea,0.9970445036888124,1
149,data/eval_images/Siphouvigerina proboscidea_32_view3_zstack_slice_z0004.png,Siphouvigerina proboscidea,saltpepper,0.01,Siphouvigerina proboscidea,0.9969527721405028,1
149,data/eval_images/Siphouvigerina proboscidea_32_view3_zstack_slice_z0004.png,Siphouvigerina proboscidea,saltpepper,0.03,Siphouvigerina proboscidea,0.9967904686927797,1
149,data/eval_images/Siphouvigerina proboscidea_32_view3_zstack_slice_z0004.png,Siphouvigerina proboscidea,saltpepper,0.07,Siphouvigerina proboscidea,0.9950602650642396,1
149,data/eval_images/Siphouvigerina proboscidea_32_view3_zstack_slice_z0004.png,Siphouvigerina proboscidea,stretch,1.0,Siphouvigerina proboscidea,0.9970445036888124,1
150,data/eval_images/Siphouvigerina proboscidea_32_view3_zstack_slice_z0020.png,Siphouvigerina proboscidea,gaussian,0.0,Siphouvigerina proboscidea,0.9971811771392822,1
150,data/eval_images/Siphouvigerina proboscidea_32_view3_zstack_slice_z0020.png,Siphouvigerina proboscidea,gaussian,5.0,Siphouvigerina proboscidea,0.9959596991539,1
150,data/eval_images/Siphouvigerina proboscidea_32_view3_zstack_slice_z0020.png,Siphouvigerina proboscidea,gaussian,10.0,Siphouvigerina proboscidea,0.9940766096115112,1
150,data/eval_images/Siphouvigerina proboscidea_32_view3_zstack_slice_z0020.png,Siphouvigerina proboscidea,gaussian,25.0,Siphouvigerina proboscidea,0.990148901939392,1
150,data/eval_images/Siphouvigerina proboscidea_32_view3_zstack_slice_z0020.png,Siphouvigerina proboscidea,gaussian,50.0,Siphouvigerina proboscidea,0.981200635433197,1
150,data/eval_images/Siphouvigerina proboscidea_32_view3_zstack_slice_z0020.png,Siphouvigerina proboscidea,saltpepper,0.0,Siphouvigerina proboscidea,0.9971811771392822,1
150,data/eval_images/Siphouvigerina proboscidea_32_view3_zstack_slice_z0020.png,Siphouvigerina proboscidea,saltpepper,0.01,Siphouvigerina proboscidea,0.9975277781486512,1
150,data/eval_images/Siphouvigerina proboscidea_32_view3_zstack_slice_z0020.png,Siphouvigerina proboscidea,saltpepper,0.03,Siphouvigerina proboscidea,0.9968376159667968,1
150,data/eval_images/Siphouvigerina proboscidea_32_view3_zstack_slice_z0020.png,Siphouvigerina proboscidea,saltpepper,0.07,Siphouvigerina proboscidea,0.9958449006080629,1
150,data/eval_images/Siphouvigerina proboscidea_32_view3_zstack_slice_z0020.png,Siphouvigerina proboscidea,stretch,1.0,Siphouvigerina proboscidea,0.9971811771392822,1
151,data/eval_images/Siphouvigerina proboscidea_32_view3_zstack_slice_z0021.png,Siphouvigerina proboscidea,gaussian,0.0,Siphouvigerina proboscidea,0.9972956776618958,1
151,data/eval_images/Siphouvigerina proboscidea_32_view3_zstack_slice_z0021.png,Siphouvigerina proboscidea,gaussian,5.0,Siphouvigerina proboscidea,0.9960642457008362,1
151,data/eval_images/Siphouvigerina proboscidea_32_view3_zstack_slice_z0021.png,Siphouvigerina proboscidea,gaussian,10.0,Siphouvigerina proboscidea,0.9944340586662292,1
151,data/eval_images/Siphouvigerina proboscidea_32_view3_zstack_slice_z0021.png,Siphouvigerina proboscidea,gaussian,25.0,Siphouvigerina proboscidea,0.989048182964325,1
151,data/eval_images/Siphouvigerina proboscidea_32_view3_zstack_slice_z0021.png,Siphouvigerina proboscidea,gaussian,50.0,Siphouvigerina proboscidea,0.9216816425323486,1
151,data/eval_images/Siphouvigerina proboscidea_32_view3_zstack_slice_z0021.png,Siphouvigerina proboscidea,saltpepper,0.0,Siphouvigerina proboscidea,0.9972956776618958,1
151,data/eval_images/Siphouvigerina proboscidea_32_view3_zstack_slice_z0021.png,Siphouvigerina proboscidea,saltpepper,0.01,Siphouvigerina proboscidea,0.9974790215492249,1
151,data/eval_images/Siphouvigerina proboscidea_32_view3_zstack_slice_z0021.png,Siphouvigerina proboscidea,saltpepper,0.03,Siphouvigerina proboscidea,0.9970589876174928,1
151,data/eval_images/Siphouvigerina proboscidea_32_view3_zstack_slice_z0021.png,Siphouvigerina proboscidea,saltpepper,0.07,Siphouvigerina proboscidea,0.994959831237793,1
151,data/eval_images/Siphouvigerina proboscidea_32_view3_zstack_slice_z0021.png,Siphouvigerina proboscidea,stretch,1.0,Siphouvigerina proboscidea,0.9972956776618958,1
152,data/eval_images/Siphouvigerina proboscidea_32_view3_zstack_slice_z0025.png,Siphouvigerina proboscidea,gaussian,0.0,Siphouvigerina proboscidea,0.997638702392578,1
152,data/eval_images/Siphouvigerina proboscidea_32_view3_zstack_slice_z0025.png,Siphouvigerina proboscidea,gaussian,5.0,Siphouvigerina proboscidea,0.996602177619934,1
152,data/eval_images/Siphouvigerina proboscidea_32_view3_zstack_slice_z0025.png,Siphouvigerina proboscidea,gaussian,10.0,Siphouvigerina proboscidea,0.9950424432754515,1
152,data/eval_images/Siphouvigerina proboscidea_32_view3_zstack_slice_z0025.png,Siphouvigerina proboscidea,gaussian,25.0,Siphouvigerina proboscidea,0.9889596700668336,1
152,data/eval_images/Siphouvigerina proboscidea_32_view3_zstack_slice_z0025.png,Siphouvigerina proboscidea,gaussian,50.0,Siphouvigerina proboscidea,0.9355977773666382,1
152,data/eval_images/Siphouvigerina proboscidea_32_view3_zstack_slice_z0025.png,Siphouvigerina proboscidea,saltpepper,0.0,Siphouvigerina proboscidea,0.997638702392578,1
152,data/eval_images/Siphouvigerina proboscidea_32_view3_zstack_slice_z0025.png,Siphouvigerina proboscidea,saltpepper,0.01,Siphouvigerina proboscidea,0.9977596998214722,1
152,data/eval_images/Siphouvigerina proboscidea_32_view3_zstack_slice_z0025.png,Siphouvigerina proboscidea,saltpepper,0.03,Siphouvigerina proboscidea,0.9969423413276672,1
152,data/eval_images/Siphouvigerina proboscidea_32_view3_zstack_slice_z0025.png,Siphouvigerina proboscidea,saltpepper,0.07,Siphouvigerina proboscidea,0.995704710483551,1
152,data/eval_images/Siphouvigerina proboscidea_32_view3_zstack_slice_z0025.png,Siphouvigerina proboscidea,stretch,1.0,Siphouvigerina proboscidea,0.997638702392578,1
153,data/eval_images/Siphouvigerina proboscidea_32_view3_zstack_slice_z0031.png,Siphouvigerina proboscidea,gaussian,0.0,Siphouvigerina proboscidea,0.9978585839271544,1
153,data/eval_images/Siphouvigerina proboscidea_32_view3_zstack_slice_z0031.png,Siphouvigerina proboscidea,gaussian,5.0,Siphouvigerina proboscidea,0.997008979320526,1
153,data/eval_images/Siphouvigerina proboscidea_32_view3_zstack_slice_z0031.png,Siphouvigerina proboscidea,gaussian,10.0,Siphouvigerina proboscidea,0.9948198199272156,1
153,data/eval_images/Siphouvigerina proboscidea_32_view3_zstack_slice_z0031.png,Siphouvigerina proboscidea,gaussian,25.0,Siphouvigerina proboscidea,0.9722484350204468,1
153,data/eval_images/Siphouvigerina proboscidea_32_view3_zstack_slice_z0031.png,Siphouvigerina proboscidea,gaussian,50.0,Siphouvigerina proboscidea,0.9468568563461304,1
153,data/eval_images/Siphouvigerina proboscidea_32_view3_zstack_slice_z0031.png,Siphouvigerina proboscidea,saltpepper,0.0,Siphouvigerina proboscidea,0.9978585839271544,1
153,data/eval_images/Siphouvigerina proboscidea_32_view3_zstack_slice_z0031.png,Siphouvigerina proboscidea,saltpepper,0.01,Siphouvigerina proboscidea,0.9977140426635742,1
153,data/eval_images/Siphouvigerina proboscidea_32_view3_zstack_slice_z0031.png,Siphouvigerina proboscidea,saltpepper,0.03,Siphouvigerina proboscidea,0.9972553849220276,1
153,data/eval_images/Siphouvigerina proboscidea_32_view3_zstack_slice_z0031.png,Siphouvigerina proboscidea,saltpepper,0.07,Siphouvigerina proboscidea,0.99315744638443,1
153,data/eval_images/Siphouvigerina proboscidea_32_view3_zstack_slice_z0031.png,Siphouvigerina proboscidea,stretch,1.0,Siphouvigerina proboscidea,0.9978585839271544,1
154,data/eval_images/Sorites orbiculus_25_view4_gif_original.png,Sorites orbiculus,gaussian,0.0,Sorites orbiculus,0.9989970326423644,1
154,data/eval_images/Sorites orbiculus_25_view4_gif_original.png,Sorites orbiculus,gaussian,5.0,Sorites orbiculus,0.9988957643508912,1
154,data/eval_images/Sorites orbiculus_25_view4_gif_original.png,Sorites orbiculus,gaussian,10.0,Sorites orbiculus,0.9986177682876588,1
154,data/eval_images/Sorites orbiculus_25_view4_gif_original.png,Sorites orbiculus,gaussian,25.0,Sorites orbiculus,0.9955012202262878,1
154,data/eval_images/Sorites orbiculus_25_view4_gif_original.png,Sorites orbiculus,gaussian,50.0,Sorites orbiculus,0.8960354924201965,1
154,data/eval_images/Sorites orbiculus_25_view4_gif_original.png,Sorites orbiculus,saltpepper,0.0,Sorites orbiculus,0.9989970326423644,1
154,data/eval_images/Sorites orbiculus_25_view4_gif_original.png,Sorites orbiculus,saltpepper,0.01,Sorites orbiculus,0.99912291765213,1
154,data/eval_images/Sorites orbiculus_25_view4_gif_original.png,Sorites orbiculus,saltpepper,0.03,Sorites orbiculus,0.9990357160568236,1
154,data/eval_images/Sorites orbiculus_25_view4_gif_original.png,Sorites orbiculus,saltpepper,0.07,Sorites orbiculus,0.998480260372162,1
154,data/eval_images/Sorites orbiculus_25_view4_gif_original.png,Sorites orbiculus,stretch,1.0,Sorites orbiculus,0.9989970326423644,1
155,data/eval_images/Sorites orbiculus_25_view4_stacked_tiff.png,Sorites orbiculus,gaussian,0.0,Sorites orbiculus,0.9988306164741516,1
155,data/eval_images/Sorites orbiculus_25_view4_stacked_tiff.png,Sorites orbiculus,gaussian,5.0,Sorites orbiculus,0.9987583160400392,1
155,data/eval_images/Sorites orbiculus_25_view4_stacked_tiff.png,Sorites orbiculus,gaussian,10.0,Sorites orbiculus,0.9986487030982972,1
155,data/eval_images/Sorites orbiculus_25_view4_stacked_tiff.png,Sorites orbiculus,gaussian,25.0,Sorites orbiculus,0.996845006942749,1
155,data/eval_images/Sorites orbiculus_25_view4_stacked_tiff.png,Sorites orbiculus,gaussian,50.0,Sorites orbiculus,0.8802002668380737,1
155,data/eval_images/Sorites orbiculus_25_view4_stacked_tiff.png,Sorites orbiculus,saltpepper,0.0,Sorites orbiculus,0.9988306164741516,1
155,data/eval_images/Sorites orbiculus_25_view4_stacked_tiff.png,Sorites orbiculus,saltpepper,0.01,Sorites orbiculus,0.9990068078041076,1
155,data/eval_images/Sorites orbiculus_25_view4_stacked_tiff.png,Sorites orbiculus,saltpepper,0.03,Sorites orbiculus,0.9988366961479188,1
155,data/eval_images/Sorites orbiculus_25_view4_stacked_tiff.png,Sorites orbiculus,saltpepper,0.07,Sorites orbiculus,0.9980403780937196,1
155,data/eval_images/Sorites orbiculus_25_view4_stacked_tiff.png,Sorites orbiculus,stretch,1.0,Sorites orbiculus,0.9988306164741516,1
156,data/eval_images/Sorites orbiculus_25_view4_zstack_slice_z0003.png,Sorites orbiculus,gaussian,0.0,Sorites orbiculus,0.9988829493522644,1
156,data/eval_images/Sorites orbiculus_25_view4_zstack_slice_z0003.png,Sorites orbiculus,gaussian,5.0,Sorites orbiculus,0.9987655878067015,1
156,data/eval_images/Sorites orbiculus_25_view4_zstack_slice_z0003.png,Sorites orbiculus,gaussian,10.0,Sorites orbiculus,0.9985124468803406,1
156,data/eval_images/Sorites orbiculus_25_view4_zstack_slice_z0003.png,Sorites orbiculus,gaussian,25.0,Sorites orbiculus,0.9923059344291688,1
156,data/eval_images/Sorites orbiculus_25_view4_zstack_slice_z0003.png,Sorites orbiculus,gaussian,50.0,Sorites orbiculus,0.7869337201118469,1
156,data/eval_images/Sorites orbiculus_25_view4_zstack_slice_z0003.png,Sorites orbiculus,saltpepper,0.0,Sorites orbiculus,0.9988829493522644,1
156,data/eval_images/Sorites orbiculus_25_view4_zstack_slice_z0003.png,Sorites orbiculus,saltpepper,0.01,Sorites orbiculus,0.9990060925483704,1
156,data/eval_images/Sorites orbiculus_25_view4_zstack_slice_z0003.png,Sorites orbiculus,saltpepper,0.03,Sorites orbiculus,0.9989991784095764,1
156,data/eval_images/Sorites orbiculus_25_view4_zstack_slice_z0003.png,Sorites orbiculus,saltpepper,0.07,Sorites orbiculus,0.9973848462104796,1
156,data/eval_images/Sorites orbiculus_25_view4_zstack_slice_z0003.png,Sorites orbiculus,stretch,1.0,Sorites orbiculus,0.9988829493522644,1
157,data/eval_images/Sorites orbiculus_25_view4_zstack_slice_z0006.png,Sorites orbiculus,gaussian,0.0,Sorites orbiculus,0.9988932013511658,1
157,data/eval_images/Sorites orbiculus_25_view4_zstack_slice_z0006.png,Sorites orbiculus,gaussian,5.0,Sorites orbiculus,0.9987010955810548,1
157,data/eval_images/Sorites orbiculus_25_view4_zstack_slice_z0006.png,Sorites orbiculus,gaussian,10.0,Sorites orbiculus,0.9984501600265504,1
157,data/eval_images/Sorites orbiculus_25_view4_zstack_slice_z0006.png,Sorites orbiculus,gaussian,25.0,Sorites orbiculus,0.992856502532959,1
157,data/eval_images/Sorites orbiculus_25_view4_zstack_slice_z0006.png,Sorites orbiculus,gaussian,50.0,Sorites orbiculus,0.7496162056922913,1
157,data/eval_images/Sorites orbiculus_25_view4_zstack_slice_z0006.png,Sorites orbiculus,saltpepper,0.0,Sorites orbiculus,0.9988932013511658,1
157,data/eval_images/Sorites orbiculus_25_view4_zstack_slice_z0006.png,Sorites orbiculus,saltpepper,0.01,Sorites orbiculus,0.99903666973114,1
157,data/eval_images/Sorites orbiculus_25_view4_zstack_slice_z0006.png,Sorites orbiculus,saltpepper,0.03,Sorites orbiculus,0.9986905455589294,1
157,data/eval_images/Sorites orbiculus_25_view4_zstack_slice_z0006.png,Sorites orbiculus,saltpepper,0.07,Sorites orbiculus,0.998082995414734,1
157,data/eval_images/Sorites orbiculus_25_view4_zstack_slice_z0006.png,Sorites orbiculus,stretch,1.0,Sorites orbiculus,0.9988932013511658,1
158,data/eval_images/Sorites orbiculus_25_view4_zstack_slice_z0007.png,Sorites orbiculus,gaussian,0.0,Sorites orbiculus,0.9987805485725404,1
158,data/eval_images/Sorites orbiculus_25_view4_zstack_slice_z0007.png,Sorites orbiculus,gaussian,5.0,Sorites orbiculus,0.9986580610275269,1
158,data/eval_images/Sorites orbiculus_25_view4_zstack_slice_z0007.png,Sorites orbiculus,gaussian,10.0,Sorites orbiculus,0.9983223080635072,1
158,data/eval_images/Sorites orbiculus_25_view4_zstack_slice_z0007.png,Sorites orbiculus,gaussian,25.0,Sorites orbiculus,0.994967758655548,1
158,data/eval_images/Sorites orbiculus_25_view4_zstack_slice_z0007.png,Sorites orbiculus,gaussian,50.0,Sorites orbiculus,0.7055001258850098,1
158,data/eval_images/Sorites orbiculus_25_view4_zstack_slice_z0007.png,Sorites orbiculus,saltpepper,0.0,Sorites orbiculus,0.9987805485725404,1
158,data/eval_images/Sorites orbiculus_25_view4_zstack_slice_z0007.png,Sorites orbiculus,saltpepper,0.01,Sorites orbiculus,0.9989374279975892,1
158,data/eval_images/Sorites orbiculus_25_view4_zstack_slice_z0007.png,Sorites orbiculus,saltpepper,0.03,Sorites orbiculus,0.9990230798721312,1
158,data/eval_images/Sorites orbiculus_25_view4_zstack_slice_z0007.png,Sorites orbiculus,saltpepper,0.07,Sorites orbiculus,0.9969038367271424,1
158,data/eval_images/Sorites orbiculus_25_view4_zstack_slice_z0007.png,Sorites orbiculus,stretch,1.0,Sorites orbiculus,0.9987805485725404,1
159,data/eval_images/Sorites orbiculus_25_view4_zstack_slice_z0010.png,Sorites orbiculus,gaussian,0.0,Sorites orbiculus,0.998665690422058,1
159,data/eval_images/Sorites orbiculus_25_view4_zstack_slice_z0010.png,Sorites orbiculus,gaussian,5.0,Sorites orbiculus,0.9985221028327942,1
159,data/eval_images/Sorites orbiculus_25_view4_zstack_slice_z0010.png,Sorites orbiculus,gaussian,10.0,Sorites orbiculus,0.9983371496200562,1
159,data/eval_images/Sorites orbiculus_25_view4_zstack_slice_z0010.png,Sorites orbiculus,gaussian,25.0,Sorites orbiculus,0.9952785968780518,1
159,data/eval_images/Sorites orbiculus_25_view4_zstack_slice_z0010.png,Sorites orbiculus,gaussian,50.0,Sorites orbiculus,0.749014139175415,1
159,data/eval_images/Sorites orbiculus_25_view4_zstack_slice_z0010.png,Sorites orbiculus,saltpepper,0.0,Sorites orbiculus,0.998665690422058,1
159,data/eval_images/Sorites orbiculus_25_view4_zstack_slice_z0010.png,Sorites orbiculus,saltpepper,0.01,Sorites orbiculus,0.9988152980804444,1
159,data/eval_images/Sorites orbiculus_25_view4_zstack_slice_z0010.png,Sorites orbiculus,saltpepper,0.03,Sorites orbiculus,0.9987780451774596,1
159,data/eval_images/Sorites orbiculus_25_view4_zstack_slice_z0010.png,Sorites orbiculus,saltpepper,0.07,Sorites orbiculus,0.9972414970397948,1
159,data/eval_images/Sorites orbiculus_25_view4_zstack_slice_z0010.png,Sorites orbiculus,stretch,1.0,Sorites orbiculus,0.998665690422058,1
160,data/eval_images/Sorites orbiculus_25_view4_zstack_slice_z0011.png,Sorites orbiculus,gaussian,0.0,Sorites orbiculus,0.9985244870185852,1
160,data/eval_images/Sorites orbiculus_25_view4_zstack_slice_z0011.png,Sorites orbiculus,gaussian,5.0,Sorites orbiculus,0.9983685612678528,1
160,data/eval_images/Sorites orbiculus_25_view4_zstack_slice_z0011.png,Sorites orbiculus,gaussian,10.0,Sorites orbiculus,0.9977350234985352,1
160,data/eval_images/Sorites orbiculus_25_view4_zstack_slice_z0011.png,Sorites orbiculus,gaussian,25.0,Sorites orbiculus,0.9884282946586608,1
160,data/eval_images/Sorites orbiculus_25_view4_zstack_slice_z0011.png,Sorites orbiculus,gaussian,50.0,Sorites orbiculus,0.753426194190979,1
160,data/eval_images/Sorites orbiculus_25_view4_zstack_slice_z0011.png,Sorites orbiculus,saltpepper,0.0,Sorites orbiculus,0.9985244870185852,1
160,data/eval_images/Sorites orbiculus_25_view4_zstack_slice_z0011.png,Sorites orbiculus,saltpepper,0.01,Sorites orbiculus,0.9988139867782592,1
160,data/eval_images/Sorites orbiculus_25_view4_zstack_slice_z0011.png,Sorites orbiculus,saltpepper,0.03,Sorites orbiculus,0.9985973238945008,1
160,data/eval_images/Sorites orbiculus_25_view4_zstack_slice_z0011.png,Sorites orbiculus,saltpepper,0.07,Sorites orbiculus,0.9949448704719543,1
160,data/eval_images/Sorites orbiculus_25_view4_zstack_slice_z0011.png,Sorites orbiculus,stretch,1.0,Sorites orbiculus,0.9985244870185852,1
161,data/eval_images/Spiroloculina communis_1_view1_gif_original.png,Spiroloculina communis,gaussian,0.0,Spiroloculina communis,0.737814724445343,1
161,data/eval_images/Spiroloculina communis_1_view1_gif_original.png,Spiroloculina communis,gaussian,5.0,Triloculina plicata,0.9438216090202332,0
161,data/eval_images/Spiroloculina communis_1_view1_gif_original.png,Spiroloculina communis,gaussian,10.0,Triloculina plicata,0.9844973087310792,0
161,data/eval_images/Spiroloculina communis_1_view1_gif_original.png,Spiroloculina communis,gaussian,25.0,Triloculina plicata,0.9902253746986388,0
161,data/eval_images/Spiroloculina communis_1_view1_gif_original.png,Spiroloculina communis,gaussian,50.0,Triloculina plicata,0.9618714451789856,0
161,data/eval_images/Spiroloculina communis_1_view1_gif_original.png,Spiroloculina communis,saltpepper,0.0,Spiroloculina communis,0.737814724445343,1
161,data/eval_images/Spiroloculina communis_1_view1_gif_original.png,Spiroloculina communis,saltpepper,0.01,Spiroloculina communis,0.7200688719749451,1
161,data/eval_images/Spiroloculina communis_1_view1_gif_original.png,Spiroloculina communis,saltpepper,0.03,Triloculina plicata,0.8486882448196411,0
161,data/eval_images/Spiroloculina communis_1_view1_gif_original.png,Spiroloculina communis,saltpepper,0.07,Triloculina plicata,0.9817878007888794,0
161,data/eval_images/Spiroloculina communis_1_view1_gif_original.png,Spiroloculina communis,stretch,1.0,Spiroloculina communis,0.737814724445343,1
162,data/eval_images/Spiroloculina communis_1_view1_stacked_tiff.png,Spiroloculina communis,gaussian,0.0,Spiroloculina communis,0.6542643904685974,1
162,data/eval_images/Spiroloculina communis_1_view1_stacked_tiff.png,Spiroloculina communis,gaussian,5.0,Triloculina plicata,0.946946620941162,0
162,data/eval_images/Spiroloculina communis_1_view1_stacked_tiff.png,Spiroloculina communis,gaussian,10.0,Triloculina plicata,0.9830840229988098,0
162,data/eval_images/Spiroloculina communis_1_view1_stacked_tiff.png,Spiroloculina communis,gaussian,25.0,Triloculina plicata,0.9888217449188232,0
162,data/eval_images/Spiroloculina communis_1_view1_stacked_tiff.png,Spiroloculina communis,gaussian,50.0,Triloculina plicata,0.9711483120918274,0
162,data/eval_images/Spiroloculina communis_1_view1_stacked_tiff.png,Spiroloculina communis,saltpepper,0.0,Spiroloculina communis,0.6542643904685974,1
162,data/eval_images/Spiroloculina communis_1_view1_stacked_tiff.png,Spiroloculina communis,saltpepper,0.01,Triloculina plicata,0.6482820510864258,0
162,data/eval_images/Spiroloculina communis_1_view1_stacked_tiff.png,Spiroloculina communis,saltpepper,0.03,Triloculina plicata,0.8576974868774414,0
162,data/eval_images/Spiroloculina communis_1_view1_stacked_tiff.png,Spiroloculina communis,saltpepper,0.07,Triloculina plicata,0.983867645263672,0
162,data/eval_images/Spiroloculina communis_1_view1_stacked_tiff.png,Spiroloculina communis,stretch,1.0,Spiroloculina communis,0.6542643904685974,1
163,data/eval_images/Spiroloculina communis_1_view1_zstack_slice_z0003.png,Spiroloculina communis,gaussian,0.0,Spiroloculina communis,0.837195634841919,1
163,data/eval_images/Spiroloculina communis_1_view1_zstack_slice_z0003.png,Spiroloculina communis,gaussian,5.0,Spiroloculina communis,0.5740825533866882,1
163,data/eval_images/Spiroloculina communis_1_view1_zstack_slice_z0003.png,Spiroloculina communis,gaussian,10.0,Triloculina plicata,0.6997308731079102,0
163,data/eval_images/Spiroloculina communis_1_view1_zstack_slice_z0003.png,Spiroloculina communis,gaussian,25.0,Triloculina plicata,0.9806068539619446,0
163,data/eval_images/Spiroloculina communis_1_view1_zstack_slice_z0003.png,Spiroloculina communis,gaussian,50.0,Triloculina plicata,0.9332950711250304,0
163,data/eval_images/Spiroloculina communis_1_view1_zstack_slice_z0003.png,Spiroloculina communis,saltpepper,0.0,Spiroloculina communis,0.837195634841919,1
163,data/eval_images/Spiroloculina communis_1_view1_zstack_slice_z0003.png,Spiroloculina communis,saltpepper,0.01,Spiroloculina communis,0.8796749711036682,1
163,data/eval_images/Spiroloculina communis_1_view1_zstack_slice_z0003.png,Spiroloculina communis,saltpepper,0.03,Spiroloculina communis,0.7390750646591187,1
163,data/eval_images/Spiroloculina communis_1_view1_zstack_slice_z0003.png,Spiroloculina communis,saltpepper,0.07,Triloculina plicata,0.8035466074943542,0
163,data/eval_images/Spiroloculina communis_1_view1_zstack_slice_z0003.png,Spiroloculina communis,stretch,1.0,Spiroloculina communis,0.837195634841919,1
164,data/eval_images/Spiroloculina communis_1_view1_zstack_slice_z0004.png,Spiroloculina communis,gaussian,0.0,Spiroloculina communis,0.8520302772521973,1
164,data/eval_images/Spiroloculina communis_1_view1_zstack_slice_z0004.png,Spiroloculina communis,gaussian,5.0,Spiroloculina communis,0.499090313911438,1
164,data/eval_images/Spiroloculina communis_1_view1_zstack_slice_z0004.png,Spiroloculina communis,gaussian,10.0,Triloculina plicata,0.8073412775993347,0
164,data/eval_images/Spiroloculina communis_1_view1_zstack_slice_z0004.png,Spiroloculina communis,gaussian,25.0,Triloculina plicata,0.987995445728302,0
164,data/eval_images/Spiroloculina communis_1_view1_zstack_slice_z0004.png,Spiroloculina communis,gaussian,50.0,Triloculina plicata,0.9638224244117736,0
164,data/eval_images/Spiroloculina communis_1_view1_zstack_slice_z0004.png,Spiroloculina communis,saltpepper,0.0,Spiroloculina communis,0.8520302772521973,1
164,data/eval_images/Spiroloculina communis_1_view1_zstack_slice_z0004.png,Spiroloculina communis,saltpepper,0.01,Spiroloculina communis,0.8734095692634583,1
164,data/eval_images/Spiroloculina communis_1_view1_zstack_slice_z0004.png,Spiroloculina communis,saltpepper,0.03,Spiroloculina communis,0.8079569935798645,1
164,data/eval_images/Spiroloculina communis_1_view1_zstack_slice_z0004.png,Spiroloculina communis,saltpepper,0.07,Triloculina plicata,0.857046902179718,0
164,data/eval_images/Spiroloculina communis_1_view1_zstack_slice_z0004.png,Spiroloculina communis,stretch,1.0,Spiroloculina communis,0.8520302772521973,1
165,data/eval_images/Spiroloculina communis_1_view1_zstack_slice_z0044.png,Spiroloculina communis,gaussian,0.0,Spiroloculina communis,0.6600202918052673,1
165,data/eval_images/Spiroloculina communis_1_view1_zstack_slice_z0044.png,Spiroloculina communis,gaussian,5.0,Triloculina plicata,0.974745512008667,0
165,data/eval_images/Spiroloculina communis_1_view1_zstack_slice_z0044.png,Spiroloculina communis,gaussian,10.0,Triloculina plicata,0.9938044548034668,0
165,data/eval_images/Spiroloculina communis_1_view1_zstack_slice_z0044.png,Spiroloculina communis,gaussian,25.0,Triloculina plicata,0.9843536615371704,0
165,data/eval_images/Spiroloculina communis_1_view1_zstack_slice_z0044.png,Spiroloculina communis,gaussian,50.0,Triloculina plicata,0.8470343351364136,0
165,data/eval_images/Spiroloculina communis_1_view1_zstack_slice_z0044.png,Spiroloculina communis,saltpepper,0.0,Spiroloculina communis,0.6600202918052673,1
165,data/eval_images/Spiroloculina communis_1_view1_zstack_slice_z0044.png,Spiroloculina communis,saltpepper,0.01,Spiroloculina communis,0.4822965562343597,1
165,data/eval_images/Spiroloculina communis_1_view1_zstack_slice_z0044.png,Spiroloculina communis,saltpepper,0.03,Triloculina plicata,0.9529117345809937,0
165,data/eval_images/Spiroloculina communis_1_view1_zstack_slice_z0044.png,Spiroloculina communis,saltpepper,0.07,Triloculina plicata,0.9939834475517272,0
165,data/eval_images/Spiroloculina communis_1_view1_zstack_slice_z0044.png,Spiroloculina communis,stretch,1.0,Spiroloculina communis,0.6600202918052673,1
166,data/eval_images/Spiroloculina communis_1_view1_zstack_slice_z0077.png,Spiroloculina communis,gaussian,0.0,Triloculina plicata,0.9094732999801636,0
166,data/eval_images/Spiroloculina communis_1_view1_zstack_slice_z0077.png,Spiroloculina communis,gaussian,5.0,Triloculina plicata,0.9906602501869202,0
166,data/eval_images/Spiroloculina communis_1_view1_zstack_slice_z0077.png,Spiroloculina communis,gaussian,10.0,Triloculina plicata,0.9823399782180786,0
166,data/eval_images/Spiroloculina communis_1_view1_zstack_slice_z0077.png,Spiroloculina communis,gaussian,25.0,Triloculina plicata,0.9393573999404908,0
166,data/eval_images/Spiroloculina communis_1_view1_zstack_slice_z0077.png,Spiroloculina communis,gaussian,50.0,Triloculina plicata,0.8278558850288391,0
166,data/eval_images/Spiroloculina communis_1_view1_zstack_slice_z0077.png,Spiroloculina communis,saltpepper,0.0,Triloculina plicata,0.9094732999801636,0
166,data/eval_images/Spiroloculina communis_1_view1_zstack_slice_z0077.png,Spiroloculina communis,saltpepper,0.01,Triloculina plicata,0.9914588928222656,0
166,data/eval_images/Spiroloculina communis_1_view1_zstack_slice_z0077.png,Spiroloculina communis,saltpepper,0.03,Triloculina plicata,0.9898183941841124,0
166,data/eval_images/Spiroloculina communis_1_view1_zstack_slice_z0077.png,Spiroloculina communis,saltpepper,0.07,Triloculina plicata,0.9857396483421326,0
166,data/eval_images/Spiroloculina communis_1_view1_zstack_slice_z0077.png,Spiroloculina communis,stretch,1.0,Triloculina plicata,0.9094732999801636,0
167,data/eval_images/Spiroloculina communis_1_view1_zstack_slice_z0078.png,Spiroloculina communis,gaussian,0.0,Triloculina plicata,0.9368569850921632,0
167,data/eval_images/Spiroloculina communis_1_view1_zstack_slice_z0078.png,Spiroloculina communis,gaussian,5.0,Triloculina plicata,0.9892268180847168,0
167,data/eval_images/Spiroloculina communis_1_view1_zstack_slice_z0078.png,Spiroloculina communis,gaussian,10.0,Triloculina plicata,0.9838560819625854,0
167,data/eval_images/Spiroloculina communis_1_view1_zstack_slice_z0078.png,Spiroloculina communis,gaussian,25.0,Triloculina plicata,0.9441620707511902,0
167,data/eval_images/Spiroloculina communis_1_view1_zstack_slice_z0078.png,Spiroloculina communis,gaussian,50.0,Triloculina plicata,0.8079286217689514,0
167,data/eval_images/Spiroloculina communis_1_view1_zstack_slice_z0078.png,Spiroloculina communis,saltpepper,0.0,Triloculina plicata,0.9368569850921632,0
167,data/eval_images/Spiroloculina communis_1_view1_zstack_slice_z0078.png,Spiroloculina communis,saltpepper,0.01,Triloculina plicata,0.994576096534729,0
167,data/eval_images/Spiroloculina communis_1_view1_zstack_slice_z0078.png,Spiroloculina communis,saltpepper,0.03,Triloculina plicata,0.99141663312912,0
167,data/eval_images/Spiroloculina communis_1_view1_zstack_slice_z0078.png,Spiroloculina communis,saltpepper,0.07,Triloculina plicata,0.9898824095726012,0
167,data/eval_images/Spiroloculina communis_1_view1_zstack_slice_z0078.png,Spiroloculina communis,stretch,1.0,Triloculina plicata,0.9368569850921632,0
168,data/eval_images/Spiroloculina ornata_7_view6_gif_original.png,Spiroloculina ornata,gaussian,0.0,Spiroloculina ornata,0.9804375767707824,1
168,data/eval_images/Spiroloculina ornata_7_view6_gif_original.png,Spiroloculina ornata,gaussian,5.0,Spiroloculina ornata,0.9601502418518066,1
168,data/eval_images/Spiroloculina ornata_7_view6_gif_original.png,Spiroloculina ornata,gaussian,10.0,Spiroloculina ornata,0.910329818725586,1
168,data/eval_images/Spiroloculina ornata_7_view6_gif_original.png,Spiroloculina ornata,gaussian,25.0,Spiroloculina ornata,0.6761342287063599,1
168,data/eval_images/Spiroloculina ornata_7_view6_gif_original.png,Spiroloculina ornata,gaussian,50.0,Spirosigmoilina parri,0.8926324248313904,0
168,data/eval_images/Spiroloculina ornata_7_view6_gif_original.png,Spiroloculina ornata,saltpepper,0.0,Spiroloculina ornata,0.9804375767707824,1
168,data/eval_images/Spiroloculina ornata_7_view6_gif_original.png,Spiroloculina ornata,saltpepper,0.01,Spiroloculina ornata,0.9765963554382324,1
168,data/eval_images/Spiroloculina ornata_7_view6_gif_original.png,Spiroloculina ornata,saltpepper,0.03,Spiroloculina ornata,0.985065758228302,1
168,data/eval_images/Spiroloculina ornata_7_view6_gif_original.png,Spiroloculina ornata,saltpepper,0.07,Spiroloculina ornata,0.6509910225868225,1
168,data/eval_images/Spiroloculina ornata_7_view6_gif_original.png,Spiroloculina ornata,stretch,1.0,Spiroloculina ornata,0.9804375767707824,1
169,data/eval_images/Spiroloculina ornata_7_view6_stacked_tiff.png,Spiroloculina ornata,gaussian,0.0,Spiroloculina ornata,0.97784823179245,1
169,data/eval_images/Spiroloculina ornata_7_view6_stacked_tiff.png,Spiroloculina ornata,gaussian,5.0,Spiroloculina ornata,0.9699677228927612,1
169,data/eval_images/Spiroloculina ornata_7_view6_stacked_tiff.png,Spiroloculina ornata,gaussian,10.0,Spiroloculina ornata,0.9381147623062134,1
169,data/eval_images/Spiroloculina ornata_7_view6_stacked_tiff.png,Spiroloculina ornata,gaussian,25.0,Spiroloculina ornata,0.6143733263015747,1
169,data/eval_images/Spiroloculina ornata_7_view6_stacked_tiff.png,Spiroloculina ornata,gaussian,50.0,Spirosigmoilina parri,0.917046308517456,0
169,data/eval_images/Spiroloculina ornata_7_view6_stacked_tiff.png,Spiroloculina ornata,saltpepper,0.0,Spiroloculina ornata,0.97784823179245,1
169,data/eval_images/Spiroloculina ornata_7_view6_stacked_tiff.png,Spiroloculina ornata,saltpepper,0.01,Spiroloculina ornata,0.987304151058197,1
169,data/eval_images/Spiroloculina ornata_7_view6_stacked_tiff.png,Spiroloculina ornata,saltpepper,0.03,Spiroloculina ornata,0.9658464193344116,1
169,data/eval_images/Spiroloculina ornata_7_view6_stacked_tiff.png,Spiroloculina ornata,saltpepper,0.07,Spiroloculina ornata,0.959998369216919,1
169,data/eval_images/Spiroloculina ornata_7_view6_stacked_tiff.png,Spiroloculina ornata,stretch,1.0,Spiroloculina ornata,0.97784823179245,1
170,data/eval_images/Spiroloculina ornata_7_view6_zstack_slice_z0003.png,Spiroloculina ornata,gaussian,0.0,Spiroloculina ornata,0.9787017107009888,1
170,data/eval_images/Spiroloculina ornata_7_view6_zstack_slice_z0003.png,Spiroloculina ornata,gaussian,5.0,Spiroloculina ornata,0.9193873405456544,1
170,data/eval_images/Spiroloculina ornata_7_view6_zstack_slice_z0003.png,Spiroloculina ornata,gaussian,10.0,Spirosigmoilina parri,0.4663997590541839,0
170,data/eval_images/Spiroloculina ornata_7_view6_zstack_slice_z0003.png,Spiroloculina ornata,gaussian,25.0,Spirosigmoilina parri,0.9240630865097046,0
170,data/eval_images/Spiroloculina ornata_7_view6_zstack_slice_z0003.png,Spiroloculina ornata,gaussian,50.0,Spirosigmoilina parri,0.9873104095458984,0
170,data/eval_images/Spiroloculina ornata_7_view6_zstack_slice_z0003.png,Spiroloculina ornata,saltpepper,0.0,Spiroloculina ornata,0.9787017107009888,1
170,data/eval_images/Spiroloculina ornata_7_view6_zstack_slice_z0003.png,Spiroloculina ornata,saltpepper,0.01,Spiroloculina ornata,0.9551146030426024,1
170,data/eval_images/Spiroloculina ornata_7_view6_zstack_slice_z0003.png,Spiroloculina ornata,saltpepper,0.03,Spirosigmoilina parri,0.8037071228027344,0
170,data/eval_images/Spiroloculina ornata_7_view6_zstack_slice_z0003.png,Spiroloculina ornata,saltpepper,0.07,Spirosigmoilina parri,0.9922715425491332,0
170,data/eval_images/Spiroloculina ornata_7_view6_zstack_slice_z0003.png,Spiroloculina ornata,stretch,1.0,Spiroloculina ornata,0.9787017107009888,1
171,data/eval_images/Spiroloculina ornata_7_view6_zstack_slice_z0020.png,Spiroloculina ornata,gaussian,0.0,Spiroloculina ornata,0.9829318523406982,1
171,data/eval_images/Spiroloculina ornata_7_view6_zstack_slice_z0020.png,Spiroloculina ornata,gaussian,5.0,Spiroloculina ornata,0.9706810116767884,1
171,data/eval_images/Spiroloculina ornata_7_view6_zstack_slice_z0020.png,Spiroloculina ornata,gaussian,10.0,Spiroloculina ornata,0.8568810820579529,1
171,data/eval_images/Spiroloculina ornata_7_view6_zstack_slice_z0020.png,Spiroloculina ornata,gaussian,25.0,Spirosigmoilina parri,0.8930130004882812,0
171,data/eval_images/Spiroloculina ornata_7_view6_zstack_slice_z0020.png,Spiroloculina ornata,gaussian,50.0,Spirosigmoilina parri,0.992243230342865,0
171,data/eval_images/Spiroloculina ornata_7_view6_zstack_slice_z0020.png,Spiroloculina ornata,saltpepper,0.0,Spiroloculina ornata,0.9829318523406982,1
171,data/eval_images/Spiroloculina ornata_7_view6_zstack_slice_z0020.png,Spiroloculina ornata,saltpepper,0.01,Spiroloculina ornata,0.9742364287376404,1
171,data/eval_images/Spiroloculina ornata_7_view6_zstack_slice_z0020.png,Spiroloculina ornata,saltpepper,0.03,Spiroloculina ornata,0.8845371603965759,1
171,data/eval_images/Spiroloculina ornata_7_view6_zstack_slice_z0020.png,Spiroloculina ornata,saltpepper,0.07,Spirosigmoilina parri,0.8236714601516724,0
171,data/eval_images/Spiroloculina ornata_7_view6_zstack_slice_z0020.png,Spiroloculina ornata,stretch,1.0,Spiroloculina ornata,0.9829318523406982,1
172,data/eval_images/Spiroloculina ornata_7_view6_zstack_slice_z0023.png,Spiroloculina ornata,gaussian,0.0,Spiroloculina ornata,0.9830375909805298,1
172,data/eval_images/Spiroloculina ornata_7_view6_zstack_slice_z0023.png,Spiroloculina ornata,gaussian,5.0,Spiroloculina ornata,0.971568763256073,1
172,data/eval_images/Spiroloculina ornata_7_view6_zstack_slice_z0023.png,Spiroloculina ornata,gaussian,10.0,Spiroloculina ornata,0.8630237579345703,1
172,data/eval_images/Spiroloculina ornata_7_view6_zstack_slice_z0023.png,Spiroloculina ornata,gaussian,25.0,Spirosigmoilina parri,0.9280163645744324,0
172,data/eval_images/Spiroloculina ornata_7_view6_zstack_slice_z0023.png,Spiroloculina ornata,gaussian,50.0,Spirosigmoilina parri,0.9950875639915466,0
172,data/eval_images/Spiroloculina ornata_7_view6_zstack_slice_z0023.png,Spiroloculina ornata,saltpepper,0.0,Spiroloculina ornata,0.9830375909805298,1
172,data/eval_images/Spiroloculina ornata_7_view6_zstack_slice_z0023.png,Spiroloculina ornata,saltpepper,0.01,Spiroloculina ornata,0.9813362956047058,1
172,data/eval_images/Spiroloculina ornata_7_view6_zstack_slice_z0023.png,Spiroloculina ornata,saltpepper,0.03,Spiroloculina ornata,0.9644705653190612,1
172,data/eval_images/Spiroloculina ornata_7_view6_zstack_slice_z0023.png,Spiroloculina ornata,saltpepper,0.07,Spirosigmoilina parri,0.9957354068756104,0
172,data/eval_images/Spiroloculina ornata_7_view6_zstack_slice_z0023.png,Spiroloculina ornata,stretch,1.0,Spiroloculina ornata,0.9830375909805298,1
173,data/eval_images/Spiroloculina ornata_7_view6_zstack_slice_z0025.png,Spiroloculina ornata,gaussian,0.0,Spiroloculina ornata,0.9816333651542664,1
173,data/eval_images/Spiroloculina ornata_7_view6_zstack_slice_z0025.png,Spiroloculina ornata,gaussian,5.0,Spiroloculina ornata,0.974149525165558,1
173,data/eval_images/Spiroloculina ornata_7_view6_zstack_slice_z0025.png,Spiroloculina ornata,gaussian,10.0,Spiroloculina ornata,0.8660204410552979,1
173,data/eval_images/Spiroloculina ornata_7_view6_zstack_slice_z0025.png,Spiroloculina ornata,gaussian,25.0,Spirosigmoilina parri,0.8068892359733582,0
173,data/eval_images/Spiroloculina ornata_7_view6_zstack_slice_z0025.png,Spiroloculina ornata,gaussian,50.0,Spirosigmoilina parri,0.994301438331604,0
173,data/eval_images/Spiroloculina ornata_7_view6_zstack_slice_z0025.png,Spiroloculina ornata,saltpepper,0.0,Spiroloculina ornata,0.9816333651542664,1
173,data/eval_images/Spiroloculina ornata_7_view6_zstack_slice_z0025.png,Spiroloculina ornata,saltpepper,0.01,Spiroloculina ornata,0.9721351861953736,1
173,data/eval_images/Spiroloculina ornata_7_view6_zstack_slice_z0025.png,Spiroloculina ornata,saltpepper,0.03,Spiroloculina ornata,0.9277595281600952,1
173,data/eval_images/Spiroloculina ornata_7_view6_zstack_slice_z0025.png,Spiroloculina ornata,saltpepper,0.07,Spirosigmoilina parri,0.9904844760894777,0
173,data/eval_images/Spiroloculina ornata_7_view6_zstack_slice_z0025.png,Spiroloculina ornata,stretch,1.0,Spiroloculina ornata,0.9816333651542664,1
174,data/eval_images/Spiroloculina ornata_7_view6_zstack_slice_z0027.png,Spiroloculina ornata,gaussian,0.0,Spiroloculina ornata,0.975513994693756,1
174,data/eval_images/Spiroloculina ornata_7_view6_zstack_slice_z0027.png,Spiroloculina ornata,gaussian,5.0,Spiroloculina ornata,0.9513682723045348,1
174,data/eval_images/Spiroloculina ornata_7_view6_zstack_slice_z0027.png,Spiroloculina ornata,gaussian,10.0,Spiroloculina ornata,0.861980140209198,1
174,data/eval_images/Spiroloculina ornata_7_view6_zstack_slice_z0027.png,Spiroloculina ornata,gaussian,25.0,Spirosigmoilina parri,0.93161541223526,0
174,data/eval_images/Spiroloculina ornata_7_view6_zstack_slice_z0027.png,Spiroloculina ornata,gaussian,50.0,Spirosigmoilina parri,0.9875701069831848,0
174,data/eval_images/Spiroloculina ornata_7_view6_zstack_slice_z0027.png,Spiroloculina ornata,saltpepper,0.0,Spiroloculina ornata,0.975513994693756,1
174,data/eval_images/Spiroloculina ornata_7_view6_zstack_slice_z0027.png,Spiroloculina ornata,saltpepper,0.01,Spiroloculina ornata,0.9859252572059632,1
174,data/eval_images/Spiroloculina ornata_7_view6_zstack_slice_z0027.png,Spiroloculina ornata,saltpepper,0.03,Spiroloculina ornata,0.9657809138298036,1
174,data/eval_images/Spiroloculina ornata_7_view6_zstack_slice_z0027.png,Spiroloculina ornata,saltpepper,0.07,Spirosigmoilina parri,0.986422598361969,0
174,data/eval_images/Spiroloculina ornata_7_view6_zstack_slice_z0027.png,Spiroloculina ornata,stretch,1.0,Spiroloculina ornata,0.975513994693756,1
175,data/eval_images/Spirosigmoilina parri_8_view3_gif_original.png,Spirosigmoilina parri,gaussian,0.0,Spirosigmoilina parri,0.9988273978233336,1
175,data/eval_images/Spirosigmoilina parri_8_view3_gif_original.png,Spirosigmoilina parri,gaussian,5.0,Spirosigmoilina parri,0.9990471005439758,1
175,data/eval_images/Spirosigmoilina parri_8_view3_gif_original.png,Spirosigmoilina parri,gaussian,10.0,Spirosigmoilina parri,0.9986916184425354,1
175,data/eval_images/Spirosigmoilina parri_8_view3_gif_original.png,Spirosigmoilina parri,gaussian,25.0,Spirosigmoilina parri,0.994940996170044,1
175,data/eval_images/Spirosigmoilina parri_8_view3_gif_original.png,Spirosigmoilina parri,gaussian,50.0,Spirosigmoilina parri,0.8252142071723938,1
175,data/eval_images/Spirosigmoilina parri_8_view3_gif_original.png,Spirosigmoilina parri,saltpepper,0.0,Spirosigmoilina parri,0.9988273978233336,1
175,data/eval_images/Spirosigmoilina parri_8_view3_gif_original.png,Spirosigmoilina parri,saltpepper,0.01,Spirosigmoilina parri,0.998221218585968,1
175,data/eval_images/Spirosigmoilina parri_8_view3_gif_original.png,Spirosigmoilina parri,saltpepper,0.03,Spirosigmoilina parri,0.9957369565963744,1
175,data/eval_images/Spirosigmoilina parri_8_view3_gif_original.png,Spirosigmoilina parri,saltpepper,0.07,Spirosigmoilina parri,0.9957733750343324,1
175,data/eval_images/Spirosigmoilina parri_8_view3_gif_original.png,Spirosigmoilina parri,stretch,1.0,Spirosigmoilina parri,0.9988273978233336,1
176,data/eval_images/Spirosigmoilina parri_8_view3_stacked_tiff.png,Spirosigmoilina parri,gaussian,0.0,Spirosigmoilina parri,0.99874347448349,1
176,data/eval_images/Spirosigmoilina parri_8_view3_stacked_tiff.png,Spirosigmoilina parri,gaussian,5.0,Spirosigmoilina parri,0.9988954067230223,1
176,data/eval_images/Spirosigmoilina parri_8_view3_stacked_tiff.png,Spirosigmoilina parri,gaussian,10.0,Spirosigmoilina parri,0.998989760875702,1
176,data/eval_images/Spirosigmoilina parri_8_view3_stacked_tiff.png,Spirosigmoilina parri,gaussian,25.0,Spirosigmoilina parri,0.9968909621238708,1
176,data/eval_images/Spirosigmoilina parri_8_view3_stacked_tiff.png,Spirosigmoilina parri,gaussian,50.0,Spirosigmoilina parri,0.922587752342224,1
176,data/eval_images/Spirosigmoilina parri_8_view3_stacked_tiff.png,Spirosigmoilina parri,saltpepper,0.0,Spirosigmoilina parri,0.99874347448349,1
176,data/eval_images/Spirosigmoilina parri_8_view3_stacked_tiff.png,Spirosigmoilina parri,saltpepper,0.01,Spirosigmoilina parri,0.9982264637947084,1
176,data/eval_images/Spirosigmoilina parri_8_view3_stacked_tiff.png,Spirosigmoilina parri,saltpepper,0.03,Spirosigmoilina parri,0.9977693557739258,1
176,data/eval_images/Spirosigmoilina parri_8_view3_stacked_tiff.png,Spirosigmoilina parri,saltpepper,0.07,Spirosigmoilina parri,0.9921302199363708,1
176,data/eval_images/Spirosigmoilina parri_8_view3_stacked_tiff.png,Spirosigmoilina parri,stretch,1.0,Spirosigmoilina parri,0.99874347448349,1
177,data/eval_images/Spirosigmoilina parri_8_view3_zstack_slice_z0012.png,Spirosigmoilina parri,gaussian,0.0,Spirosigmoilina parri,0.9508838653564452,1
177,data/eval_images/Spirosigmoilina parri_8_view3_zstack_slice_z0012.png,Spirosigmoilina parri,gaussian,5.0,Spirosigmoilina parri,0.9641382098197936,1
177,data/eval_images/Spirosigmoilina parri_8_view3_zstack_slice_z0012.png,Spirosigmoilina parri,gaussian,10.0,Spirosigmoilina parri,0.9810811877250672,1
177,data/eval_images/Spirosigmoilina parri_8_view3_zstack_slice_z0012.png,Spirosigmoilina parri,gaussian,25.0,Spirosigmoilina parri,0.7370967268943787,1
177,data/eval_images/Spirosigmoilina parri_8_view3_zstack_slice_z0012.png,Spirosigmoilina parri,gaussian,50.0,Quinqueloculina bosciana,0.6121525764465332,0
177,data/eval_images/Spirosigmoilina parri_8_view3_zstack_slice_z0012.png,Spirosigmoilina parri,saltpepper,0.0,Spirosigmoilina parri,0.9508838653564452,1
177,data/eval_images/Spirosigmoilina parri_8_view3_zstack_slice_z0012.png,Spirosigmoilina parri,saltpepper,0.01,Spirosigmoilina parri,0.9568811655044556,1
177,data/eval_images/Spirosigmoilina parri_8_view3_zstack_slice_z0012.png,Spirosigmoilina parri,saltpepper,0.03,Spirosigmoilina parri,0.9691126346588136,1
177,data/eval_images/Spirosigmoilina parri_8_view3_zstack_slice_z0012.png,Spirosigmoilina parri,saltpepper,0.07,Spirosigmoilina parri,0.6173495650291443,1
177,data/eval_images/Spirosigmoilina parri_8_view3_zstack_slice_z0012.png,Spirosigmoilina parri,stretch,1.0,Spirosigmoilina parri,0.9508838653564452,1
178,data/eval_images/Spirosigmoilina parri_8_view3_zstack_slice_z0028.png,Spirosigmoilina parri,gaussian,0.0,Spirosigmoilina parri,0.9979642629623412,1
178,data/eval_images/Spirosigmoilina parri_8_view3_zstack_slice_z0028.png,Spirosigmoilina parri,gaussian,5.0,Spirosigmoilina parri,0.9965711832046508,1
178,data/eval_images/Spirosigmoilina parri_8_view3_zstack_slice_z0028.png,Spirosigmoilina parri,gaussian,10.0,Spirosigmoilina parri,0.9958611130714417,1
178,data/eval_images/Spirosigmoilina parri_8_view3_zstack_slice_z0028.png,Spirosigmoilina parri,gaussian,25.0,Spirosigmoilina parri,0.985527276992798,1
178,data/eval_images/Spirosigmoilina parri_8_view3_zstack_slice_z0028.png,Spirosigmoilina parri,gaussian,50.0,Quinqueloculina bosciana,0.6587793827056885,0
178,data/eval_images/Spirosigmoilina parri_8_view3_zstack_slice_z0028.png,Spirosigmoilina parri,saltpepper,0.0,Spirosigmoilina parri,0.9979642629623412,1
178,data/eval_images/Spirosigmoilina parri_8_view3_zstack_slice_z0028.png,Spirosigmoilina parri,saltpepper,0.01,Spirosigmoilina parri,0.9767175316810608,1
178,data/eval_images/Spirosigmoilina parri_8_view3_zstack_slice_z0028.png,Spirosigmoilina parri,saltpepper,0.03,Spirosigmoilina parri,0.718311607837677,1
178,data/eval_images/Spirosigmoilina parri_8_view3_zstack_slice_z0028.png,Spirosigmoilina parri,saltpepper,0.07,Spirosigmoilina parri,0.5462743639945984,1
178,data/eval_images/Spirosigmoilina parri_8_view3_zstack_slice_z0028.png,Spirosigmoilina parri,stretch,1.0,Spirosigmoilina parri,0.9979642629623412,1
179,data/eval_images/Spirosigmoilina parri_8_view3_zstack_slice_z0030.png,Spirosigmoilina parri,gaussian,0.0,Spirosigmoilina parri,0.9961609840393066,1
179,data/eval_images/Spirosigmoilina parri_8_view3_zstack_slice_z0030.png,Spirosigmoilina parri,gaussian,5.0,Spirosigmoilina parri,0.9951919317245485,1
179,data/eval_images/Spirosigmoilina parri_8_view3_zstack_slice_z0030.png,Spirosigmoilina parri,gaussian,10.0,Spirosigmoilina parri,0.9894986152648926,1
179,data/eval_images/Spirosigmoilina parri_8_view3_zstack_slice_z0030.png,Spirosigmoilina parri,gaussian,25.0,Spirosigmoilina parri,0.9274266362190248,1
179,data/eval_images/Spirosigmoilina parri_8_view3_zstack_slice_z0030.png,Spirosigmoilina parri,gaussian,50.0,Quinqueloculina bosciana,0.5745400786399841,0
179,data/eval_images/Spirosigmoilina parri_8_view3_zstack_slice_z0030.png,Spirosigmoilina parri,saltpepper,0.0,Spirosigmoilina parri,0.9961609840393066,1
179,data/eval_images/Spirosigmoilina parri_8_view3_zstack_slice_z0030.png,Spirosigmoilina parri,saltpepper,0.01,Spirosigmoilina parri,0.89021235704422,1
179,data/eval_images/Spirosigmoilina parri_8_view3_zstack_slice_z0030.png,Spirosigmoilina parri,saltpepper,0.03,Spirosigmoilina parri,0.941108465194702,1
179,data/eval_images/Spirosigmoilina parri_8_view3_zstack_slice_z0030.png,Spirosigmoilina parri,saltpepper,0.07,Quinqueloculina bosciana,0.5364865660667419,0
179,data/eval_images/Spirosigmoilina parri_8_view3_zstack_slice_z0030.png,Spirosigmoilina parri,stretch,1.0,Spirosigmoilina parri,0.9961609840393066,1
180,data/eval_images/Spirosigmoilina parri_8_view3_zstack_slice_z0032.png,Spirosigmoilina parri,gaussian,0.0,Spirosigmoilina parri,0.9988975524902344,1
180,data/eval_images/Spirosigmoilina parri_8_view3_zstack_slice_z0032.png,Spirosigmoilina parri,gaussian,5.0,Spirosigmoilina parri,0.9978199005126952,1
180,data/eval_images/Spirosigmoilina parri_8_view3_zstack_slice_z0032.png,Spirosigmoilina parri,gaussian,10.0,Spirosigmoilina parri,0.9952282905578612,1
180,data/eval_images/Spirosigmoilina parri_8_view3_zstack_slice_z0032.png,Spirosigmoilina parri,gaussian,25.0,Spirosigmoilina parri,0.9722011089324952,1
180,data/eval_images/Spirosigmoilina parri_8_view3_zstack_slice_z0032.png,Spirosigmoilina parri,gaussian,50.0,Quinqueloculina bosciana,0.8083868622779846,0
180,data/eval_images/Spirosigmoilina parri_8_view3_zstack_slice_z0032.png,Spirosigmoilina parri,saltpepper,0.0,Spirosigmoilina parri,0.9988975524902344,1
180,data/eval_images/Spirosigmoilina parri_8_view3_zstack_slice_z0032.png,Spirosigmoilina parri,saltpepper,0.01,Spirosigmoilina parri,0.9830819964408876,1
180,data/eval_images/Spirosigmoilina parri_8_view3_zstack_slice_z0032.png,Spirosigmoilina parri,saltpepper,0.03,Spirosigmoilina parri,0.9515311121940612,1
180,data/eval_images/Spirosigmoilina parri_8_view3_zstack_slice_z0032.png,Spirosigmoilina parri,saltpepper,0.07,Spirosigmoilina parri,0.6974741816520691,1
180,data/eval_images/Spirosigmoilina parri_8_view3_zstack_slice_z0032.png,Spirosigmoilina parri,stretch,1.0,Spirosigmoilina parri,0.9988975524902344,1
181,data/eval_images/Spirosigmoilina parri_8_view3_zstack_slice_z0039.png,Spirosigmoilina parri,gaussian,0.0,Spirosigmoilina parri,0.99899560213089,1
181,data/eval_images/Spirosigmoilina parri_8_view3_zstack_slice_z0039.png,Spirosigmoilina parri,gaussian,5.0,Spirosigmoilina parri,0.9980633854866028,1
181,data/eval_images/Spirosigmoilina parri_8_view3_zstack_slice_z0039.png,Spirosigmoilina parri,gaussian,10.0,Spirosigmoilina parri,0.9966212511062622,1
181,data/eval_images/Spirosigmoilina parri_8_view3_zstack_slice_z0039.png,Spirosigmoilina parri,gaussian,25.0,Spirosigmoilina parri,0.6811127662658691,1
181,data/eval_images/Spirosigmoilina parri_8_view3_zstack_slice_z0039.png,Spirosigmoilina parri,gaussian,50.0,Quinqueloculina bosciana,0.789050281047821,0
181,data/eval_images/Spirosigmoilina parri_8_view3_zstack_slice_z0039.png,Spirosigmoilina parri,saltpepper,0.0,Spirosigmoilina parri,0.99899560213089,1
181,data/eval_images/Spirosigmoilina parri_8_view3_zstack_slice_z0039.png,Spirosigmoilina parri,saltpepper,0.01,Spirosigmoilina parri,0.9716545939445496,1
181,data/eval_images/Spirosigmoilina parri_8_view3_zstack_slice_z0039.png,Spirosigmoilina parri,saltpepper,0.03,Spirosigmoilina parri,0.9680046439170836,1
181,data/eval_images/Spirosigmoilina parri_8_view3_zstack_slice_z0039.png,Spirosigmoilina parri,saltpepper,0.07,Spirosigmoilina parri,0.9543406963348388,1
181,data/eval_images/Spirosigmoilina parri_8_view3_zstack_slice_z0039.png,Spirosigmoilina parri,stretch,1.0,Spirosigmoilina parri,0.99899560213089,1
182,data/eval_images/Spirotextularia floridana_18_view4_stacked_tiff.png,Spirotextularia floridana,gaussian,0.0,Spirotextularia floridana,0.9971805810928344,1
182,data/eval_images/Spirotextularia floridana_18_view4_stacked_tiff.png,Spirotextularia floridana,gaussian,5.0,Spirotextularia floridana,0.9878339767456056,1
182,data/eval_images/Spirotextularia floridana_18_view4_stacked_tiff.png,Spirotextularia floridana,gaussian,10.0,Spirotextularia floridana,0.9029647707939148,1
182,data/eval_images/Spirotextularia floridana_18_view4_stacked_tiff.png,Spirotextularia floridana,gaussian,25.0,Neorotalia calcar,0.4419870674610138,0
182,data/eval_images/Spirotextularia floridana_18_view4_stacked_tiff.png,Spirotextularia floridana,gaussian,50.0,Neorotalia calcar,0.7656300663948059,0
182,data/eval_images/Spirotextularia floridana_18_view4_stacked_tiff.png,Spirotextularia floridana,saltpepper,0.0,Spirotextularia floridana,0.9971805810928344,1
182,data/eval_images/Spirotextularia floridana_18_view4_stacked_tiff.png,Spirotextularia floridana,saltpepper,0.01,Spirotextularia floridana,0.9962461590766908,1
182,data/eval_images/Spirotextularia floridana_18_view4_stacked_tiff.png,Spirotextularia floridana,saltpepper,0.03,Spirotextularia floridana,0.9839969873428344,1
182,data/eval_images/Spirotextularia floridana_18_view4_stacked_tiff.png,Spirotextularia floridana,saltpepper,0.07,Spirotextularia floridana,0.7583511471748352,1
182,data/eval_images/Spirotextularia floridana_18_view4_stacked_tiff.png,Spirotextularia floridana,stretch,1.0,Spirotextularia floridana,0.9971805810928344,1
183,data/eval_images/Spirotextularia floridana_18_view4_zstack_slice_z0010.png,Spirotextularia floridana,gaussian,0.0,Spirotextularia floridana,0.9969701766967772,1
183,data/eval_images/Spirotextularia floridana_18_view4_zstack_slice_z0010.png,Spirotextularia floridana,gaussian,5.0,Spirotextularia floridana,0.9660585522651672,1
183,data/eval_images/Spirotextularia floridana_18_view4_zstack_slice_z0010.png,Spirotextularia floridana,gaussian,10.0,Spirotextularia floridana,0.735847532749176,1
183,data/eval_images/Spirotextularia floridana_18_view4_zstack_slice_z0010.png,Spirotextularia floridana,gaussian,25.0,Neorotalia calcar,0.6656449437141418,0
183,data/eval_images/Spirotextularia floridana_18_view4_zstack_slice_z0010.png,Spirotextularia floridana,gaussian,50.0,Neorotalia calcar,0.8211689591407776,0
183,data/eval_images/Spirotextularia floridana_18_view4_zstack_slice_z0010.png,Spirotextularia floridana,saltpepper,0.0,Spirotextularia floridana,0.9969701766967772,1
183,data/eval_images/Spirotextularia floridana_18_view4_zstack_slice_z0010.png,Spirotextularia floridana,saltpepper,0.01,Spirotextularia floridana,0.9930741786956788,1
183,data/eval_images/Spirotextularia floridana_18_view4_zstack_slice_z0010.png,Spirotextularia floridana,saltpepper,0.03,Spirotextularia floridana,0.9003628492355347,1
183,data/eval_images/Spirotextularia floridana_18_view4_zstack_slice_z0010.png,Spirotextularia floridana,saltpepper,0.07,Neorotalia calcar,0.4778790771961212,0
183,data/eval_images/Spirotextularia floridana_18_view4_zstack_slice_z0010.png,Spirotextularia floridana,stretch,1.0,Spirotextularia floridana,0.9969701766967772,1
184,data/eval_images/Spirotextularia floridana_18_view4_zstack_slice_z0015.png,Spirotextularia floridana,gaussian,0.0,Spirotextularia floridana,0.9956986904144288,1
184,data/eval_images/Spirotextularia floridana_18_view4_zstack_slice_z0015.png,Spirotextularia floridana,gaussian,5.0,Spirotextularia floridana,0.946508765220642,1
184,data/eval_images/Spirotextularia floridana_18_view4_zstack_slice_z0015.png,Spirotextularia floridana,gaussian,10.0,Neorotalia calcar,0.4997655749320984,0
184,data/eval_images/Spirotextularia floridana_18_view4_zstack_slice_z0015.png,Spirotextularia floridana,gaussian,25.0,Neorotalia calcar,0.8230682611465454,0
184,data/eval_images/Spirotextularia floridana_18_view4_zstack_slice_z0015.png,Spirotextularia floridana,gaussian,50.0,Neorotalia calcar,0.8169640898704529,0
184,data/eval_images/Spirotextularia floridana_18_view4_zstack_slice_z0015.png,Spirotextularia floridana,saltpepper,0.0,Spirotextularia floridana,0.9956986904144288,1
184,data/eval_images/Spirotextularia floridana_18_view4_zstack_slice_z0015.png,Spirotextularia floridana,saltpepper,0.01,Spirotextularia floridana,0.9719961881637572,1
184,data/eval_images/Spirotextularia floridana_18_view4_zstack_slice_z0015.png,Spirotextularia floridana,saltpepper,0.03,Spirotextularia floridana,0.8043462038040161,1
184,data/eval_images/Spirotextularia floridana_18_view4_zstack_slice_z0015.png,Spirotextularia floridana,saltpepper,0.07,Neorotalia calcar,0.4896990358829498,0
184,data/eval_images/Spirotextularia floridana_18_view4_zstack_slice_z0015.png,Spirotextularia floridana,stretch,1.0,Spirotextularia floridana,0.9956986904144288,1
185,data/eval_images/Spirotextularia floridana_18_view4_zstack_slice_z0019.png,Spirotextularia floridana,gaussian,0.0,Spirotextularia floridana,0.9947944283485411,1
185,data/eval_images/Spirotextularia floridana_18_view4_zstack_slice_z0019.png,Spirotextularia floridana,gaussian,5.0,Spirotextularia floridana,0.9403729438781738,1
185,data/eval_images/Spirotextularia floridana_18_view4_zstack_slice_z0019.png,Spirotextularia floridana,gaussian,10.0,Spirotextularia floridana,0.6682378053665161,1
185,data/eval_images/Spirotextularia floridana_18_view4_zstack_slice_z0019.png,Spirotextularia floridana,gaussian,25.0,Neorotalia calcar,0.7498933672904968,0
185,data/eval_images/Spirotextularia floridana_18_view4_zstack_slice_z0019.png,Spirotextularia floridana,gaussian,50.0,Neorotalia calcar,0.7801376581192017,0
185,data/eval_images/Spirotextularia floridana_18_view4_zstack_slice_z0019.png,Spirotextularia floridana,saltpepper,0.0,Spirotextularia floridana,0.9947944283485411,1
185,data/eval_images/Spirotextularia floridana_18_view4_zstack_slice_z0019.png,Spirotextularia floridana,saltpepper,0.01,Spirotextularia floridana,0.9722847938537598,1
185,data/eval_images/Spirotextularia floridana_18_view4_zstack_slice_z0019.png,Spirotextularia floridana,saltpepper,0.03,Spirotextularia floridana,0.9100595712661744,1
185,data/eval_images/Spirotextularia floridana_18_view4_zstack_slice_z0019.png,Spirotextularia floridana,saltpepper,0.07,Agglutinella soriformis,0.3868445456027984,0
185,data/eval_images/Spirotextularia floridana_18_view4_zstack_slice_z0019.png,Spirotextularia floridana,stretch,1.0,Spirotextularia floridana,0.9947944283485411,1
186,data/eval_images/Spirotextularia floridana_18_view4_zstack_slice_z0020.png,Spirotextularia floridana,gaussian,0.0,Spirotextularia floridana,0.9949042797088624,1
186,data/eval_images/Spirotextularia floridana_18_view4_zstack_slice_z0020.png,Spirotextularia floridana,gaussian,5.0,Spirotextularia floridana,0.9188546538352966,1
186,data/eval_images/Spirotextularia floridana_18_view4_zstack_slice_z0020.png,Spirotextularia floridana,gaussian,10.0,Neorotalia calcar,0.635155439376831,0
186,data/eval_images/Spirotextularia floridana_18_view4_zstack_slice_z0020.png,Spirotextularia floridana,gaussian,25.0,Neorotalia calcar,0.7703784704208374,0
186,data/eval_images/Spirotextularia floridana_18_view4_zstack_slice_z0020.png,Spirotextularia floridana,gaussian,50.0,Neorotalia calcar,0.4431517720222473,0
186,data/eval_images/Spirotextularia floridana_18_view4_zstack_slice_z0020.png,Spirotextularia floridana,saltpepper,0.0,Spirotextularia floridana,0.9949042797088624,1
186,data/eval_images/Spirotextularia floridana_18_view4_zstack_slice_z0020.png,Spirotextularia floridana,saltpepper,0.01,Spirotextularia floridana,0.9305543899536132,1
186,data/eval_images/Spirotextularia floridana_18_view4_zstack_slice_z0020.png,Spirotextularia floridana,saltpepper,0.03,Spirotextularia floridana,0.8457719683647156,1
186,data/eval_images/Spirotextularia floridana_18_view4_zstack_slice_z0020.png,Spirotextularia floridana,saltpepper,0.07,Spirotextularia floridana,0.3719286024570465,1
186,data/eval_images/Spirotextularia floridana_18_view4_zstack_slice_z0020.png,Spirotextularia floridana,stretch,1.0,Spirotextularia floridana,0.9949042797088624,1
187,data/eval_images/Spirotextularia floridana_18_view4_zstack_slice_z0022.png,Spirotextularia floridana,gaussian,0.0,Spirotextularia floridana,0.994663953781128,1
187,data/eval_images/Spirotextularia floridana_18_view4_zstack_slice_z0022.png,Spirotextularia floridana,gaussian,5.0,Spirotextularia floridana,0.9111547470092772,1
187,data/eval_images/Spirotextularia floridana_18_view4_zstack_slice_z0022.png,Spirotextularia floridana,gaussian,10.0,Neorotalia calcar,0.5312072038650513,0
187,data/eval_images/Spirotextularia floridana_18_view4_zstack_slice_z0022.png,Spirotextularia floridana,gaussian,25.0,Neorotalia calcar,0.713276207447052,0
187,data/eval_images/Spirotextularia floridana_18_view4_zstack_slice_z0022.png,Spirotextularia floridana,gaussian,50.0,Neorotalia calcar,0.6621282696723938,0
187,data/eval_images/Spirotextularia floridana_18_view4_zstack_slice_z0022.png,Spirotextularia floridana,saltpepper,0.0,Spirotextularia floridana,0.994663953781128,1
187,data/eval_images/Spirotextularia floridana_18_view4_zstack_slice_z0022.png,Spirotextularia floridana,saltpepper,0.01,Spirotextularia floridana,0.9846818447113036,1
187,data/eval_images/Spirotextularia floridana_18_view4_zstack_slice_z0022.png,Spirotextularia floridana,saltpepper,0.03,Spirotextularia floridana,0.9015048146247864,1
187,data/eval_images/Spirotextularia floridana_18_view4_zstack_slice_z0022.png,Spirotextularia floridana,saltpepper,0.07,Agglutinella soriformis,0.3889228403568268,0
187,data/eval_images/Spirotextularia floridana_18_view4_zstack_slice_z0022.png,Spirotextularia floridana,stretch,1.0,Spirotextularia floridana,0.994663953781128,1
188,data/eval_images/Triloculina plicata_2_view3_gif_original.png,Triloculina plicata,gaussian,0.0,Triloculina plicata,0.9979450106620787,1
188,data/eval_images/Triloculina plicata_2_view3_gif_original.png,Triloculina plicata,gaussian,5.0,Triloculina plicata,0.997247278690338,1
188,data/eval_images/Triloculina plicata_2_view3_gif_original.png,Triloculina plicata,gaussian,10.0,Triloculina plicata,0.9969359636306764,1
188,data/eval_images/Triloculina plicata_2_view3_gif_original.png,Triloculina plicata,gaussian,25.0,Triloculina plicata,0.9973686933517456,1
188,data/eval_images/Triloculina plicata_2_view3_gif_original.png,Triloculina plicata,gaussian,50.0,Triloculina plicata,0.9960857629776,1
188,data/eval_images/Triloculina plicata_2_view3_gif_original.png,Triloculina plicata,saltpepper,0.0,Triloculina plicata,0.9979450106620787,1
188,data/eval_images/Triloculina plicata_2_view3_gif_original.png,Triloculina plicata,saltpepper,0.01,Triloculina plicata,0.99770987033844,1
188,data/eval_images/Triloculina plicata_2_view3_gif_original.png,Triloculina plicata,saltpepper,0.03,Triloculina plicata,0.9978153705596924,1
188,data/eval_images/Triloculina plicata_2_view3_gif_original.png,Triloculina plicata,saltpepper,0.07,Triloculina plicata,0.9988631010055542,1
188,data/eval_images/Triloculina plicata_2_view3_gif_original.png,Triloculina plicata,stretch,1.0,Triloculina plicata,0.9979450106620787,1
189,data/eval_images/Triloculina plicata_2_view3_stacked_tiff.png,Triloculina plicata,gaussian,0.0,Triloculina plicata,0.9863449335098268,1
189,data/eval_images/Triloculina plicata_2_view3_stacked_tiff.png,Triloculina plicata,gaussian,5.0,Triloculina plicata,0.9763593077659608,1
189,data/eval_images/Triloculina plicata_2_view3_stacked_tiff.png,Triloculina plicata,gaussian,10.0,Triloculina plicata,0.9643928408622742,1
189,data/eval_images/Triloculina plicata_2_view3_stacked_tiff.png,Triloculina plicata,gaussian,25.0,Triloculina plicata,0.9382076263427734,1
189,data/eval_images/Triloculina plicata_2_view3_stacked_tiff.png,Triloculina plicata,gaussian,50.0,Triloculina plicata,0.833202600479126,1
189,data/eval_images/Triloculina plicata_2_view3_stacked_tiff.png,Triloculina plicata,saltpepper,0.0,Triloculina plicata,0.9863449335098268,1
189,data/eval_images/Triloculina plicata_2_view3_stacked_tiff.png,Triloculina plicata,saltpepper,0.01,Triloculina plicata,0.980967104434967,1
189,data/eval_images/Triloculina plicata_2_view3_stacked_tiff.png,Triloculina plicata,saltpepper,0.03,Triloculina plicata,0.9825825691223145,1
189,data/eval_images/Triloculina plicata_2_view3_stacked_tiff.png,Triloculina plicata,saltpepper,0.07,Triloculina plicata,0.976860761642456,1
189,data/eval_images/Triloculina plicata_2_view3_stacked_tiff.png,Triloculina plicata,stretch,1.0,Triloculina plicata,0.9863449335098268,1
190,data/eval_images/Triloculina plicata_2_view3_zstack_slice_z0001.png,Triloculina plicata,gaussian,0.0,Triloculina plicata,0.9869938492774964,1
190,data/eval_images/Triloculina plicata_2_view3_zstack_slice_z0001.png,Triloculina plicata,gaussian,5.0,Triloculina plicata,0.9783970713615416,1
190,data/eval_images/Triloculina plicata_2_view3_zstack_slice_z0001.png,Triloculina plicata,gaussian,10.0,Triloculina plicata,0.962573230266571,1
190,data/eval_images/Triloculina plicata_2_view3_zstack_slice_z0001.png,Triloculina plicata,gaussian,25.0,Triloculina plicata,0.903018057346344,1
190,data/eval_images/Triloculina plicata_2_view3_zstack_slice_z0001.png,Triloculina plicata,gaussian,50.0,Triloculina plicata,0.6551668047904968,1
190,data/eval_images/Triloculina plicata_2_view3_zstack_slice_z0001.png,Triloculina plicata,saltpepper,0.0,Triloculina plicata,0.9869938492774964,1
190,data/eval_images/Triloculina plicata_2_view3_zstack_slice_z0001.png,Triloculina plicata,saltpepper,0.01,Triloculina plicata,0.9811619520187378,1
190,data/eval_images/Triloculina plicata_2_view3_zstack_slice_z0001.png,Triloculina plicata,saltpepper,0.03,Triloculina plicata,0.9804306626319884,1
190,data/eval_images/Triloculina plicata_2_view3_zstack_slice_z0001.png,Triloculina plicata,saltpepper,0.07,Triloculina plicata,0.9782775640487672,1
190,data/eval_images/Triloculina plicata_2_view3_zstack_slice_z0001.png,Triloculina plicata,stretch,1.0,Triloculina plicata,0.9869938492774964,1
191,data/eval_images/Triloculina plicata_2_view3_zstack_slice_z0002.png,Triloculina plicata,gaussian,0.0,Triloculina plicata,0.9885708689689636,1
191,data/eval_images/Triloculina plicata_2_view3_zstack_slice_z0002.png,Triloculina plicata,gaussian,5.0,Triloculina plicata,0.9728992581367492,1
191,data/eval_images/Triloculina plicata_2_view3_zstack_slice_z0002.png,Triloculina plicata,gaussian,10.0,Triloculina plicata,0.9619977474212646,1
191,data/eval_images/Triloculina plicata_2_view3_zstack_slice_z0002.png,Triloculina plicata,gaussian,25.0,Triloculina plicata,0.9081156849861144,1
191,data/eval_images/Triloculina plicata_2_view3_zstack_slice_z0002.png,Triloculina plicata,gaussian,50.0,Triloculina plicata,0.8097034692764282,1
191,data/eval_images/Triloculina plicata_2_view3_zstack_slice_z0002.png,Triloculina plicata,saltpepper,0.0,Triloculina plicata,0.9885708689689636,1
191,data/eval_images/Triloculina plicata_2_view3_zstack_slice_z0002.png,Triloculina plicata,saltpepper,0.01,Triloculina plicata,0.9837855100631714,1
191,data/eval_images/Triloculina plicata_2_view3_zstack_slice_z0002.png,Triloculina plicata,saltpepper,0.03,Triloculina plicata,0.9841201901435852,1
191,data/eval_images/Triloculina plicata_2_view3_zstack_slice_z0002.png,Triloculina plicata,saltpepper,0.07,Triloculina plicata,0.9835010766983032,1
191,data/eval_images/Triloculina plicata_2_view3_zstack_slice_z0002.png,Triloculina plicata,stretch,1.0,Triloculina plicata,0.9885708689689636,1
192,data/eval_images/Triloculina plicata_2_view3_zstack_slice_z0004.png,Triloculina plicata,gaussian,0.0,Triloculina plicata,0.9883803129196168,1
192,data/eval_images/Triloculina plicata_2_view3_zstack_slice_z0004.png,Triloculina plicata,gaussian,5.0,Triloculina plicata,0.9818097352981568,1
192,data/eval_images/Triloculina plicata_2_view3_zstack_slice_z0004.png,Triloculina plicata,gaussian,10.0,Triloculina plicata,0.9524346590042114,1
192,data/eval_images/Triloculina plicata_2_view3_zstack_slice_z0004.png,Triloculina plicata,gaussian,25.0,Triloculina plicata,0.8856582045555115,1
192,data/eval_images/Triloculina plicata_2_view3_zstack_slice_z0004.png,Triloculina plicata,gaussian,50.0,Triloculina plicata,0.6252277493476868,1
192,data/eval_images/Triloculina plicata_2_view3_zstack_slice_z0004.png,Triloculina plicata,saltpepper,0.0,Triloculina plicata,0.9883803129196168,1
192,data/eval_images/Triloculina plicata_2_view3_zstack_slice_z0004.png,Triloculina plicata,saltpepper,0.01,Triloculina plicata,0.983558714389801,1
192,data/eval_images/Triloculina plicata_2_view3_zstack_slice_z0004.png,Triloculina plicata,saltpepper,0.03,Triloculina plicata,0.979944348335266,1
192,data/eval_images/Triloculina plicata_2_view3_zstack_slice_z0004.png,Triloculina plicata,saltpepper,0.07,Triloculina plicata,0.975568950176239,1
192,data/eval_images/Triloculina plicata_2_view3_zstack_slice_z0004.png,Triloculina plicata,stretch,1.0,Triloculina plicata,0.9883803129196168,1
193,data/eval_images/Triloculina plicata_2_view3_zstack_slice_z0010.png,Triloculina plicata,gaussian,0.0,Triloculina plicata,0.9854018688201904,1
193,data/eval_images/Triloculina plicata_2_view3_zstack_slice_z0010.png,Triloculina plicata,gaussian,5.0,Triloculina plicata,0.971907675266266,1
193,data/eval_images/Triloculina plicata_2_view3_zstack_slice_z0010.png,Triloculina plicata,gaussian,10.0,Triloculina plicata,0.9456897974014282,1
193,data/eval_images/Triloculina plicata_2_view3_zstack_slice_z0010.png,Triloculina plicata,gaussian,25.0,Triloculina plicata,0.7977877259254456,1
193,data/eval_images/Triloculina plicata_2_view3_zstack_slice_z0010.png,Triloculina plicata,gaussian,50.0,Triloculina plicata,0.5675641894340515,1
193,data/eval_images/Triloculina plicata_2_view3_zstack_slice_z0010.png,Triloculina plicata,saltpepper,0.0,Triloculina plicata,0.9854018688201904,1
193,data/eval_images/Triloculina plicata_2_view3_zstack_slice_z0010.png,Triloculina plicata,saltpepper,0.01,Triloculina plicata,0.9774234890937804,1
193,data/eval_images/Triloculina plicata_2_view3_zstack_slice_z0010.png,Triloculina plicata,saltpepper,0.03,Triloculina plicata,0.9703417420387268,1
193,data/eval_images/Triloculina plicata_2_view3_zstack_slice_z0010.png,Triloculina plicata,saltpepper,0.07,Triloculina plicata,0.9383177161216736,1
193,data/eval_images/Triloculina plicata_2_view3_zstack_slice_z0010.png,Triloculina plicata,stretch,1.0,Triloculina plicata,0.9854018688201904,1
194,data/eval_images/Triloculina plicata_2_view3_zstack_slice_z0011.png,Triloculina plicata,gaussian,0.0,Triloculina plicata,0.9861549735069276,1
194,data/eval_images/Triloculina plicata_2_view3_zstack_slice_z0011.png,Triloculina plicata,gaussian,5.0,Triloculina plicata,0.9799847602844238,1
194,data/eval_images/Triloculina plicata_2_view3_zstack_slice_z0011.png,Triloculina plicata,gaussian,10.0,Triloculina plicata,0.9408227205276488,1
194,data/eval_images/Triloculina plicata_2_view3_zstack_slice_z0011.png,Triloculina plicata,gaussian,25.0,Triloculina plicata,0.7952730059623718,1
194,data/eval_images/Triloculina plicata_2_view3_zstack_slice_z0011.png,Triloculina plicata,gaussian,50.0,Triloculina trigonula,0.5015373229980469,0
194,data/eval_images/Triloculina plicata_2_view3_zstack_slice_z0011.png,Triloculina plicata,saltpepper,0.0,Triloculina plicata,0.9861549735069276,1
194,data/eval_images/Triloculina plicata_2_view3_zstack_slice_z0011.png,Triloculina plicata,saltpepper,0.01,Triloculina plicata,0.9795093536376952,1
194,data/eval_images/Triloculina plicata_2_view3_zstack_slice_z0011.png,Triloculina plicata,saltpepper,0.03,Triloculina plicata,0.9678300619125366,1
194,data/eval_images/Triloculina plicata_2_view3_zstack_slice_z0011.png,Triloculina plicata,saltpepper,0.07,Triloculina plicata,0.9519012570381165,1
194,data/eval_images/Triloculina plicata_2_view3_zstack_slice_z0011.png,Triloculina plicata,stretch,1.0,Triloculina plicata,0.9861549735069276,1
195,data/eval_images/Triloculina trigonula_14_view5_gif_original.png,Triloculina trigonula,gaussian,0.0,Triloculina trigonula,0.5349715352058411,1
195,data/eval_images/Triloculina trigonula_14_view5_gif_original.png,Triloculina trigonula,gaussian,5.0,Triloculina trigonula,0.5392865538597107,1
195,data/eval_images/Triloculina trigonula_14_view5_gif_original.png,Triloculina trigonula,gaussian,10.0,Triloculina trigonula,0.5657987594604492,1
195,data/eval_images/Triloculina trigonula_14_view5_gif_original.png,Triloculina trigonula,gaussian,25.0,Triloculina trigonula,0.4888823926448822,1
195,data/eval_images/Triloculina trigonula_14_view5_gif_original.png,Triloculina trigonula,gaussian,50.0,Triloculina trigonula,0.5742203593254089,1
195,data/eval_images/Triloculina trigonula_14_view5_gif_original.png,Triloculina trigonula,saltpepper,0.0,Triloculina trigonula,0.5349715352058411,1
195,data/eval_images/Triloculina trigonula_14_view5_gif_original.png,Triloculina trigonula,saltpepper,0.01,Triloculina plicata,0.6083084940910339,0
195,data/eval_images/Triloculina trigonula_14_view5_gif_original.png,Triloculina trigonula,saltpepper,0.03,Triloculina plicata,0.716953456401825,0
195,data/eval_images/Triloculina trigonula_14_view5_gif_original.png,Triloculina trigonula,saltpepper,0.07,Triloculina plicata,0.8082666993141174,0
195,data/eval_images/Triloculina trigonula_14_view5_gif_original.png,Triloculina trigonula,stretch,1.0,Triloculina trigonula,0.5349715352058411,1
196,data/eval_images/Triloculina trigonula_14_view5_stacked_tiff.png,Triloculina trigonula,gaussian,0.0,Triloculina trigonula,0.5402867794036865,1
196,data/eval_images/Triloculina trigonula_14_view5_stacked_tiff.png,Triloculina trigonula,gaussian,5.0,Triloculina trigonula,0.5722455978393555,1
196,data/eval_images/Triloculina trigonula_14_view5_stacked_tiff.png,Triloculina trigonula,gaussian,10.0,Triloculina trigonula,0.5182194709777832,1
196,data/eval_images/Triloculina trigonula_14_view5_stacked_tiff.png,Triloculina trigonula,gaussian,25.0,Triloculina trigonula,0.6020534634590149,1
196,data/eval_images/Triloculina trigonula_14_view5_stacked_tiff.png,Triloculina trigonula,gaussian,50.0,Triloculina trigonula,0.5336766242980957,1
196,data/eval_images/Triloculina trigonula_14_view5_stacked_tiff.png,Triloculina trigonula,saltpepper,0.0,Triloculina trigonula,0.5402867794036865,1
196,data/eval_images/Triloculina trigonula_14_view5_stacked_tiff.png,Triloculina trigonula,saltpepper,0.01,Triloculina plicata,0.6816139221191406,0
196,data/eval_images/Triloculina trigonula_14_view5_stacked_tiff.png,Triloculina trigonula,saltpepper,0.03,Triloculina plicata,0.6688604950904846,0
196,data/eval_images/Triloculina trigonula_14_view5_stacked_tiff.png,Triloculina trigonula,saltpepper,0.07,Triloculina plicata,0.6347522735595703,0
196,data/eval_images/Triloculina trigonula_14_view5_stacked_tiff.png,Triloculina trigonula,stretch,1.0,Triloculina trigonula,0.5402867794036865,1
197,data/eval_images/Triloculina trigonula_14_view5_zstack_slice_z0028.png,Triloculina trigonula,gaussian,0.0,Triloculina plicata,0.5749109983444214,0
197,data/eval_images/Triloculina trigonula_14_view5_zstack_slice_z0028.png,Triloculina trigonula,gaussian,5.0,Triloculina trigonula,0.6945292949676514,1
197,data/eval_images/Triloculina trigonula_14_view5_zstack_slice_z0028.png,Triloculina trigonula,gaussian,10.0,Triloculina trigonula,0.7549473643302917,1
197,data/eval_images/Triloculina trigonula_14_view5_zstack_slice_z0028.png,Triloculina trigonula,gaussian,25.0,Triloculina trigonula,0.8580658435821533,1
197,data/eval_images/Triloculina trigonula_14_view5_zstack_slice_z0028.png,Triloculina trigonula,gaussian,50.0,Triloculina trigonula,0.3210765123367309,1
197,data/eval_images/Triloculina trigonula_14_view5_zstack_slice_z0028.png,Triloculina trigonula,saltpepper,0.0,Triloculina plicata,0.5749109983444214,0
197,data/eval_images/Triloculina trigonula_14_view5_zstack_slice_z0028.png,Triloculina trigonula,saltpepper,0.01,Triloculina plicata,0.5991297364234924,0
197,data/eval_images/Triloculina trigonula_14_view5_zstack_slice_z0028.png,Triloculina trigonula,saltpepper,0.03,Triloculina plicata,0.5910425782203674,0
197,data/eval_images/Triloculina trigonula_14_view5_zstack_slice_z0028.png,Triloculina trigonula,saltpepper,0.07,Triloculina plicata,0.6298783421516418,0
197,data/eval_images/Triloculina trigonula_14_view5_zstack_slice_z0028.png,Triloculina trigonula,stretch,1.0,Triloculina plicata,0.5749109983444214,0
198,data/eval_images/Triloculina trigonula_14_view5_zstack_slice_z0052.png,Triloculina trigonula,gaussian,0.0,Triloculina plicata,0.6122760772705078,0
198,data/eval_images/Triloculina trigonula_14_view5_zstack_slice_z0052.png,Triloculina trigonula,gaussian,5.0,Triloculina trigonula,0.7311044931411743,1
198,data/eval_images/Triloculina trigonula_14_view5_zstack_slice_z0052.png,Triloculina trigonula,gaussian,10.0,Triloculina trigonula,0.8283976316452026,1
198,data/eval_images/Triloculina trigonula_14_view5_zstack_slice_z0052.png,Triloculina trigonula,gaussian,25.0,Triloculina trigonula,0.7873683571815491,1
198,data/eval_images/Triloculina trigonula_14_view5_zstack_slice_z0052.png,Triloculina trigonula,gaussian,50.0,Lenticulina suborbicularis,0.8840007781982422,0
198,data/eval_images/Triloculina trigonula_14_view5_zstack_slice_z0052.png,Triloculina trigonula,saltpepper,0.0,Triloculina plicata,0.6122760772705078,0
198,data/eval_images/Triloculina trigonula_14_view5_zstack_slice_z0052.png,Triloculina trigonula,saltpepper,0.01,Triloculina plicata,0.5546454787254333,0
198,data/eval_images/Triloculina trigonula_14_view5_zstack_slice_z0052.png,Triloculina trigonula,saltpepper,0.03,Triloculina plicata,0.6530542373657227,0
198,data/eval_images/Triloculina trigonula_14_view5_zstack_slice_z0052.png,Triloculina trigonula,saltpepper,0.07,Triloculina plicata,0.639455258846283,0
198,data/eval_images/Triloculina trigonula_14_view5_zstack_slice_z0052.png,Triloculina trigonula,stretch,1.0,Triloculina plicata,0.6122760772705078,0
199,data/eval_images/Triloculina trigonula_14_view5_zstack_slice_z0065.png,Triloculina trigonula,gaussian,0.0,Triloculina plicata,0.591189444065094,0
199,data/eval_images/Triloculina trigonula_14_view5_zstack_slice_z0065.png,Triloculina trigonula,gaussian,5.0,Triloculina trigonula,0.8207303881645203,1
199,data/eval_images/Triloculina trigonula_14_view5_zstack_slice_z0065.png,Triloculina trigonula,gaussian,10.0,Triloculina trigonula,0.7779274582862854,1
199,data/eval_images/Triloculina trigonula_14_view5_zstack_slice_z0065.png,Triloculina trigonula,gaussian,25.0,Triloculina trigonula,0.7775018811225891,1
199,data/eval_images/Triloculina trigonula_14_view5_zstack_slice_z0065.png,Triloculina trigonula,gaussian,50.0,Lenticulina suborbicularis,0.7893031239509583,0
199,data/eval_images/Triloculina trigonula_14_view5_zstack_slice_z0065.png,Triloculina trigonula,saltpepper,0.0,Triloculina plicata,0.591189444065094,0
199,data/eval_images/Triloculina trigonula_14_view5_zstack_slice_z0065.png,Triloculina trigonula,saltpepper,0.01,Triloculina trigonula,0.5703026056289673,1
199,data/eval_images/Triloculina trigonula_14_view5_zstack_slice_z0065.png,Triloculina trigonula,saltpepper,0.03,Triloculina plicata,0.5127710700035095,0
199,data/eval_images/Triloculina trigonula_14_view5_zstack_slice_z0065.png,Triloculina trigonula,saltpepper,0.07,Triloculina plicata,0.5554869174957275,0
199,data/eval_images/Triloculina trigonula_14_view5_zstack_slice_z0065.png,Triloculina trigonula,stretch,1.0,Triloculina plicata,0.591189444065094,0
200,data/eval_images/Triloculina trigonula_14_view5_zstack_slice_z0082.png,Triloculina trigonula,gaussian,0.0,Triloculina trigonula,0.5599727034568787,1
200,data/eval_images/Triloculina trigonula_14_view5_zstack_slice_z0082.png,Triloculina trigonula,gaussian,5.0,Triloculina trigonula,0.7730712294578552,1
200,data/eval_images/Triloculina trigonula_14_view5_zstack_slice_z0082.png,Triloculina trigonula,gaussian,10.0,Triloculina trigonula,0.8746071457862854,1
200,data/eval_images/Triloculina trigonula_14_view5_zstack_slice_z0082.png,Triloculina trigonula,gaussian,25.0,Triloculina trigonula,0.7656863331794739,1
200,data/eval_images/Triloculina trigonula_14_view5_zstack_slice_z0082.png,Triloculina trigonula,gaussian,50.0,Lenticulina suborbicularis,0.6481330394744873,0
200,data/eval_images/Triloculina trigonula_14_view5_zstack_slice_z0082.png,Triloculina trigonula,saltpepper,0.0,Triloculina trigonula,0.5599727034568787,1
200,data/eval_images/Triloculina trigonula_14_view5_zstack_slice_z0082.png,Triloculina trigonula,saltpepper,0.01,Triloculina trigonula,0.6847102046012878,1
200,data/eval_images/Triloculina trigonula_14_view5_zstack_slice_z0082.png,Triloculina trigonula,saltpepper,0.03,Triloculina trigonula,0.7585734128952026,1
200,data/eval_images/Triloculina trigonula_14_view5_zstack_slice_z0082.png,Triloculina trigonula,saltpepper,0.07,Triloculina trigonula,0.6959880590438843,1
200,data/eval_images/Triloculina trigonula_14_view5_zstack_slice_z0082.png,Triloculina trigonula,stretch,1.0,Triloculina trigonula,0.5599727034568787,1
201,data/eval_images/Triloculina trigonula_14_view5_zstack_slice_z0083.png,Triloculina trigonula,gaussian,0.0,Triloculina trigonula,0.556850790977478,1
201,data/eval_images/Triloculina trigonula_14_view5_zstack_slice_z0083.png,Triloculina trigonula,gaussian,5.0,Triloculina trigonula,0.8288773894309998,1
201,data/eval_images/Triloculina trigonula_14_view5_zstack_slice_z0083.png,Triloculina trigonula,gaussian,10.0,Triloculina trigonula,0.8778982758522034,1
201,data/eval_images/Triloculina trigonula_14_view5_zstack_slice_z0083.png,Triloculina trigonula,gaussian,25.0,Triloculina trigonula,0.8321885466575623,1
201,data/eval_images/Triloculina trigonula_14_view5_zstack_slice_z0083.png,Triloculina trigonula,gaussian,50.0,Lenticulina suborbicularis,0.6735042929649353,0
201,data/eval_images/Triloculina trigonula_14_view5_zstack_slice_z0083.png,Triloculina trigonula,saltpepper,0.0,Triloculina trigonula,0.556850790977478,1
201,data/eval_images/Triloculina trigonula_14_view5_zstack_slice_z0083.png,Triloculina trigonula,saltpepper,0.01,Triloculina trigonula,0.6892538666725159,1
201,data/eval_images/Triloculina trigonula_14_view5_zstack_slice_z0083.png,Triloculina trigonula,saltpepper,0.03,Triloculina trigonula,0.5642341375350952,1
201,data/eval_images/Triloculina trigonula_14_view5_zstack_slice_z0083.png,Triloculina trigonula,saltpepper,0.07,Triloculina trigonula,0.5863688588142395,1
201,data/eval_images/Triloculina trigonula_14_view5_zstack_slice_z0083.png,Triloculina trigonula,stretch,1.0,Triloculina trigonula,0.556850790977478,1
