species,specimen_id,view_id,path,source,z_index,path_resized,split
Agglutinella soriformis,20,1,data/train_images/Agglutinella soriformis_20_view1_gif_original.png,gif_original,,data/train_images/Agglutinella soriformis_20_view1_gif_original.png,train
Agglutinella soriformis,20,1,data/train_images/S020_A000_stacked.tif,stacked_tiff,,data/train_images/Agglutinella soriformis_20_view1_stacked_tiff.png,train
Agglutinella soriformis,20,1,data/train_images/S020_A000_Z0000_C00.tif,zstack_slice,0.0,data/train_images/Agglutinella soriformis_20_view1_zstack_slice_z0000.png,train
Agglutinella soriformis,20,1,data/train_images/S020_A000_Z0001_C00.tif,zstack_slice,1.0,data/train_images/Agglutinella soriformis_20_view1_zstack_slice_z0001.png,train
Agglutinella soriformis,20,1,data/train_images/S020_A000_Z0002_C00.tif,zstack_slice,2.0,data/train_images/Agglutinella soriformis_20_view1_zstack_slice_z0002.png,train
Agglutinella soriformis,20,1,data/train_images/S020_A000_Z0003_C00.tif,zstack_slice,3.0,data/train_images/Agglutinella soriformis_20_view1_zstack_slice_z0003.png,train
Agglutinella soriformis,20,1,data/train_images/S020_A000_Z0004_C00.tif,zstack_slice,4.0,data/train_images/Agglutinella soriformis_20_view1_zstack_slice_z0004.png,train
Agglutinella soriformis,20,1,data/train_images/S020_A000_Z0005_C00.tif,zstack_slice,5.0,data/train_images/Agglutinella soriformis_20_view1_zstack_slice_z0005.png,train
Agglutinella soriformis,20,1,data/train_images/S020_A000_Z0006_C00.tif,zstack_slice,6.0,data/train_images/Agglutinella soriformis_20_view1_zstack_slice_z0006.png,train
Agglutinella soriformis,20,1,data/train_images/S020_A000_Z0007_C00.tif,zstack_slice,7.0,data/train_images/Agglutinella soriformis_20_view1_zstack_slice_z0007.png,train
Agglutinella soriformis,20,1,data/train_images/S020_A000_Z0008_C00.tif,zstack_slice,8.0,data/train_images/Agglutinella soriformis_20_view1_zstack_slice_z0008.png,train
Agglutinella soriformis,20,1,data/train_images/S020_A000_Z0009_C00.tif,zstack_slice,9.0,data/train_images/Agglutinella soriformis_20_view1_zstack_slice_z0009.png,train
Agglutinella soriformis,20,1,data/train_images/S020_A000_Z0010_C00.tif,zstack_slice,10.0,data/train_images/Agglutinella soriformis_20_view1_zstack_slice_z0010.png,train
Agglutinella soriformis,20,1,data/train_images/S020_A000_Z0011_C00.tif,zstack_slice,11.0,data/train_images/Agglutinella soriformis_20_view1_zstack_slice_z0011.png,train
Agglutinella soriformis,20,1,data/train_images/S020_A000_Z0012_C00.tif,zstack_slice,12.0,data/train_images/Agglutinella soriformis_20_view1_zstack_slice_z0012.png,train
Agglutinella soriformis,20,1,data/train_images/S020_A000_Z0013_C00.tif,zstack_slice,13.0,data/train_images/Agglutinella soriformis_20_view1_zstack_slice_z0013.png,train
Agglutinella soriformis,20,1,data/train_images/S020_A000_Z0014_C00.tif,zstack_slice,14.0,data/train_images/Agglutinella soriformis_20_view1_zstack_slice_z0014.png,train
Agglutinella soriformis,20,1,data/train_images/S020_A000_Z0015_C00.tif,zstack_slice,15.0,data/train_images/Agglutinella soriformis_20_view1_zstack_slice_z0015.png,train
Agglutinella soriformis,20,1,data/train_images/S020_A000_Z0016_C00.tif,zstack_slice,16.0,data/train_images/Agglutinella soriformis_20_view1_zstack_slice_z0016.png,train
Agglutinella soriformis,20,1,data/train_images/S020_A000_Z0017_C00.tif,zstack_slice,17.0,data/train_images/Agglutinella soriformis_20_view1_zstack_slice_z0017.png,train
Agglutinella soriformis,20,1,data/train_images/S020_A000_Z0018_C00.tif,zstack_slice,18.0,data/train_images/Agglutinella soriformis_20_view1_zstack_slice_z0018.png,train
Agglutinella soriformis,20,1,data/train_images/S020_A000_Z0019_C00.tif,zstack_slice,19.0,data/train_images/Agglutinella soriformis_20_view1_zstack_slice_z0019.png,train
Agglutinella soriformis,20,1,data/train_images/S020_A000_Z0020_C00.tif,zstack_slice,20.0,data/train_images/Agglutinella soriformis_20_view1_zstack_slice_z0020.png,train
Agglutinella soriformis,20,1,data/train_images/S020_A000_Z0021_C00.tif,zstack_slice,21.0,data/train_images/Agglutinella soriformis_20_view1_zstack_slice_z0021.png,train
Agglutinella soriformis,20,1,data/train_images/S020_A000_Z0022_C00.tif,zstack_slice,22.0,data/train_images/Agglutinella soriformis_20_view1_zstack_slice_z0022.png,train
Agglutinella soriformis,20,1,data/train_images/S020_A000_Z0023_C00.tif,zstack_slice,23.0,data/train_images/Agglutinella soriformis_20_view1_zstack_slice_z0023.png,train
Agglutinella soriformis,20,1,data/train_images/S020_A000_Z0024_C00.tif,zstack_slice,24.0,data/train_images/Agglutinella soriformis_20_view1_zstack_slice_z0024.png,train
Agglutinella soriformis,20,1,data/train_images/S020_A000_Z0025_C00.tif,zstack_slice,25.0,data/train_images/Agglutinella soriformis_20_view1_zstack_slice_z0025.png,train
Agglutinella soriformis,20,1,data/train_images/S020_A000_Z0026_C00.tif,zstack_slice,26.0,data/train_images/Agglutinella soriformis_20_view1_zstack_slice_z0026.png,train
Agglutinella soriformis,20,1,data/train_images/S020_A000_Z0027_C00.tif,zstack_slice,27.0,data/train_images/Agglutinella soriformis_20_view1_zstack_slice_z0027.png,train
Agglutinella soriformis,20,1,data/train_images/S020_A000_Z0028_C00.tif,zstack_slice,28.0,data/train_images/Agglutinella soriformis_20_view1_zstack_slice_z0028.png,train
Agglutinella soriformis,20,1,data/train_images/S020_A000_Z0029_C00.tif,zstack_slice,29.0,data/train_images/Agglutinella soriformis_20_view1_zstack_slice_z0029.png,train
Agglutinella soriformis,20,1,data/train_images/S020_A000_Z0030_C00.tif,zstack_slice,30.0,data/train_images/Agglutinella soriformis_20_view1_zstack_slice_z0030.png,train
Agglutinella soriformis,20,1,data/train_images/S020_A000_Z0031_C00.tif,zstack_slice,31.0,data/train_images/Agglutinella soriformis_20_view1_zstack_slice_z0031.png,train
Agglutinella soriformis,20,1,data/train_images/S020_A000_Z0032_C00.tif,zstack_slice,32.0,data/train_images/Agglutinella soriformis_20_view1_zstack_slice_z0032.png,train
Agglutinella soriformis,20,1,data/train_images/S020_A000_Z0033_C00.tif,zstack_slice,33.0,data/train_images/Agglutinella soriformis_20_view1_zstack_slice_z0033.png,train
Agglutinella soriformis,20,1,data/train_images/S020_A000_Z0034_C00.tif,zstack_slice,34.0,data/train_images/Agglutinella soriformis_20_view1_zstack_slice_z0034.png,train
Agglutinella soriformis,20,1,data/train_images/S020_A000_Z0035_C00.tif,zstack_slice,35.0,data/train_images/Agglutinella soriformis_20_view1_zstack_slice_z0035.png,train
Agglutinella soriformis,20,1,data/train_images/S020_A000_Z0036_C00.tif,zstack_slice,36.0,data/train_images/Agglutinella soriformis_20_view1_zstack_slice_z0036.png,train
Agglutinella soriformis,20,1,data/train_images/S020_A000_Z0037_C00.tif,zstack_slice,37.0,data/train_images/Agglutinella soriformis_20_view1_zstack_slice_z0037.png,train
Agglutinella soriformis,20,2,data/train_images/Agglutinella soriformis_20_view2_gif_original.png,gif_original,,data/train_images/Agglutinella soriformis_20_view2_gif_original.png,train
Agglutinella soriformis,20,2,data/train_images/S020_A060_stacked.tif,stacked_tiff,,data/train_images/Agglutinella soriformis_20_view2_stacked_tiff.png,train
Agglutinella soriformis,20,2,data/train_images/S020_A060_Z0000_C00.tif,zstack_slice,0.0,data/train_images/Agglutinella soriformis_20_view2_zstack_slice_z0000.png,train
Agglutinella soriformis,20,2,data/train_images/S020_A060_Z0001_C00.tif,zstack_slice,1.0,data/train_images/Agglutinella soriformis_20_view2_zstack_slice_z0001.png,train
Agglutinella soriformis,20,2,data/train_images/S020_A060_Z0002_C00.tif,zstack_slice,2.0,data/train_images/Agglutinella soriformis_20_view2_zstack_slice_z0002.png,train
Agglutinella soriformis,20,2,data/train_images/S020_A060_Z0003_C00.tif,zstack_slice,3.0,data/train_images/Agglutinella soriformis_20_view2_zstack_slice_z0003.png,train
Agglutinella soriformis,20,2,data/train_images/S020_A060_Z0004_C00.tif,zstack_slice,4.0,data/train_images/Agglutinella soriformis_20_view2_zstack_slice_z0004.png,train
Agglutinella soriformis,20,2,data/train_images/S020_A060_Z0005_C00.tif,zstack_slice,5.0,data/train_images/Agglutinella soriformis_20_view2_zstack_slice_z0005.png,train
Agglutinella soriformis,20,2,data/train_images/S020_A060_Z0006_C00.tif,zstack_slice,6.0,data/train_images/Agglutinella soriformis_20_view2_zstack_slice_z0006.png,train
Agglutinella soriformis,20,2,data/train_images/S020_A060_Z0007_C00.tif,zstack_slice,7.0,data/train_images/Agglutinella soriformis_20_view2_zstack_slice_z0007.png,train
Agglutinella soriformis,20,2,data/train_images/S020_A060_Z0008_C00.tif,zstack_slice,8.0,data/train_images/Agglutinella soriformis_20_view2_zstack_slice_z0008.png,train
Agglutinella soriformis,20,2,data/train_images/S020_A060_Z0009_C00.tif,zstack_slice,9.0,data/train_images/Agglutinella soriformis_20_view2_zstack_slice_z0009.png,train
Agglutinella soriformis,20,2,data/train_images/S020_A060_Z0010_C00.tif,zstack_slice,10.0,data/train_images/Agglutinella soriformis_20_view2_zstack_slice_z0010.png,train
Agglutinella soriformis,20,2,data/train_images/S020_A060_Z0011_C00.tif,zstack_slice,11.0,data/train_images/Agglutinella soriformis_20_view2_zstack_slice_z0011.png,train
Agglutinella soriformis,20,2,data/train_images/S020_A060_Z0012_C00.tif,zstack_slice,12.0,data/train_images/Agglutinella soriformis_20_view2_zstack_slice_z0012.png,train
Agglutinella soriformis,20,2,data/train_images/S020_A060_Z0013_C00.tif,zstack_slice,13.0,data/train_images/Agglutinella soriformis_20_view2_zstack_slice_z0013.png,train
Agglutinella soriformis,20,2,data/train_images/S020_A060_Z0014_C00.tif,zstack_slice,14.0,data/train_images/Agglutinella soriformis_20_view2_zstack_slice_z0014.png,train
Agglutinella soriformis,20,2,data/train_images/S020_A060_Z0015_C00.tif,zstack_slice,15.0,data/train_images/Agglutinella soriformis_20_view2_zstack_slice_z0015.png,train
Agglutinella soriformis,20,2,data/train_images/S020_A060_Z0016_C00.tif,zstack_slice,16.0,data/train_images/Agglutinella soriformis_20_view2_zstack_slice_z0016.png,train
Agglutinella soriformis,20,2,data/train_images/S020_A060_Z0017_C00.tif,zstack_slice,17.0,data/train_images/Agglutinella soriformis_20_view2_zstack_slice_z0017.png,train
Agglutinella soriformis,20,2,data/train_images/S020_A060_Z0018_C00.tif,zstack_slice,18.0,data/train_images/Agglutinella soriformis_20_view2_zstack_slice_z0018.png,train
Agglutinella soriformis,20,2,data/train_images/S020_A060_Z0019_C00.tif,zstack_slice,19.0,data/train_images/Agglutinella soriformis_20_view2_zstack_slice_z0019.png,train
Agglutinella soriformis,20,2,data/train_images/S020_A060_Z0020_C00.tif,zstack_slice,20.0,data/train_images/Agglutinella soriformis_20_view2_zstack_slice_z0020.png,train
Agglutinella soriformis,20,2,data/train_images/S020_A060_Z0021_C00.tif,zstack_slice,21.0,data/train_images/Agglutinella soriformis_20_view2_zstack_slice_z0021.png,train
Agglutinella soriformis,20,2,data/train_images/S020_A060_Z0022_C00.tif,zstack_slice,22.0,data/train_images/Agglutinella soriformis_20_view2_zstack_slice_z0022.png,train
Agglutinella soriformis,20,2,data/train_images/S020_A060_Z0023_C00.tif,zstack_slice,23.0,data/train_images/Agglutinella soriformis_20_view2_zstack_slice_z0023.png,train
Agglutinella soriformis,20,2,data/train_images/S020_A060_Z0024_C00.tif,zstack_slice,24.0,data/train_images/Agglutinella soriformis_20_view2_zstack_slice_z0024.png,train
Agglutinella soriformis,20,2,data/train_images/S020_A060_Z0025_C00.tif,zstack_slice,25.0,data/train_images/Agglutinella soriformis_20_view2_zstack_slice_z0025.png,train
Agglutinella soriformis,20,2,data/train_images/S020_A060_Z0026_C00.tif,zstack_slice,26.0,data/train_images/Agglutinella soriformis_20_view2_zstack_slice_z0026.png,train
Agglutinella soriformis,20,2,data/train_images/S020_A060_Z0027_C00.tif,zstack_slice,27.0,data/train_images/Agglutinella soriformis_20_view2_zstack_slice_z0027.png,train
Agglutinella soriformis,20,2,data/train_images/S020_A060_Z0028_C00.tif,zstack_slice,28.0,data/train_images/Agglutinella soriformis_20_view2_zstack_slice_z0028.png,train
Agglutinella soriformis,20,2,data/train_images/S020_A060_Z0029_C00.tif,zstack_slice,29.0,data/train_images/Agglutinella soriformis_20_view2_zstack_slice_z0029.png,train
Agglutinella soriformis,20,2,data/train_images/S020_A060_Z0030_C00.tif,zstack_slice,30.0,data/train_images/Agglutinella soriformis_20_view2_zstack_slice_z0030.png,train
Agglutinella soriformis,20,3,data/train_images/Agglutinella soriformis_20_view3_gif_original.png,gif_original,,data/train_images/Agglutinella soriformis_20_view3_gif_original.png,train
Agglutinella soriformis,20,3,data/train_images/S020_A120_stacked.tif,stacked_tiff,,data/train_images/Agglutinella soriformis_20_view3_stacked_tiff.png,train
Agglutinella soriformis,20,3,data/train_images/S020_A120_Z0000_C00.tif,zstack_slice,0.0,data/train_images/Agglutinella soriformis_20_view3_zstack_slice_z0000.png,train
Agglutinella soriformis,20,3,data/train_images/S020_A120_Z0001_C00.tif,zstack_slice,1.0,data/train_images/Agglutinella soriformis_20_view3_zstack_slice_z0001.png,train
Agglutinella soriformis,20,3,data/train_images/S020_A120_Z0002_C00.tif,zstack_slice,2.0,data/train_images/Agglutinella soriformis_20_view3_zstack_slice_z0002.png,train
Agglutinella soriformis,20,3,data/train_images/S020_A120_Z0003_C00.tif,zstack_slice,3.0,data/train_images/Agglutinella soriformis_20_view3_zstack_slice_z0003.png,train
Agglutinella soriformis,20,3,data/train_images/S020_A120_Z0004_C00.tif,zstack_slice,4.0,data/train_images/Agglutinella soriformis_20_view3_zstack_slice_z0004.png,train
Agglutinella soriformis,20,3,data/train_images/S020_A120_Z0005_C00.tif,zstack_slice,5.0,data/train_images/Agglutinella soriformis_20_view3_zstack_slice_z0005.png,train
Agglutinella soriformis,20,3,data/train_images/S020_A120_Z0006_C00.tif,zstack_slice,6.0,data/train_images/Agglutinella soriformis_20_view3_zstack_slice_z0006.png,train
Agglutinella soriformis,20,3,data/train_images/S020_A120_Z0007_C00.tif,zstack_slice,7.0,data/train_images/Agglutinella soriformis_20_view3_zstack_slice_z0007.png,train
Agglutinella soriformis,20,3,data/train_images/S020_A120_Z0008_C00.tif,zstack_slice,8.0,data/train_images/Agglutinella soriformis_20_view3_zstack_slice_z0008.png,train
Agglutinella soriformis,20,3,data/train_images/S020_A120_Z0009_C00.tif,zstack_slice,9.0,data/train_images/Agglutinella soriformis_20_view3_zstack_slice_z0009.png,train
Agglutinella soriformis,20,3,data/train_images/S020_A120_Z0010_C00.tif,zstack_slice,10.0,data/train_images/Agglutinella soriformis_20_view3_zstack_slice_z0010.png,train
Agglutinella soriformis,20,3,data/train_images/S020_A120_Z0011_C00.tif,zstack_slice,11.0,data/train_images/Agglutinella soriformis_20_view3_zstack_slice_z0011.png,train
Agglutinella soriformis,20,3,data/train_images/S020_A120_Z0012_C00.tif,zstack_slice,12.0,data/train_images/Agglutinella soriformis_20_view3_zstack_slice_z0012.png,train
Agglutinella soriformis,20,3,data/train_images/S020_A120_Z0013_C00.tif,zstack_slice,13.0,data/train_images/Agglutinella soriformis_20_view3_zstack_slice_z0013.png,train
Agglutinella soriformis,20,3,data/train_images/S020_A120_Z0014_C00.tif,zstack_slice,14.0,data/train_images/Agglutinella soriformis_20_view3_zstack_slice_z0014.png,train
Agglutinella soriformis,20,3,data/train_images/S020_A120_Z0015_C00.tif,zstack_slice,15.0,data/train_images/Agglutinella soriformis_20_view3_zstack_slice_z0015.png,train
Agglutinella soriformis,20,3,data/train_images/S020_A120_Z0016_C00.tif,zstack_slice,16.0,data/train_images/Agglutinella soriformis_20_view3_zstack_slice_z0016.png,train
Agglutinella soriformis,20,3,data/train_images/S020_A120_Z0017_C00.tif,zstack_slice,17.0,data/train_images/Agglutinella soriformis_20_view3_zstack_slice_z0017.png,train
Agglutinella soriformis,20,3,data/train_images/S020_A120_Z0018_C00.tif,zstack_slice,18.0,data/train_images/Agglutinella soriformis_20_view3_zstack_slice_z0018.png,train
Agglutinella soriformis,20,3,data/train_images/S020_A120_Z0019_C00.tif,zstack_slice,19.0,data/train_images/Agglutinella soriformis_20_view3_zstack_slice_z0019.png,train
Agglutinella soriformis,20,3,data/train_images/S020_A120_Z0020_C00.tif,zstack_slice,20.0,data/train_images/Agglutinella soriformis_20_view3_zstack_slice_z0020.png,train
Agglutinella soriformis,20,3,data/train_images/S020_A120_Z0021_C00.tif,zstack_slice,21.0,data/train_images/Agglutinella soriformis_20_view3_zstack_slice_z0021.png,train
Agglutinella soriformis,20,3,data/train_images/S020_A120_Z0022_C00.tif,zstack_slice,22.0,data/train_images/Agglutinella soriformis_20_view3_zstack_slice_z0022.png,train
Agglutinella soriformis,20,3,data/train_images/S020_A120_Z0023_C00.tif,zstack_slice,23.0,data/train_images/Agglutinella soriformis_20_view3_zstack_slice_z0023.png,train
Agglutinella soriformis,20,3,data/train_images/S020_A120_Z0024_C00.tif,zstack_slice,24.0,data/train_images/Agglutinella soriformis_20_view3_zstack_slice_z0024.png,train
Agglutinella soriformis,20,3,data/train_images/S020_A120_Z0025_C00.tif,zstack_slice,25.0,data/train_images/Agglutinella soriformis_20_view3_zstack_slice_z0025.png,train
Agglutinella soriformis,20,3,data/train_images/S020_A120_Z0026_C00.tif,zstack_slice,26.0,data/train_images/Agglutinella soriformis_20_view3_zstack_slice_z0026.png,train
Agglutinella soriformis,20,3,data/train_images/S020_A120_Z0027_C00.tif,zstack_slice,27.0,data/train_images/Agglutinella soriformis_20_view3_zstack_slice_z0027.png,train
Agglutinella soriformis,20,3,data/train_images/S020_A120_Z0028_C00.tif,zstack_slice,28.0,data/train_images/Agglutinella soriformis_20_view3_zstack_slice_z0028.png,train
Agglutinella soriformis,20,3,data/train_images/S020_A120_Z0029_C00.tif,zstack_slice,29.0,data/train_images/Agglutinella soriformis_20_view3_zstack_slice_z0029.png,train
Agglutinella soriformis,20,3,data/train_images/S020_A120_Z0030_C00.tif,zstack_slice,30.0,data/train_images/Agglutinella soriformis_20_view3_zstack_slice_z0030.png,train
Agglutinella soriformis,20,3,data/train_images/S020_A120_Z0031_C00.tif,zstack_slice,31.0,data/train_images/Agglutinella soriformis_20_view3_zstack_slice_z0031.png,train
Agglutinella soriformis,20,3,data/train_images/S020_A120_Z0032_C00.tif,zstack_slice,32.0,data/train_images/Agglutinella soriformis_20_view3_zstack_slice_z0032.png,train
Agglutinella soriformis,20,3,data/train_images/S020_A120_Z0033_C00.tif,zstack_slice,33.0,data/train_images/Agglutinella soriformis_20_view3_zstack_slice_z0033.png,train
Agglutinella soriformis,20,3,data/train_images/S020_A120_Z0034_C00.tif,zstack_slice,34.0,data/train_images/Agglutinella soriformis_20_view3_zstack_slice_z0034.png,train
Agglutinella soriformis,20,3,data/train_images/S020_A120_Z0035_C00.tif,zstack_slice,35.0,data/train_images/Agglutinella soriformis_20_view3_zstack_slice_z0035.png,train
Agglutinella soriformis,20,3,data/train_images/S020_A120_Z0036_C00.tif,zstack_slice,36.0,data/train_images/Agglutinella soriformis_20_view3_zstack_slice_z0036.png,train
Agglutinella soriformis,20,3,data/train_images/S020_A120_Z0037_C00.tif,zstack_slice,37.0,data/train_images/Agglutinella soriformis_20_view3_zstack_slice_z0037.png,train
Agglutinella soriformis,20,3,data/train_images/S020_A120_Z0038_C00.tif,zstack_slice,38.0,data/train_images/Agglutinella soriformis_20_view3_zstack_slice_z0038.png,train
Agglutinella soriformis,20,3,data/train_images/S020_A120_Z0039_C00.tif,zstack_slice,39.0,data/train_images/Agglutinella soriformis_20_view3_zstack_slice_z0039.png,train
Agglutinella soriformis,20,3,data/train_images/S020_A120_Z0040_C00.tif,zstack_slice,40.0,data/train_images/Agglutinella soriformis_20_view3_zstack_slice_z0040.png,train
Agglutinella soriformis,20,3,data/train_images/S020_A120_Z0041_C00.tif,zstack_slice,41.0,data/train_images/Agglutinella soriformis_20_view3_zstack_slice_z0041.png,train
Agglutinella soriformis,20,3,data/train_images/S020_A120_Z0042_C00.tif,zstack_slice,42.0,data/train_images/Agglutinella soriformis_20_view3_zstack_slice_z0042.png,train
Agglutinella soriformis,20,3,data/train_images/S020_A120_Z0043_C00.tif,zstack_slice,43.0,data/train_images/Agglutinella soriformis_20_view3_zstack_slice_z0043.png,train
Agglutinella soriformis,20,3,data/train_images/S020_A120_Z0044_C00.tif,zstack_slice,44.0,data/train_images/Agglutinella soriformis_20_view3_zstack_slice_z0044.png,train
Agglutinella soriformis,20,3,data/train_images/S020_A120_Z0045_C00.tif,zstack_slice,45.0,data/train_images/Agglutinella soriformis_20_view3_zstack_slice_z0045.png,train
Agglutinella soriformis,20,6,data/train_images/Agglutinella soriformis_20_view6_gif_original.png,gif_original,,data/train_images/Agglutinella soriformis_20_view6_gif_original.png,train
Agglutinella soriformis,20,6,data/train_images/S020_A300_stacked.tif,stacked_tiff,,data/train_images/Agglutinella soriformis_20_view6_stacked_tiff.png,train
Agglutinella soriformis,20,6,data/train_images/S020_A300_Z0000_C00.tif,zstack_slice,0.0,data/train_images/Agglutinella soriformis_20_view6_zstack_slice_z0000.png,train
Agglutinella soriformis,20,6,data/train_images/S020_A300_Z0001_C00.tif,zstack_slice,1.0,data/train_images/Agglutinella soriformis_20_view6_zstack_slice_z0001.png,train
Agglutinella soriformis,20,6,data/train_images/S020_A300_Z0002_C00.tif,zstack_slice,2.0,data/train_images/Agglutinella soriformis_20_view6_zstack_slice_z0002.png,train
Agglutinella soriformis,20,6,data/train_images/S020_A300_Z0003_C00.tif,zstack_slice,3.0,data/train_images/Agglutinella soriformis_20_view6_zstack_slice_z0003.png,train
Agglutinella soriformis,20,6,data/train_images/S020_A300_Z0004_C00.tif,zstack_slice,4.0,data/train_images/Agglutinella soriformis_20_view6_zstack_slice_z0004.png,train
Agglutinella soriformis,20,6,data/train_images/S020_A300_Z0005_C00.tif,zstack_slice,5.0,data/train_images/Agglutinella soriformis_20_view6_zstack_slice_z0005.png,train
Agglutinella soriformis,20,6,data/train_images/S020_A300_Z0006_C00.tif,zstack_slice,6.0,data/train_images/Agglutinella soriformis_20_view6_zstack_slice_z0006.png,train
Agglutinella soriformis,20,6,data/train_images/S020_A300_Z0007_C00.tif,zstack_slice,7.0,data/train_images/Agglutinella soriformis_20_view6_zstack_slice_z0007.png,train
Agglutinella soriformis,20,6,data/train_images/S020_A300_Z0008_C00.tif,zstack_slice,8.0,data/train_images/Agglutinella soriformis_20_view6_zstack_slice_z0008.png,train
Agglutinella soriformis,20,6,data/train_images/S020_A300_Z0009_C00.tif,zstack_slice,9.0,data/train_images/Agglutinella soriformis_20_view6_zstack_slice_z0009.png,train
Agglutinella soriformis,20,6,data/train_images/S020_A300_Z0010_C00.tif,zstack_slice,10.0,data/train_images/Agglutinella soriformis_20_view6_zstack_slice_z0010.png,train
Agglutinella soriformis,20,6,data/train_images/S020_A300_Z0011_C00.tif,zstack_slice,11.0,data/train_images/Agglutinella soriformis_20_view6_zstack_slice_z0011.png,train
Agglutinella soriformis,20,6,data/train_images/S020_A300_Z0012_C00.tif,zstack_slice,12.0,data/train_images/Agglutinella soriformis_20_view6_zstack_slice_z0012.png,train
Agglutinella soriformis,20,6,data/train_images/S020_A300_Z0013_C00.tif,zstack_slice,13.0,data/train_images/Agglutinella soriformis_20_view6_zstack_slice_z0013.png,train
Agglutinella soriformis,20,6,data/train_images/S020_A300_Z0014_C00.tif,zstack_slice,14.0,data/train_images/Agglutinella soriformis_20_view6_zstack_slice_z0014.png,train
Agglutinella soriformis,20,6,data/train_images/S020_A300_Z0015_C00.tif,zstack_slice,15.0,data/train_images/Agglutinella soriformis_20_view6_zstack_slice_z0015.png,train
Agglutinella soriformis,20,6,data/train_images/S020_A300_Z0016_C00.tif,zstack_slice,16.0,data/train_images/Agglutinella soriformis_20_view6_zstack_slice_z0016.png,train
Agglutinella soriformis,20,6,data/train_images/S020_A300_Z0017_C00.tif,zstack_slice,17.0,data/train_images/Agglutinella soriformis_20_view6_zstack_slice_z0017.png,train
Ammoscalaria pseudospiralis,12,1,data/train_images/Ammoscalaria pseudospiralis_12_view1_gif_original.png,gif_original,,data/train_images/Ammoscalaria pseudospiralis_12_view1_gif_original.png,train
Ammoscalaria pseudospiralis,12,1,data/train_images/S012_A000_stacked.tif,stacked_tiff,,data/train_images/Ammoscalaria pseudospiralis_12_view1_stacked_tiff.png,train
Ammoscalaria pseudospiralis,12,1,data/train_images/S012_A000_Z0000_C00.tif,zstack_slice,0.0,data/train_images/Ammoscalaria pseudospiralis_12_view1_zstack_slice_z0000.png,train
Ammoscalaria pseudospiralis,12,1,data/train_images/S012_A000_Z0001_C00.tif,zstack_slice,1.0,data/train_images/Ammoscalaria pseudospiralis_12_view1_zstack_slice_z0001.png,train
Ammoscalaria pseudospiralis,12,1,data/train_images/S012_A000_Z0002_C00.tif,zstack_slice,2.0,data/train_images/Ammoscalaria pseudospiralis_12_view1_zstack_slice_z0002.png,train
Ammoscalaria pseudospiralis,12,1,data/train_images/S012_A000_Z0003_C00.tif,zstack_slice,3.0,data/train_images/Ammoscalaria pseudospiralis_12_view1_zstack_slice_z0003.png,train
Ammoscalaria pseudospiralis,12,1,data/train_images/S012_A000_Z0004_C00.tif,zstack_slice,4.0,data/train_images/Ammoscalaria pseudospiralis_12_view1_zstack_slice_z0004.png,train
Ammoscalaria pseudospiralis,12,1,data/train_images/S012_A000_Z0005_C00.tif,zstack_slice,5.0,data/train_images/Ammoscalaria pseudospiralis_12_view1_zstack_slice_z0005.png,train
Ammoscalaria pseudospiralis,12,1,data/train_images/S012_A000_Z0006_C00.tif,zstack_slice,6.0,data/train_images/Ammoscalaria pseudospiralis_12_view1_zstack_slice_z0006.png,train
Ammoscalaria pseudospiralis,12,1,data/train_images/S012_A000_Z0007_C00.tif,zstack_slice,7.0,data/train_images/Ammoscalaria pseudospiralis_12_view1_zstack_slice_z0007.png,train
Ammoscalaria pseudospiralis,12,1,data/train_images/S012_A000_Z0008_C00.tif,zstack_slice,8.0,data/train_images/Ammoscalaria pseudospiralis_12_view1_zstack_slice_z0008.png,train
Ammoscalaria pseudospiralis,12,1,data/train_images/S012_A000_Z0009_C00.tif,zstack_slice,9.0,data/train_images/Ammoscalaria pseudospiralis_12_view1_zstack_slice_z0009.png,train
Ammoscalaria pseudospiralis,12,1,data/train_images/S012_A000_Z0010_C00.tif,zstack_slice,10.0,data/train_images/Ammoscalaria pseudospiralis_12_view1_zstack_slice_z0010.png,train
Ammoscalaria pseudospiralis,12,1,data/train_images/S012_A000_Z0011_C00.tif,zstack_slice,11.0,data/train_images/Ammoscalaria pseudospiralis_12_view1_zstack_slice_z0011.png,train
Ammoscalaria pseudospiralis,12,1,data/train_images/S012_A000_Z0012_C00.tif,zstack_slice,12.0,data/train_images/Ammoscalaria pseudospiralis_12_view1_zstack_slice_z0012.png,train
Ammoscalaria pseudospiralis,12,1,data/train_images/S012_A000_Z0013_C00.tif,zstack_slice,13.0,data/train_images/Ammoscalaria pseudospiralis_12_view1_zstack_slice_z0013.png,train
Ammoscalaria pseudospiralis,12,1,data/train_images/S012_A000_Z0014_C00.tif,zstack_slice,14.0,data/train_images/Ammoscalaria pseudospiralis_12_view1_zstack_slice_z0014.png,train
Ammoscalaria pseudospiralis,12,1,data/train_images/S012_A000_Z0015_C00.tif,zstack_slice,15.0,data/train_images/Ammoscalaria pseudospiralis_12_view1_zstack_slice_z0015.png,train
Ammoscalaria pseudospiralis,12,1,data/train_images/S012_A000_Z0016_C00.tif,zstack_slice,16.0,data/train_images/Ammoscalaria pseudospiralis_12_view1_zstack_slice_z0016.png,train
Ammoscalaria pseudospiralis,12,1,data/train_images/S012_A000_Z0017_C00.tif,zstack_slice,17.0,data/train_images/Ammoscalaria pseudospiralis_12_view1_zstack_slice_z0017.png,train
Ammoscalaria pseudospiralis,12,2,data/train_images/Ammoscalaria pseudospiralis_12_view2_gif_original.png,gif_original,,data/train_images/Ammoscalaria pseudospiralis_12_view2_gif_original.png,train
Ammoscalaria pseudospiralis,12,2,data/train_images/S012_A060_stacked.tif,stacked_tiff,,data/train_images/Ammoscalaria pseudospiralis_12_view2_stacked_tiff.png,train
Ammoscalaria pseudospiralis,12,2,data/train_images/S012_A060_Z0000_C00.tif,zstack_slice,0.0,data/train_images/Ammoscalaria pseudospiralis_12_view2_zstack_slice_z0000.png,train
Ammoscalaria pseudospiralis,12,2,data/train_images/S012_A060_Z0001_C00.tif,zstack_slice,1.0,data/train_images/Ammoscalaria pseudospiralis_12_view2_zstack_slice_z0001.png,train
Ammoscalaria pseudospiralis,12,2,data/train_images/S012_A060_Z0002_C00.tif,zstack_slice,2.0,data/train_images/Ammoscalaria pseudospiralis_12_view2_zstack_slice_z0002.png,train
Ammoscalaria pseudospiralis,12,2,data/train_images/S012_A060_Z0003_C00.tif,zstack_slice,3.0,data/train_images/Ammoscalaria pseudospiralis_12_view2_zstack_slice_z0003.png,train
Ammoscalaria pseudospiralis,12,2,data/train_images/S012_A060_Z0004_C00.tif,zstack_slice,4.0,data/train_images/Ammoscalaria pseudospiralis_12_view2_zstack_slice_z0004.png,train
Ammoscalaria pseudospiralis,12,2,data/train_images/S012_A060_Z0005_C00.tif,zstack_slice,5.0,data/train_images/Ammoscalaria pseudospiralis_12_view2_zstack_slice_z0005.png,train
Ammoscalaria pseudospiralis,12,2,data/train_images/S012_A060_Z0006_C00.tif,zstack_slice,6.0,data/train_images/Ammoscalaria pseudospiralis_12_view2_zstack_slice_z0006.png,train
Ammoscalaria pseudospiralis,12,2,data/train_images/S012_A060_Z0007_C00.tif,zstack_slice,7.0,data/train_images/Ammoscalaria pseudospiralis_12_view2_zstack_slice_z0007.png,train
Ammoscalaria pseudospiralis,12,2,data/train_images/S012_A060_Z0008_C00.tif,zstack_slice,8.0,data/train_images/Ammoscalaria pseudospiralis_12_view2_zstack_slice_z0008.png,train
Ammoscalaria pseudospiralis,12,2,data/train_images/S012_A060_Z0009_C00.tif,zstack_slice,9.0,data/train_images/Ammoscalaria pseudospiralis_12_view2_zstack_slice_z0009.png,train
Ammoscalaria pseudospiralis,12,2,data/train_images/S012_A060_Z0010_C00.tif,zstack_slice,10.0,data/train_images/Ammoscalaria pseudospiralis_12_view2_zstack_slice_z0010.png,train
Ammoscalaria pseudospiralis,12,2,data/train_images/S012_A060_Z0011_C00.tif,zstack_slice,11.0,data/train_images/Ammoscalaria pseudospiralis_12_view2_zstack_slice_z0011.png,train
Ammoscalaria pseudospiralis,12,2,data/train_images/S012_A060_Z0012_C00.tif,zstack_slice,12.0,data/train_images/Ammoscalaria pseudospiralis_12_view2_zstack_slice_z0012.png,train
Ammoscalaria pseudospiralis,12,2,data/train_images/S012_A060_Z0013_C00.tif,zstack_slice,13.0,data/train_images/Ammoscalaria pseudospiralis_12_view2_zstack_slice_z0013.png,train
Ammoscalaria pseudospiralis,12,2,data/train_images/S012_A060_Z0014_C00.tif,zstack_slice,14.0,data/train_images/Ammoscalaria pseudospiralis_12_view2_zstack_slice_z0014.png,train
Ammoscalaria pseudospiralis,12,2,data/train_images/S012_A060_Z0015_C00.tif,zstack_slice,15.0,data/train_images/Ammoscalaria pseudospiralis_12_view2_zstack_slice_z0015.png,train
Ammoscalaria pseudospiralis,12,2,data/train_images/S012_A060_Z0016_C00.tif,zstack_slice,16.0,data/train_images/Ammoscalaria pseudospiralis_12_view2_zstack_slice_z0016.png,train
Ammoscalaria pseudospiralis,12,2,data/train_images/S012_A060_Z0017_C00.tif,zstack_slice,17.0,data/train_images/Ammoscalaria pseudospiralis_12_view2_zstack_slice_z0017.png,train
Ammoscalaria pseudospiralis,12,2,data/train_images/S012_A060_Z0018_C00.tif,zstack_slice,18.0,data/train_images/Ammoscalaria pseudospiralis_12_view2_zstack_slice_z0018.png,train
Ammoscalaria pseudospiralis,12,2,data/train_images/S012_A060_Z0019_C00.tif,zstack_slice,19.0,data/train_images/Ammoscalaria pseudospiralis_12_view2_zstack_slice_z0019.png,train
Ammoscalaria pseudospiralis,12,2,data/train_images/S012_A060_Z0020_C00.tif,zstack_slice,20.0,data/train_images/Ammoscalaria pseudospiralis_12_view2_zstack_slice_z0020.png,train
Ammoscalaria pseudospiralis,12,2,data/train_images/S012_A060_Z0021_C00.tif,zstack_slice,21.0,data/train_images/Ammoscalaria pseudospiralis_12_view2_zstack_slice_z0021.png,train
Ammoscalaria pseudospiralis,12,2,data/train_images/S012_A060_Z0022_C00.tif,zstack_slice,22.0,data/train_images/Ammoscalaria pseudospiralis_12_view2_zstack_slice_z0022.png,train
Ammoscalaria pseudospiralis,12,2,data/train_images/S012_A060_Z0023_C00.tif,zstack_slice,23.0,data/train_images/Ammoscalaria pseudospiralis_12_view2_zstack_slice_z0023.png,train
Ammoscalaria pseudospiralis,12,2,data/train_images/S012_A060_Z0024_C00.tif,zstack_slice,24.0,data/train_images/Ammoscalaria pseudospiralis_12_view2_zstack_slice_z0024.png,train
Ammoscalaria pseudospiralis,12,2,data/train_images/S012_A060_Z0025_C00.tif,zstack_slice,25.0,data/train_images/Ammoscalaria pseudospiralis_12_view2_zstack_slice_z0025.png,train
Ammoscalaria pseudospiralis,12,2,data/train_images/S012_A060_Z0026_C00.tif,zstack_slice,26.0,data/train_images/Ammoscalaria pseudospiralis_12_view2_zstack_slice_z0026.png,train
Ammoscalaria pseudospiralis,12,2,data/train_images/S012_A060_Z0027_C00.tif,zstack_slice,27.0,data/train_images/Ammoscalaria pseudospiralis_12_view2_zstack_slice_z0027.png,train
Ammoscalaria pseudospiralis,12,2,data/train_images/S012_A060_Z0028_C00.tif,zstack_slice,28.0,data/train_images/Ammoscalaria pseudospiralis_12_view2_zstack_slice_z0028.png,train
Ammoscalaria pseudospiralis,12,5,data/train_images/Ammoscalaria pseudospiralis_12_view5_gif_original.png,gif_original,,data/train_images/Ammoscalaria pseudospiralis_12_view5_gif_original.png,train
Ammoscalaria pseudospiralis,12,5,data/train_images/S012_A240_stacked.tif,stacked_tiff,,data/train_images/Ammoscalaria pseudospiralis_12_view5_stacked_tiff.png,train
Ammoscalaria pseudospiralis,12,5,data/train_images/S012_A240_Z0000_C00.tif,zstack_slice,0.0,data/train_images/Ammoscalaria pseudospiralis_12_view5_zstack_slice_z0000.png,train
Ammoscalaria pseudospiralis,12,5,data/train_images/S012_A240_Z0001_C00.tif,zstack_slice,1.0,data/train_images/Ammoscalaria pseudospiralis_12_view5_zstack_slice_z0001.png,train
Ammoscalaria pseudospiralis,12,5,data/train_images/S012_A240_Z0002_C00.tif,zstack_slice,2.0,data/train_images/Ammoscalaria pseudospiralis_12_view5_zstack_slice_z0002.png,train
Ammoscalaria pseudospiralis,12,5,data/train_images/S012_A240_Z0003_C00.tif,zstack_slice,3.0,data/train_images/Ammoscalaria pseudospiralis_12_view5_zstack_slice_z0003.png,train
Ammoscalaria pseudospiralis,12,5,data/train_images/S012_A240_Z0004_C00.tif,zstack_slice,4.0,data/train_images/Ammoscalaria pseudospiralis_12_view5_zstack_slice_z0004.png,train
Ammoscalaria pseudospiralis,12,5,data/train_images/S012_A240_Z0005_C00.tif,zstack_slice,5.0,data/train_images/Ammoscalaria pseudospiralis_12_view5_zstack_slice_z0005.png,train
Ammoscalaria pseudospiralis,12,5,data/train_images/S012_A240_Z0006_C00.tif,zstack_slice,6.0,data/train_images/Ammoscalaria pseudospiralis_12_view5_zstack_slice_z0006.png,train
Ammoscalaria pseudospiralis,12,5,data/train_images/S012_A240_Z0007_C00.tif,zstack_slice,7.0,data/train_images/Ammoscalaria pseudospiralis_12_view5_zstack_slice_z0007.png,train
Ammoscalaria pseudospiralis,12,5,data/train_images/S012_A240_Z0008_C00.tif,zstack_slice,8.0,data/train_images/Ammoscalaria pseudospiralis_12_view5_zstack_slice_z0008.png,train
Ammoscalaria pseudospiralis,12,5,data/train_images/S012_A240_Z0009_C00.tif,zstack_slice,9.0,data/train_images/Ammoscalaria pseudospiralis_12_view5_zstack_slice_z0009.png,train
Ammoscalaria pseudospiralis,12,5,data/train_images/S012_A240_Z0010_C00.tif,zstack_slice,10.0,data/train_images/Ammoscalaria pseudospiralis_12_view5_zstack_slice_z0010.png,train
Ammoscalaria pseudospiralis,12,5,data/train_images/S012_A240_Z0011_C00.tif,zstack_slice,11.0,data/train_images/Ammoscalaria pseudospiralis_12_view5_zstack_slice_z0011.png,train
Ammoscalaria pseudospiralis,12,5,data/train_images/S012_A240_Z0012_C00.tif,zstack_slice,12.0,data/train_images/Ammoscalaria pseudospiralis_12_view5_zstack_slice_z0012.png,train
Ammoscalaria pseudospiralis,12,5,data/train_images/S012_A240_Z0013_C00.tif,zstack_slice,13.0,data/train_images/Ammoscalaria pseudospiralis_12_view5_zstack_slice_z0013.png,train
Ammoscalaria pseudospiralis,12,5,data/train_images/S012_A240_Z0014_C00.tif,zstack_slice,14.0,data/train_images/Ammoscalaria pseudospiralis_12_view5_zstack_slice_z0014.png,train
Ammoscalaria pseudospiralis,12,5,data/train_images/S012_A240_Z0015_C00.tif,zstack_slice,15.0,data/train_images/Ammoscalaria pseudospiralis_12_view5_zstack_slice_z0015.png,train
Ammoscalaria pseudospiralis,12,5,data/train_images/S012_A240_Z0016_C00.tif,zstack_slice,16.0,data/train_images/Ammoscalaria pseudospiralis_12_view5_zstack_slice_z0016.png,train
Ammoscalaria pseudospiralis,12,5,data/train_images/S012_A240_Z0017_C00.tif,zstack_slice,17.0,data/train_images/Ammoscalaria pseudospiralis_12_view5_zstack_slice_z0017.png,train
Ammoscalaria pseudospiralis,12,5,data/train_images/S012_A240_Z0018_C00.tif,zstack_slice,18.0,data/train_images/Ammoscalaria pseudospiralis_12_view5_zstack_slice_z0018.png,train
Ammoscalaria pseudospiralis,12,5,data/train_images/S012_A240_Z0019_C00.tif,zstack_slice,19.0,data/train_images/Ammoscalaria pseudospiralis_12_view5_zstack_slice_z0019.png,train
Ammoscalaria pseudospiralis,12,5,data/train_images/S012_A240_Z0020_C00.tif,zstack_slice,20.0,data/train_images/Ammoscalaria pseudospiralis_12_view5_zstack_slice_z0020.png,train
Ammoscalaria pseudospiralis,12,5,data/train_images/S012_A240_Z0021_C00.tif,zstack_slice,21.0,data/train_images/Ammoscalaria pseudospiralis_12_view5_zstack_slice_z0021.png,train
Ammoscalaria pseudospiralis,12,5,data/train_images/S012_A240_Z0022_C00.tif,zstack_slice,22.0,data/train_images/Ammoscalaria pseudospiralis_12_view5_zstack_slice_z0022.png,train
Ammoscalaria pseudospiralis,12,5,data/train_images/S012_A240_Z0023_C00.tif,zstack_slice,23.0,data/train_images/Ammoscalaria pseudospiralis_12_view5_zstack_slice_z0023.png,train
Ammoscalaria pseudospiralis,12,5,data/train_images/S012_A240_Z0024_C00.tif,zstack_slice,24.0,data/train_images/Ammoscalaria pseudospiralis_12_view5_zstack_slice_z0024.png,train
Ammoscalaria pseudospiralis,12,5,data/train_images/S012_A240_Z0025_C00.tif,zstack_slice,25.0,data/train_images/Ammoscalaria pseudospiralis_12_view5_zstack_slice_z0025.png,train
Ammoscalaria pseudospiralis,12,5,data/train_images/S012_A240_Z0026_C00.tif,zstack_slice,26.0,data/train_images/Ammoscalaria pseudospiralis_12_view5_zstack_slice_z0026.png,train
Ammoscalaria pseudospiralis,12,5,data/train_images/S012_A240_Z0027_C00.tif,zstack_slice,27.0,data/train_images/Ammoscalaria pseudospiralis_12_view5_zstack_slice_z0027.png,train
Ammoscalaria pseudospiralis,12,5,data/train_images/S012_A240_Z0028_C00.tif,zstack_slice,28.0,data/train_images/Ammoscalaria pseudospiralis_12_view5_zstack_slice_z0028.png,train
Ammoscalaria pseudospiralis,12,5,data/train_images/S012_A240_Z0029_C00.tif,zstack_slice,29.0,data/train_images/Ammoscalaria pseudospiralis_12_view5_zstack_slice_z0029.png,train
Ammoscalaria pseudospiralis,12,5,data/train_images/S012_A240_Z0030_C00.tif,zstack_slice,30.0,data/train_images/Ammoscalaria pseudospiralis_12_view5_zstack_slice_z0030.png,train
Ammoscalaria pseudospiralis,12,5,data/train_images/S012_A240_Z0031_C00.tif,zstack_slice,31.0,data/train_images/Ammoscalaria pseudospiralis_12_view5_zstack_slice_z0031.png,train
Ammoscalaria pseudospiralis,12,5,data/train_images/S012_A240_Z0032_C00.tif,zstack_slice,32.0,data/train_images/Ammoscalaria pseudospiralis_12_view5_zstack_slice_z0032.png,train
Ammoscalaria pseudospiralis,12,5,data/train_images/S012_A240_Z0033_C00.tif,zstack_slice,33.0,data/train_images/Ammoscalaria pseudospiralis_12_view5_zstack_slice_z0033.png,train
Ammoscalaria pseudospiralis,12,6,data/train_images/Ammoscalaria pseudospiralis_12_view6_gif_original.png,gif_original,,data/train_images/Ammoscalaria pseudospiralis_12_view6_gif_original.png,train
Ammoscalaria pseudospiralis,12,6,data/train_images/S012_A300_stacked.tif,stacked_tiff,,data/train_images/Ammoscalaria pseudospiralis_12_view6_stacked_tiff.png,train
Ammoscalaria pseudospiralis,12,6,data/train_images/S012_A300_Z0000_C00.tif,zstack_slice,0.0,data/train_images/Ammoscalaria pseudospiralis_12_view6_zstack_slice_z0000.png,train
Ammoscalaria pseudospiralis,12,6,data/train_images/S012_A300_Z0001_C00.tif,zstack_slice,1.0,data/train_images/Ammoscalaria pseudospiralis_12_view6_zstack_slice_z0001.png,train
Ammoscalaria pseudospiralis,12,6,data/train_images/S012_A300_Z0002_C00.tif,zstack_slice,2.0,data/train_images/Ammoscalaria pseudospiralis_12_view6_zstack_slice_z0002.png,train
Ammoscalaria pseudospiralis,12,6,data/train_images/S012_A300_Z0003_C00.tif,zstack_slice,3.0,data/train_images/Ammoscalaria pseudospiralis_12_view6_zstack_slice_z0003.png,train
Ammoscalaria pseudospiralis,12,6,data/train_images/S012_A300_Z0004_C00.tif,zstack_slice,4.0,data/train_images/Ammoscalaria pseudospiralis_12_view6_zstack_slice_z0004.png,train
Ammoscalaria pseudospiralis,12,6,data/train_images/S012_A300_Z0005_C00.tif,zstack_slice,5.0,data/train_images/Ammoscalaria pseudospiralis_12_view6_zstack_slice_z0005.png,train
Ammoscalaria pseudospiralis,12,6,data/train_images/S012_A300_Z0006_C00.tif,zstack_slice,6.0,data/train_images/Ammoscalaria pseudospiralis_12_view6_zstack_slice_z0006.png,train
Ammoscalaria pseudospiralis,12,6,data/train_images/S012_A300_Z0007_C00.tif,zstack_slice,7.0,data/train_images/Ammoscalaria pseudospiralis_12_view6_zstack_slice_z0007.png,train
Ammoscalaria pseudospiralis,12,6,data/train_images/S012_A300_Z0008_C00.tif,zstack_slice,8.0,data/train_images/Ammoscalaria pseudospiralis_12_view6_zstack_slice_z0008.png,train
Ammoscalaria pseudospiralis,12,6,data/train_images/S012_A300_Z0009_C00.tif,zstack_slice,9.0,data/train_images/Ammoscalaria pseudospiralis_12_view6_zstack_slice_z0009.png,train
Ammoscalaria pseudospiralis,12,6,data/train_images/S012_A300_Z0010_C00.tif,zstack_slice,10.0,data/train_images/Ammoscalaria pseudospiralis_12_view6_zstack_slice_z0010.png,train
Ammoscalaria pseudospiralis,12,6,data/train_images/S012_A300_Z0011_C00.tif,zstack_slice,11.0,data/train_images/Ammoscalaria pseudospiralis_12_view6_zstack_slice_z0011.png,train
Ammoscalaria pseudospiralis,12,6,data/train_images/S012_A300_Z0012_C00.tif,zstack_slice,12.0,data/train_images/Ammoscalaria pseudospiralis_12_view6_zstack_slice_z0012.png,train
Ammoscalaria pseudospiralis,12,6,data/train_images/S012_A300_Z0013_C00.tif,zstack_slice,13.0,data/train_images/Ammoscalaria pseudospiralis_12_view6_zstack_slice_z0013.png,train
Ammoscalaria pseudospiralis,12,6,data/train_images/S012_A300_Z0014_C00.tif,zstack_slice,14.0,data/train_images/Ammoscalaria pseudospiralis_12_view6_zstack_slice_z0014.png,train
Amphicoryna scalaris,27,2,data/train_images/Amphicoryna scalaris_27_view2_gif_original.png,gif_original,,data/train_images/Amphicoryna scalaris_27_view2_gif_original.png,train
Amphicoryna scalaris,27,2,data/train_images/S027_A060_Z0000_C00.tif,zstack_slice,0.0,data/train_images/Amphicoryna scalaris_27_view2_zstack_slice_z0000.png,train
Amphicoryna scalaris,27,2,data/train_images/S027_A060_Z0001_C00.tif,zstack_slice,1.0,data/train_images/Amphicoryna scalaris_27_view2_zstack_slice_z0001.png,train
Amphicoryna scalaris,27,2,data/train_images/S027_A060_Z0002_C00.tif,zstack_slice,2.0,data/train_images/Amphicoryna scalaris_27_view2_zstack_slice_z0002.png,train
Amphicoryna scalaris,27,2,data/train_images/S027_A060_Z0003_C00.tif,zstack_slice,3.0,data/train_images/Amphicoryna scalaris_27_view2_zstack_slice_z0003.png,train
Amphicoryna scalaris,27,2,data/train_images/S027_A060_Z0004_C00.tif,zstack_slice,4.0,data/train_images/Amphicoryna scalaris_27_view2_zstack_slice_z0004.png,train
Amphicoryna scalaris,27,2,data/train_images/S027_A060_Z0005_C00.tif,zstack_slice,5.0,data/train_images/Amphicoryna scalaris_27_view2_zstack_slice_z0005.png,train
Amphicoryna scalaris,27,2,data/train_images/S027_A060_Z0006_C00.tif,zstack_slice,6.0,data/train_images/Amphicoryna scalaris_27_view2_zstack_slice_z0006.png,train
Amphicoryna scalaris,27,2,data/train_images/S027_A060_Z0007_C00.tif,zstack_slice,7.0,data/train_images/Amphicoryna scalaris_27_view2_zstack_slice_z0007.png,train
Amphicoryna scalaris,27,2,data/train_images/S027_A060_Z0008_C00.tif,zstack_slice,8.0,data/train_images/Amphicoryna scalaris_27_view2_zstack_slice_z0008.png,train
Amphicoryna scalaris,27,2,data/train_images/S027_A060_Z0009_C00.tif,zstack_slice,9.0,data/train_images/Amphicoryna scalaris_27_view2_zstack_slice_z0009.png,train
Amphicoryna scalaris,27,2,data/train_images/S027_A060_Z0010_C00.tif,zstack_slice,10.0,data/train_images/Amphicoryna scalaris_27_view2_zstack_slice_z0010.png,train
Amphicoryna scalaris,27,2,data/train_images/S027_A060_Z0011_C00.tif,zstack_slice,11.0,data/train_images/Amphicoryna scalaris_27_view2_zstack_slice_z0011.png,train
Amphicoryna scalaris,27,2,data/train_images/S027_A060_Z0012_C00.tif,zstack_slice,12.0,data/train_images/Amphicoryna scalaris_27_view2_zstack_slice_z0012.png,train
Amphicoryna scalaris,27,2,data/train_images/S027_A060_Z0013_C00.tif,zstack_slice,13.0,data/train_images/Amphicoryna scalaris_27_view2_zstack_slice_z0013.png,train
Amphicoryna scalaris,27,2,data/train_images/S027_A060_Z0014_C00.tif,zstack_slice,14.0,data/train_images/Amphicoryna scalaris_27_view2_zstack_slice_z0014.png,train
Amphicoryna scalaris,27,2,data/train_images/S027_A060_Z0015_C00.tif,zstack_slice,15.0,data/train_images/Amphicoryna scalaris_27_view2_zstack_slice_z0015.png,train
Amphicoryna scalaris,27,2,data/train_images/S027_A060_Z0016_C00.tif,zstack_slice,16.0,data/train_images/Amphicoryna scalaris_27_view2_zstack_slice_z0016.png,train
Amphicoryna scalaris,27,2,data/train_images/S027_A060_Z0017_C00.tif,zstack_slice,17.0,data/train_images/Amphicoryna scalaris_27_view2_zstack_slice_z0017.png,train
Amphicoryna scalaris,27,2,data/train_images/S027_A060_Z0018_C00.tif,zstack_slice,18.0,data/train_images/Amphicoryna scalaris_27_view2_zstack_slice_z0018.png,train
Amphicoryna scalaris,27,2,data/train_images/S027_A060_Z0019_C00.tif,zstack_slice,19.0,data/train_images/Amphicoryna scalaris_27_view2_zstack_slice_z0019.png,train
Amphicoryna scalaris,27,2,data/train_images/S027_A060_Z0020_C00.tif,zstack_slice,20.0,data/train_images/Amphicoryna scalaris_27_view2_zstack_slice_z0020.png,train
Amphicoryna scalaris,27,2,data/train_images/S027_A060_Z0021_C00.tif,zstack_slice,21.0,data/train_images/Amphicoryna scalaris_27_view2_zstack_slice_z0021.png,train
Amphicoryna scalaris,27,2,data/train_images/S027_A060_Z0022_C00.tif,zstack_slice,22.0,data/train_images/Amphicoryna scalaris_27_view2_zstack_slice_z0022.png,train
Amphicoryna scalaris,27,2,data/train_images/S027_A060_Z0023_C00.tif,zstack_slice,23.0,data/train_images/Amphicoryna scalaris_27_view2_zstack_slice_z0023.png,train
Amphicoryna scalaris,27,2,data/train_images/S027_A060_Z0024_C00.tif,zstack_slice,24.0,data/train_images/Amphicoryna scalaris_27_view2_zstack_slice_z0024.png,train
Amphicoryna scalaris,27,2,data/train_images/S027_A060_Z0025_C00.tif,zstack_slice,25.0,data/train_images/Amphicoryna scalaris_27_view2_zstack_slice_z0025.png,train
Amphicoryna scalaris,27,2,data/train_images/S027_A060_Z0026_C00.tif,zstack_slice,26.0,data/train_images/Amphicoryna scalaris_27_view2_zstack_slice_z0026.png,train
Amphicoryna scalaris,27,2,data/train_images/S027_A060_Z0027_C00.tif,zstack_slice,27.0,data/train_images/Amphicoryna scalaris_27_view2_zstack_slice_z0027.png,train
Amphicoryna scalaris,27,2,data/train_images/S027_A060_Z0028_C00.tif,zstack_slice,28.0,data/train_images/Amphicoryna scalaris_27_view2_zstack_slice_z0028.png,train
Amphicoryna scalaris,27,2,data/train_images/S027_A060_Z0029_C00.tif,zstack_slice,29.0,data/train_images/Amphicoryna scalaris_27_view2_zstack_slice_z0029.png,train
Amphicoryna scalaris,27,2,data/train_images/S027_A060_Z0030_C00.tif,zstack_slice,30.0,data/train_images/Amphicoryna scalaris_27_view2_zstack_slice_z0030.png,train
Amphicoryna scalaris,27,2,data/train_images/S027_A060_Z0031_C00.tif,zstack_slice,31.0,data/train_images/Amphicoryna scalaris_27_view2_zstack_slice_z0031.png,train
Amphicoryna scalaris,27,3,data/train_images/Amphicoryna scalaris_27_view3_gif_original.png,gif_original,,data/train_images/Amphicoryna scalaris_27_view3_gif_original.png,train
Amphicoryna scalaris,27,3,data/train_images/S027_A120_Z0000_C00.tif,zstack_slice,0.0,data/train_images/Amphicoryna scalaris_27_view3_zstack_slice_z0000.png,train
Amphicoryna scalaris,27,3,data/train_images/S027_A120_Z0001_C00.tif,zstack_slice,1.0,data/train_images/Amphicoryna scalaris_27_view3_zstack_slice_z0001.png,train
Amphicoryna scalaris,27,3,data/train_images/S027_A120_Z0002_C00.tif,zstack_slice,2.0,data/train_images/Amphicoryna scalaris_27_view3_zstack_slice_z0002.png,train
Amphicoryna scalaris,27,3,data/train_images/S027_A120_Z0003_C00.tif,zstack_slice,3.0,data/train_images/Amphicoryna scalaris_27_view3_zstack_slice_z0003.png,train
Amphicoryna scalaris,27,3,data/train_images/S027_A120_Z0004_C00.tif,zstack_slice,4.0,data/train_images/Amphicoryna scalaris_27_view3_zstack_slice_z0004.png,train
Amphicoryna scalaris,27,3,data/train_images/S027_A120_Z0005_C00.tif,zstack_slice,5.0,data/train_images/Amphicoryna scalaris_27_view3_zstack_slice_z0005.png,train
Amphicoryna scalaris,27,3,data/train_images/S027_A120_Z0006_C00.tif,zstack_slice,6.0,data/train_images/Amphicoryna scalaris_27_view3_zstack_slice_z0006.png,train
Amphicoryna scalaris,27,3,data/train_images/S027_A120_Z0007_C00.tif,zstack_slice,7.0,data/train_images/Amphicoryna scalaris_27_view3_zstack_slice_z0007.png,train
Amphicoryna scalaris,27,3,data/train_images/S027_A120_Z0008_C00.tif,zstack_slice,8.0,data/train_images/Amphicoryna scalaris_27_view3_zstack_slice_z0008.png,train
Amphicoryna scalaris,27,3,data/train_images/S027_A120_Z0009_C00.tif,zstack_slice,9.0,data/train_images/Amphicoryna scalaris_27_view3_zstack_slice_z0009.png,train
Amphicoryna scalaris,27,3,data/train_images/S027_A120_Z0010_C00.tif,zstack_slice,10.0,data/train_images/Amphicoryna scalaris_27_view3_zstack_slice_z0010.png,train
Amphicoryna scalaris,27,3,data/train_images/S027_A120_Z0011_C00.tif,zstack_slice,11.0,data/train_images/Amphicoryna scalaris_27_view3_zstack_slice_z0011.png,train
Amphicoryna scalaris,27,3,data/train_images/S027_A120_Z0012_C00.tif,zstack_slice,12.0,data/train_images/Amphicoryna scalaris_27_view3_zstack_slice_z0012.png,train
Amphicoryna scalaris,27,3,data/train_images/S027_A120_Z0013_C00.tif,zstack_slice,13.0,data/train_images/Amphicoryna scalaris_27_view3_zstack_slice_z0013.png,train
Amphicoryna scalaris,27,3,data/train_images/S027_A120_Z0014_C00.tif,zstack_slice,14.0,data/train_images/Amphicoryna scalaris_27_view3_zstack_slice_z0014.png,train
Amphicoryna scalaris,27,3,data/train_images/S027_A120_Z0015_C00.tif,zstack_slice,15.0,data/train_images/Amphicoryna scalaris_27_view3_zstack_slice_z0015.png,train
Amphicoryna scalaris,27,3,data/train_images/S027_A120_Z0016_C00.tif,zstack_slice,16.0,data/train_images/Amphicoryna scalaris_27_view3_zstack_slice_z0016.png,train
Amphicoryna scalaris,27,3,data/train_images/S027_A120_Z0017_C00.tif,zstack_slice,17.0,data/train_images/Amphicoryna scalaris_27_view3_zstack_slice_z0017.png,train
Amphicoryna scalaris,27,3,data/train_images/S027_A120_Z0018_C00.tif,zstack_slice,18.0,data/train_images/Amphicoryna scalaris_27_view3_zstack_slice_z0018.png,train
Amphicoryna scalaris,27,3,data/train_images/S027_A120_Z0019_C00.tif,zstack_slice,19.0,data/train_images/Amphicoryna scalaris_27_view3_zstack_slice_z0019.png,train
Amphicoryna scalaris,27,3,data/train_images/S027_A120_Z0020_C00.tif,zstack_slice,20.0,data/train_images/Amphicoryna scalaris_27_view3_zstack_slice_z0020.png,train
Amphicoryna scalaris,27,3,data/train_images/S027_A120_Z0021_C00.tif,zstack_slice,21.0,data/train_images/Amphicoryna scalaris_27_view3_zstack_slice_z0021.png,train
Amphicoryna scalaris,27,3,data/train_images/S027_A120_Z0022_C00.tif,zstack_slice,22.0,data/train_images/Amphicoryna scalaris_27_view3_zstack_slice_z0022.png,train
Amphicoryna scalaris,27,4,data/train_images/Amphicoryna scalaris_27_view4_gif_original.png,gif_original,,data/train_images/Amphicoryna scalaris_27_view4_gif_original.png,train
Amphicoryna scalaris,27,4,data/train_images/S027_A180_Z0000_C00.tif,zstack_slice,0.0,data/train_images/Amphicoryna scalaris_27_view4_zstack_slice_z0000.png,train
Amphicoryna scalaris,27,4,data/train_images/S027_A180_Z0001_C00.tif,zstack_slice,1.0,data/train_images/Amphicoryna scalaris_27_view4_zstack_slice_z0001.png,train
Amphicoryna scalaris,27,4,data/train_images/S027_A180_Z0002_C00.tif,zstack_slice,2.0,data/train_images/Amphicoryna scalaris_27_view4_zstack_slice_z0002.png,train
Amphicoryna scalaris,27,4,data/train_images/S027_A180_Z0003_C00.tif,zstack_slice,3.0,data/train_images/Amphicoryna scalaris_27_view4_zstack_slice_z0003.png,train
Amphicoryna scalaris,27,4,data/train_images/S027_A180_Z0004_C00.tif,zstack_slice,4.0,data/train_images/Amphicoryna scalaris_27_view4_zstack_slice_z0004.png,train
Amphicoryna scalaris,27,4,data/train_images/S027_A180_Z0005_C00.tif,zstack_slice,5.0,data/train_images/Amphicoryna scalaris_27_view4_zstack_slice_z0005.png,train
Amphicoryna scalaris,27,4,data/train_images/S027_A180_Z0006_C00.tif,zstack_slice,6.0,data/train_images/Amphicoryna scalaris_27_view4_zstack_slice_z0006.png,train
Amphicoryna scalaris,27,4,data/train_images/S027_A180_Z0007_C00.tif,zstack_slice,7.0,data/train_images/Amphicoryna scalaris_27_view4_zstack_slice_z0007.png,train
Amphicoryna scalaris,27,4,data/train_images/S027_A180_Z0008_C00.tif,zstack_slice,8.0,data/train_images/Amphicoryna scalaris_27_view4_zstack_slice_z0008.png,train
Amphicoryna scalaris,27,4,data/train_images/S027_A180_Z0009_C00.tif,zstack_slice,9.0,data/train_images/Amphicoryna scalaris_27_view4_zstack_slice_z0009.png,train
Amphicoryna scalaris,27,4,data/train_images/S027_A180_Z0010_C00.tif,zstack_slice,10.0,data/train_images/Amphicoryna scalaris_27_view4_zstack_slice_z0010.png,train
Amphicoryna scalaris,27,4,data/train_images/S027_A180_Z0011_C00.tif,zstack_slice,11.0,data/train_images/Amphicoryna scalaris_27_view4_zstack_slice_z0011.png,train
Amphicoryna scalaris,27,4,data/train_images/S027_A180_Z0012_C00.tif,zstack_slice,12.0,data/train_images/Amphicoryna scalaris_27_view4_zstack_slice_z0012.png,train
Amphicoryna scalaris,27,4,data/train_images/S027_A180_Z0013_C00.tif,zstack_slice,13.0,data/train_images/Amphicoryna scalaris_27_view4_zstack_slice_z0013.png,train
Amphicoryna scalaris,27,4,data/train_images/S027_A180_Z0014_C00.tif,zstack_slice,14.0,data/train_images/Amphicoryna scalaris_27_view4_zstack_slice_z0014.png,train
Amphicoryna scalaris,27,4,data/train_images/S027_A180_Z0015_C00.tif,zstack_slice,15.0,data/train_images/Amphicoryna scalaris_27_view4_zstack_slice_z0015.png,train
Amphicoryna scalaris,27,4,data/train_images/S027_A180_Z0016_C00.tif,zstack_slice,16.0,data/train_images/Amphicoryna scalaris_27_view4_zstack_slice_z0016.png,train
Amphicoryna scalaris,27,4,data/train_images/S027_A180_Z0017_C00.tif,zstack_slice,17.0,data/train_images/Amphicoryna scalaris_27_view4_zstack_slice_z0017.png,train
Amphicoryna scalaris,27,4,data/train_images/S027_A180_Z0018_C00.tif,zstack_slice,18.0,data/train_images/Amphicoryna scalaris_27_view4_zstack_slice_z0018.png,train
Amphicoryna scalaris,27,4,data/train_images/S027_A180_Z0019_C00.tif,zstack_slice,19.0,data/train_images/Amphicoryna scalaris_27_view4_zstack_slice_z0019.png,train
Amphicoryna scalaris,27,4,data/train_images/S027_A180_Z0020_C00.tif,zstack_slice,20.0,data/train_images/Amphicoryna scalaris_27_view4_zstack_slice_z0020.png,train
Amphicoryna scalaris,27,4,data/train_images/S027_A180_Z0021_C00.tif,zstack_slice,21.0,data/train_images/Amphicoryna scalaris_27_view4_zstack_slice_z0021.png,train
Amphicoryna scalaris,27,4,data/train_images/S027_A180_Z0022_C00.tif,zstack_slice,22.0,data/train_images/Amphicoryna scalaris_27_view4_zstack_slice_z0022.png,train
Amphicoryna scalaris,27,4,data/train_images/S027_A180_Z0023_C00.tif,zstack_slice,23.0,data/train_images/Amphicoryna scalaris_27_view4_zstack_slice_z0023.png,train
Amphicoryna scalaris,27,4,data/train_images/S027_A180_Z0024_C00.tif,zstack_slice,24.0,data/train_images/Amphicoryna scalaris_27_view4_zstack_slice_z0024.png,train
Amphicoryna scalaris,27,4,data/train_images/S027_A180_Z0025_C00.tif,zstack_slice,25.0,data/train_images/Amphicoryna scalaris_27_view4_zstack_slice_z0025.png,train
Amphicoryna scalaris,27,4,data/train_images/S027_A180_Z0026_C00.tif,zstack_slice,26.0,data/train_images/Amphicoryna scalaris_27_view4_zstack_slice_z0026.png,train
Amphicoryna scalaris,27,4,data/train_images/S027_A180_Z0027_C00.tif,zstack_slice,27.0,data/train_images/Amphicoryna scalaris_27_view4_zstack_slice_z0027.png,train
Amphicoryna scalaris,27,4,data/train_images/S027_A180_Z0028_C00.tif,zstack_slice,28.0,data/train_images/Amphicoryna scalaris_27_view4_zstack_slice_z0028.png,train
Amphicoryna scalaris,27,4,data/train_images/S027_A180_Z0029_C00.tif,zstack_slice,29.0,data/train_images/Amphicoryna scalaris_27_view4_zstack_slice_z0029.png,train
Amphicoryna scalaris,27,4,data/train_images/S027_A180_Z0030_C00.tif,zstack_slice,30.0,data/train_images/Amphicoryna scalaris_27_view4_zstack_slice_z0030.png,train
Amphicoryna scalaris,27,4,data/train_images/S027_A180_Z0031_C00.tif,zstack_slice,31.0,data/train_images/Amphicoryna scalaris_27_view4_zstack_slice_z0031.png,train
Amphicoryna scalaris,27,5,data/train_images/Amphicoryna scalaris_27_view5_gif_original.png,gif_original,,data/train_images/Amphicoryna scalaris_27_view5_gif_original.png,train
Amphicoryna scalaris,27,5,data/train_images/S027_A240_Z0000_C00.tif,zstack_slice,0.0,data/train_images/Amphicoryna scalaris_27_view5_zstack_slice_z0000.png,train
Amphicoryna scalaris,27,5,data/train_images/S027_A240_Z0001_C00.tif,zstack_slice,1.0,data/train_images/Amphicoryna scalaris_27_view5_zstack_slice_z0001.png,train
Amphicoryna scalaris,27,5,data/train_images/S027_A240_Z0002_C00.tif,zstack_slice,2.0,data/train_images/Amphicoryna scalaris_27_view5_zstack_slice_z0002.png,train
Amphicoryna scalaris,27,5,data/train_images/S027_A240_Z0003_C00.tif,zstack_slice,3.0,data/train_images/Amphicoryna scalaris_27_view5_zstack_slice_z0003.png,train
Amphicoryna scalaris,27,5,data/train_images/S027_A240_Z0004_C00.tif,zstack_slice,4.0,data/train_images/Amphicoryna scalaris_27_view5_zstack_slice_z0004.png,train
Amphicoryna scalaris,27,5,data/train_images/S027_A240_Z0005_C00.tif,zstack_slice,5.0,data/train_images/Amphicoryna scalaris_27_view5_zstack_slice_z0005.png,train
Amphicoryna scalaris,27,5,data/train_images/S027_A240_Z0006_C00.tif,zstack_slice,6.0,data/train_images/Amphicoryna scalaris_27_view5_zstack_slice_z0006.png,train
Amphicoryna scalaris,27,5,data/train_images/S027_A240_Z0007_C00.tif,zstack_slice,7.0,data/train_images/Amphicoryna scalaris_27_view5_zstack_slice_z0007.png,train
Amphicoryna scalaris,27,5,data/train_images/S027_A240_Z0008_C00.tif,zstack_slice,8.0,data/train_images/Amphicoryna scalaris_27_view5_zstack_slice_z0008.png,train
Amphicoryna scalaris,27,5,data/train_images/S027_A240_Z0009_C00.tif,zstack_slice,9.0,data/train_images/Amphicoryna scalaris_27_view5_zstack_slice_z0009.png,train
Amphicoryna scalaris,27,5,data/train_images/S027_A240_Z0010_C00.tif,zstack_slice,10.0,data/train_images/Amphicoryna scalaris_27_view5_zstack_slice_z0010.png,train
Amphicoryna scalaris,27,5,data/train_images/S027_A240_Z0011_C00.tif,zstack_slice,11.0,data/train_images/Amphicoryna scalaris_27_view5_zstack_slice_z0011.png,train
Amphicoryna scalaris,27,5,data/train_images/S027_A240_Z0012_C00.tif,zstack_slice,12.0,data/train_images/Amphicoryna scalaris_27_view5_zstack_slice_z0012.png,train
Amphicoryna scalaris,27,5,data/train_images/S027_A240_Z0013_C00.tif,zstack_slice,13.0,data/train_images/Amphicoryna scalaris_27_view5_zstack_slice_z0013.png,train
Amphicoryna scalaris,27,5,data/train_images/S027_A240_Z0014_C00.tif,zstack_slice,14.0,data/train_images/Amphicoryna scalaris_27_view5_zstack_slice_z0014.png,train
Amphicoryna scalaris,27,5,data/train_images/S027_A240_Z0015_C00.tif,zstack_slice,15.0,data/train_images/Amphicoryna scalaris_27_view5_zstack_slice_z0015.png,train
Amphicoryna scalaris,27,5,data/train_images/S027_A240_Z0016_C00.tif,zstack_slice,16.0,data/train_images/Amphicoryna scalaris_27_view5_zstack_slice_z0016.png,train
Amphicoryna scalaris,27,5,data/train_images/S027_A240_Z0017_C00.tif,zstack_slice,17.0,data/train_images/Amphicoryna scalaris_27_view5_zstack_slice_z0017.png,train
Amphicoryna scalaris,27,5,data/train_images/S027_A240_Z0018_C00.tif,zstack_slice,18.0,data/train_images/Amphicoryna scalaris_27_view5_zstack_slice_z0018.png,train
Amphistegina radiata,22,1,data/train_images/Amphistegina radiata_22_view1_gif_original.png,gif_original,,data/train_images/Amphistegina radiata_22_view1_gif_original.png,train
Amphistegina radiata,22,1,data/train_images/S022_A000_stacked.tif,stacked_tiff,,data/train_images/Amphistegina radiata_22_view1_stacked_tiff.png,train
Amphistegina radiata,22,1,data/train_images/S022_A000_Z0000_C00.tif,zstack_slice,0.0,data/train_images/Amphistegina radiata_22_view1_zstack_slice_z0000.png,train
Amphistegina radiata,22,1,data/train_images/S022_A000_Z0001_C00.tif,zstack_slice,1.0,data/train_images/Amphistegina radiata_22_view1_zstack_slice_z0001.png,train
Amphistegina radiata,22,1,data/train_images/S022_A000_Z0002_C00.tif,zstack_slice,2.0,data/train_images/Amphistegina radiata_22_view1_zstack_slice_z0002.png,train
Amphistegina radiata,22,1,data/train_images/S022_A000_Z0003_C00.tif,zstack_slice,3.0,data/train_images/Amphistegina radiata_22_view1_zstack_slice_z0003.png,train
Amphistegina radiata,22,1,data/train_images/S022_A000_Z0004_C00.tif,zstack_slice,4.0,data/train_images/Amphistegina radiata_22_view1_zstack_slice_z0004.png,train
Amphistegina radiata,22,1,data/train_images/S022_A000_Z0005_C00.tif,zstack_slice,5.0,data/train_images/Amphistegina radiata_22_view1_zstack_slice_z0005.png,train
Amphistegina radiata,22,1,data/train_images/S022_A000_Z0006_C00.tif,zstack_slice,6.0,data/train_images/Amphistegina radiata_22_view1_zstack_slice_z0006.png,train
Amphistegina radiata,22,1,data/train_images/S022_A000_Z0007_C00.tif,zstack_slice,7.0,data/train_images/Amphistegina radiata_22_view1_zstack_slice_z0007.png,train
Amphistegina radiata,22,1,data/train_images/S022_A000_Z0008_C00.tif,zstack_slice,8.0,data/train_images/Amphistegina radiata_22_view1_zstack_slice_z0008.png,train
Amphistegina radiata,22,1,data/train_images/S022_A000_Z0009_C00.tif,zstack_slice,9.0,data/train_images/Amphistegina radiata_22_view1_zstack_slice_z0009.png,train
Amphistegina radiata,22,1,data/train_images/S022_A000_Z0010_C00.tif,zstack_slice,10.0,data/train_images/Amphistegina radiata_22_view1_zstack_slice_z0010.png,train
Amphistegina radiata,22,1,data/train_images/S022_A000_Z0011_C00.tif,zstack_slice,11.0,data/train_images/Amphistegina radiata_22_view1_zstack_slice_z0011.png,train
Amphistegina radiata,22,1,data/train_images/S022_A000_Z0012_C00.tif,zstack_slice,12.0,data/train_images/Amphistegina radiata_22_view1_zstack_slice_z0012.png,train
Amphistegina radiata,22,1,data/train_images/S022_A000_Z0013_C00.tif,zstack_slice,13.0,data/train_images/Amphistegina radiata_22_view1_zstack_slice_z0013.png,train
Amphistegina radiata,22,1,data/train_images/S022_A000_Z0014_C00.tif,zstack_slice,14.0,data/train_images/Amphistegina radiata_22_view1_zstack_slice_z0014.png,train
Amphistegina radiata,22,1,data/train_images/S022_A000_Z0015_C00.tif,zstack_slice,15.0,data/train_images/Amphistegina radiata_22_view1_zstack_slice_z0015.png,train
Amphistegina radiata,22,1,data/train_images/S022_A000_Z0016_C00.tif,zstack_slice,16.0,data/train_images/Amphistegina radiata_22_view1_zstack_slice_z0016.png,train
Amphistegina radiata,22,1,data/train_images/S022_A000_Z0017_C00.tif,zstack_slice,17.0,data/train_images/Amphistegina radiata_22_view1_zstack_slice_z0017.png,train
Amphistegina radiata,22,1,data/train_images/S022_A000_Z0018_C00.tif,zstack_slice,18.0,data/train_images/Amphistegina radiata_22_view1_zstack_slice_z0018.png,train
Amphistegina radiata,22,1,data/train_images/S022_A000_Z0019_C00.tif,zstack_slice,19.0,data/train_images/Amphistegina radiata_22_view1_zstack_slice_z0019.png,train
Amphistegina radiata,22,1,data/train_images/S022_A000_Z0020_C00.tif,zstack_slice,20.0,data/train_images/Amphistegina radiata_22_view1_zstack_slice_z0020.png,train
Amphistegina radiata,22,1,data/train_images/S022_A000_Z0021_C00.tif,zstack_slice,21.0,data/train_images/Amphistegina radiata_22_view1_zstack_slice_z0021.png,train
Amphistegina radiata,22,1,data/train_images/S022_A000_Z0022_C00.tif,zstack_slice,22.0,data/train_images/Amphistegina radiata_22_view1_zstack_slice_z0022.png,train
Amphistegina radiata,22,1,data/train_images/S022_A000_Z0023_C00.tif,zstack_slice,23.0,data/train_images/Amphistegina radiata_22_view1_zstack_slice_z0023.png,train
Amphistegina radiata,22,1,data/train_images/S022_A000_Z0024_C00.tif,zstack_slice,24.0,data/train_images/Amphistegina radiata_22_view1_zstack_slice_z0024.png,train
Amphistegina radiata,22,1,data/train_images/S022_A000_Z0025_C00.tif,zstack_slice,25.0,data/train_images/Amphistegina radiata_22_view1_zstack_slice_z0025.png,train
Amphistegina radiata,22,1,data/train_images/S022_A000_Z0026_C00.tif,zstack_slice,26.0,data/train_images/Amphistegina radiata_22_view1_zstack_slice_z0026.png,train
Amphistegina radiata,22,1,data/train_images/S022_A000_Z0027_C00.tif,zstack_slice,27.0,data/train_images/Amphistegina radiata_22_view1_zstack_slice_z0027.png,train
Amphistegina radiata,22,1,data/train_images/S022_A000_Z0028_C00.tif,zstack_slice,28.0,data/train_images/Amphistegina radiata_22_view1_zstack_slice_z0028.png,train
Amphistegina radiata,22,1,data/train_images/S022_A000_Z0029_C00.tif,zstack_slice,29.0,data/train_images/Amphistegina radiata_22_view1_zstack_slice_z0029.png,train
Amphistegina radiata,22,1,data/train_images/S022_A000_Z0030_C00.tif,zstack_slice,30.0,data/train_images/Amphistegina radiata_22_view1_zstack_slice_z0030.png,train
Amphistegina radiata,22,1,data/train_images/S022_A000_Z0031_C00.tif,zstack_slice,31.0,data/train_images/Amphistegina radiata_22_view1_zstack_slice_z0031.png,train
Amphistegina radiata,22,1,data/train_images/S022_A000_Z0032_C00.tif,zstack_slice,32.0,data/train_images/Amphistegina radiata_22_view1_zstack_slice_z0032.png,train
Amphistegina radiata,22,1,data/train_images/S022_A000_Z0033_C00.tif,zstack_slice,33.0,data/train_images/Amphistegina radiata_22_view1_zstack_slice_z0033.png,train
Amphistegina radiata,22,1,data/train_images/S022_A000_Z0034_C00.tif,zstack_slice,34.0,data/train_images/Amphistegina radiata_22_view1_zstack_slice_z0034.png,train
Amphistegina radiata,22,1,data/train_images/S022_A000_Z0035_C00.tif,zstack_slice,35.0,data/train_images/Amphistegina radiata_22_view1_zstack_slice_z0035.png,train
Amphistegina radiata,22,1,data/train_images/S022_A000_Z0036_C00.tif,zstack_slice,36.0,data/train_images/Amphistegina radiata_22_view1_zstack_slice_z0036.png,train
Amphistegina radiata,22,1,data/train_images/S022_A000_Z0037_C00.tif,zstack_slice,37.0,data/train_images/Amphistegina radiata_22_view1_zstack_slice_z0037.png,train
Amphistegina radiata,22,1,data/train_images/S022_A000_Z0038_C00.tif,zstack_slice,38.0,data/train_images/Amphistegina radiata_22_view1_zstack_slice_z0038.png,train
Amphistegina radiata,22,1,data/train_images/S022_A000_Z0039_C00.tif,zstack_slice,39.0,data/train_images/Amphistegina radiata_22_view1_zstack_slice_z0039.png,train
Amphistegina radiata,22,1,data/train_images/S022_A000_Z0040_C00.tif,zstack_slice,40.0,data/train_images/Amphistegina radiata_22_view1_zstack_slice_z0040.png,train
Amphistegina radiata,22,3,data/train_images/Amphistegina radiata_22_view3_gif_original.png,gif_original,,data/train_images/Amphistegina radiata_22_view3_gif_original.png,train
Amphistegina radiata,22,3,data/train_images/S022_A120_stacked.tif,stacked_tiff,,data/train_images/Amphistegina radiata_22_view3_stacked_tiff.png,train
Amphistegina radiata,22,3,data/train_images/S022_A120_Z0000_C00.tif,zstack_slice,0.0,data/train_images/Amphistegina radiata_22_view3_zstack_slice_z0000.png,train
Amphistegina radiata,22,3,data/train_images/S022_A120_Z0001_C00.tif,zstack_slice,1.0,data/train_images/Amphistegina radiata_22_view3_zstack_slice_z0001.png,train
Amphistegina radiata,22,3,data/train_images/S022_A120_Z0002_C00.tif,zstack_slice,2.0,data/train_images/Amphistegina radiata_22_view3_zstack_slice_z0002.png,train
Amphistegina radiata,22,3,data/train_images/S022_A120_Z0003_C00.tif,zstack_slice,3.0,data/train_images/Amphistegina radiata_22_view3_zstack_slice_z0003.png,train
Amphistegina radiata,22,3,data/train_images/S022_A120_Z0004_C00.tif,zstack_slice,4.0,data/train_images/Amphistegina radiata_22_view3_zstack_slice_z0004.png,train
Amphistegina radiata,22,3,data/train_images/S022_A120_Z0005_C00.tif,zstack_slice,5.0,data/train_images/Amphistegina radiata_22_view3_zstack_slice_z0005.png,train
Amphistegina radiata,22,3,data/train_images/S022_A120_Z0006_C00.tif,zstack_slice,6.0,data/train_images/Amphistegina radiata_22_view3_zstack_slice_z0006.png,train
Amphistegina radiata,22,3,data/train_images/S022_A120_Z0007_C00.tif,zstack_slice,7.0,data/train_images/Amphistegina radiata_22_view3_zstack_slice_z0007.png,train
Amphistegina radiata,22,3,data/train_images/S022_A120_Z0008_C00.tif,zstack_slice,8.0,data/train_images/Amphistegina radiata_22_view3_zstack_slice_z0008.png,train
Amphistegina radiata,22,3,data/train_images/S022_A120_Z0009_C00.tif,zstack_slice,9.0,data/train_images/Amphistegina radiata_22_view3_zstack_slice_z0009.png,train
Amphistegina radiata,22,3,data/train_images/S022_A120_Z0010_C00.tif,zstack_slice,10.0,data/train_images/Amphistegina radiata_22_view3_zstack_slice_z0010.png,train
Amphistegina radiata,22,3,data/train_images/S022_A120_Z0011_C00.tif,zstack_slice,11.0,data/train_images/Amphistegina radiata_22_view3_zstack_slice_z0011.png,train
Amphistegina radiata,22,3,data/train_images/S022_A120_Z0012_C00.tif,zstack_slice,12.0,data/train_images/Amphistegina radiata_22_view3_zstack_slice_z0012.png,train
Amphistegina radiata,22,3,data/train_images/S022_A120_Z0013_C00.tif,zstack_slice,13.0,data/train_images/Amphistegina radiata_22_view3_zstack_slice_z0013.png,train
Amphistegina radiata,22,3,data/train_images/S022_A120_Z0014_C00.tif,zstack_slice,14.0,data/train_images/Amphistegina radiata_22_view3_zstack_slice_z0014.png,train
Amphistegina radiata,22,3,data/train_images/S022_A120_Z0015_C00.tif,zstack_slice,15.0,data/train_images/Amphistegina radiata_22_view3_zstack_slice_z0015.png,train
Amphistegina radiata,22,3,data/train_images/S022_A120_Z0016_C00.tif,zstack_slice,16.0,data/train_images/Amphistegina radiata_22_view3_zstack_slice_z0016.png,train
Amphistegina radiata,22,3,data/train_images/S022_A120_Z0017_C00.tif,zstack_slice,17.0,data/train_images/Amphistegina radiata_22_view3_zstack_slice_z0017.png,train
Amphistegina radiata,22,3,data/train_images/S022_A120_Z0018_C00.tif,zstack_slice,18.0,data/train_images/Amphistegina radiata_22_view3_zstack_slice_z0018.png,train
Amphistegina radiata,22,3,data/train_images/S022_A120_Z0019_C00.tif,zstack_slice,19.0,data/train_images/Amphistegina radiata_22_view3_zstack_slice_z0019.png,train
Amphistegina radiata,22,3,data/train_images/S022_A120_Z0020_C00.tif,zstack_slice,20.0,data/train_images/Amphistegina radiata_22_view3_zstack_slice_z0020.png,train
Amphistegina radiata,22,3,data/train_images/S022_A120_Z0021_C00.tif,zstack_slice,21.0,data/train_images/Amphistegina radiata_22_view3_zstack_slice_z0021.png,train
Amphistegina radiata,22,3,data/train_images/S022_A120_Z0022_C00.tif,zstack_slice,22.0,data/train_images/Amphistegina radiata_22_view3_zstack_slice_z0022.png,train
Amphistegina radiata,22,3,data/train_images/S022_A120_Z0023_C00.tif,zstack_slice,23.0,data/train_images/Amphistegina radiata_22_view3_zstack_slice_z0023.png,train
Amphistegina radiata,22,3,data/train_images/S022_A120_Z0024_C00.tif,zstack_slice,24.0,data/train_images/Amphistegina radiata_22_view3_zstack_slice_z0024.png,train
Amphistegina radiata,22,3,data/train_images/S022_A120_Z0025_C00.tif,zstack_slice,25.0,data/train_images/Amphistegina radiata_22_view3_zstack_slice_z0025.png,train
Amphistegina radiata,22,3,data/train_images/S022_A120_Z0026_C00.tif,zstack_slice,26.0,data/train_images/Amphistegina radiata_22_view3_zstack_slice_z0026.png,train
Amphistegina radiata,22,3,data/train_images/S022_A120_Z0027_C00.tif,zstack_slice,27.0,data/train_images/Amphistegina radiata_22_view3_zstack_slice_z0027.png,train
Amphistegina radiata,22,3,data/train_images/S022_A120_Z0028_C00.tif,zstack_slice,28.0,data/train_images/Amphistegina radiata_22_view3_zstack_slice_z0028.png,train
Amphistegina radiata,22,3,data/train_images/S022_A120_Z0029_C00.tif,zstack_slice,29.0,data/train_images/Amphistegina radiata_22_view3_zstack_slice_z0029.png,train
Amphistegina radiata,22,3,data/train_images/S022_A120_Z0030_C00.tif,zstack_slice,30.0,data/train_images/Amphistegina radiata_22_view3_zstack_slice_z0030.png,train
Amphistegina radiata,22,3,data/train_images/S022_A120_Z0031_C00.tif,zstack_slice,31.0,data/train_images/Amphistegina radiata_22_view3_zstack_slice_z0031.png,train
Amphistegina radiata,22,3,data/train_images/S022_A120_Z0032_C00.tif,zstack_slice,32.0,data/train_images/Amphistegina radiata_22_view3_zstack_slice_z0032.png,train
Amphistegina radiata,22,3,data/train_images/S022_A120_Z0033_C00.tif,zstack_slice,33.0,data/train_images/Amphistegina radiata_22_view3_zstack_slice_z0033.png,train
Amphistegina radiata,22,3,data/train_images/S022_A120_Z0034_C00.tif,zstack_slice,34.0,data/train_images/Amphistegina radiata_22_view3_zstack_slice_z0034.png,train
Amphistegina radiata,22,3,data/train_images/S022_A120_Z0035_C00.tif,zstack_slice,35.0,data/train_images/Amphistegina radiata_22_view3_zstack_slice_z0035.png,train
Amphistegina radiata,22,3,data/train_images/S022_A120_Z0036_C00.tif,zstack_slice,36.0,data/train_images/Amphistegina radiata_22_view3_zstack_slice_z0036.png,train
Amphistegina radiata,22,3,data/train_images/S022_A120_Z0037_C00.tif,zstack_slice,37.0,data/train_images/Amphistegina radiata_22_view3_zstack_slice_z0037.png,train
Amphistegina radiata,22,3,data/train_images/S022_A120_Z0038_C00.tif,zstack_slice,38.0,data/train_images/Amphistegina radiata_22_view3_zstack_slice_z0038.png,train
Amphistegina radiata,22,3,data/train_images/S022_A120_Z0039_C00.tif,zstack_slice,39.0,data/train_images/Amphistegina radiata_22_view3_zstack_slice_z0039.png,train
Amphistegina radiata,22,3,data/train_images/S022_A120_Z0040_C00.tif,zstack_slice,40.0,data/train_images/Amphistegina radiata_22_view3_zstack_slice_z0040.png,train
Amphistegina radiata,22,3,data/train_images/S022_A120_Z0041_C00.tif,zstack_slice,41.0,data/train_images/Amphistegina radiata_22_view3_zstack_slice_z0041.png,train
Amphistegina radiata,22,3,data/train_images/S022_A120_Z0042_C00.tif,zstack_slice,42.0,data/train_images/Amphistegina radiata_22_view3_zstack_slice_z0042.png,train
Amphistegina radiata,22,3,data/train_images/S022_A120_Z0043_C00.tif,zstack_slice,43.0,data/train_images/Amphistegina radiata_22_view3_zstack_slice_z0043.png,train
Amphistegina radiata,22,3,data/train_images/S022_A120_Z0044_C00.tif,zstack_slice,44.0,data/train_images/Amphistegina radiata_22_view3_zstack_slice_z0044.png,train
Amphistegina radiata,22,3,data/train_images/S022_A120_Z0045_C00.tif,zstack_slice,45.0,data/train_images/Amphistegina radiata_22_view3_zstack_slice_z0045.png,train
Amphistegina radiata,22,3,data/train_images/S022_A120_Z0046_C00.tif,zstack_slice,46.0,data/train_images/Amphistegina radiata_22_view3_zstack_slice_z0046.png,train
Amphistegina radiata,22,3,data/train_images/S022_A120_Z0047_C00.tif,zstack_slice,47.0,data/train_images/Amphistegina radiata_22_view3_zstack_slice_z0047.png,train
Amphistegina radiata,22,3,data/train_images/S022_A120_Z0048_C00.tif,zstack_slice,48.0,data/train_images/Amphistegina radiata_22_view3_zstack_slice_z0048.png,train
Amphistegina radiata,22,3,data/train_images/S022_A120_Z0049_C00.tif,zstack_slice,49.0,data/train_images/Amphistegina radiata_22_view3_zstack_slice_z0049.png,train
Amphistegina radiata,22,3,data/train_images/S022_A120_Z0050_C00.tif,zstack_slice,50.0,data/train_images/Amphistegina radiata_22_view3_zstack_slice_z0050.png,train
Amphistegina radiata,22,3,data/train_images/S022_A120_Z0051_C00.tif,zstack_slice,51.0,data/train_images/Amphistegina radiata_22_view3_zstack_slice_z0051.png,train
Amphistegina radiata,22,3,data/train_images/S022_A120_Z0052_C00.tif,zstack_slice,52.0,data/train_images/Amphistegina radiata_22_view3_zstack_slice_z0052.png,train
Amphistegina radiata,22,3,data/train_images/S022_A120_Z0053_C00.tif,zstack_slice,53.0,data/train_images/Amphistegina radiata_22_view3_zstack_slice_z0053.png,train
Amphistegina radiata,22,3,data/train_images/S022_A120_Z0054_C00.tif,zstack_slice,54.0,data/train_images/Amphistegina radiata_22_view3_zstack_slice_z0054.png,train
Amphistegina radiata,22,3,data/train_images/S022_A120_Z0055_C00.tif,zstack_slice,55.0,data/train_images/Amphistegina radiata_22_view3_zstack_slice_z0055.png,train
Amphistegina radiata,22,3,data/train_images/S022_A120_Z0056_C00.tif,zstack_slice,56.0,data/train_images/Amphistegina radiata_22_view3_zstack_slice_z0056.png,train
Amphistegina radiata,22,3,data/train_images/S022_A120_Z0057_C00.tif,zstack_slice,57.0,data/train_images/Amphistegina radiata_22_view3_zstack_slice_z0057.png,train
Amphistegina radiata,22,3,data/train_images/S022_A120_Z0058_C00.tif,zstack_slice,58.0,data/train_images/Amphistegina radiata_22_view3_zstack_slice_z0058.png,train
Amphistegina radiata,22,3,data/train_images/S022_A120_Z0059_C00.tif,zstack_slice,59.0,data/train_images/Amphistegina radiata_22_view3_zstack_slice_z0059.png,train
Amphistegina radiata,22,3,data/train_images/S022_A120_Z0060_C00.tif,zstack_slice,60.0,data/train_images/Amphistegina radiata_22_view3_zstack_slice_z0060.png,train
Amphistegina radiata,22,3,data/train_images/S022_A120_Z0061_C00.tif,zstack_slice,61.0,data/train_images/Amphistegina radiata_22_view3_zstack_slice_z0061.png,train
Amphistegina radiata,22,3,data/train_images/S022_A120_Z0062_C00.tif,zstack_slice,62.0,data/train_images/Amphistegina radiata_22_view3_zstack_slice_z0062.png,train
Amphistegina radiata,22,3,data/train_images/S022_A120_Z0063_C00.tif,zstack_slice,63.0,data/train_images/Amphistegina radiata_22_view3_zstack_slice_z0063.png,train
Amphistegina radiata,22,3,data/train_images/S022_A120_Z0064_C00.tif,zstack_slice,64.0,data/train_images/Amphistegina radiata_22_view3_zstack_slice_z0064.png,train
Amphistegina radiata,22,3,data/train_images/S022_A120_Z0065_C00.tif,zstack_slice,65.0,data/train_images/Amphistegina radiata_22_view3_zstack_slice_z0065.png,train
Amphistegina radiata,22,3,data/train_images/S022_A120_Z0066_C00.tif,zstack_slice,66.0,data/train_images/Amphistegina radiata_22_view3_zstack_slice_z0066.png,train
Amphistegina radiata,22,3,data/train_images/S022_A120_Z0067_C00.tif,zstack_slice,67.0,data/train_images/Amphistegina radiata_22_view3_zstack_slice_z0067.png,train
Amphistegina radiata,22,3,data/train_images/S022_A120_Z0068_C00.tif,zstack_slice,68.0,data/train_images/Amphistegina radiata_22_view3_zstack_slice_z0068.png,train
Amphistegina radiata,22,4,data/train_images/Amphistegina radiata_22_view4_gif_original.png,gif_original,,data/train_images/Amphistegina radiata_22_view4_gif_original.png,train
Amphistegina radiata,22,4,data/train_images/S022_A180_stacked.tif,stacked_tiff,,data/train_images/Amphistegina radiata_22_view4_stacked_tiff.png,train
Amphistegina radiata,22,4,data/train_images/S022_A180_Z0000_C00.tif,zstack_slice,0.0,data/train_images/Amphistegina radiata_22_view4_zstack_slice_z0000.png,train
Amphistegina radiata,22,4,data/train_images/S022_A180_Z0001_C00.tif,zstack_slice,1.0,data/train_images/Amphistegina radiata_22_view4_zstack_slice_z0001.png,train
Amphistegina radiata,22,4,data/train_images/S022_A180_Z0002_C00.tif,zstack_slice,2.0,data/train_images/Amphistegina radiata_22_view4_zstack_slice_z0002.png,train
Amphistegina radiata,22,4,data/train_images/S022_A180_Z0003_C00.tif,zstack_slice,3.0,data/train_images/Amphistegina radiata_22_view4_zstack_slice_z0003.png,train
Amphistegina radiata,22,4,data/train_images/S022_A180_Z0004_C00.tif,zstack_slice,4.0,data/train_images/Amphistegina radiata_22_view4_zstack_slice_z0004.png,train
Amphistegina radiata,22,4,data/train_images/S022_A180_Z0005_C00.tif,zstack_slice,5.0,data/train_images/Amphistegina radiata_22_view4_zstack_slice_z0005.png,train
Amphistegina radiata,22,4,data/train_images/S022_A180_Z0006_C00.tif,zstack_slice,6.0,data/train_images/Amphistegina radiata_22_view4_zstack_slice_z0006.png,train
Amphistegina radiata,22,4,data/train_images/S022_A180_Z0007_C00.tif,zstack_slice,7.0,data/train_images/Amphistegina radiata_22_view4_zstack_slice_z0007.png,train
Amphistegina radiata,22,4,data/train_images/S022_A180_Z0008_C00.tif,zstack_slice,8.0,data/train_images/Amphistegina radiata_22_view4_zstack_slice_z0008.png,train
Amphistegina radiata,22,4,data/train_images/S022_A180_Z0009_C00.tif,zstack_slice,9.0,data/train_images/Amphistegina radiata_22_view4_zstack_slice_z0009.png,train
Amphistegina radiata,22,4,data/train_images/S022_A180_Z0010_C00.tif,zstack_slice,10.0,data/train_images/Amphistegina radiata_22_view4_zstack_slice_z0010.png,train
Amphistegina radiata,22,4,data/train_images/S022_A180_Z0011_C00.tif,zstack_slice,11.0,data/train_images/Amphistegina radiata_22_view4_zstack_slice_z0011.png,train
Amphistegina radiata,22,4,data/train_images/S022_A180_Z0012_C00.tif,zstack_slice,12.0,data/train_images/Amphistegina radiata_22_view4_zstack_slice_z0012.png,train
Amphistegina radiata,22,4,data/train_images/S022_A180_Z0013_C00.tif,zstack_slice,13.0,data/train_images/Amphistegina radiata_22_view4_zstack_slice_z0013.png,train
Amphistegina radiata,22,4,data/train_images/S022_A180_Z0014_C00.tif,zstack_slice,14.0,data/train_images/Amphistegina radiata_22_view4_zstack_slice_z0014.png,train
Amphistegina radiata,22,4,data/train_images/S022_A180_Z0015_C00.tif,zstack_slice,15.0,data/train_images/Amphistegina radiata_22_view4_zstack_slice_z0015.png,train
Amphistegina radiata,22,4,data/train_images/S022_A180_Z0016_C00.tif,zstack_slice,16.0,data/train_images/Amphistegina radiata_22_view4_zstack_slice_z0016.png,train
Amphistegina radiata,22,4,data/train_images/S022_A180_Z0017_C00.tif,zstack_slice,17.0,data/train_images/Amphistegina radiata_22_view4_zstack_slice_z0017.png,train
Amphistegina radiata,22,4,data/train_images/S022_A180_Z0018_C00.tif,zstack_slice,18.0,data/train_images/Amphistegina radiata_22_view4_zstack_slice_z0018.png,train
Amphistegina radiata,22,4,data/train_images/S022_A180_Z0019_C00.tif,zstack_slice,19.0,data/train_images/Amphistegina radiata_22_view4_zstack_slice_z0019.png,train
Amphistegina radiata,22,4,data/train_images/S022_A180_Z0020_C00.tif,zstack_slice,20.0,data/train_images/Amphistegina radiata_22_view4_zstack_slice_z0020.png,train
Amphistegina radiata,22,4,data/train_images/S022_A180_Z0021_C00.tif,zstack_slice,21.0,data/train_images/Amphistegina radiata_22_view4_zstack_slice_z0021.png,train
Amphistegina radiata,22,4,data/train_images/S022_A180_Z0022_C00.tif,zstack_slice,22.0,data/train_images/Amphistegina radiata_22_view4_zstack_slice_z0022.png,train
Amphistegina radiata,22,4,data/train_images/S022_A180_Z0023_C00.tif,zstack_slice,23.0,data/train_images/Amphistegina radiata_22_view4_zstack_slice_z0023.png,train
Amphistegina radiata,22,4,data/train_images/S022_A180_Z0024_C00.tif,zstack_slice,24.0,data/train_images/Amphistegina radiata_22_view4_zstack_slice_z0024.png,train
Amphistegina radiata,22,4,data/train_images/S022_A180_Z0025_C00.tif,zstack_slice,25.0,data/train_images/Amphistegina radiata_22_view4_zstack_slice_z0025.png,train
Amphistegina radiata,22,4,data/train_images/S022_A180_Z0026_C00.tif,zstack_slice,26.0,data/train_images/Amphistegina radiata_22_view4_zstack_slice_z0026.png,train
Amphistegina radiata,22,4,data/train_images/S022_A180_Z0027_C00.tif,zstack_slice,27.0,data/train_images/Amphistegina radiata_22_view4_zstack_slice_z0027.png,train
Amphistegina radiata,22,4,data/train_images/S022_A180_Z0028_C00.tif,zstack_slice,28.0,data/train_images/Amphistegina radiata_22_view4_zstack_slice_z0028.png,train
Amphistegina radiata,22,4,data/train_images/S022_A180_Z0029_C00.tif,zstack_slice,29.0,data/train_images/Amphistegina radiata_22_view4_zstack_slice_z0029.png,train
Amphistegina radiata,22,4,data/train_images/S022_A180_Z0030_C00.tif,zstack_slice,30.0,data/train_images/Amphistegina radiata_22_view4_zstack_slice_z0030.png,train
Amphistegina radiata,22,4,data/train_images/S022_A180_Z0031_C00.tif,zstack_slice,31.0,data/train_images/Amphistegina radiata_22_view4_zstack_slice_z0031.png,train
Amphistegina radiata,22,4,data/train_images/S022_A180_Z0032_C00.tif,zstack_slice,32.0,data/train_images/Amphistegina radiata_22_view4_zstack_slice_z0032.png,train
Amphistegina radiata,22,4,data/train_images/S022_A180_Z0033_C00.tif,zstack_slice,33.0,data/train_images/Amphistegina radiata_22_view4_zstack_slice_z0033.png,train
Amphistegina radiata,22,4,data/train_images/S022_A180_Z0034_C00.tif,zstack_slice,34.0,data/train_images/Amphistegina radiata_22_view4_zstack_slice_z0034.png,train
Amphistegina radiata,22,4,data/train_images/S022_A180_Z0035_C00.tif,zstack_slice,35.0,data/train_images/Amphistegina radiata_22_view4_zstack_slice_z0035.png,train
Amphistegina radiata,22,4,data/train_images/S022_A180_Z0036_C00.tif,zstack_slice,36.0,data/train_images/Amphistegina radiata_22_view4_zstack_slice_z0036.png,train
Amphistegina radiata,22,4,data/train_images/S022_A180_Z0037_C00.tif,zstack_slice,37.0,data/train_images/Amphistegina radiata_22_view4_zstack_slice_z0037.png,train
Amphistegina radiata,22,4,data/train_images/S022_A180_Z0038_C00.tif,zstack_slice,38.0,data/train_images/Amphistegina radiata_22_view4_zstack_slice_z0038.png,train
Amphistegina radiata,22,4,data/train_images/S022_A180_Z0039_C00.tif,zstack_slice,39.0,data/train_images/Amphistegina radiata_22_view4_zstack_slice_z0039.png,train
Amphistegina radiata,22,4,data/train_images/S022_A180_Z0040_C00.tif,zstack_slice,40.0,data/train_images/Amphistegina radiata_22_view4_zstack_slice_z0040.png,train
Amphistegina radiata,22,4,data/train_images/S022_A180_Z0041_C00.tif,zstack_slice,41.0,data/train_images/Amphistegina radiata_22_view4_zstack_slice_z0041.png,train
Amphistegina radiata,22,4,data/train_images/S022_A180_Z0042_C00.tif,zstack_slice,42.0,data/train_images/Amphistegina radiata_22_view4_zstack_slice_z0042.png,train
Amphistegina radiata,22,4,data/train_images/S022_A180_Z0043_C00.tif,zstack_slice,43.0,data/train_images/Amphistegina radiata_22_view4_zstack_slice_z0043.png,train
Amphistegina radiata,22,4,data/train_images/S022_A180_Z0044_C00.tif,zstack_slice,44.0,data/train_images/Amphistegina radiata_22_view4_zstack_slice_z0044.png,train
Amphistegina radiata,22,4,data/train_images/S022_A180_Z0045_C00.tif,zstack_slice,45.0,data/train_images/Amphistegina radiata_22_view4_zstack_slice_z0045.png,train
Amphistegina radiata,22,4,data/train_images/S022_A180_Z0046_C00.tif,zstack_slice,46.0,data/train_images/Amphistegina radiata_22_view4_zstack_slice_z0046.png,train
Amphistegina radiata,22,4,data/train_images/S022_A180_Z0047_C00.tif,zstack_slice,47.0,data/train_images/Amphistegina radiata_22_view4_zstack_slice_z0047.png,train
Amphistegina radiata,22,4,data/train_images/S022_A180_Z0048_C00.tif,zstack_slice,48.0,data/train_images/Amphistegina radiata_22_view4_zstack_slice_z0048.png,train
Amphistegina radiata,22,4,data/train_images/S022_A180_Z0049_C00.tif,zstack_slice,49.0,data/train_images/Amphistegina radiata_22_view4_zstack_slice_z0049.png,train
Amphistegina radiata,22,4,data/train_images/S022_A180_Z0050_C00.tif,zstack_slice,50.0,data/train_images/Amphistegina radiata_22_view4_zstack_slice_z0050.png,train
Amphistegina radiata,22,4,data/train_images/S022_A180_Z0051_C00.tif,zstack_slice,51.0,data/train_images/Amphistegina radiata_22_view4_zstack_slice_z0051.png,train
Amphistegina radiata,22,4,data/train_images/S022_A180_Z0052_C00.tif,zstack_slice,52.0,data/train_images/Amphistegina radiata_22_view4_zstack_slice_z0052.png,train
Amphistegina radiata,22,5,data/train_images/Amphistegina radiata_22_view5_gif_original.png,gif_original,,data/train_images/Amphistegina radiata_22_view5_gif_original.png,train
Amphistegina radiata,22,5,data/train_images/S022_A240_stacked.tif,stacked_tiff,,data/train_images/Amphistegina radiata_22_view5_stacked_tiff.png,train
Amphistegina radiata,22,5,data/train_images/S022_A240_Z0000_C00.tif,zstack_slice,0.0,data/train_images/Amphistegina radiata_22_view5_zstack_slice_z0000.png,train
Amphistegina radiata,22,5,data/train_images/S022_A240_Z0001_C00.tif,zstack_slice,1.0,data/train_images/Amphistegina radiata_22_view5_zstack_slice_z0001.png,train
Amphistegina radiata,22,5,data/train_images/S022_A240_Z0002_C00.tif,zstack_slice,2.0,data/train_images/Amphistegina radiata_22_view5_zstack_slice_z0002.png,train
Amphistegina radiata,22,5,data/train_images/S022_A240_Z0003_C00.tif,zstack_slice,3.0,data/train_images/Amphistegina radiata_22_view5_zstack_slice_z0003.png,train
Amphistegina radiata,22,5,data/train_images/S022_A240_Z0004_C00.tif,zstack_slice,4.0,data/train_images/Amphistegina radiata_22_view5_zstack_slice_z0004.png,train
Amphistegina radiata,22,5,data/train_images/S022_A240_Z0005_C00.tif,zstack_slice,5.0,data/train_images/Amphistegina radiata_22_view5_zstack_slice_z0005.png,train
Amphistegina radiata,22,5,data/train_images/S022_A240_Z0006_C00.tif,zstack_slice,6.0,data/train_images/Amphistegina radiata_22_view5_zstack_slice_z0006.png,train
Amphistegina radiata,22,5,data/train_images/S022_A240_Z0007_C00.tif,zstack_slice,7.0,data/train_images/Amphistegina radiata_22_view5_zstack_slice_z0007.png,train
Amphistegina radiata,22,5,data/train_images/S022_A240_Z0008_C00.tif,zstack_slice,8.0,data/train_images/Amphistegina radiata_22_view5_zstack_slice_z0008.png,train
Amphistegina radiata,22,5,data/train_images/S022_A240_Z0009_C00.tif,zstack_slice,9.0,data/train_images/Amphistegina radiata_22_view5_zstack_slice_z0009.png,train
Amphistegina radiata,22,5,data/train_images/S022_A240_Z0010_C00.tif,zstack_slice,10.0,data/train_images/Amphistegina radiata_22_view5_zstack_slice_z0010.png,train
Amphistegina radiata,22,5,data/train_images/S022_A240_Z0011_C00.tif,zstack_slice,11.0,data/train_images/Amphistegina radiata_22_view5_zstack_slice_z0011.png,train
Amphistegina radiata,22,5,data/train_images/S022_A240_Z0012_C00.tif,zstack_slice,12.0,data/train_images/Amphistegina radiata_22_view5_zstack_slice_z0012.png,train
Amphistegina radiata,22,5,data/train_images/S022_A240_Z0013_C00.tif,zstack_slice,13.0,data/train_images/Amphistegina radiata_22_view5_zstack_slice_z0013.png,train
Amphistegina radiata,22,5,data/train_images/S022_A240_Z0014_C00.tif,zstack_slice,14.0,data/train_images/Amphistegina radiata_22_view5_zstack_slice_z0014.png,train
Amphistegina radiata,22,5,data/train_images/S022_A240_Z0015_C00.tif,zstack_slice,15.0,data/train_images/Amphistegina radiata_22_view5_zstack_slice_z0015.png,train
Amphistegina radiata,22,5,data/train_images/S022_A240_Z0016_C00.tif,zstack_slice,16.0,data/train_images/Amphistegina radiata_22_view5_zstack_slice_z0016.png,train
Amphistegina radiata,22,5,data/train_images/S022_A240_Z0017_C00.tif,zstack_slice,17.0,data/train_images/Amphistegina radiata_22_view5_zstack_slice_z0017.png,train
Amphistegina radiata,22,5,data/train_images/S022_A240_Z0018_C00.tif,zstack_slice,18.0,data/train_images/Amphistegina radiata_22_view5_zstack_slice_z0018.png,train
Amphistegina radiata,22,5,data/train_images/S022_A240_Z0019_C00.tif,zstack_slice,19.0,data/train_images/Amphistegina radiata_22_view5_zstack_slice_z0019.png,train
Amphistegina radiata,22,5,data/train_images/S022_A240_Z0020_C00.tif,zstack_slice,20.0,data/train_images/Amphistegina radiata_22_view5_zstack_slice_z0020.png,train
Amphistegina radiata,22,5,data/train_images/S022_A240_Z0021_C00.tif,zstack_slice,21.0,data/train_images/Amphistegina radiata_22_view5_zstack_slice_z0021.png,train
Amphistegina radiata,22,5,data/train_images/S022_A240_Z0022_C00.tif,zstack_slice,22.0,data/train_images/Amphistegina radiata_22_view5_zstack_slice_z0022.png,train
Amphistegina radiata,22,5,data/train_images/S022_A240_Z0023_C00.tif,zstack_slice,23.0,data/train_images/Amphistegina radiata_22_view5_zstack_slice_z0023.png,train
Amphistegina radiata,22,5,data/train_images/S022_A240_Z0024_C00.tif,zstack_slice,24.0,data/train_images/Amphistegina radiata_22_view5_zstack_slice_z0024.png,train
Amphistegina radiata,22,5,data/train_images/S022_A240_Z0025_C00.tif,zstack_slice,25.0,data/train_images/Amphistegina radiata_22_view5_zstack_slice_z0025.png,train
Amphistegina radiata,22,5,data/train_images/S022_A240_Z0026_C00.tif,zstack_slice,26.0,data/train_images/Amphistegina radiata_22_view5_zstack_slice_z0026.png,train
Amphistegina radiata,22,5,data/train_images/S022_A240_Z0027_C00.tif,zstack_slice,27.0,data/train_images/Amphistegina radiata_22_view5_zstack_slice_z0027.png,train
Amphistegina radiata,22,5,data/train_images/S022_A240_Z0028_C00.tif,zstack_slice,28.0,data/train_images/Amphistegina radiata_22_view5_zstack_slice_z0028.png,train
Amphistegina radiata,22,5,data/train_images/S022_A240_Z0029_C00.tif,zstack_slice,29.0,data/train_images/Amphistegina radiata_22_view5_zstack_slice_z0029.png,train
Amphistegina radiata,22,5,data/train_images/S022_A240_Z0030_C00.tif,zstack_slice,30.0,data/train_images/Amphistegina radiata_22_view5_zstack_slice_z0030.png,train
Amphistegina radiata,22,5,data/train_images/S022_A240_Z0031_C00.tif,zstack_slice,31.0,data/train_images/Amphistegina radiata_22_view5_zstack_slice_z0031.png,train
Amphistegina radiata,22,5,data/train_images/S022_A240_Z0032_C00.tif,zstack_slice,32.0,data/train_images/Amphistegina radiata_22_view5_zstack_slice_z0032.png,train
Amphistegina radiata,22,5,data/train_images/S022_A240_Z0033_C00.tif,zstack_slice,33.0,data/train_images/Amphistegina radiata_22_view5_zstack_slice_z0033.png,train
Amphistegina radiata,22,5,data/train_images/S022_A240_Z0034_C00.tif,zstack_slice,34.0,data/train_images/Amphistegina radiata_22_view5_zstack_slice_z0034.png,train
Amphistegina radiata,22,5,data/train_images/S022_A240_Z0035_C00.tif,zstack_slice,35.0,data/train_images/Amphistegina radiata_22_view5_zstack_slice_z0035.png,train
Amphistegina radiata,22,5,data/train_images/S022_A240_Z0036_C00.tif,zstack_slice,36.0,data/train_images/Amphistegina radiata_22_view5_zstack_slice_z0036.png,train
Amphistegina radiata,22,5,data/train_images/S022_A240_Z0037_C00.tif,zstack_slice,37.0,data/train_images/Amphistegina radiata_22_view5_zstack_slice_z0037.png,train
Amphistegina radiata,22,5,data/train_images/S022_A240_Z0038_C00.tif,zstack_slice,38.0,data/train_images/Amphistegina radiata_22_view5_zstack_slice_z0038.png,train
Amphistegina radiata,22,5,data/train_images/S022_A240_Z0039_C00.tif,zstack_slice,39.0,data/train_images/Amphistegina radiata_22_view5_zstack_slice_z0039.png,train
Amphistegina radiata,22,5,data/train_images/S022_A240_Z0040_C00.tif,zstack_slice,40.0,data/train_images/Amphistegina radiata_22_view5_zstack_slice_z0040.png,train
Amphistegina radiata,22,5,data/train_images/S022_A240_Z0041_C00.tif,zstack_slice,41.0,data/train_images/Amphistegina radiata_22_view5_zstack_slice_z0041.png,train
Amphistegina radiata,22,5,data/train_images/S022_A240_Z0042_C00.tif,zstack_slice,42.0,data/train_images/Amphistegina radiata_22_view5_zstack_slice_z0042.png,train
Amphistegina radiata,22,5,data/train_images/S022_A240_Z0043_C00.tif,zstack_slice,43.0,data/train_images/Amphistegina radiata_22_view5_zstack_slice_z0043.png,train
Amphistegina radiata,22,5,data/train_images/S022_A240_Z0044_C00.tif,zstack_slice,44.0,data/train_images/Amphistegina radiata_22_view5_zstack_slice_z0044.png,train
Amphistegina radiata,22,5,data/train_images/S022_A240_Z0045_C00.tif,zstack_slice,45.0,data/train_images/Amphistegina radiata_22_view5_zstack_slice_z0045.png,train
Amphistegina radiata,22,5,data/train_images/S022_A240_Z0046_C00.tif,zstack_slice,46.0,data/train_images/Amphistegina radiata_22_view5_zstack_slice_z0046.png,train
Amphistegina radiata,22,5,data/train_images/S022_A240_Z0047_C00.tif,zstack_slice,47.0,data/train_images/Amphistegina radiata_22_view5_zstack_slice_z0047.png,train
Amphistegina radiata,22,5,data/train_images/S022_A240_Z0048_C00.tif,zstack_slice,48.0,data/train_images/Amphistegina radiata_22_view5_zstack_slice_z0048.png,train
Amphistegina radiata,22,5,data/train_images/S022_A240_Z0049_C00.tif,zstack_slice,49.0,data/train_images/Amphistegina radiata_22_view5_zstack_slice_z0049.png,train
Amphistegina radiata,22,5,data/train_images/S022_A240_Z0050_C00.tif,zstack_slice,50.0,data/train_images/Amphistegina radiata_22_view5_zstack_slice_z0050.png,train
Amphistegina radiata,22,5,data/train_images/S022_A240_Z0051_C00.tif,zstack_slice,51.0,data/train_images/Amphistegina radiata_22_view5_zstack_slice_z0051.png,train
Amphistegina radiata,22,5,data/train_images/S022_A240_Z0052_C00.tif,zstack_slice,52.0,data/train_images/Amphistegina radiata_22_view5_zstack_slice_z0052.png,train
Amphistegina radiata,22,5,data/train_images/S022_A240_Z0053_C00.tif,zstack_slice,53.0,data/train_images/Amphistegina radiata_22_view5_zstack_slice_z0053.png,train
Amphistegina radiata,22,5,data/train_images/S022_A240_Z0054_C00.tif,zstack_slice,54.0,data/train_images/Amphistegina radiata_22_view5_zstack_slice_z0054.png,train
Amphistegina radiata,22,5,data/train_images/S022_A240_Z0055_C00.tif,zstack_slice,55.0,data/train_images/Amphistegina radiata_22_view5_zstack_slice_z0055.png,train
Amphistegina radiata,22,5,data/train_images/S022_A240_Z0056_C00.tif,zstack_slice,56.0,data/train_images/Amphistegina radiata_22_view5_zstack_slice_z0056.png,train
Amphistegina radiata,22,5,data/train_images/S022_A240_Z0057_C00.tif,zstack_slice,57.0,data/train_images/Amphistegina radiata_22_view5_zstack_slice_z0057.png,train
Amphistegina radiata,22,5,data/train_images/S022_A240_Z0058_C00.tif,zstack_slice,58.0,data/train_images/Amphistegina radiata_22_view5_zstack_slice_z0058.png,train
Amphistegina radiata,22,5,data/train_images/S022_A240_Z0059_C00.tif,zstack_slice,59.0,data/train_images/Amphistegina radiata_22_view5_zstack_slice_z0059.png,train
Amphistegina radiata,22,5,data/train_images/S022_A240_Z0060_C00.tif,zstack_slice,60.0,data/train_images/Amphistegina radiata_22_view5_zstack_slice_z0060.png,train
Amphistegina radiata,22,5,data/train_images/S022_A240_Z0061_C00.tif,zstack_slice,61.0,data/train_images/Amphistegina radiata_22_view5_zstack_slice_z0061.png,train
Amphistegina radiata,22,5,data/train_images/S022_A240_Z0062_C00.tif,zstack_slice,62.0,data/train_images/Amphistegina radiata_22_view5_zstack_slice_z0062.png,train
Bigenerina nodosaria,15,1,data/train_images/Bigenerina nodosaria_15_view1_gif_original.png,gif_original,,data/train_images/Bigenerina nodosaria_15_view1_gif_original.png,train
Bigenerina nodosaria,15,3,data/train_images/Bigenerina nodosaria_15_view3_gif_original.png,gif_original,,data/train_images/Bigenerina nodosaria_15_view3_gif_original.png,train
Bigenerina nodosaria,15,4,data/train_images/Bigenerina nodosaria_15_view4_gif_original.png,gif_original,,data/train_images/Bigenerina nodosaria_15_view4_gif_original.png,train
Bigenerina nodosaria,15,6,data/train_images/Bigenerina nodosaria_15_view6_gif_original.png,gif_original,,data/train_images/Bigenerina nodosaria_15_view6_gif_original.png,train
Cibicides corticatus,29,1,data/train_images/Cibicides corticatus_29_view1_gif_original.png,gif_original,,data/train_images/Cibicides corticatus_29_view1_gif_original.png,train
Cibicides corticatus,29,1,data/train_images/S029_A000_Z0000_C00.tif,zstack_slice,0.0,data/train_images/Cibicides corticatus_29_view1_zstack_slice_z0000.png,train
Cibicides corticatus,29,1,data/train_images/S029_A000_Z0001_C00.tif,zstack_slice,1.0,data/train_images/Cibicides corticatus_29_view1_zstack_slice_z0001.png,train
Cibicides corticatus,29,1,data/train_images/S029_A000_Z0002_C00.tif,zstack_slice,2.0,data/train_images/Cibicides corticatus_29_view1_zstack_slice_z0002.png,train
Cibicides corticatus,29,1,data/train_images/S029_A000_Z0003_C00.tif,zstack_slice,3.0,data/train_images/Cibicides corticatus_29_view1_zstack_slice_z0003.png,train
Cibicides corticatus,29,1,data/train_images/S029_A000_Z0004_C00.tif,zstack_slice,4.0,data/train_images/Cibicides corticatus_29_view1_zstack_slice_z0004.png,train
Cibicides corticatus,29,1,data/train_images/S029_A000_Z0005_C00.tif,zstack_slice,5.0,data/train_images/Cibicides corticatus_29_view1_zstack_slice_z0005.png,train
Cibicides corticatus,29,1,data/train_images/S029_A000_Z0006_C00.tif,zstack_slice,6.0,data/train_images/Cibicides corticatus_29_view1_zstack_slice_z0006.png,train
Cibicides corticatus,29,1,data/train_images/S029_A000_Z0007_C00.tif,zstack_slice,7.0,data/train_images/Cibicides corticatus_29_view1_zstack_slice_z0007.png,train
Cibicides corticatus,29,1,data/train_images/S029_A000_Z0008_C00.tif,zstack_slice,8.0,data/train_images/Cibicides corticatus_29_view1_zstack_slice_z0008.png,train
Cibicides corticatus,29,1,data/train_images/S029_A000_Z0009_C00.tif,zstack_slice,9.0,data/train_images/Cibicides corticatus_29_view1_zstack_slice_z0009.png,train
Cibicides corticatus,29,1,data/train_images/S029_A000_Z0010_C00.tif,zstack_slice,10.0,data/train_images/Cibicides corticatus_29_view1_zstack_slice_z0010.png,train
Cibicides corticatus,29,1,data/train_images/S029_A000_Z0011_C00.tif,zstack_slice,11.0,data/train_images/Cibicides corticatus_29_view1_zstack_slice_z0011.png,train
Cibicides corticatus,29,1,data/train_images/S029_A000_Z0012_C00.tif,zstack_slice,12.0,data/train_images/Cibicides corticatus_29_view1_zstack_slice_z0012.png,train
Cibicides corticatus,29,1,data/train_images/S029_A000_Z0013_C00.tif,zstack_slice,13.0,data/train_images/Cibicides corticatus_29_view1_zstack_slice_z0013.png,train
Cibicides corticatus,29,1,data/train_images/S029_A000_Z0014_C00.tif,zstack_slice,14.0,data/train_images/Cibicides corticatus_29_view1_zstack_slice_z0014.png,train
Cibicides corticatus,29,1,data/train_images/S029_A000_Z0015_C00.tif,zstack_slice,15.0,data/train_images/Cibicides corticatus_29_view1_zstack_slice_z0015.png,train
Cibicides corticatus,29,1,data/train_images/S029_A000_Z0016_C00.tif,zstack_slice,16.0,data/train_images/Cibicides corticatus_29_view1_zstack_slice_z0016.png,train
Cibicides corticatus,29,1,data/train_images/S029_A000_Z0017_C00.tif,zstack_slice,17.0,data/train_images/Cibicides corticatus_29_view1_zstack_slice_z0017.png,train
Cibicides corticatus,29,1,data/train_images/S029_A000_Z0018_C00.tif,zstack_slice,18.0,data/train_images/Cibicides corticatus_29_view1_zstack_slice_z0018.png,train
Cibicides corticatus,29,1,data/train_images/S029_A000_Z0019_C00.tif,zstack_slice,19.0,data/train_images/Cibicides corticatus_29_view1_zstack_slice_z0019.png,train
Cibicides corticatus,29,1,data/train_images/S029_A000_Z0020_C00.tif,zstack_slice,20.0,data/train_images/Cibicides corticatus_29_view1_zstack_slice_z0020.png,train
Cibicides corticatus,29,1,data/train_images/S029_A000_Z0021_C00.tif,zstack_slice,21.0,data/train_images/Cibicides corticatus_29_view1_zstack_slice_z0021.png,train
Cibicides corticatus,29,3,data/train_images/Cibicides corticatus_29_view3_gif_original.png,gif_original,,data/train_images/Cibicides corticatus_29_view3_gif_original.png,train
Cibicides corticatus,29,3,data/train_images/S029_A120_Z0000_C00.tif,zstack_slice,0.0,data/train_images/Cibicides corticatus_29_view3_zstack_slice_z0000.png,train
Cibicides corticatus,29,3,data/train_images/S029_A120_Z0001_C00.tif,zstack_slice,1.0,data/train_images/Cibicides corticatus_29_view3_zstack_slice_z0001.png,train
Cibicides corticatus,29,3,data/train_images/S029_A120_Z0002_C00.tif,zstack_slice,2.0,data/train_images/Cibicides corticatus_29_view3_zstack_slice_z0002.png,train
Cibicides corticatus,29,3,data/train_images/S029_A120_Z0003_C00.tif,zstack_slice,3.0,data/train_images/Cibicides corticatus_29_view3_zstack_slice_z0003.png,train
Cibicides corticatus,29,3,data/train_images/S029_A120_Z0004_C00.tif,zstack_slice,4.0,data/train_images/Cibicides corticatus_29_view3_zstack_slice_z0004.png,train
Cibicides corticatus,29,3,data/train_images/S029_A120_Z0005_C00.tif,zstack_slice,5.0,data/train_images/Cibicides corticatus_29_view3_zstack_slice_z0005.png,train
Cibicides corticatus,29,3,data/train_images/S029_A120_Z0006_C00.tif,zstack_slice,6.0,data/train_images/Cibicides corticatus_29_view3_zstack_slice_z0006.png,train
Cibicides corticatus,29,3,data/train_images/S029_A120_Z0007_C00.tif,zstack_slice,7.0,data/train_images/Cibicides corticatus_29_view3_zstack_slice_z0007.png,train
Cibicides corticatus,29,3,data/train_images/S029_A120_Z0008_C00.tif,zstack_slice,8.0,data/train_images/Cibicides corticatus_29_view3_zstack_slice_z0008.png,train
Cibicides corticatus,29,3,data/train_images/S029_A120_Z0009_C00.tif,zstack_slice,9.0,data/train_images/Cibicides corticatus_29_view3_zstack_slice_z0009.png,train
Cibicides corticatus,29,3,data/train_images/S029_A120_Z0010_C00.tif,zstack_slice,10.0,data/train_images/Cibicides corticatus_29_view3_zstack_slice_z0010.png,train
Cibicides corticatus,29,3,data/train_images/S029_A120_Z0011_C00.tif,zstack_slice,11.0,data/train_images/Cibicides corticatus_29_view3_zstack_slice_z0011.png,train
Cibicides corticatus,29,3,data/train_images/S029_A120_Z0012_C00.tif,zstack_slice,12.0,data/train_images/Cibicides corticatus_29_view3_zstack_slice_z0012.png,train
Cibicides corticatus,29,3,data/train_images/S029_A120_Z0013_C00.tif,zstack_slice,13.0,data/train_images/Cibicides corticatus_29_view3_zstack_slice_z0013.png,train
Cibicides corticatus,29,3,data/train_images/S029_A120_Z0014_C00.tif,zstack_slice,14.0,data/train_images/Cibicides corticatus_29_view3_zstack_slice_z0014.png,train
Cibicides corticatus,29,3,data/train_images/S029_A120_Z0015_C00.tif,zstack_slice,15.0,data/train_images/Cibicides corticatus_29_view3_zstack_slice_z0015.png,train
Cibicides corticatus,29,3,data/train_images/S029_A120_Z0016_C00.tif,zstack_slice,16.0,data/train_images/Cibicides corticatus_29_view3_zstack_slice_z0016.png,train
Cibicides corticatus,29,3,data/train_images/S029_A120_Z0017_C00.tif,zstack_slice,17.0,data/train_images/Cibicides corticatus_29_view3_zstack_slice_z0017.png,train
Cibicides corticatus,29,3,data/train_images/S029_A120_Z0018_C00.tif,zstack_slice,18.0,data/train_images/Cibicides corticatus_29_view3_zstack_slice_z0018.png,train
Cibicides corticatus,29,3,data/train_images/S029_A120_Z0019_C00.tif,zstack_slice,19.0,data/train_images/Cibicides corticatus_29_view3_zstack_slice_z0019.png,train
Cibicides corticatus,29,3,data/train_images/S029_A120_Z0020_C00.tif,zstack_slice,20.0,data/train_images/Cibicides corticatus_29_view3_zstack_slice_z0020.png,train
Cibicides corticatus,29,3,data/train_images/S029_A120_Z0021_C00.tif,zstack_slice,21.0,data/train_images/Cibicides corticatus_29_view3_zstack_slice_z0021.png,train
Cibicides corticatus,29,3,data/train_images/S029_A120_Z0022_C00.tif,zstack_slice,22.0,data/train_images/Cibicides corticatus_29_view3_zstack_slice_z0022.png,train
Cibicides corticatus,29,3,data/train_images/S029_A120_Z0023_C00.tif,zstack_slice,23.0,data/train_images/Cibicides corticatus_29_view3_zstack_slice_z0023.png,train
Cibicides corticatus,29,3,data/train_images/S029_A120_Z0024_C00.tif,zstack_slice,24.0,data/train_images/Cibicides corticatus_29_view3_zstack_slice_z0024.png,train
Cibicides corticatus,29,3,data/train_images/S029_A120_Z0025_C00.tif,zstack_slice,25.0,data/train_images/Cibicides corticatus_29_view3_zstack_slice_z0025.png,train
Cibicides corticatus,29,3,data/train_images/S029_A120_Z0026_C00.tif,zstack_slice,26.0,data/train_images/Cibicides corticatus_29_view3_zstack_slice_z0026.png,train
Cibicides corticatus,29,3,data/train_images/S029_A120_Z0027_C00.tif,zstack_slice,27.0,data/train_images/Cibicides corticatus_29_view3_zstack_slice_z0027.png,train
Cibicides corticatus,29,3,data/train_images/S029_A120_Z0028_C00.tif,zstack_slice,28.0,data/train_images/Cibicides corticatus_29_view3_zstack_slice_z0028.png,train
Cibicides corticatus,29,3,data/train_images/S029_A120_Z0029_C00.tif,zstack_slice,29.0,data/train_images/Cibicides corticatus_29_view3_zstack_slice_z0029.png,train
Cibicides corticatus,29,3,data/train_images/S029_A120_Z0030_C00.tif,zstack_slice,30.0,data/train_images/Cibicides corticatus_29_view3_zstack_slice_z0030.png,train
Cibicides corticatus,29,3,data/train_images/S029_A120_Z0031_C00.tif,zstack_slice,31.0,data/train_images/Cibicides corticatus_29_view3_zstack_slice_z0031.png,train
Cibicides corticatus,29,3,data/train_images/S029_A120_Z0032_C00.tif,zstack_slice,32.0,data/train_images/Cibicides corticatus_29_view3_zstack_slice_z0032.png,train
Cibicides corticatus,29,3,data/train_images/S029_A120_Z0033_C00.tif,zstack_slice,33.0,data/train_images/Cibicides corticatus_29_view3_zstack_slice_z0033.png,train
Cibicides corticatus,29,4,data/train_images/Cibicides corticatus_29_view4_gif_original.png,gif_original,,data/train_images/Cibicides corticatus_29_view4_gif_original.png,train
Cibicides corticatus,29,4,data/train_images/S029_A180_Z0000_C00.tif,zstack_slice,0.0,data/train_images/Cibicides corticatus_29_view4_zstack_slice_z0000.png,train
Cibicides corticatus,29,4,data/train_images/S029_A180_Z0001_C00.tif,zstack_slice,1.0,data/train_images/Cibicides corticatus_29_view4_zstack_slice_z0001.png,train
Cibicides corticatus,29,4,data/train_images/S029_A180_Z0002_C00.tif,zstack_slice,2.0,data/train_images/Cibicides corticatus_29_view4_zstack_slice_z0002.png,train
Cibicides corticatus,29,4,data/train_images/S029_A180_Z0003_C00.tif,zstack_slice,3.0,data/train_images/Cibicides corticatus_29_view4_zstack_slice_z0003.png,train
Cibicides corticatus,29,4,data/train_images/S029_A180_Z0004_C00.tif,zstack_slice,4.0,data/train_images/Cibicides corticatus_29_view4_zstack_slice_z0004.png,train
Cibicides corticatus,29,4,data/train_images/S029_A180_Z0005_C00.tif,zstack_slice,5.0,data/train_images/Cibicides corticatus_29_view4_zstack_slice_z0005.png,train
Cibicides corticatus,29,4,data/train_images/S029_A180_Z0006_C00.tif,zstack_slice,6.0,data/train_images/Cibicides corticatus_29_view4_zstack_slice_z0006.png,train
Cibicides corticatus,29,4,data/train_images/S029_A180_Z0007_C00.tif,zstack_slice,7.0,data/train_images/Cibicides corticatus_29_view4_zstack_slice_z0007.png,train
Cibicides corticatus,29,4,data/train_images/S029_A180_Z0008_C00.tif,zstack_slice,8.0,data/train_images/Cibicides corticatus_29_view4_zstack_slice_z0008.png,train
Cibicides corticatus,29,4,data/train_images/S029_A180_Z0009_C00.tif,zstack_slice,9.0,data/train_images/Cibicides corticatus_29_view4_zstack_slice_z0009.png,train
Cibicides corticatus,29,4,data/train_images/S029_A180_Z0010_C00.tif,zstack_slice,10.0,data/train_images/Cibicides corticatus_29_view4_zstack_slice_z0010.png,train
Cibicides corticatus,29,4,data/train_images/S029_A180_Z0011_C00.tif,zstack_slice,11.0,data/train_images/Cibicides corticatus_29_view4_zstack_slice_z0011.png,train
Cibicides corticatus,29,4,data/train_images/S029_A180_Z0012_C00.tif,zstack_slice,12.0,data/train_images/Cibicides corticatus_29_view4_zstack_slice_z0012.png,train
Cibicides corticatus,29,4,data/train_images/S029_A180_Z0013_C00.tif,zstack_slice,13.0,data/train_images/Cibicides corticatus_29_view4_zstack_slice_z0013.png,train
Cibicides corticatus,29,4,data/train_images/S029_A180_Z0014_C00.tif,zstack_slice,14.0,data/train_images/Cibicides corticatus_29_view4_zstack_slice_z0014.png,train
Cibicides corticatus,29,4,data/train_images/S029_A180_Z0015_C00.tif,zstack_slice,15.0,data/train_images/Cibicides corticatus_29_view4_zstack_slice_z0015.png,train
Cibicides corticatus,29,4,data/train_images/S029_A180_Z0016_C00.tif,zstack_slice,16.0,data/train_images/Cibicides corticatus_29_view4_zstack_slice_z0016.png,train
Cibicides corticatus,29,4,data/train_images/S029_A180_Z0017_C00.tif,zstack_slice,17.0,data/train_images/Cibicides corticatus_29_view4_zstack_slice_z0017.png,train
Cibicides corticatus,29,4,data/train_images/S029_A180_Z0018_C00.tif,zstack_slice,18.0,data/train_images/Cibicides corticatus_29_view4_zstack_slice_z0018.png,train
Cibicides corticatus,29,4,data/train_images/S029_A180_Z0019_C00.tif,zstack_slice,19.0,data/train_images/Cibicides corticatus_29_view4_zstack_slice_z0019.png,train
Cibicides corticatus,29,4,data/train_images/S029_A180_Z0020_C00.tif,zstack_slice,20.0,data/train_images/Cibicides corticatus_29_view4_zstack_slice_z0020.png,train
Cibicides corticatus,29,4,data/train_images/S029_A180_Z0021_C00.tif,zstack_slice,21.0,data/train_images/Cibicides corticatus_29_view4_zstack_slice_z0021.png,train
Cibicides corticatus,29,4,data/train_images/S029_A180_Z0022_C00.tif,zstack_slice,22.0,data/train_images/Cibicides corticatus_29_view4_zstack_slice_z0022.png,train
Cibicides corticatus,29,4,data/train_images/S029_A180_Z0023_C00.tif,zstack_slice,23.0,data/train_images/Cibicides corticatus_29_view4_zstack_slice_z0023.png,train
Cibicides corticatus,29,4,data/train_images/S029_A180_Z0024_C00.tif,zstack_slice,24.0,data/train_images/Cibicides corticatus_29_view4_zstack_slice_z0024.png,train
Cibicides corticatus,29,4,data/train_images/S029_A180_Z0025_C00.tif,zstack_slice,25.0,data/train_images/Cibicides corticatus_29_view4_zstack_slice_z0025.png,train
Cibicides corticatus,29,4,data/train_images/S029_A180_Z0026_C00.tif,zstack_slice,26.0,data/train_images/Cibicides corticatus_29_view4_zstack_slice_z0026.png,train
Cibicides corticatus,29,4,data/train_images/S029_A180_Z0027_C00.tif,zstack_slice,27.0,data/train_images/Cibicides corticatus_29_view4_zstack_slice_z0027.png,train
Cibicides corticatus,29,4,data/train_images/S029_A180_Z0028_C00.tif,zstack_slice,28.0,data/train_images/Cibicides corticatus_29_view4_zstack_slice_z0028.png,train
Cibicides corticatus,29,4,data/train_images/S029_A180_Z0029_C00.tif,zstack_slice,29.0,data/train_images/Cibicides corticatus_29_view4_zstack_slice_z0029.png,train
Cibicides corticatus,29,4,data/train_images/S029_A180_Z0030_C00.tif,zstack_slice,30.0,data/train_images/Cibicides corticatus_29_view4_zstack_slice_z0030.png,train
Cibicides corticatus,29,4,data/train_images/S029_A180_Z0031_C00.tif,zstack_slice,31.0,data/train_images/Cibicides corticatus_29_view4_zstack_slice_z0031.png,train
Cibicides corticatus,29,5,data/train_images/Cibicides corticatus_29_view5_gif_original.png,gif_original,,data/train_images/Cibicides corticatus_29_view5_gif_original.png,train
Cibicides corticatus,29,5,data/train_images/S029_A240_Z0000_C00.tif,zstack_slice,0.0,data/train_images/Cibicides corticatus_29_view5_zstack_slice_z0000.png,train
Cibicides corticatus,29,5,data/train_images/S029_A240_Z0001_C00.tif,zstack_slice,1.0,data/train_images/Cibicides corticatus_29_view5_zstack_slice_z0001.png,train
Cibicides corticatus,29,5,data/train_images/S029_A240_Z0002_C00.tif,zstack_slice,2.0,data/train_images/Cibicides corticatus_29_view5_zstack_slice_z0002.png,train
Cibicides corticatus,29,5,data/train_images/S029_A240_Z0003_C00.tif,zstack_slice,3.0,data/train_images/Cibicides corticatus_29_view5_zstack_slice_z0003.png,train
Cibicides corticatus,29,5,data/train_images/S029_A240_Z0004_C00.tif,zstack_slice,4.0,data/train_images/Cibicides corticatus_29_view5_zstack_slice_z0004.png,train
Cibicides corticatus,29,5,data/train_images/S029_A240_Z0005_C00.tif,zstack_slice,5.0,data/train_images/Cibicides corticatus_29_view5_zstack_slice_z0005.png,train
Cibicides corticatus,29,5,data/train_images/S029_A240_Z0006_C00.tif,zstack_slice,6.0,data/train_images/Cibicides corticatus_29_view5_zstack_slice_z0006.png,train
Cibicides corticatus,29,5,data/train_images/S029_A240_Z0007_C00.tif,zstack_slice,7.0,data/train_images/Cibicides corticatus_29_view5_zstack_slice_z0007.png,train
Cibicides corticatus,29,5,data/train_images/S029_A240_Z0008_C00.tif,zstack_slice,8.0,data/train_images/Cibicides corticatus_29_view5_zstack_slice_z0008.png,train
Cibicides corticatus,29,5,data/train_images/S029_A240_Z0009_C00.tif,zstack_slice,9.0,data/train_images/Cibicides corticatus_29_view5_zstack_slice_z0009.png,train
Cibicides corticatus,29,5,data/train_images/S029_A240_Z0010_C00.tif,zstack_slice,10.0,data/train_images/Cibicides corticatus_29_view5_zstack_slice_z0010.png,train
Cibicides corticatus,29,5,data/train_images/S029_A240_Z0011_C00.tif,zstack_slice,11.0,data/train_images/Cibicides corticatus_29_view5_zstack_slice_z0011.png,train
Cibicides corticatus,29,5,data/train_images/S029_A240_Z0012_C00.tif,zstack_slice,12.0,data/train_images/Cibicides corticatus_29_view5_zstack_slice_z0012.png,train
Cibicides corticatus,29,5,data/train_images/S029_A240_Z0013_C00.tif,zstack_slice,13.0,data/train_images/Cibicides corticatus_29_view5_zstack_slice_z0013.png,train
Cibicides corticatus,29,5,data/train_images/S029_A240_Z0014_C00.tif,zstack_slice,14.0,data/train_images/Cibicides corticatus_29_view5_zstack_slice_z0014.png,train
Cibicides corticatus,29,5,data/train_images/S029_A240_Z0015_C00.tif,zstack_slice,15.0,data/train_images/Cibicides corticatus_29_view5_zstack_slice_z0015.png,train
Cibicides corticatus,29,5,data/train_images/S029_A240_Z0016_C00.tif,zstack_slice,16.0,data/train_images/Cibicides corticatus_29_view5_zstack_slice_z0016.png,train
Cibicides corticatus,29,5,data/train_images/S029_A240_Z0017_C00.tif,zstack_slice,17.0,data/train_images/Cibicides corticatus_29_view5_zstack_slice_z0017.png,train
Cibicides corticatus,29,5,data/train_images/S029_A240_Z0018_C00.tif,zstack_slice,18.0,data/train_images/Cibicides corticatus_29_view5_zstack_slice_z0018.png,train
Cibicides corticatus,29,5,data/train_images/S029_A240_Z0019_C00.tif,zstack_slice,19.0,data/train_images/Cibicides corticatus_29_view5_zstack_slice_z0019.png,train
Cibicides corticatus,29,5,data/train_images/S029_A240_Z0020_C00.tif,zstack_slice,20.0,data/train_images/Cibicides corticatus_29_view5_zstack_slice_z0020.png,train
Cibicides corticatus,29,5,data/train_images/S029_A240_Z0021_C00.tif,zstack_slice,21.0,data/train_images/Cibicides corticatus_29_view5_zstack_slice_z0021.png,train
Cibicides corticatus,29,5,data/train_images/S029_A240_Z0022_C00.tif,zstack_slice,22.0,data/train_images/Cibicides corticatus_29_view5_zstack_slice_z0022.png,train
Cibicides corticatus,29,5,data/train_images/S029_A240_Z0023_C00.tif,zstack_slice,23.0,data/train_images/Cibicides corticatus_29_view5_zstack_slice_z0023.png,train
Cibicides corticatus,29,5,data/train_images/S029_A240_Z0024_C00.tif,zstack_slice,24.0,data/train_images/Cibicides corticatus_29_view5_zstack_slice_z0024.png,train
Cibicides corticatus,29,5,data/train_images/S029_A240_Z0025_C00.tif,zstack_slice,25.0,data/train_images/Cibicides corticatus_29_view5_zstack_slice_z0025.png,train
Cibicides corticatus,29,5,data/train_images/S029_A240_Z0026_C00.tif,zstack_slice,26.0,data/train_images/Cibicides corticatus_29_view5_zstack_slice_z0026.png,train
Cribroelphidium clavatum,31,1,data/train_images/Cribroelphidium clavatum_31_view1_gif_original.png,gif_original,,data/train_images/Cribroelphidium clavatum_31_view1_gif_original.png,train
Cribroelphidium clavatum,31,1,data/train_images/S031_A000_Z0000_C00.tif,zstack_slice,0.0,data/train_images/Cribroelphidium clavatum_31_view1_zstack_slice_z0000.png,train
Cribroelphidium clavatum,31,1,data/train_images/S031_A000_Z0001_C00.tif,zstack_slice,1.0,data/train_images/Cribroelphidium clavatum_31_view1_zstack_slice_z0001.png,train
Cribroelphidium clavatum,31,1,data/train_images/S031_A000_Z0002_C00.tif,zstack_slice,2.0,data/train_images/Cribroelphidium clavatum_31_view1_zstack_slice_z0002.png,train
Cribroelphidium clavatum,31,1,data/train_images/S031_A000_Z0003_C00.tif,zstack_slice,3.0,data/train_images/Cribroelphidium clavatum_31_view1_zstack_slice_z0003.png,train
Cribroelphidium clavatum,31,1,data/train_images/S031_A000_Z0004_C00.tif,zstack_slice,4.0,data/train_images/Cribroelphidium clavatum_31_view1_zstack_slice_z0004.png,train
Cribroelphidium clavatum,31,1,data/train_images/S031_A000_Z0005_C00.tif,zstack_slice,5.0,data/train_images/Cribroelphidium clavatum_31_view1_zstack_slice_z0005.png,train
Cribroelphidium clavatum,31,1,data/train_images/S031_A000_Z0006_C00.tif,zstack_slice,6.0,data/train_images/Cribroelphidium clavatum_31_view1_zstack_slice_z0006.png,train
Cribroelphidium clavatum,31,1,data/train_images/S031_A000_Z0007_C00.tif,zstack_slice,7.0,data/train_images/Cribroelphidium clavatum_31_view1_zstack_slice_z0007.png,train
Cribroelphidium clavatum,31,1,data/train_images/S031_A000_Z0008_C00.tif,zstack_slice,8.0,data/train_images/Cribroelphidium clavatum_31_view1_zstack_slice_z0008.png,train
Cribroelphidium clavatum,31,1,data/train_images/S031_A000_Z0009_C00.tif,zstack_slice,9.0,data/train_images/Cribroelphidium clavatum_31_view1_zstack_slice_z0009.png,train
Cribroelphidium clavatum,31,1,data/train_images/S031_A000_Z0010_C00.tif,zstack_slice,10.0,data/train_images/Cribroelphidium clavatum_31_view1_zstack_slice_z0010.png,train
Cribroelphidium clavatum,31,1,data/train_images/S031_A000_Z0011_C00.tif,zstack_slice,11.0,data/train_images/Cribroelphidium clavatum_31_view1_zstack_slice_z0011.png,train
Cribroelphidium clavatum,31,1,data/train_images/S031_A000_Z0012_C00.tif,zstack_slice,12.0,data/train_images/Cribroelphidium clavatum_31_view1_zstack_slice_z0012.png,train
Cribroelphidium clavatum,31,1,data/train_images/S031_A000_Z0013_C00.tif,zstack_slice,13.0,data/train_images/Cribroelphidium clavatum_31_view1_zstack_slice_z0013.png,train
Cribroelphidium clavatum,31,1,data/train_images/S031_A000_Z0014_C00.tif,zstack_slice,14.0,data/train_images/Cribroelphidium clavatum_31_view1_zstack_slice_z0014.png,train
Cribroelphidium clavatum,31,2,data/train_images/Cribroelphidium clavatum_31_view2_gif_original.png,gif_original,,data/train_images/Cribroelphidium clavatum_31_view2_gif_original.png,train
Cribroelphidium clavatum,31,2,data/train_images/S031_A060_Z0000_C00.tif,zstack_slice,0.0,data/train_images/Cribroelphidium clavatum_31_view2_zstack_slice_z0000.png,train
Cribroelphidium clavatum,31,2,data/train_images/S031_A060_Z0001_C00.tif,zstack_slice,1.0,data/train_images/Cribroelphidium clavatum_31_view2_zstack_slice_z0001.png,train
Cribroelphidium clavatum,31,2,data/train_images/S031_A060_Z0002_C00.tif,zstack_slice,2.0,data/train_images/Cribroelphidium clavatum_31_view2_zstack_slice_z0002.png,train
Cribroelphidium clavatum,31,2,data/train_images/S031_A060_Z0003_C00.tif,zstack_slice,3.0,data/train_images/Cribroelphidium clavatum_31_view2_zstack_slice_z0003.png,train
Cribroelphidium clavatum,31,2,data/train_images/S031_A060_Z0004_C00.tif,zstack_slice,4.0,data/train_images/Cribroelphidium clavatum_31_view2_zstack_slice_z0004.png,train
Cribroelphidium clavatum,31,2,data/train_images/S031_A060_Z0005_C00.tif,zstack_slice,5.0,data/train_images/Cribroelphidium clavatum_31_view2_zstack_slice_z0005.png,train
Cribroelphidium clavatum,31,2,data/train_images/S031_A060_Z0006_C00.tif,zstack_slice,6.0,data/train_images/Cribroelphidium clavatum_31_view2_zstack_slice_z0006.png,train
Cribroelphidium clavatum,31,2,data/train_images/S031_A060_Z0007_C00.tif,zstack_slice,7.0,data/train_images/Cribroelphidium clavatum_31_view2_zstack_slice_z0007.png,train
Cribroelphidium clavatum,31,2,data/train_images/S031_A060_Z0008_C00.tif,zstack_slice,8.0,data/train_images/Cribroelphidium clavatum_31_view2_zstack_slice_z0008.png,train
Cribroelphidium clavatum,31,2,data/train_images/S031_A060_Z0009_C00.tif,zstack_slice,9.0,data/train_images/Cribroelphidium clavatum_31_view2_zstack_slice_z0009.png,train
Cribroelphidium clavatum,31,2,data/train_images/S031_A060_Z0010_C00.tif,zstack_slice,10.0,data/train_images/Cribroelphidium clavatum_31_view2_zstack_slice_z0010.png,train
Cribroelphidium clavatum,31,2,data/train_images/S031_A060_Z0011_C00.tif,zstack_slice,11.0,data/train_images/Cribroelphidium clavatum_31_view2_zstack_slice_z0011.png,train
Cribroelphidium clavatum,31,2,data/train_images/S031_A060_Z0012_C00.tif,zstack_slice,12.0,data/train_images/Cribroelphidium clavatum_31_view2_zstack_slice_z0012.png,train
Cribroelphidium clavatum,31,2,data/train_images/S031_A060_Z0013_C00.tif,zstack_slice,13.0,data/train_images/Cribroelphidium clavatum_31_view2_zstack_slice_z0013.png,train
Cribroelphidium clavatum,31,2,data/train_images/S031_A060_Z0014_C00.tif,zstack_slice,14.0,data/train_images/Cribroelphidium clavatum_31_view2_zstack_slice_z0014.png,train
Cribroelphidium clavatum,31,2,data/train_images/S031_A060_Z0015_C00.tif,zstack_slice,15.0,data/train_images/Cribroelphidium clavatum_31_view2_zstack_slice_z0015.png,train
Cribroelphidium clavatum,31,2,data/train_images/S031_A060_Z0016_C00.tif,zstack_slice,16.0,data/train_images/Cribroelphidium clavatum_31_view2_zstack_slice_z0016.png,train
Cribroelphidium clavatum,31,2,data/train_images/S031_A060_Z0017_C00.tif,zstack_slice,17.0,data/train_images/Cribroelphidium clavatum_31_view2_zstack_slice_z0017.png,train
Cribroelphidium clavatum,31,2,data/train_images/S031_A060_Z0018_C00.tif,zstack_slice,18.0,data/train_images/Cribroelphidium clavatum_31_view2_zstack_slice_z0018.png,train
Cribroelphidium clavatum,31,2,data/train_images/S031_A060_Z0019_C00.tif,zstack_slice,19.0,data/train_images/Cribroelphidium clavatum_31_view2_zstack_slice_z0019.png,train
Cribroelphidium clavatum,31,2,data/train_images/S031_A060_Z0020_C00.tif,zstack_slice,20.0,data/train_images/Cribroelphidium clavatum_31_view2_zstack_slice_z0020.png,train
Cribroelphidium clavatum,31,2,data/train_images/S031_A060_Z0021_C00.tif,zstack_slice,21.0,data/train_images/Cribroelphidium clavatum_31_view2_zstack_slice_z0021.png,train
Cribroelphidium clavatum,31,2,data/train_images/S031_A060_Z0022_C00.tif,zstack_slice,22.0,data/train_images/Cribroelphidium clavatum_31_view2_zstack_slice_z0022.png,train
Cribroelphidium clavatum,31,2,data/train_images/S031_A060_Z0023_C00.tif,zstack_slice,23.0,data/train_images/Cribroelphidium clavatum_31_view2_zstack_slice_z0023.png,train
Cribroelphidium clavatum,31,2,data/train_images/S031_A060_Z0024_C00.tif,zstack_slice,24.0,data/train_images/Cribroelphidium clavatum_31_view2_zstack_slice_z0024.png,train
Cribroelphidium clavatum,31,2,data/train_images/S031_A060_Z0025_C00.tif,zstack_slice,25.0,data/train_images/Cribroelphidium clavatum_31_view2_zstack_slice_z0025.png,train
Cribroelphidium clavatum,31,3,data/train_images/Cribroelphidium clavatum_31_view3_gif_original.png,gif_original,,data/train_images/Cribroelphidium clavatum_31_view3_gif_original.png,train
Cribroelphidium clavatum,31,3,data/train_images/S031_A120_Z0000_C00.tif,zstack_slice,0.0,data/train_images/Cribroelphidium clavatum_31_view3_zstack_slice_z0000.png,train
Cribroelphidium clavatum,31,3,data/train_images/S031_A120_Z0001_C00.tif,zstack_slice,1.0,data/train_images/Cribroelphidium clavatum_31_view3_zstack_slice_z0001.png,train
Cribroelphidium clavatum,31,3,data/train_images/S031_A120_Z0002_C00.tif,zstack_slice,2.0,data/train_images/Cribroelphidium clavatum_31_view3_zstack_slice_z0002.png,train
Cribroelphidium clavatum,31,3,data/train_images/S031_A120_Z0003_C00.tif,zstack_slice,3.0,data/train_images/Cribroelphidium clavatum_31_view3_zstack_slice_z0003.png,train
Cribroelphidium clavatum,31,3,data/train_images/S031_A120_Z0004_C00.tif,zstack_slice,4.0,data/train_images/Cribroelphidium clavatum_31_view3_zstack_slice_z0004.png,train
Cribroelphidium clavatum,31,3,data/train_images/S031_A120_Z0005_C00.tif,zstack_slice,5.0,data/train_images/Cribroelphidium clavatum_31_view3_zstack_slice_z0005.png,train
Cribroelphidium clavatum,31,3,data/train_images/S031_A120_Z0006_C00.tif,zstack_slice,6.0,data/train_images/Cribroelphidium clavatum_31_view3_zstack_slice_z0006.png,train
Cribroelphidium clavatum,31,3,data/train_images/S031_A120_Z0007_C00.tif,zstack_slice,7.0,data/train_images/Cribroelphidium clavatum_31_view3_zstack_slice_z0007.png,train
Cribroelphidium clavatum,31,3,data/train_images/S031_A120_Z0008_C00.tif,zstack_slice,8.0,data/train_images/Cribroelphidium clavatum_31_view3_zstack_slice_z0008.png,train
Cribroelphidium clavatum,31,3,data/train_images/S031_A120_Z0009_C00.tif,zstack_slice,9.0,data/train_images/Cribroelphidium clavatum_31_view3_zstack_slice_z0009.png,train
Cribroelphidium clavatum,31,3,data/train_images/S031_A120_Z0010_C00.tif,zstack_slice,10.0,data/train_images/Cribroelphidium clavatum_31_view3_zstack_slice_z0010.png,train
Cribroelphidium clavatum,31,3,data/train_images/S031_A120_Z0011_C00.tif,zstack_slice,11.0,data/train_images/Cribroelphidium clavatum_31_view3_zstack_slice_z0011.png,train
Cribroelphidium clavatum,31,3,data/train_images/S031_A120_Z0012_C00.tif,zstack_slice,12.0,data/train_images/Cribroelphidium clavatum_31_view3_zstack_slice_z0012.png,train
Cribroelphidium clavatum,31,3,data/train_images/S031_A120_Z0013_C00.tif,zstack_slice,13.0,data/train_images/Cribroelphidium clavatum_31_view3_zstack_slice_z0013.png,train
Cribroelphidium clavatum,31,3,data/train_images/S031_A120_Z0014_C00.tif,zstack_slice,14.0,data/train_images/Cribroelphidium clavatum_31_view3_zstack_slice_z0014.png,train
Cribroelphidium clavatum,31,3,data/train_images/S031_A120_Z0015_C00.tif,zstack_slice,15.0,data/train_images/Cribroelphidium clavatum_31_view3_zstack_slice_z0015.png,train
Cribroelphidium clavatum,31,3,data/train_images/S031_A120_Z0016_C00.tif,zstack_slice,16.0,data/train_images/Cribroelphidium clavatum_31_view3_zstack_slice_z0016.png,train
Cribroelphidium clavatum,31,3,data/train_images/S031_A120_Z0017_C00.tif,zstack_slice,17.0,data/train_images/Cribroelphidium clavatum_31_view3_zstack_slice_z0017.png,train
Cribroelphidium clavatum,31,3,data/train_images/S031_A120_Z0018_C00.tif,zstack_slice,18.0,data/train_images/Cribroelphidium clavatum_31_view3_zstack_slice_z0018.png,train
Cribroelphidium clavatum,31,3,data/train_images/S031_A120_Z0019_C00.tif,zstack_slice,19.0,data/train_images/Cribroelphidium clavatum_31_view3_zstack_slice_z0019.png,train
Cribroelphidium clavatum,31,3,data/train_images/S031_A120_Z0020_C00.tif,zstack_slice,20.0,data/train_images/Cribroelphidium clavatum_31_view3_zstack_slice_z0020.png,train
Cribroelphidium clavatum,31,3,data/train_images/S031_A120_Z0021_C00.tif,zstack_slice,21.0,data/train_images/Cribroelphidium clavatum_31_view3_zstack_slice_z0021.png,train
Cribroelphidium clavatum,31,3,data/train_images/S031_A120_Z0022_C00.tif,zstack_slice,22.0,data/train_images/Cribroelphidium clavatum_31_view3_zstack_slice_z0022.png,train
Cribroelphidium clavatum,31,3,data/train_images/S031_A120_Z0023_C00.tif,zstack_slice,23.0,data/train_images/Cribroelphidium clavatum_31_view3_zstack_slice_z0023.png,train
Cribroelphidium clavatum,31,3,data/train_images/S031_A120_Z0024_C00.tif,zstack_slice,24.0,data/train_images/Cribroelphidium clavatum_31_view3_zstack_slice_z0024.png,train
Cribroelphidium clavatum,31,3,data/train_images/S031_A120_Z0025_C00.tif,zstack_slice,25.0,data/train_images/Cribroelphidium clavatum_31_view3_zstack_slice_z0025.png,train
Cribroelphidium clavatum,31,3,data/train_images/S031_A120_Z0026_C00.tif,zstack_slice,26.0,data/train_images/Cribroelphidium clavatum_31_view3_zstack_slice_z0026.png,train
Cribroelphidium clavatum,31,3,data/train_images/S031_A120_Z0027_C00.tif,zstack_slice,27.0,data/train_images/Cribroelphidium clavatum_31_view3_zstack_slice_z0027.png,train
Cribroelphidium clavatum,31,6,data/train_images/Cribroelphidium clavatum_31_view6_gif_original.png,gif_original,,data/train_images/Cribroelphidium clavatum_31_view6_gif_original.png,train
Cribroelphidium clavatum,31,6,data/train_images/S031_A300_Z0000_C00.tif,zstack_slice,0.0,data/train_images/Cribroelphidium clavatum_31_view6_zstack_slice_z0000.png,train
Cribroelphidium clavatum,31,6,data/train_images/S031_A300_Z0001_C00.tif,zstack_slice,1.0,data/train_images/Cribroelphidium clavatum_31_view6_zstack_slice_z0001.png,train
Cribroelphidium clavatum,31,6,data/train_images/S031_A300_Z0002_C00.tif,zstack_slice,2.0,data/train_images/Cribroelphidium clavatum_31_view6_zstack_slice_z0002.png,train
Cribroelphidium clavatum,31,6,data/train_images/S031_A300_Z0003_C00.tif,zstack_slice,3.0,data/train_images/Cribroelphidium clavatum_31_view6_zstack_slice_z0003.png,train
Cribroelphidium clavatum,31,6,data/train_images/S031_A300_Z0004_C00.tif,zstack_slice,4.0,data/train_images/Cribroelphidium clavatum_31_view6_zstack_slice_z0004.png,train
Cribroelphidium clavatum,31,6,data/train_images/S031_A300_Z0005_C00.tif,zstack_slice,5.0,data/train_images/Cribroelphidium clavatum_31_view6_zstack_slice_z0005.png,train
Cribroelphidium clavatum,31,6,data/train_images/S031_A300_Z0006_C00.tif,zstack_slice,6.0,data/train_images/Cribroelphidium clavatum_31_view6_zstack_slice_z0006.png,train
Cribroelphidium clavatum,31,6,data/train_images/S031_A300_Z0007_C00.tif,zstack_slice,7.0,data/train_images/Cribroelphidium clavatum_31_view6_zstack_slice_z0007.png,train
Cribroelphidium clavatum,31,6,data/train_images/S031_A300_Z0008_C00.tif,zstack_slice,8.0,data/train_images/Cribroelphidium clavatum_31_view6_zstack_slice_z0008.png,train
Cribroelphidium clavatum,31,6,data/train_images/S031_A300_Z0009_C00.tif,zstack_slice,9.0,data/train_images/Cribroelphidium clavatum_31_view6_zstack_slice_z0009.png,train
Cribroelphidium clavatum,31,6,data/train_images/S031_A300_Z0010_C00.tif,zstack_slice,10.0,data/train_images/Cribroelphidium clavatum_31_view6_zstack_slice_z0010.png,train
Cribroelphidium clavatum,31,6,data/train_images/S031_A300_Z0011_C00.tif,zstack_slice,11.0,data/train_images/Cribroelphidium clavatum_31_view6_zstack_slice_z0011.png,train
Cribroelphidium clavatum,31,6,data/train_images/S031_A300_Z0012_C00.tif,zstack_slice,12.0,data/train_images/Cribroelphidium clavatum_31_view6_zstack_slice_z0012.png,train
Cribroelphidium clavatum,31,6,data/train_images/S031_A300_Z0013_C00.tif,zstack_slice,13.0,data/train_images/Cribroelphidium clavatum_31_view6_zstack_slice_z0013.png,train
Cribroelphidium clavatum,31,6,data/train_images/S031_A300_Z0014_C00.tif,zstack_slice,14.0,data/train_images/Cribroelphidium clavatum_31_view6_zstack_slice_z0014.png,train
Cribroelphidium clavatum,31,6,data/train_images/S031_A300_Z0015_C00.tif,zstack_slice,15.0,data/train_images/Cribroelphidium clavatum_31_view6_zstack_slice_z0015.png,train
Cribroelphidium clavatum,31,6,data/train_images/S031_A300_Z0016_C00.tif,zstack_slice,16.0,data/train_images/Cribroelphidium clavatum_31_view6_zstack_slice_z0016.png,train
Cribroelphidium clavatum,31,6,data/train_images/S031_A300_Z0017_C00.tif,zstack_slice,17.0,data/train_images/Cribroelphidium clavatum_31_view6_zstack_slice_z0017.png,train
Cribroelphidium clavatum,31,6,data/train_images/S031_A300_Z0018_C00.tif,zstack_slice,18.0,data/train_images/Cribroelphidium clavatum_31_view6_zstack_slice_z0018.png,train
Cribroelphidium clavatum,31,6,data/train_images/S031_A300_Z0019_C00.tif,zstack_slice,19.0,data/train_images/Cribroelphidium clavatum_31_view6_zstack_slice_z0019.png,train
Cribroelphidium clavatum,31,6,data/train_images/S031_A300_Z0020_C00.tif,zstack_slice,20.0,data/train_images/Cribroelphidium clavatum_31_view6_zstack_slice_z0020.png,train
Cribroelphidium clavatum,31,6,data/train_images/S031_A300_Z0021_C00.tif,zstack_slice,21.0,data/train_images/Cribroelphidium clavatum_31_view6_zstack_slice_z0021.png,train
Cribroelphidium clavatum,31,6,data/train_images/S031_A300_Z0022_C00.tif,zstack_slice,22.0,data/train_images/Cribroelphidium clavatum_31_view6_zstack_slice_z0022.png,train
Cribroelphidium clavatum,31,6,data/train_images/S031_A300_Z0023_C00.tif,zstack_slice,23.0,data/train_images/Cribroelphidium clavatum_31_view6_zstack_slice_z0023.png,train
Cribroelphidium clavatum,31,6,data/train_images/S031_A300_Z0024_C00.tif,zstack_slice,24.0,data/train_images/Cribroelphidium clavatum_31_view6_zstack_slice_z0024.png,train
Cribroelphidium clavatum,31,6,data/train_images/S031_A300_Z0025_C00.tif,zstack_slice,25.0,data/train_images/Cribroelphidium clavatum_31_view6_zstack_slice_z0025.png,train
Cylindroclavulina bradyi,13,3,data/train_images/Cylindroclavulina bradyi_13_view3_gif_original.png,gif_original,,data/train_images/Cylindroclavulina bradyi_13_view3_gif_original.png,train
Cylindroclavulina bradyi,13,3,data/train_images/S013_A120_stacked.tif,stacked_tiff,,data/train_images/Cylindroclavulina bradyi_13_view3_stacked_tiff.png,train
Cylindroclavulina bradyi,13,3,data/train_images/S013_A120_Z0000_C00.tif,zstack_slice,0.0,data/train_images/Cylindroclavulina bradyi_13_view3_zstack_slice_z0000.png,train
Cylindroclavulina bradyi,13,3,data/train_images/S013_A120_Z0001_C00.tif,zstack_slice,1.0,data/train_images/Cylindroclavulina bradyi_13_view3_zstack_slice_z0001.png,train
Cylindroclavulina bradyi,13,3,data/train_images/S013_A120_Z0002_C00.tif,zstack_slice,2.0,data/train_images/Cylindroclavulina bradyi_13_view3_zstack_slice_z0002.png,train
Cylindroclavulina bradyi,13,3,data/train_images/S013_A120_Z0003_C00.tif,zstack_slice,3.0,data/train_images/Cylindroclavulina bradyi_13_view3_zstack_slice_z0003.png,train
Cylindroclavulina bradyi,13,3,data/train_images/S013_A120_Z0004_C00.tif,zstack_slice,4.0,data/train_images/Cylindroclavulina bradyi_13_view3_zstack_slice_z0004.png,train
Cylindroclavulina bradyi,13,3,data/train_images/S013_A120_Z0005_C00.tif,zstack_slice,5.0,data/train_images/Cylindroclavulina bradyi_13_view3_zstack_slice_z0005.png,train
Cylindroclavulina bradyi,13,3,data/train_images/S013_A120_Z0006_C00.tif,zstack_slice,6.0,data/train_images/Cylindroclavulina bradyi_13_view3_zstack_slice_z0006.png,train
Cylindroclavulina bradyi,13,3,data/train_images/S013_A120_Z0007_C00.tif,zstack_slice,7.0,data/train_images/Cylindroclavulina bradyi_13_view3_zstack_slice_z0007.png,train
Cylindroclavulina bradyi,13,3,data/train_images/S013_A120_Z0008_C00.tif,zstack_slice,8.0,data/train_images/Cylindroclavulina bradyi_13_view3_zstack_slice_z0008.png,train
Cylindroclavulina bradyi,13,3,data/train_images/S013_A120_Z0009_C00.tif,zstack_slice,9.0,data/train_images/Cylindroclavulina bradyi_13_view3_zstack_slice_z0009.png,train
Cylindroclavulina bradyi,13,3,data/train_images/S013_A120_Z0010_C00.tif,zstack_slice,10.0,data/train_images/Cylindroclavulina bradyi_13_view3_zstack_slice_z0010.png,train
Cylindroclavulina bradyi,13,3,data/train_images/S013_A120_Z0011_C00.tif,zstack_slice,11.0,data/train_images/Cylindroclavulina bradyi_13_view3_zstack_slice_z0011.png,train
Cylindroclavulina bradyi,13,3,data/train_images/S013_A120_Z0012_C00.tif,zstack_slice,12.0,data/train_images/Cylindroclavulina bradyi_13_view3_zstack_slice_z0012.png,train
Cylindroclavulina bradyi,13,3,data/train_images/S013_A120_Z0013_C00.tif,zstack_slice,13.0,data/train_images/Cylindroclavulina bradyi_13_view3_zstack_slice_z0013.png,train
Cylindroclavulina bradyi,13,3,data/train_images/S013_A120_Z0014_C00.tif,zstack_slice,14.0,data/train_images/Cylindroclavulina bradyi_13_view3_zstack_slice_z0014.png,train
Cylindroclavulina bradyi,13,3,data/train_images/S013_A120_Z0015_C00.tif,zstack_slice,15.0,data/train_images/Cylindroclavulina bradyi_13_view3_zstack_slice_z0015.png,train
Cylindroclavulina bradyi,13,3,data/train_images/S013_A120_Z0016_C00.tif,zstack_slice,16.0,data/train_images/Cylindroclavulina bradyi_13_view3_zstack_slice_z0016.png,train
Cylindroclavulina bradyi,13,3,data/train_images/S013_A120_Z0017_C00.tif,zstack_slice,17.0,data/train_images/Cylindroclavulina bradyi_13_view3_zstack_slice_z0017.png,train
Cylindroclavulina bradyi,13,3,data/train_images/S013_A120_Z0018_C00.tif,zstack_slice,18.0,data/train_images/Cylindroclavulina bradyi_13_view3_zstack_slice_z0018.png,train
Cylindroclavulina bradyi,13,3,data/train_images/S013_A120_Z0019_C00.tif,zstack_slice,19.0,data/train_images/Cylindroclavulina bradyi_13_view3_zstack_slice_z0019.png,train
Cylindroclavulina bradyi,13,3,data/train_images/S013_A120_Z0020_C00.tif,zstack_slice,20.0,data/train_images/Cylindroclavulina bradyi_13_view3_zstack_slice_z0020.png,train
Cylindroclavulina bradyi,13,3,data/train_images/S013_A120_Z0021_C00.tif,zstack_slice,21.0,data/train_images/Cylindroclavulina bradyi_13_view3_zstack_slice_z0021.png,train
Cylindroclavulina bradyi,13,3,data/train_images/S013_A120_Z0022_C00.tif,zstack_slice,22.0,data/train_images/Cylindroclavulina bradyi_13_view3_zstack_slice_z0022.png,train
Cylindroclavulina bradyi,13,3,data/train_images/S013_A120_Z0023_C00.tif,zstack_slice,23.0,data/train_images/Cylindroclavulina bradyi_13_view3_zstack_slice_z0023.png,train
Cylindroclavulina bradyi,13,3,data/train_images/S013_A120_Z0024_C00.tif,zstack_slice,24.0,data/train_images/Cylindroclavulina bradyi_13_view3_zstack_slice_z0024.png,train
Cylindroclavulina bradyi,13,3,data/train_images/S013_A120_Z0025_C00.tif,zstack_slice,25.0,data/train_images/Cylindroclavulina bradyi_13_view3_zstack_slice_z0025.png,train
Cylindroclavulina bradyi,13,3,data/train_images/S013_A120_Z0026_C00.tif,zstack_slice,26.0,data/train_images/Cylindroclavulina bradyi_13_view3_zstack_slice_z0026.png,train
Cylindroclavulina bradyi,13,3,data/train_images/S013_A120_Z0027_C00.tif,zstack_slice,27.0,data/train_images/Cylindroclavulina bradyi_13_view3_zstack_slice_z0027.png,train
Cylindroclavulina bradyi,13,3,data/train_images/S013_A120_Z0028_C00.tif,zstack_slice,28.0,data/train_images/Cylindroclavulina bradyi_13_view3_zstack_slice_z0028.png,train
Cylindroclavulina bradyi,13,4,data/train_images/Cylindroclavulina bradyi_13_view4_gif_original.png,gif_original,,data/train_images/Cylindroclavulina bradyi_13_view4_gif_original.png,train
Cylindroclavulina bradyi,13,4,data/train_images/S013_A180_stacked.tif,stacked_tiff,,data/train_images/Cylindroclavulina bradyi_13_view4_stacked_tiff.png,train
Cylindroclavulina bradyi,13,4,data/train_images/S013_A180_Z0000_C00.tif,zstack_slice,0.0,data/train_images/Cylindroclavulina bradyi_13_view4_zstack_slice_z0000.png,train
Cylindroclavulina bradyi,13,4,data/train_images/S013_A180_Z0001_C00.tif,zstack_slice,1.0,data/train_images/Cylindroclavulina bradyi_13_view4_zstack_slice_z0001.png,train
Cylindroclavulina bradyi,13,4,data/train_images/S013_A180_Z0002_C00.tif,zstack_slice,2.0,data/train_images/Cylindroclavulina bradyi_13_view4_zstack_slice_z0002.png,train
Cylindroclavulina bradyi,13,4,data/train_images/S013_A180_Z0003_C00.tif,zstack_slice,3.0,data/train_images/Cylindroclavulina bradyi_13_view4_zstack_slice_z0003.png,train
Cylindroclavulina bradyi,13,4,data/train_images/S013_A180_Z0004_C00.tif,zstack_slice,4.0,data/train_images/Cylindroclavulina bradyi_13_view4_zstack_slice_z0004.png,train
Cylindroclavulina bradyi,13,4,data/train_images/S013_A180_Z0005_C00.tif,zstack_slice,5.0,data/train_images/Cylindroclavulina bradyi_13_view4_zstack_slice_z0005.png,train
Cylindroclavulina bradyi,13,4,data/train_images/S013_A180_Z0006_C00.tif,zstack_slice,6.0,data/train_images/Cylindroclavulina bradyi_13_view4_zstack_slice_z0006.png,train
Cylindroclavulina bradyi,13,4,data/train_images/S013_A180_Z0007_C00.tif,zstack_slice,7.0,data/train_images/Cylindroclavulina bradyi_13_view4_zstack_slice_z0007.png,train
Cylindroclavulina bradyi,13,4,data/train_images/S013_A180_Z0008_C00.tif,zstack_slice,8.0,data/train_images/Cylindroclavulina bradyi_13_view4_zstack_slice_z0008.png,train
Cylindroclavulina bradyi,13,4,data/train_images/S013_A180_Z0009_C00.tif,zstack_slice,9.0,data/train_images/Cylindroclavulina bradyi_13_view4_zstack_slice_z0009.png,train
Cylindroclavulina bradyi,13,4,data/train_images/S013_A180_Z0010_C00.tif,zstack_slice,10.0,data/train_images/Cylindroclavulina bradyi_13_view4_zstack_slice_z0010.png,train
Cylindroclavulina bradyi,13,4,data/train_images/S013_A180_Z0011_C00.tif,zstack_slice,11.0,data/train_images/Cylindroclavulina bradyi_13_view4_zstack_slice_z0011.png,train
Cylindroclavulina bradyi,13,4,data/train_images/S013_A180_Z0012_C00.tif,zstack_slice,12.0,data/train_images/Cylindroclavulina bradyi_13_view4_zstack_slice_z0012.png,train
Cylindroclavulina bradyi,13,4,data/train_images/S013_A180_Z0013_C00.tif,zstack_slice,13.0,data/train_images/Cylindroclavulina bradyi_13_view4_zstack_slice_z0013.png,train
Cylindroclavulina bradyi,13,4,data/train_images/S013_A180_Z0014_C00.tif,zstack_slice,14.0,data/train_images/Cylindroclavulina bradyi_13_view4_zstack_slice_z0014.png,train
Cylindroclavulina bradyi,13,4,data/train_images/S013_A180_Z0015_C00.tif,zstack_slice,15.0,data/train_images/Cylindroclavulina bradyi_13_view4_zstack_slice_z0015.png,train
Cylindroclavulina bradyi,13,4,data/train_images/S013_A180_Z0016_C00.tif,zstack_slice,16.0,data/train_images/Cylindroclavulina bradyi_13_view4_zstack_slice_z0016.png,train
Cylindroclavulina bradyi,13,4,data/train_images/S013_A180_Z0017_C00.tif,zstack_slice,17.0,data/train_images/Cylindroclavulina bradyi_13_view4_zstack_slice_z0017.png,train
Cylindroclavulina bradyi,13,4,data/train_images/S013_A180_Z0018_C00.tif,zstack_slice,18.0,data/train_images/Cylindroclavulina bradyi_13_view4_zstack_slice_z0018.png,train
Cylindroclavulina bradyi,13,4,data/train_images/S013_A180_Z0019_C00.tif,zstack_slice,19.0,data/train_images/Cylindroclavulina bradyi_13_view4_zstack_slice_z0019.png,train
Cylindroclavulina bradyi,13,4,data/train_images/S013_A180_Z0020_C00.tif,zstack_slice,20.0,data/train_images/Cylindroclavulina bradyi_13_view4_zstack_slice_z0020.png,train
Cylindroclavulina bradyi,13,4,data/train_images/S013_A180_Z0021_C00.tif,zstack_slice,21.0,data/train_images/Cylindroclavulina bradyi_13_view4_zstack_slice_z0021.png,train
Cylindroclavulina bradyi,13,4,data/train_images/S013_A180_Z0022_C00.tif,zstack_slice,22.0,data/train_images/Cylindroclavulina bradyi_13_view4_zstack_slice_z0022.png,train
Cylindroclavulina bradyi,13,4,data/train_images/S013_A180_Z0023_C00.tif,zstack_slice,23.0,data/train_images/Cylindroclavulina bradyi_13_view4_zstack_slice_z0023.png,train
Cylindroclavulina bradyi,13,4,data/train_images/S013_A180_Z0024_C00.tif,zstack_slice,24.0,data/train_images/Cylindroclavulina bradyi_13_view4_zstack_slice_z0024.png,train
Cylindroclavulina bradyi,13,4,data/train_images/S013_A180_Z0025_C00.tif,zstack_slice,25.0,data/train_images/Cylindroclavulina bradyi_13_view4_zstack_slice_z0025.png,train
Cylindroclavulina bradyi,13,4,data/train_images/S013_A180_Z0026_C00.tif,zstack_slice,26.0,data/train_images/Cylindroclavulina bradyi_13_view4_zstack_slice_z0026.png,train
Cylindroclavulina bradyi,13,4,data/train_images/S013_A180_Z0027_C00.tif,zstack_slice,27.0,data/train_images/Cylindroclavulina bradyi_13_view4_zstack_slice_z0027.png,train
Cylindroclavulina bradyi,13,4,data/train_images/S013_A180_Z0028_C00.tif,zstack_slice,28.0,data/train_images/Cylindroclavulina bradyi_13_view4_zstack_slice_z0028.png,train
Cylindroclavulina bradyi,13,5,data/train_images/Cylindroclavulina bradyi_13_view5_gif_original.png,gif_original,,data/train_images/Cylindroclavulina bradyi_13_view5_gif_original.png,train
Cylindroclavulina bradyi,13,5,data/train_images/S013_A240_stacked.tif,stacked_tiff,,data/train_images/Cylindroclavulina bradyi_13_view5_stacked_tiff.png,train
Cylindroclavulina bradyi,13,5,data/train_images/S013_A240_Z0000_C00.tif,zstack_slice,0.0,data/train_images/Cylindroclavulina bradyi_13_view5_zstack_slice_z0000.png,train
Cylindroclavulina bradyi,13,5,data/train_images/S013_A240_Z0001_C00.tif,zstack_slice,1.0,data/train_images/Cylindroclavulina bradyi_13_view5_zstack_slice_z0001.png,train
Cylindroclavulina bradyi,13,5,data/train_images/S013_A240_Z0002_C00.tif,zstack_slice,2.0,data/train_images/Cylindroclavulina bradyi_13_view5_zstack_slice_z0002.png,train
Cylindroclavulina bradyi,13,5,data/train_images/S013_A240_Z0003_C00.tif,zstack_slice,3.0,data/train_images/Cylindroclavulina bradyi_13_view5_zstack_slice_z0003.png,train
Cylindroclavulina bradyi,13,5,data/train_images/S013_A240_Z0004_C00.tif,zstack_slice,4.0,data/train_images/Cylindroclavulina bradyi_13_view5_zstack_slice_z0004.png,train
Cylindroclavulina bradyi,13,5,data/train_images/S013_A240_Z0005_C00.tif,zstack_slice,5.0,data/train_images/Cylindroclavulina bradyi_13_view5_zstack_slice_z0005.png,train
Cylindroclavulina bradyi,13,5,data/train_images/S013_A240_Z0006_C00.tif,zstack_slice,6.0,data/train_images/Cylindroclavulina bradyi_13_view5_zstack_slice_z0006.png,train
Cylindroclavulina bradyi,13,5,data/train_images/S013_A240_Z0007_C00.tif,zstack_slice,7.0,data/train_images/Cylindroclavulina bradyi_13_view5_zstack_slice_z0007.png,train
Cylindroclavulina bradyi,13,5,data/train_images/S013_A240_Z0008_C00.tif,zstack_slice,8.0,data/train_images/Cylindroclavulina bradyi_13_view5_zstack_slice_z0008.png,train
Cylindroclavulina bradyi,13,5,data/train_images/S013_A240_Z0009_C00.tif,zstack_slice,9.0,data/train_images/Cylindroclavulina bradyi_13_view5_zstack_slice_z0009.png,train
Cylindroclavulina bradyi,13,5,data/train_images/S013_A240_Z0010_C00.tif,zstack_slice,10.0,data/train_images/Cylindroclavulina bradyi_13_view5_zstack_slice_z0010.png,train
Cylindroclavulina bradyi,13,5,data/train_images/S013_A240_Z0011_C00.tif,zstack_slice,11.0,data/train_images/Cylindroclavulina bradyi_13_view5_zstack_slice_z0011.png,train
Cylindroclavulina bradyi,13,5,data/train_images/S013_A240_Z0012_C00.tif,zstack_slice,12.0,data/train_images/Cylindroclavulina bradyi_13_view5_zstack_slice_z0012.png,train
Cylindroclavulina bradyi,13,5,data/train_images/S013_A240_Z0013_C00.tif,zstack_slice,13.0,data/train_images/Cylindroclavulina bradyi_13_view5_zstack_slice_z0013.png,train
Cylindroclavulina bradyi,13,5,data/train_images/S013_A240_Z0014_C00.tif,zstack_slice,14.0,data/train_images/Cylindroclavulina bradyi_13_view5_zstack_slice_z0014.png,train
Cylindroclavulina bradyi,13,5,data/train_images/S013_A240_Z0015_C00.tif,zstack_slice,15.0,data/train_images/Cylindroclavulina bradyi_13_view5_zstack_slice_z0015.png,train
Cylindroclavulina bradyi,13,5,data/train_images/S013_A240_Z0016_C00.tif,zstack_slice,16.0,data/train_images/Cylindroclavulina bradyi_13_view5_zstack_slice_z0016.png,train
Cylindroclavulina bradyi,13,5,data/train_images/S013_A240_Z0017_C00.tif,zstack_slice,17.0,data/train_images/Cylindroclavulina bradyi_13_view5_zstack_slice_z0017.png,train
Cylindroclavulina bradyi,13,5,data/train_images/S013_A240_Z0018_C00.tif,zstack_slice,18.0,data/train_images/Cylindroclavulina bradyi_13_view5_zstack_slice_z0018.png,train
Cylindroclavulina bradyi,13,5,data/train_images/S013_A240_Z0019_C00.tif,zstack_slice,19.0,data/train_images/Cylindroclavulina bradyi_13_view5_zstack_slice_z0019.png,train
Cylindroclavulina bradyi,13,5,data/train_images/S013_A240_Z0020_C00.tif,zstack_slice,20.0,data/train_images/Cylindroclavulina bradyi_13_view5_zstack_slice_z0020.png,train
Cylindroclavulina bradyi,13,5,data/train_images/S013_A240_Z0021_C00.tif,zstack_slice,21.0,data/train_images/Cylindroclavulina bradyi_13_view5_zstack_slice_z0021.png,train
Cylindroclavulina bradyi,13,5,data/train_images/S013_A240_Z0022_C00.tif,zstack_slice,22.0,data/train_images/Cylindroclavulina bradyi_13_view5_zstack_slice_z0022.png,train
Cylindroclavulina bradyi,13,5,data/train_images/S013_A240_Z0023_C00.tif,zstack_slice,23.0,data/train_images/Cylindroclavulina bradyi_13_view5_zstack_slice_z0023.png,train
Cylindroclavulina bradyi,13,6,data/train_images/Cylindroclavulina bradyi_13_view6_gif_original.png,gif_original,,data/train_images/Cylindroclavulina bradyi_13_view6_gif_original.png,train
Cylindroclavulina bradyi,13,6,data/train_images/S013_A300_stacked.tif,stacked_tiff,,data/train_images/Cylindroclavulina bradyi_13_view6_stacked_tiff.png,train
Cylindroclavulina bradyi,13,6,data/train_images/S013_A300_Z0000_C00.tif,zstack_slice,0.0,data/train_images/Cylindroclavulina bradyi_13_view6_zstack_slice_z0000.png,train
Cylindroclavulina bradyi,13,6,data/train_images/S013_A300_Z0001_C00.tif,zstack_slice,1.0,data/train_images/Cylindroclavulina bradyi_13_view6_zstack_slice_z0001.png,train
Cylindroclavulina bradyi,13,6,data/train_images/S013_A300_Z0002_C00.tif,zstack_slice,2.0,data/train_images/Cylindroclavulina bradyi_13_view6_zstack_slice_z0002.png,train
Cylindroclavulina bradyi,13,6,data/train_images/S013_A300_Z0003_C00.tif,zstack_slice,3.0,data/train_images/Cylindroclavulina bradyi_13_view6_zstack_slice_z0003.png,train
Cylindroclavulina bradyi,13,6,data/train_images/S013_A300_Z0004_C00.tif,zstack_slice,4.0,data/train_images/Cylindroclavulina bradyi_13_view6_zstack_slice_z0004.png,train
Cylindroclavulina bradyi,13,6,data/train_images/S013_A300_Z0005_C00.tif,zstack_slice,5.0,data/train_images/Cylindroclavulina bradyi_13_view6_zstack_slice_z0005.png,train
Cylindroclavulina bradyi,13,6,data/train_images/S013_A300_Z0006_C00.tif,zstack_slice,6.0,data/train_images/Cylindroclavulina bradyi_13_view6_zstack_slice_z0006.png,train
Cylindroclavulina bradyi,13,6,data/train_images/S013_A300_Z0007_C00.tif,zstack_slice,7.0,data/train_images/Cylindroclavulina bradyi_13_view6_zstack_slice_z0007.png,train
Cylindroclavulina bradyi,13,6,data/train_images/S013_A300_Z0008_C00.tif,zstack_slice,8.0,data/train_images/Cylindroclavulina bradyi_13_view6_zstack_slice_z0008.png,train
Cylindroclavulina bradyi,13,6,data/train_images/S013_A300_Z0009_C00.tif,zstack_slice,9.0,data/train_images/Cylindroclavulina bradyi_13_view6_zstack_slice_z0009.png,train
Cylindroclavulina bradyi,13,6,data/train_images/S013_A300_Z0010_C00.tif,zstack_slice,10.0,data/train_images/Cylindroclavulina bradyi_13_view6_zstack_slice_z0010.png,train
Cylindroclavulina bradyi,13,6,data/train_images/S013_A300_Z0011_C00.tif,zstack_slice,11.0,data/train_images/Cylindroclavulina bradyi_13_view6_zstack_slice_z0011.png,train
Cylindroclavulina bradyi,13,6,data/train_images/S013_A300_Z0012_C00.tif,zstack_slice,12.0,data/train_images/Cylindroclavulina bradyi_13_view6_zstack_slice_z0012.png,train
Cylindroclavulina bradyi,13,6,data/train_images/S013_A300_Z0013_C00.tif,zstack_slice,13.0,data/train_images/Cylindroclavulina bradyi_13_view6_zstack_slice_z0013.png,train
Cylindroclavulina bradyi,13,6,data/train_images/S013_A300_Z0014_C00.tif,zstack_slice,14.0,data/train_images/Cylindroclavulina bradyi_13_view6_zstack_slice_z0014.png,train
Cylindroclavulina bradyi,13,6,data/train_images/S013_A300_Z0015_C00.tif,zstack_slice,15.0,data/train_images/Cylindroclavulina bradyi_13_view6_zstack_slice_z0015.png,train
Cylindroclavulina bradyi,13,6,data/train_images/S013_A300_Z0016_C00.tif,zstack_slice,16.0,data/train_images/Cylindroclavulina bradyi_13_view6_zstack_slice_z0016.png,train
Cylindroclavulina bradyi,13,6,data/train_images/S013_A300_Z0017_C00.tif,zstack_slice,17.0,data/train_images/Cylindroclavulina bradyi_13_view6_zstack_slice_z0017.png,train
Cylindroclavulina bradyi,13,6,data/train_images/S013_A300_Z0018_C00.tif,zstack_slice,18.0,data/train_images/Cylindroclavulina bradyi_13_view6_zstack_slice_z0018.png,train
Cylindroclavulina bradyi,13,6,data/train_images/S013_A300_Z0019_C00.tif,zstack_slice,19.0,data/train_images/Cylindroclavulina bradyi_13_view6_zstack_slice_z0019.png,train
Cylindroclavulina bradyi,13,6,data/train_images/S013_A300_Z0020_C00.tif,zstack_slice,20.0,data/train_images/Cylindroclavulina bradyi_13_view6_zstack_slice_z0020.png,train
Cylindroclavulina bradyi,13,6,data/train_images/S013_A300_Z0021_C00.tif,zstack_slice,21.0,data/train_images/Cylindroclavulina bradyi_13_view6_zstack_slice_z0021.png,train
Cylindroclavulina bradyi,13,6,data/train_images/S013_A300_Z0022_C00.tif,zstack_slice,22.0,data/train_images/Cylindroclavulina bradyi_13_view6_zstack_slice_z0022.png,train
Cylindroclavulina bradyi,13,6,data/train_images/S013_A300_Z0023_C00.tif,zstack_slice,23.0,data/train_images/Cylindroclavulina bradyi_13_view6_zstack_slice_z0023.png,train
Cylindroclavulina bradyi,13,6,data/train_images/S013_A300_Z0024_C00.tif,zstack_slice,24.0,data/train_images/Cylindroclavulina bradyi_13_view6_zstack_slice_z0024.png,train
Cylindroclavulina bradyi,13,6,data/train_images/S013_A300_Z0025_C00.tif,zstack_slice,25.0,data/train_images/Cylindroclavulina bradyi_13_view6_zstack_slice_z0025.png,train
Cylindroclavulina bradyi,13,6,data/train_images/S013_A300_Z0026_C00.tif,zstack_slice,26.0,data/train_images/Cylindroclavulina bradyi_13_view6_zstack_slice_z0026.png,train
Cylindroclavulina bradyi,13,6,data/train_images/S013_A300_Z0027_C00.tif,zstack_slice,27.0,data/train_images/Cylindroclavulina bradyi_13_view6_zstack_slice_z0027.png,train
Cylindroclavulina bradyi,13,6,data/train_images/S013_A300_Z0028_C00.tif,zstack_slice,28.0,data/train_images/Cylindroclavulina bradyi_13_view6_zstack_slice_z0028.png,train
Cylindroclavulina bradyi,13,6,data/train_images/S013_A300_Z0029_C00.tif,zstack_slice,29.0,data/train_images/Cylindroclavulina bradyi_13_view6_zstack_slice_z0029.png,train
Cylindroclavulina bradyi,13,6,data/train_images/S013_A300_Z0030_C00.tif,zstack_slice,30.0,data/train_images/Cylindroclavulina bradyi_13_view6_zstack_slice_z0030.png,train
Cylindroclavulina bradyi,13,6,data/train_images/S013_A300_Z0031_C00.tif,zstack_slice,31.0,data/train_images/Cylindroclavulina bradyi_13_view6_zstack_slice_z0031.png,train
Hoeglundina elegans,0,2,data/train_images/Hoeglundina elegans_0_view2_gif_original.png,gif_original,,data/train_images/Hoeglundina elegans_0_view2_gif_original.png,train
Hoeglundina elegans,0,3,data/train_images/Hoeglundina elegans_0_view3_gif_original.png,gif_original,,data/train_images/Hoeglundina elegans_0_view3_gif_original.png,train
Hoeglundina elegans,0,5,data/train_images/Hoeglundina elegans_0_view5_gif_original.png,gif_original,,data/train_images/Hoeglundina elegans_0_view5_gif_original.png,train
Hoeglundina elegans,0,6,data/train_images/Hoeglundina elegans_0_view6_gif_original.png,gif_original,,data/train_images/Hoeglundina elegans_0_view6_gif_original.png,train
Hoeglundina elegans,28,1,data/train_images/S028_A000_Z0000_C00.tif,zstack_slice,0.0,data/train_images/Hoeglundina elegans_28_view1_zstack_slice_z0000.png,train
Hoeglundina elegans,28,1,data/train_images/S028_A000_Z0001_C00.tif,zstack_slice,1.0,data/train_images/Hoeglundina elegans_28_view1_zstack_slice_z0001.png,train
Hoeglundina elegans,28,1,data/train_images/S028_A000_Z0002_C00.tif,zstack_slice,2.0,data/train_images/Hoeglundina elegans_28_view1_zstack_slice_z0002.png,train
Hoeglundina elegans,28,1,data/train_images/S028_A000_Z0003_C00.tif,zstack_slice,3.0,data/train_images/Hoeglundina elegans_28_view1_zstack_slice_z0003.png,train
Hoeglundina elegans,28,1,data/train_images/S028_A000_Z0004_C00.tif,zstack_slice,4.0,data/train_images/Hoeglundina elegans_28_view1_zstack_slice_z0004.png,train
Hoeglundina elegans,28,1,data/train_images/S028_A000_Z0005_C00.tif,zstack_slice,5.0,data/train_images/Hoeglundina elegans_28_view1_zstack_slice_z0005.png,train
Hoeglundina elegans,28,1,data/train_images/S028_A000_Z0006_C00.tif,zstack_slice,6.0,data/train_images/Hoeglundina elegans_28_view1_zstack_slice_z0006.png,train
Hoeglundina elegans,28,1,data/train_images/S028_A000_Z0007_C00.tif,zstack_slice,7.0,data/train_images/Hoeglundina elegans_28_view1_zstack_slice_z0007.png,train
Hoeglundina elegans,28,1,data/train_images/S028_A000_Z0008_C00.tif,zstack_slice,8.0,data/train_images/Hoeglundina elegans_28_view1_zstack_slice_z0008.png,train
Hoeglundina elegans,28,1,data/train_images/S028_A000_Z0009_C00.tif,zstack_slice,9.0,data/train_images/Hoeglundina elegans_28_view1_zstack_slice_z0009.png,train
Hoeglundina elegans,28,1,data/train_images/S028_A000_Z0010_C00.tif,zstack_slice,10.0,data/train_images/Hoeglundina elegans_28_view1_zstack_slice_z0010.png,train
Hoeglundina elegans,28,1,data/train_images/S028_A000_Z0011_C00.tif,zstack_slice,11.0,data/train_images/Hoeglundina elegans_28_view1_zstack_slice_z0011.png,train
Hoeglundina elegans,28,1,data/train_images/S028_A000_Z0012_C00.tif,zstack_slice,12.0,data/train_images/Hoeglundina elegans_28_view1_zstack_slice_z0012.png,train
Hoeglundina elegans,28,1,data/train_images/S028_A000_Z0013_C00.tif,zstack_slice,13.0,data/train_images/Hoeglundina elegans_28_view1_zstack_slice_z0013.png,train
Hoeglundina elegans,28,1,data/train_images/S028_A000_Z0014_C00.tif,zstack_slice,14.0,data/train_images/Hoeglundina elegans_28_view1_zstack_slice_z0014.png,train
Hoeglundina elegans,28,1,data/train_images/S028_A000_Z0015_C00.tif,zstack_slice,15.0,data/train_images/Hoeglundina elegans_28_view1_zstack_slice_z0015.png,train
Hoeglundina elegans,28,1,data/train_images/S028_A000_Z0016_C00.tif,zstack_slice,16.0,data/train_images/Hoeglundina elegans_28_view1_zstack_slice_z0016.png,train
Hoeglundina elegans,28,1,data/train_images/S028_A000_Z0017_C00.tif,zstack_slice,17.0,data/train_images/Hoeglundina elegans_28_view1_zstack_slice_z0017.png,train
Hoeglundina elegans,28,1,data/train_images/S028_A000_Z0018_C00.tif,zstack_slice,18.0,data/train_images/Hoeglundina elegans_28_view1_zstack_slice_z0018.png,train
Hoeglundina elegans,28,1,data/train_images/S028_A000_Z0019_C00.tif,zstack_slice,19.0,data/train_images/Hoeglundina elegans_28_view1_zstack_slice_z0019.png,train
Hoeglundina elegans,28,1,data/train_images/S028_A000_Z0020_C00.tif,zstack_slice,20.0,data/train_images/Hoeglundina elegans_28_view1_zstack_slice_z0020.png,train
Hoeglundina elegans,28,1,data/train_images/S028_A000_Z0021_C00.tif,zstack_slice,21.0,data/train_images/Hoeglundina elegans_28_view1_zstack_slice_z0021.png,train
Hoeglundina elegans,28,1,data/train_images/S028_A000_Z0022_C00.tif,zstack_slice,22.0,data/train_images/Hoeglundina elegans_28_view1_zstack_slice_z0022.png,train
Hoeglundina elegans,28,1,data/train_images/S028_A000_Z0023_C00.tif,zstack_slice,23.0,data/train_images/Hoeglundina elegans_28_view1_zstack_slice_z0023.png,train
Hoeglundina elegans,28,4,data/train_images/S028_A180_Z0000_C00.tif,zstack_slice,0.0,data/train_images/Hoeglundina elegans_28_view4_zstack_slice_z0000.png,train
Hoeglundina elegans,28,4,data/train_images/S028_A180_Z0001_C00.tif,zstack_slice,1.0,data/train_images/Hoeglundina elegans_28_view4_zstack_slice_z0001.png,train
Hoeglundina elegans,28,4,data/train_images/S028_A180_Z0002_C00.tif,zstack_slice,2.0,data/train_images/Hoeglundina elegans_28_view4_zstack_slice_z0002.png,train
Hoeglundina elegans,28,4,data/train_images/S028_A180_Z0003_C00.tif,zstack_slice,3.0,data/train_images/Hoeglundina elegans_28_view4_zstack_slice_z0003.png,train
Hoeglundina elegans,28,4,data/train_images/S028_A180_Z0004_C00.tif,zstack_slice,4.0,data/train_images/Hoeglundina elegans_28_view4_zstack_slice_z0004.png,train
Hoeglundina elegans,28,4,data/train_images/S028_A180_Z0005_C00.tif,zstack_slice,5.0,data/train_images/Hoeglundina elegans_28_view4_zstack_slice_z0005.png,train
Hoeglundina elegans,28,4,data/train_images/S028_A180_Z0006_C00.tif,zstack_slice,6.0,data/train_images/Hoeglundina elegans_28_view4_zstack_slice_z0006.png,train
Hoeglundina elegans,28,4,data/train_images/S028_A180_Z0007_C00.tif,zstack_slice,7.0,data/train_images/Hoeglundina elegans_28_view4_zstack_slice_z0007.png,train
Hoeglundina elegans,28,4,data/train_images/S028_A180_Z0008_C00.tif,zstack_slice,8.0,data/train_images/Hoeglundina elegans_28_view4_zstack_slice_z0008.png,train
Hoeglundina elegans,28,4,data/train_images/S028_A180_Z0009_C00.tif,zstack_slice,9.0,data/train_images/Hoeglundina elegans_28_view4_zstack_slice_z0009.png,train
Hoeglundina elegans,28,4,data/train_images/S028_A180_Z0010_C00.tif,zstack_slice,10.0,data/train_images/Hoeglundina elegans_28_view4_zstack_slice_z0010.png,train
Hoeglundina elegans,28,4,data/train_images/S028_A180_Z0011_C00.tif,zstack_slice,11.0,data/train_images/Hoeglundina elegans_28_view4_zstack_slice_z0011.png,train
Hoeglundina elegans,28,4,data/train_images/S028_A180_Z0012_C00.tif,zstack_slice,12.0,data/train_images/Hoeglundina elegans_28_view4_zstack_slice_z0012.png,train
Hoeglundina elegans,28,4,data/train_images/S028_A180_Z0013_C00.tif,zstack_slice,13.0,data/train_images/Hoeglundina elegans_28_view4_zstack_slice_z0013.png,train
Hoeglundina elegans,28,4,data/train_images/S028_A180_Z0014_C00.tif,zstack_slice,14.0,data/train_images/Hoeglundina elegans_28_view4_zstack_slice_z0014.png,train
Hoeglundina elegans,28,4,data/train_images/S028_A180_Z0015_C00.tif,zstack_slice,15.0,data/train_images/Hoeglundina elegans_28_view4_zstack_slice_z0015.png,train
Hoeglundina elegans,28,4,data/train_images/S028_A180_Z0016_C00.tif,zstack_slice,16.0,data/train_images/Hoeglundina elegans_28_view4_zstack_slice_z0016.png,train
Hoeglundina elegans,28,4,data/train_images/S028_A180_Z0017_C00.tif,zstack_slice,17.0,data/train_images/Hoeglundina elegans_28_view4_zstack_slice_z0017.png,train
Hoeglundina elegans,28,4,data/train_images/S028_A180_Z0018_C00.tif,zstack_slice,18.0,data/train_images/Hoeglundina elegans_28_view4_zstack_slice_z0018.png,train
Hoeglundina elegans,28,4,data/train_images/S028_A180_Z0019_C00.tif,zstack_slice,19.0,data/train_images/Hoeglundina elegans_28_view4_zstack_slice_z0019.png,train
Hoeglundina elegans,28,4,data/train_images/S028_A180_Z0020_C00.tif,zstack_slice,20.0,data/train_images/Hoeglundina elegans_28_view4_zstack_slice_z0020.png,train
Hoeglundina elegans,28,4,data/train_images/S028_A180_Z0021_C00.tif,zstack_slice,21.0,data/train_images/Hoeglundina elegans_28_view4_zstack_slice_z0021.png,train
Hoeglundina elegans,28,4,data/train_images/S028_A180_Z0022_C00.tif,zstack_slice,22.0,data/train_images/Hoeglundina elegans_28_view4_zstack_slice_z0022.png,train
Hoeglundina elegans,28,4,data/train_images/S028_A180_Z0023_C00.tif,zstack_slice,23.0,data/train_images/Hoeglundina elegans_28_view4_zstack_slice_z0023.png,train
Hoeglundina elegans,28,4,data/train_images/S028_A180_Z0024_C00.tif,zstack_slice,24.0,data/train_images/Hoeglundina elegans_28_view4_zstack_slice_z0024.png,train
Hoeglundina elegans,28,4,data/train_images/S028_A180_Z0025_C00.tif,zstack_slice,25.0,data/train_images/Hoeglundina elegans_28_view4_zstack_slice_z0025.png,train
Hoeglundina elegans,28,4,data/train_images/S028_A180_Z0026_C00.tif,zstack_slice,26.0,data/train_images/Hoeglundina elegans_28_view4_zstack_slice_z0026.png,train
Hoeglundina elegans,28,4,data/train_images/S028_A180_Z0027_C00.tif,zstack_slice,27.0,data/train_images/Hoeglundina elegans_28_view4_zstack_slice_z0027.png,train
Hoeglundina elegans,28,5,data/train_images/S028_A240_Z0000_C00.tif,zstack_slice,0.0,data/train_images/Hoeglundina elegans_28_view5_zstack_slice_z0000.png,train
Hoeglundina elegans,28,5,data/train_images/S028_A240_Z0001_C00.tif,zstack_slice,1.0,data/train_images/Hoeglundina elegans_28_view5_zstack_slice_z0001.png,train
Hoeglundina elegans,28,5,data/train_images/S028_A240_Z0002_C00.tif,zstack_slice,2.0,data/train_images/Hoeglundina elegans_28_view5_zstack_slice_z0002.png,train
Hoeglundina elegans,28,5,data/train_images/S028_A240_Z0003_C00.tif,zstack_slice,3.0,data/train_images/Hoeglundina elegans_28_view5_zstack_slice_z0003.png,train
Hoeglundina elegans,28,5,data/train_images/S028_A240_Z0004_C00.tif,zstack_slice,4.0,data/train_images/Hoeglundina elegans_28_view5_zstack_slice_z0004.png,train
Hoeglundina elegans,28,5,data/train_images/S028_A240_Z0005_C00.tif,zstack_slice,5.0,data/train_images/Hoeglundina elegans_28_view5_zstack_slice_z0005.png,train
Hoeglundina elegans,28,5,data/train_images/S028_A240_Z0006_C00.tif,zstack_slice,6.0,data/train_images/Hoeglundina elegans_28_view5_zstack_slice_z0006.png,train
Hoeglundina elegans,28,5,data/train_images/S028_A240_Z0007_C00.tif,zstack_slice,7.0,data/train_images/Hoeglundina elegans_28_view5_zstack_slice_z0007.png,train
Hoeglundina elegans,28,5,data/train_images/S028_A240_Z0008_C00.tif,zstack_slice,8.0,data/train_images/Hoeglundina elegans_28_view5_zstack_slice_z0008.png,train
Hoeglundina elegans,28,5,data/train_images/S028_A240_Z0009_C00.tif,zstack_slice,9.0,data/train_images/Hoeglundina elegans_28_view5_zstack_slice_z0009.png,train
Hoeglundina elegans,28,5,data/train_images/S028_A240_Z0010_C00.tif,zstack_slice,10.0,data/train_images/Hoeglundina elegans_28_view5_zstack_slice_z0010.png,train
Hoeglundina elegans,28,5,data/train_images/S028_A240_Z0011_C00.tif,zstack_slice,11.0,data/train_images/Hoeglundina elegans_28_view5_zstack_slice_z0011.png,train
Hoeglundina elegans,28,5,data/train_images/S028_A240_Z0012_C00.tif,zstack_slice,12.0,data/train_images/Hoeglundina elegans_28_view5_zstack_slice_z0012.png,train
Hoeglundina elegans,28,5,data/train_images/S028_A240_Z0013_C00.tif,zstack_slice,13.0,data/train_images/Hoeglundina elegans_28_view5_zstack_slice_z0013.png,train
Hoeglundina elegans,28,5,data/train_images/S028_A240_Z0014_C00.tif,zstack_slice,14.0,data/train_images/Hoeglundina elegans_28_view5_zstack_slice_z0014.png,train
Hoeglundina elegans,28,5,data/train_images/S028_A240_Z0015_C00.tif,zstack_slice,15.0,data/train_images/Hoeglundina elegans_28_view5_zstack_slice_z0015.png,train
Hoeglundina elegans,28,5,data/train_images/S028_A240_Z0016_C00.tif,zstack_slice,16.0,data/train_images/Hoeglundina elegans_28_view5_zstack_slice_z0016.png,train
Hoeglundina elegans,28,5,data/train_images/S028_A240_Z0017_C00.tif,zstack_slice,17.0,data/train_images/Hoeglundina elegans_28_view5_zstack_slice_z0017.png,train
Hoeglundina elegans,28,5,data/train_images/S028_A240_Z0018_C00.tif,zstack_slice,18.0,data/train_images/Hoeglundina elegans_28_view5_zstack_slice_z0018.png,train
Hoeglundina elegans,28,5,data/train_images/S028_A240_Z0019_C00.tif,zstack_slice,19.0,data/train_images/Hoeglundina elegans_28_view5_zstack_slice_z0019.png,train
Hoeglundina elegans,28,5,data/train_images/S028_A240_Z0020_C00.tif,zstack_slice,20.0,data/train_images/Hoeglundina elegans_28_view5_zstack_slice_z0020.png,train
Hoeglundina elegans,28,5,data/train_images/S028_A240_Z0021_C00.tif,zstack_slice,21.0,data/train_images/Hoeglundina elegans_28_view5_zstack_slice_z0021.png,train
Hoeglundina elegans,28,5,data/train_images/S028_A240_Z0022_C00.tif,zstack_slice,22.0,data/train_images/Hoeglundina elegans_28_view5_zstack_slice_z0022.png,train
Hoeglundina elegans,28,5,data/train_images/S028_A240_Z0023_C00.tif,zstack_slice,23.0,data/train_images/Hoeglundina elegans_28_view5_zstack_slice_z0023.png,train
Hoeglundina elegans,28,5,data/train_images/S028_A240_Z0024_C00.tif,zstack_slice,24.0,data/train_images/Hoeglundina elegans_28_view5_zstack_slice_z0024.png,train
Hoeglundina elegans,28,5,data/train_images/S028_A240_Z0025_C00.tif,zstack_slice,25.0,data/train_images/Hoeglundina elegans_28_view5_zstack_slice_z0025.png,train
Hoeglundina elegans,28,5,data/train_images/S028_A240_Z0026_C00.tif,zstack_slice,26.0,data/train_images/Hoeglundina elegans_28_view5_zstack_slice_z0026.png,train
Hoeglundina elegans,28,5,data/train_images/S028_A240_Z0027_C00.tif,zstack_slice,27.0,data/train_images/Hoeglundina elegans_28_view5_zstack_slice_z0027.png,train
Hoeglundina elegans,28,5,data/train_images/S028_A240_Z0028_C00.tif,zstack_slice,28.0,data/train_images/Hoeglundina elegans_28_view5_zstack_slice_z0028.png,train
Hoeglundina elegans,28,5,data/train_images/S028_A240_Z0029_C00.tif,zstack_slice,29.0,data/train_images/Hoeglundina elegans_28_view5_zstack_slice_z0029.png,train
Hoeglundina elegans,28,5,data/train_images/S028_A240_Z0030_C00.tif,zstack_slice,30.0,data/train_images/Hoeglundina elegans_28_view5_zstack_slice_z0030.png,train
Hoeglundina elegans,28,5,data/train_images/S028_A240_Z0031_C00.tif,zstack_slice,31.0,data/train_images/Hoeglundina elegans_28_view5_zstack_slice_z0031.png,train
Hoeglundina elegans,28,5,data/train_images/S028_A240_Z0032_C00.tif,zstack_slice,32.0,data/train_images/Hoeglundina elegans_28_view5_zstack_slice_z0032.png,train
Hoeglundina elegans,28,5,data/train_images/S028_A240_Z0033_C00.tif,zstack_slice,33.0,data/train_images/Hoeglundina elegans_28_view5_zstack_slice_z0033.png,train
Hoeglundina elegans,28,5,data/train_images/S028_A240_Z0034_C00.tif,zstack_slice,34.0,data/train_images/Hoeglundina elegans_28_view5_zstack_slice_z0034.png,train
Hoeglundina elegans,28,5,data/train_images/S028_A240_Z0035_C00.tif,zstack_slice,35.0,data/train_images/Hoeglundina elegans_28_view5_zstack_slice_z0035.png,train
Hoeglundina elegans,28,5,data/train_images/S028_A240_Z0036_C00.tif,zstack_slice,36.0,data/train_images/Hoeglundina elegans_28_view5_zstack_slice_z0036.png,train
Hoeglundina elegans,28,5,data/train_images/S028_A240_Z0037_C00.tif,zstack_slice,37.0,data/train_images/Hoeglundina elegans_28_view5_zstack_slice_z0037.png,train
Hoeglundina elegans,28,5,data/train_images/S028_A240_Z0038_C00.tif,zstack_slice,38.0,data/train_images/Hoeglundina elegans_28_view5_zstack_slice_z0038.png,train
Hoeglundina elegans,28,5,data/train_images/S028_A240_Z0039_C00.tif,zstack_slice,39.0,data/train_images/Hoeglundina elegans_28_view5_zstack_slice_z0039.png,train
Hoeglundina elegans,28,5,data/train_images/S028_A240_Z0040_C00.tif,zstack_slice,40.0,data/train_images/Hoeglundina elegans_28_view5_zstack_slice_z0040.png,train
Hoeglundina elegans,28,5,data/train_images/S028_A240_Z0041_C00.tif,zstack_slice,41.0,data/train_images/Hoeglundina elegans_28_view5_zstack_slice_z0041.png,train
Hoeglundina elegans,28,5,data/train_images/S028_A240_Z0042_C00.tif,zstack_slice,42.0,data/train_images/Hoeglundina elegans_28_view5_zstack_slice_z0042.png,train
Hoeglundina elegans,28,5,data/train_images/S028_A240_Z0043_C00.tif,zstack_slice,43.0,data/train_images/Hoeglundina elegans_28_view5_zstack_slice_z0043.png,train
Hoeglundina elegans,28,5,data/train_images/S028_A240_Z0044_C00.tif,zstack_slice,44.0,data/train_images/Hoeglundina elegans_28_view5_zstack_slice_z0044.png,train
Hoeglundina elegans,28,5,data/train_images/S028_A240_Z0045_C00.tif,zstack_slice,45.0,data/train_images/Hoeglundina elegans_28_view5_zstack_slice_z0045.png,train
Hoeglundina elegans,28,6,data/train_images/S028_A300_Z0000_C00.tif,zstack_slice,0.0,data/train_images/Hoeglundina elegans_28_view6_zstack_slice_z0000.png,train
Hoeglundina elegans,28,6,data/train_images/S028_A300_Z0001_C00.tif,zstack_slice,1.0,data/train_images/Hoeglundina elegans_28_view6_zstack_slice_z0001.png,train
Hoeglundina elegans,28,6,data/train_images/S028_A300_Z0002_C00.tif,zstack_slice,2.0,data/train_images/Hoeglundina elegans_28_view6_zstack_slice_z0002.png,train
Hoeglundina elegans,28,6,data/train_images/S028_A300_Z0003_C00.tif,zstack_slice,3.0,data/train_images/Hoeglundina elegans_28_view6_zstack_slice_z0003.png,train
Hoeglundina elegans,28,6,data/train_images/S028_A300_Z0004_C00.tif,zstack_slice,4.0,data/train_images/Hoeglundina elegans_28_view6_zstack_slice_z0004.png,train
Hoeglundina elegans,28,6,data/train_images/S028_A300_Z0005_C00.tif,zstack_slice,5.0,data/train_images/Hoeglundina elegans_28_view6_zstack_slice_z0005.png,train
Hoeglundina elegans,28,6,data/train_images/S028_A300_Z0006_C00.tif,zstack_slice,6.0,data/train_images/Hoeglundina elegans_28_view6_zstack_slice_z0006.png,train
Hoeglundina elegans,28,6,data/train_images/S028_A300_Z0007_C00.tif,zstack_slice,7.0,data/train_images/Hoeglundina elegans_28_view6_zstack_slice_z0007.png,train
Hoeglundina elegans,28,6,data/train_images/S028_A300_Z0008_C00.tif,zstack_slice,8.0,data/train_images/Hoeglundina elegans_28_view6_zstack_slice_z0008.png,train
Hoeglundina elegans,28,6,data/train_images/S028_A300_Z0009_C00.tif,zstack_slice,9.0,data/train_images/Hoeglundina elegans_28_view6_zstack_slice_z0009.png,train
Hoeglundina elegans,28,6,data/train_images/S028_A300_Z0010_C00.tif,zstack_slice,10.0,data/train_images/Hoeglundina elegans_28_view6_zstack_slice_z0010.png,train
Hoeglundina elegans,28,6,data/train_images/S028_A300_Z0011_C00.tif,zstack_slice,11.0,data/train_images/Hoeglundina elegans_28_view6_zstack_slice_z0011.png,train
Hoeglundina elegans,28,6,data/train_images/S028_A300_Z0012_C00.tif,zstack_slice,12.0,data/train_images/Hoeglundina elegans_28_view6_zstack_slice_z0012.png,train
Hoeglundina elegans,28,6,data/train_images/S028_A300_Z0013_C00.tif,zstack_slice,13.0,data/train_images/Hoeglundina elegans_28_view6_zstack_slice_z0013.png,train
Hoeglundina elegans,28,6,data/train_images/S028_A300_Z0014_C00.tif,zstack_slice,14.0,data/train_images/Hoeglundina elegans_28_view6_zstack_slice_z0014.png,train
Hoeglundina elegans,28,6,data/train_images/S028_A300_Z0015_C00.tif,zstack_slice,15.0,data/train_images/Hoeglundina elegans_28_view6_zstack_slice_z0015.png,train
Hoeglundina elegans,28,6,data/train_images/S028_A300_Z0016_C00.tif,zstack_slice,16.0,data/train_images/Hoeglundina elegans_28_view6_zstack_slice_z0016.png,train
Hoeglundina elegans,28,6,data/train_images/S028_A300_Z0017_C00.tif,zstack_slice,17.0,data/train_images/Hoeglundina elegans_28_view6_zstack_slice_z0017.png,train
Hoeglundina elegans,28,6,data/train_images/S028_A300_Z0018_C00.tif,zstack_slice,18.0,data/train_images/Hoeglundina elegans_28_view6_zstack_slice_z0018.png,train
Hoeglundina elegans,28,6,data/train_images/S028_A300_Z0019_C00.tif,zstack_slice,19.0,data/train_images/Hoeglundina elegans_28_view6_zstack_slice_z0019.png,train
Hoeglundina elegans,28,6,data/train_images/S028_A300_Z0020_C00.tif,zstack_slice,20.0,data/train_images/Hoeglundina elegans_28_view6_zstack_slice_z0020.png,train
Hoeglundina elegans,28,6,data/train_images/S028_A300_Z0021_C00.tif,zstack_slice,21.0,data/train_images/Hoeglundina elegans_28_view6_zstack_slice_z0021.png,train
Hoeglundina elegans,28,6,data/train_images/S028_A300_Z0022_C00.tif,zstack_slice,22.0,data/train_images/Hoeglundina elegans_28_view6_zstack_slice_z0022.png,train
Hoeglundina elegans,28,6,data/train_images/S028_A300_Z0023_C00.tif,zstack_slice,23.0,data/train_images/Hoeglundina elegans_28_view6_zstack_slice_z0023.png,train
Hoeglundina elegans,28,6,data/train_images/S028_A300_Z0024_C00.tif,zstack_slice,24.0,data/train_images/Hoeglundina elegans_28_view6_zstack_slice_z0024.png,train
Hoeglundina elegans,28,6,data/train_images/S028_A300_Z0025_C00.tif,zstack_slice,25.0,data/train_images/Hoeglundina elegans_28_view6_zstack_slice_z0025.png,train
Hoeglundina elegans,28,6,data/train_images/S028_A300_Z0026_C00.tif,zstack_slice,26.0,data/train_images/Hoeglundina elegans_28_view6_zstack_slice_z0026.png,train
Hoeglundina elegans,28,6,data/train_images/S028_A300_Z0027_C00.tif,zstack_slice,27.0,data/train_images/Hoeglundina elegans_28_view6_zstack_slice_z0027.png,train
Hoeglundina elegans,28,6,data/train_images/S028_A300_Z0028_C00.tif,zstack_slice,28.0,data/train_images/Hoeglundina elegans_28_view6_zstack_slice_z0028.png,train
Hoeglundina elegans,28,6,data/train_images/S028_A300_Z0029_C00.tif,zstack_slice,29.0,data/train_images/Hoeglundina elegans_28_view6_zstack_slice_z0029.png,train
Hoeglundina elegans,28,6,data/train_images/S028_A300_Z0030_C00.tif,zstack_slice,30.0,data/train_images/Hoeglundina elegans_28_view6_zstack_slice_z0030.png,train
Hoeglundina elegans,28,6,data/train_images/S028_A300_Z0031_C00.tif,zstack_slice,31.0,data/train_images/Hoeglundina elegans_28_view6_zstack_slice_z0031.png,train
Hoeglundina elegans,28,6,data/train_images/S028_A300_Z0032_C00.tif,zstack_slice,32.0,data/train_images/Hoeglundina elegans_28_view6_zstack_slice_z0032.png,train
Hoeglundina elegans,28,6,data/train_images/S028_A300_Z0033_C00.tif,zstack_slice,33.0,data/train_images/Hoeglundina elegans_28_view6_zstack_slice_z0033.png,train
Hoeglundina elegans,28,6,data/train_images/S028_A300_Z0034_C00.tif,zstack_slice,34.0,data/train_images/Hoeglundina elegans_28_view6_zstack_slice_z0034.png,train
Hoeglundina elegans,28,6,data/train_images/S028_A300_Z0035_C00.tif,zstack_slice,35.0,data/train_images/Hoeglundina elegans_28_view6_zstack_slice_z0035.png,train
Hoeglundina elegans,28,6,data/train_images/S028_A300_Z0036_C00.tif,zstack_slice,36.0,data/train_images/Hoeglundina elegans_28_view6_zstack_slice_z0036.png,train
Karreriella bradyi,17,1,data/train_images/Karreriella bradyi_17_view1_gif_original.png,gif_original,,data/train_images/Karreriella bradyi_17_view1_gif_original.png,train
Karreriella bradyi,17,1,data/train_images/S017_A000_stacked.tif,stacked_tiff,,data/train_images/Karreriella bradyi_17_view1_stacked_tiff.png,train
Karreriella bradyi,17,1,data/train_images/S017_A000_Z0000_C00.tif,zstack_slice,0.0,data/train_images/Karreriella bradyi_17_view1_zstack_slice_z0000.png,train
Karreriella bradyi,17,1,data/train_images/S017_A000_Z0001_C00.tif,zstack_slice,1.0,data/train_images/Karreriella bradyi_17_view1_zstack_slice_z0001.png,train
Karreriella bradyi,17,1,data/train_images/S017_A000_Z0002_C00.tif,zstack_slice,2.0,data/train_images/Karreriella bradyi_17_view1_zstack_slice_z0002.png,train
Karreriella bradyi,17,1,data/train_images/S017_A000_Z0003_C00.tif,zstack_slice,3.0,data/train_images/Karreriella bradyi_17_view1_zstack_slice_z0003.png,train
Karreriella bradyi,17,1,data/train_images/S017_A000_Z0004_C00.tif,zstack_slice,4.0,data/train_images/Karreriella bradyi_17_view1_zstack_slice_z0004.png,train
Karreriella bradyi,17,1,data/train_images/S017_A000_Z0005_C00.tif,zstack_slice,5.0,data/train_images/Karreriella bradyi_17_view1_zstack_slice_z0005.png,train
Karreriella bradyi,17,1,data/train_images/S017_A000_Z0006_C00.tif,zstack_slice,6.0,data/train_images/Karreriella bradyi_17_view1_zstack_slice_z0006.png,train
Karreriella bradyi,17,1,data/train_images/S017_A000_Z0007_C00.tif,zstack_slice,7.0,data/train_images/Karreriella bradyi_17_view1_zstack_slice_z0007.png,train
Karreriella bradyi,17,1,data/train_images/S017_A000_Z0008_C00.tif,zstack_slice,8.0,data/train_images/Karreriella bradyi_17_view1_zstack_slice_z0008.png,train
Karreriella bradyi,17,1,data/train_images/S017_A000_Z0009_C00.tif,zstack_slice,9.0,data/train_images/Karreriella bradyi_17_view1_zstack_slice_z0009.png,train
Karreriella bradyi,17,1,data/train_images/S017_A000_Z0010_C00.tif,zstack_slice,10.0,data/train_images/Karreriella bradyi_17_view1_zstack_slice_z0010.png,train
Karreriella bradyi,17,1,data/train_images/S017_A000_Z0011_C00.tif,zstack_slice,11.0,data/train_images/Karreriella bradyi_17_view1_zstack_slice_z0011.png,train
Karreriella bradyi,17,1,data/train_images/S017_A000_Z0012_C00.tif,zstack_slice,12.0,data/train_images/Karreriella bradyi_17_view1_zstack_slice_z0012.png,train
Karreriella bradyi,17,1,data/train_images/S017_A000_Z0013_C00.tif,zstack_slice,13.0,data/train_images/Karreriella bradyi_17_view1_zstack_slice_z0013.png,train
Karreriella bradyi,17,1,data/train_images/S017_A000_Z0014_C00.tif,zstack_slice,14.0,data/train_images/Karreriella bradyi_17_view1_zstack_slice_z0014.png,train
Karreriella bradyi,17,1,data/train_images/S017_A000_Z0015_C00.tif,zstack_slice,15.0,data/train_images/Karreriella bradyi_17_view1_zstack_slice_z0015.png,train
Karreriella bradyi,17,1,data/train_images/S017_A000_Z0016_C00.tif,zstack_slice,16.0,data/train_images/Karreriella bradyi_17_view1_zstack_slice_z0016.png,train
Karreriella bradyi,17,1,data/train_images/S017_A000_Z0017_C00.tif,zstack_slice,17.0,data/train_images/Karreriella bradyi_17_view1_zstack_slice_z0017.png,train
Karreriella bradyi,17,1,data/train_images/S017_A000_Z0018_C00.tif,zstack_slice,18.0,data/train_images/Karreriella bradyi_17_view1_zstack_slice_z0018.png,train
Karreriella bradyi,17,1,data/train_images/S017_A000_Z0019_C00.tif,zstack_slice,19.0,data/train_images/Karreriella bradyi_17_view1_zstack_slice_z0019.png,train
Karreriella bradyi,17,1,data/train_images/S017_A000_Z0020_C00.tif,zstack_slice,20.0,data/train_images/Karreriella bradyi_17_view1_zstack_slice_z0020.png,train
Karreriella bradyi,17,1,data/train_images/S017_A000_Z0021_C00.tif,zstack_slice,21.0,data/train_images/Karreriella bradyi_17_view1_zstack_slice_z0021.png,train
Karreriella bradyi,17,1,data/train_images/S017_A000_Z0022_C00.tif,zstack_slice,22.0,data/train_images/Karreriella bradyi_17_view1_zstack_slice_z0022.png,train
Karreriella bradyi,17,1,data/train_images/S017_A000_Z0023_C00.tif,zstack_slice,23.0,data/train_images/Karreriella bradyi_17_view1_zstack_slice_z0023.png,train
Karreriella bradyi,17,1,data/train_images/S017_A000_Z0024_C00.tif,zstack_slice,24.0,data/train_images/Karreriella bradyi_17_view1_zstack_slice_z0024.png,train
Karreriella bradyi,17,1,data/train_images/S017_A000_Z0025_C00.tif,zstack_slice,25.0,data/train_images/Karreriella bradyi_17_view1_zstack_slice_z0025.png,train
Karreriella bradyi,17,2,data/train_images/Karreriella bradyi_17_view2_gif_original.png,gif_original,,data/train_images/Karreriella bradyi_17_view2_gif_original.png,train
Karreriella bradyi,17,2,data/train_images/S017_A060_stacked.tif,stacked_tiff,,data/train_images/Karreriella bradyi_17_view2_stacked_tiff.png,train
Karreriella bradyi,17,2,data/train_images/S017_A060_Z0000_C00.tif,zstack_slice,0.0,data/train_images/Karreriella bradyi_17_view2_zstack_slice_z0000.png,train
Karreriella bradyi,17,2,data/train_images/S017_A060_Z0001_C00.tif,zstack_slice,1.0,data/train_images/Karreriella bradyi_17_view2_zstack_slice_z0001.png,train
Karreriella bradyi,17,2,data/train_images/S017_A060_Z0002_C00.tif,zstack_slice,2.0,data/train_images/Karreriella bradyi_17_view2_zstack_slice_z0002.png,train
Karreriella bradyi,17,2,data/train_images/S017_A060_Z0003_C00.tif,zstack_slice,3.0,data/train_images/Karreriella bradyi_17_view2_zstack_slice_z0003.png,train
Karreriella bradyi,17,2,data/train_images/S017_A060_Z0004_C00.tif,zstack_slice,4.0,data/train_images/Karreriella bradyi_17_view2_zstack_slice_z0004.png,train
Karreriella bradyi,17,2,data/train_images/S017_A060_Z0005_C00.tif,zstack_slice,5.0,data/train_images/Karreriella bradyi_17_view2_zstack_slice_z0005.png,train
Karreriella bradyi,17,2,data/train_images/S017_A060_Z0006_C00.tif,zstack_slice,6.0,data/train_images/Karreriella bradyi_17_view2_zstack_slice_z0006.png,train
Karreriella bradyi,17,2,data/train_images/S017_A060_Z0007_C00.tif,zstack_slice,7.0,data/train_images/Karreriella bradyi_17_view2_zstack_slice_z0007.png,train
Karreriella bradyi,17,2,data/train_images/S017_A060_Z0008_C00.tif,zstack_slice,8.0,data/train_images/Karreriella bradyi_17_view2_zstack_slice_z0008.png,train
Karreriella bradyi,17,2,data/train_images/S017_A060_Z0009_C00.tif,zstack_slice,9.0,data/train_images/Karreriella bradyi_17_view2_zstack_slice_z0009.png,train
Karreriella bradyi,17,2,data/train_images/S017_A060_Z0010_C00.tif,zstack_slice,10.0,data/train_images/Karreriella bradyi_17_view2_zstack_slice_z0010.png,train
Karreriella bradyi,17,2,data/train_images/S017_A060_Z0011_C00.tif,zstack_slice,11.0,data/train_images/Karreriella bradyi_17_view2_zstack_slice_z0011.png,train
Karreriella bradyi,17,2,data/train_images/S017_A060_Z0012_C00.tif,zstack_slice,12.0,data/train_images/Karreriella bradyi_17_view2_zstack_slice_z0012.png,train
Karreriella bradyi,17,2,data/train_images/S017_A060_Z0013_C00.tif,zstack_slice,13.0,data/train_images/Karreriella bradyi_17_view2_zstack_slice_z0013.png,train
Karreriella bradyi,17,2,data/train_images/S017_A060_Z0014_C00.tif,zstack_slice,14.0,data/train_images/Karreriella bradyi_17_view2_zstack_slice_z0014.png,train
Karreriella bradyi,17,2,data/train_images/S017_A060_Z0015_C00.tif,zstack_slice,15.0,data/train_images/Karreriella bradyi_17_view2_zstack_slice_z0015.png,train
Karreriella bradyi,17,2,data/train_images/S017_A060_Z0016_C00.tif,zstack_slice,16.0,data/train_images/Karreriella bradyi_17_view2_zstack_slice_z0016.png,train
Karreriella bradyi,17,2,data/train_images/S017_A060_Z0017_C00.tif,zstack_slice,17.0,data/train_images/Karreriella bradyi_17_view2_zstack_slice_z0017.png,train
Karreriella bradyi,17,2,data/train_images/S017_A060_Z0018_C00.tif,zstack_slice,18.0,data/train_images/Karreriella bradyi_17_view2_zstack_slice_z0018.png,train
Karreriella bradyi,17,2,data/train_images/S017_A060_Z0019_C00.tif,zstack_slice,19.0,data/train_images/Karreriella bradyi_17_view2_zstack_slice_z0019.png,train
Karreriella bradyi,17,2,data/train_images/S017_A060_Z0020_C00.tif,zstack_slice,20.0,data/train_images/Karreriella bradyi_17_view2_zstack_slice_z0020.png,train
Karreriella bradyi,17,2,data/train_images/S017_A060_Z0021_C00.tif,zstack_slice,21.0,data/train_images/Karreriella bradyi_17_view2_zstack_slice_z0021.png,train
Karreriella bradyi,17,2,data/train_images/S017_A060_Z0022_C00.tif,zstack_slice,22.0,data/train_images/Karreriella bradyi_17_view2_zstack_slice_z0022.png,train
Karreriella bradyi,17,2,data/train_images/S017_A060_Z0023_C00.tif,zstack_slice,23.0,data/train_images/Karreriella bradyi_17_view2_zstack_slice_z0023.png,train
Karreriella bradyi,17,2,data/train_images/S017_A060_Z0024_C00.tif,zstack_slice,24.0,data/train_images/Karreriella bradyi_17_view2_zstack_slice_z0024.png,train
Karreriella bradyi,17,2,data/train_images/S017_A060_Z0025_C00.tif,zstack_slice,25.0,data/train_images/Karreriella bradyi_17_view2_zstack_slice_z0025.png,train
Karreriella bradyi,17,2,data/train_images/S017_A060_Z0026_C00.tif,zstack_slice,26.0,data/train_images/Karreriella bradyi_17_view2_zstack_slice_z0026.png,train
Karreriella bradyi,17,2,data/train_images/S017_A060_Z0027_C00.tif,zstack_slice,27.0,data/train_images/Karreriella bradyi_17_view2_zstack_slice_z0027.png,train
Karreriella bradyi,17,2,data/train_images/S017_A060_Z0028_C00.tif,zstack_slice,28.0,data/train_images/Karreriella bradyi_17_view2_zstack_slice_z0028.png,train
Karreriella bradyi,17,2,data/train_images/S017_A060_Z0029_C00.tif,zstack_slice,29.0,data/train_images/Karreriella bradyi_17_view2_zstack_slice_z0029.png,train
Karreriella bradyi,17,2,data/train_images/S017_A060_Z0030_C00.tif,zstack_slice,30.0,data/train_images/Karreriella bradyi_17_view2_zstack_slice_z0030.png,train
Karreriella bradyi,17,2,data/train_images/S017_A060_Z0031_C00.tif,zstack_slice,31.0,data/train_images/Karreriella bradyi_17_view2_zstack_slice_z0031.png,train
Karreriella bradyi,17,2,data/train_images/S017_A060_Z0032_C00.tif,zstack_slice,32.0,data/train_images/Karreriella bradyi_17_view2_zstack_slice_z0032.png,train
Karreriella bradyi,17,2,data/train_images/S017_A060_Z0033_C00.tif,zstack_slice,33.0,data/train_images/Karreriella bradyi_17_view2_zstack_slice_z0033.png,train
Karreriella bradyi,17,2,data/train_images/S017_A060_Z0034_C00.tif,zstack_slice,34.0,data/train_images/Karreriella bradyi_17_view2_zstack_slice_z0034.png,train
Karreriella bradyi,17,2,data/train_images/S017_A060_Z0035_C00.tif,zstack_slice,35.0,data/train_images/Karreriella bradyi_17_view2_zstack_slice_z0035.png,train
Karreriella bradyi,17,5,data/train_images/Karreriella bradyi_17_view5_gif_original.png,gif_original,,data/train_images/Karreriella bradyi_17_view5_gif_original.png,train
Karreriella bradyi,17,5,data/train_images/S017_A240_stacked.tif,stacked_tiff,,data/train_images/Karreriella bradyi_17_view5_stacked_tiff.png,train
Karreriella bradyi,17,5,data/train_images/S017_A240_Z0000_C00.tif,zstack_slice,0.0,data/train_images/Karreriella bradyi_17_view5_zstack_slice_z0000.png,train
Karreriella bradyi,17,5,data/train_images/S017_A240_Z0001_C00.tif,zstack_slice,1.0,data/train_images/Karreriella bradyi_17_view5_zstack_slice_z0001.png,train
Karreriella bradyi,17,5,data/train_images/S017_A240_Z0002_C00.tif,zstack_slice,2.0,data/train_images/Karreriella bradyi_17_view5_zstack_slice_z0002.png,train
Karreriella bradyi,17,5,data/train_images/S017_A240_Z0003_C00.tif,zstack_slice,3.0,data/train_images/Karreriella bradyi_17_view5_zstack_slice_z0003.png,train
Karreriella bradyi,17,5,data/train_images/S017_A240_Z0004_C00.tif,zstack_slice,4.0,data/train_images/Karreriella bradyi_17_view5_zstack_slice_z0004.png,train
Karreriella bradyi,17,5,data/train_images/S017_A240_Z0005_C00.tif,zstack_slice,5.0,data/train_images/Karreriella bradyi_17_view5_zstack_slice_z0005.png,train
Karreriella bradyi,17,5,data/train_images/S017_A240_Z0006_C00.tif,zstack_slice,6.0,data/train_images/Karreriella bradyi_17_view5_zstack_slice_z0006.png,train
Karreriella bradyi,17,5,data/train_images/S017_A240_Z0007_C00.tif,zstack_slice,7.0,data/train_images/Karreriella bradyi_17_view5_zstack_slice_z0007.png,train
Karreriella bradyi,17,5,data/train_images/S017_A240_Z0008_C00.tif,zstack_slice,8.0,data/train_images/Karreriella bradyi_17_view5_zstack_slice_z0008.png,train
Karreriella bradyi,17,5,data/train_images/S017_A240_Z0009_C00.tif,zstack_slice,9.0,data/train_images/Karreriella bradyi_17_view5_zstack_slice_z0009.png,train
Karreriella bradyi,17,5,data/train_images/S017_A240_Z0010_C00.tif,zstack_slice,10.0,data/train_images/Karreriella bradyi_17_view5_zstack_slice_z0010.png,train
Karreriella bradyi,17,5,data/train_images/S017_A240_Z0011_C00.tif,zstack_slice,11.0,data/train_images/Karreriella bradyi_17_view5_zstack_slice_z0011.png,train
Karreriella bradyi,17,5,data/train_images/S017_A240_Z0012_C00.tif,zstack_slice,12.0,data/train_images/Karreriella bradyi_17_view5_zstack_slice_z0012.png,train
Karreriella bradyi,17,5,data/train_images/S017_A240_Z0013_C00.tif,zstack_slice,13.0,data/train_images/Karreriella bradyi_17_view5_zstack_slice_z0013.png,train
Karreriella bradyi,17,5,data/train_images/S017_A240_Z0014_C00.tif,zstack_slice,14.0,data/train_images/Karreriella bradyi_17_view5_zstack_slice_z0014.png,train
Karreriella bradyi,17,5,data/train_images/S017_A240_Z0015_C00.tif,zstack_slice,15.0,data/train_images/Karreriella bradyi_17_view5_zstack_slice_z0015.png,train
Karreriella bradyi,17,5,data/train_images/S017_A240_Z0016_C00.tif,zstack_slice,16.0,data/train_images/Karreriella bradyi_17_view5_zstack_slice_z0016.png,train
Karreriella bradyi,17,5,data/train_images/S017_A240_Z0017_C00.tif,zstack_slice,17.0,data/train_images/Karreriella bradyi_17_view5_zstack_slice_z0017.png,train
Karreriella bradyi,17,5,data/train_images/S017_A240_Z0018_C00.tif,zstack_slice,18.0,data/train_images/Karreriella bradyi_17_view5_zstack_slice_z0018.png,train
Karreriella bradyi,17,5,data/train_images/S017_A240_Z0019_C00.tif,zstack_slice,19.0,data/train_images/Karreriella bradyi_17_view5_zstack_slice_z0019.png,train
Karreriella bradyi,17,5,data/train_images/S017_A240_Z0020_C00.tif,zstack_slice,20.0,data/train_images/Karreriella bradyi_17_view5_zstack_slice_z0020.png,train
Karreriella bradyi,17,5,data/train_images/S017_A240_Z0021_C00.tif,zstack_slice,21.0,data/train_images/Karreriella bradyi_17_view5_zstack_slice_z0021.png,train
Karreriella bradyi,17,5,data/train_images/S017_A240_Z0022_C00.tif,zstack_slice,22.0,data/train_images/Karreriella bradyi_17_view5_zstack_slice_z0022.png,train
Karreriella bradyi,17,5,data/train_images/S017_A240_Z0023_C00.tif,zstack_slice,23.0,data/train_images/Karreriella bradyi_17_view5_zstack_slice_z0023.png,train
Karreriella bradyi,17,5,data/train_images/S017_A240_Z0024_C00.tif,zstack_slice,24.0,data/train_images/Karreriella bradyi_17_view5_zstack_slice_z0024.png,train
Karreriella bradyi,17,5,data/train_images/S017_A240_Z0025_C00.tif,zstack_slice,25.0,data/train_images/Karreriella bradyi_17_view5_zstack_slice_z0025.png,train
Karreriella bradyi,17,5,data/train_images/S017_A240_Z0026_C00.tif,zstack_slice,26.0,data/train_images/Karreriella bradyi_17_view5_zstack_slice_z0026.png,train
Karreriella bradyi,17,5,data/train_images/S017_A240_Z0027_C00.tif,zstack_slice,27.0,data/train_images/Karreriella bradyi_17_view5_zstack_slice_z0027.png,train
Karreriella bradyi,17,5,data/train_images/S017_A240_Z0028_C00.tif,zstack_slice,28.0,data/train_images/Karreriella bradyi_17_view5_zstack_slice_z0028.png,train
Karreriella bradyi,17,5,data/train_images/S017_A240_Z0029_C00.tif,zstack_slice,29.0,data/train_images/Karreriella bradyi_17_view5_zstack_slice_z0029.png,train
Karreriella bradyi,17,5,data/train_images/S017_A240_Z0030_C00.tif,zstack_slice,30.0,data/train_images/Karreriella bradyi_17_view5_zstack_slice_z0030.png,train
Karreriella bradyi,17,5,data/train_images/S017_A240_Z0031_C00.tif,zstack_slice,31.0,data/train_images/Karreriella bradyi_17_view5_zstack_slice_z0031.png,train
Karreriella bradyi,17,5,data/train_images/S017_A240_Z0032_C00.tif,zstack_slice,32.0,data/train_images/Karreriella bradyi_17_view5_zstack_slice_z0032.png,train
Karreriella bradyi,17,5,data/train_images/S017_A240_Z0033_C00.tif,zstack_slice,33.0,data/train_images/Karreriella bradyi_17_view5_zstack_slice_z0033.png,train
Karreriella bradyi,17,5,data/train_images/S017_A240_Z0034_C00.tif,zstack_slice,34.0,data/train_images/Karreriella bradyi_17_view5_zstack_slice_z0034.png,train
Karreriella bradyi,17,6,data/train_images/Karreriella bradyi_17_view6_gif_original.png,gif_original,,data/train_images/Karreriella bradyi_17_view6_gif_original.png,train
Karreriella bradyi,17,6,data/train_images/S017_A300_stacked.tif,stacked_tiff,,data/train_images/Karreriella bradyi_17_view6_stacked_tiff.png,train
Karreriella bradyi,17,6,data/train_images/S017_A300_Z0000_C00.tif,zstack_slice,0.0,data/train_images/Karreriella bradyi_17_view6_zstack_slice_z0000.png,train
Karreriella bradyi,17,6,data/train_images/S017_A300_Z0001_C00.tif,zstack_slice,1.0,data/train_images/Karreriella bradyi_17_view6_zstack_slice_z0001.png,train
Karreriella bradyi,17,6,data/train_images/S017_A300_Z0002_C00.tif,zstack_slice,2.0,data/train_images/Karreriella bradyi_17_view6_zstack_slice_z0002.png,train
Karreriella bradyi,17,6,data/train_images/S017_A300_Z0003_C00.tif,zstack_slice,3.0,data/train_images/Karreriella bradyi_17_view6_zstack_slice_z0003.png,train
Karreriella bradyi,17,6,data/train_images/S017_A300_Z0004_C00.tif,zstack_slice,4.0,data/train_images/Karreriella bradyi_17_view6_zstack_slice_z0004.png,train
Karreriella bradyi,17,6,data/train_images/S017_A300_Z0005_C00.tif,zstack_slice,5.0,data/train_images/Karreriella bradyi_17_view6_zstack_slice_z0005.png,train
Karreriella bradyi,17,6,data/train_images/S017_A300_Z0006_C00.tif,zstack_slice,6.0,data/train_images/Karreriella bradyi_17_view6_zstack_slice_z0006.png,train
Karreriella bradyi,17,6,data/train_images/S017_A300_Z0007_C00.tif,zstack_slice,7.0,data/train_images/Karreriella bradyi_17_view6_zstack_slice_z0007.png,train
Karreriella bradyi,17,6,data/train_images/S017_A300_Z0008_C00.tif,zstack_slice,8.0,data/train_images/Karreriella bradyi_17_view6_zstack_slice_z0008.png,train
Karreriella bradyi,17,6,data/train_images/S017_A300_Z0009_C00.tif,zstack_slice,9.0,data/train_images/Karreriella bradyi_17_view6_zstack_slice_z0009.png,train
Karreriella bradyi,17,6,data/train_images/S017_A300_Z0010_C00.tif,zstack_slice,10.0,data/train_images/Karreriella bradyi_17_view6_zstack_slice_z0010.png,train
Karreriella bradyi,17,6,data/train_images/S017_A300_Z0011_C00.tif,zstack_slice,11.0,data/train_images/Karreriella bradyi_17_view6_zstack_slice_z0011.png,train
Karreriella bradyi,17,6,data/train_images/S017_A300_Z0012_C00.tif,zstack_slice,12.0,data/train_images/Karreriella bradyi_17_view6_zstack_slice_z0012.png,train
Karreriella bradyi,17,6,data/train_images/S017_A300_Z0013_C00.tif,zstack_slice,13.0,data/train_images/Karreriella bradyi_17_view6_zstack_slice_z0013.png,train
Karreriella bradyi,17,6,data/train_images/S017_A300_Z0014_C00.tif,zstack_slice,14.0,data/train_images/Karreriella bradyi_17_view6_zstack_slice_z0014.png,train
Karreriella bradyi,17,6,data/train_images/S017_A300_Z0015_C00.tif,zstack_slice,15.0,data/train_images/Karreriella bradyi_17_view6_zstack_slice_z0015.png,train
Karreriella bradyi,17,6,data/train_images/S017_A300_Z0016_C00.tif,zstack_slice,16.0,data/train_images/Karreriella bradyi_17_view6_zstack_slice_z0016.png,train
Karreriella bradyi,17,6,data/train_images/S017_A300_Z0017_C00.tif,zstack_slice,17.0,data/train_images/Karreriella bradyi_17_view6_zstack_slice_z0017.png,train
Karreriella bradyi,17,6,data/train_images/S017_A300_Z0018_C00.tif,zstack_slice,18.0,data/train_images/Karreriella bradyi_17_view6_zstack_slice_z0018.png,train
Karreriella bradyi,17,6,data/train_images/S017_A300_Z0019_C00.tif,zstack_slice,19.0,data/train_images/Karreriella bradyi_17_view6_zstack_slice_z0019.png,train
Karreriella bradyi,17,6,data/train_images/S017_A300_Z0020_C00.tif,zstack_slice,20.0,data/train_images/Karreriella bradyi_17_view6_zstack_slice_z0020.png,train
Karreriella bradyi,17,6,data/train_images/S017_A300_Z0021_C00.tif,zstack_slice,21.0,data/train_images/Karreriella bradyi_17_view6_zstack_slice_z0021.png,train
Karreriella bradyi,17,6,data/train_images/S017_A300_Z0022_C00.tif,zstack_slice,22.0,data/train_images/Karreriella bradyi_17_view6_zstack_slice_z0022.png,train
Karreriella bradyi,17,6,data/train_images/S017_A300_Z0023_C00.tif,zstack_slice,23.0,data/train_images/Karreriella bradyi_17_view6_zstack_slice_z0023.png,train
Karreriella bradyi,17,6,data/train_images/S017_A300_Z0024_C00.tif,zstack_slice,24.0,data/train_images/Karreriella bradyi_17_view6_zstack_slice_z0024.png,train
Karreriella bradyi,17,6,data/train_images/S017_A300_Z0025_C00.tif,zstack_slice,25.0,data/train_images/Karreriella bradyi_17_view6_zstack_slice_z0025.png,train
Karreriella bradyi,17,6,data/train_images/S017_A300_Z0026_C00.tif,zstack_slice,26.0,data/train_images/Karreriella bradyi_17_view6_zstack_slice_z0026.png,train
Karreriella bradyi,17,6,data/train_images/S017_A300_Z0027_C00.tif,zstack_slice,27.0,data/train_images/Karreriella bradyi_17_view6_zstack_slice_z0027.png,train
Karreriella bradyi,17,6,data/train_images/S017_A300_Z0028_C00.tif,zstack_slice,28.0,data/train_images/Karreriella bradyi_17_view6_zstack_slice_z0028.png,train
Karreriella bradyi,17,6,data/train_images/S017_A300_Z0029_C00.tif,zstack_slice,29.0,data/train_images/Karreriella bradyi_17_view6_zstack_slice_z0029.png,train
Karreriella bradyi,17,6,data/train_images/S017_A300_Z0030_C00.tif,zstack_slice,30.0,data/train_images/Karreriella bradyi_17_view6_zstack_slice_z0030.png,train
Lenticulina suborbicularis,30,1,data/train_images/Lenticulina suborbicularis_30_view1_gif_original.png,gif_original,,data/train_images/Lenticulina suborbicularis_30_view1_gif_original.png,train
Lenticulina suborbicularis,30,1,data/train_images/S030_A000_Z0000_C00.tif,zstack_slice,0.0,data/train_images/Lenticulina suborbicularis_30_view1_zstack_slice_z0000.png,train
Lenticulina suborbicularis,30,1,data/train_images/S030_A000_Z0001_C00.tif,zstack_slice,1.0,data/train_images/Lenticulina suborbicularis_30_view1_zstack_slice_z0001.png,train
Lenticulina suborbicularis,30,1,data/train_images/S030_A000_Z0002_C00.tif,zstack_slice,2.0,data/train_images/Lenticulina suborbicularis_30_view1_zstack_slice_z0002.png,train
Lenticulina suborbicularis,30,1,data/train_images/S030_A000_Z0003_C00.tif,zstack_slice,3.0,data/train_images/Lenticulina suborbicularis_30_view1_zstack_slice_z0003.png,train
Lenticulina suborbicularis,30,1,data/train_images/S030_A000_Z0004_C00.tif,zstack_slice,4.0,data/train_images/Lenticulina suborbicularis_30_view1_zstack_slice_z0004.png,train
Lenticulina suborbicularis,30,1,data/train_images/S030_A000_Z0005_C00.tif,zstack_slice,5.0,data/train_images/Lenticulina suborbicularis_30_view1_zstack_slice_z0005.png,train
Lenticulina suborbicularis,30,1,data/train_images/S030_A000_Z0006_C00.tif,zstack_slice,6.0,data/train_images/Lenticulina suborbicularis_30_view1_zstack_slice_z0006.png,train
Lenticulina suborbicularis,30,1,data/train_images/S030_A000_Z0007_C00.tif,zstack_slice,7.0,data/train_images/Lenticulina suborbicularis_30_view1_zstack_slice_z0007.png,train
Lenticulina suborbicularis,30,1,data/train_images/S030_A000_Z0008_C00.tif,zstack_slice,8.0,data/train_images/Lenticulina suborbicularis_30_view1_zstack_slice_z0008.png,train
Lenticulina suborbicularis,30,1,data/train_images/S030_A000_Z0009_C00.tif,zstack_slice,9.0,data/train_images/Lenticulina suborbicularis_30_view1_zstack_slice_z0009.png,train
Lenticulina suborbicularis,30,1,data/train_images/S030_A000_Z0010_C00.tif,zstack_slice,10.0,data/train_images/Lenticulina suborbicularis_30_view1_zstack_slice_z0010.png,train
Lenticulina suborbicularis,30,1,data/train_images/S030_A000_Z0011_C00.tif,zstack_slice,11.0,data/train_images/Lenticulina suborbicularis_30_view1_zstack_slice_z0011.png,train
Lenticulina suborbicularis,30,1,data/train_images/S030_A000_Z0012_C00.tif,zstack_slice,12.0,data/train_images/Lenticulina suborbicularis_30_view1_zstack_slice_z0012.png,train
Lenticulina suborbicularis,30,1,data/train_images/S030_A000_Z0013_C00.tif,zstack_slice,13.0,data/train_images/Lenticulina suborbicularis_30_view1_zstack_slice_z0013.png,train
Lenticulina suborbicularis,30,1,data/train_images/S030_A000_Z0014_C00.tif,zstack_slice,14.0,data/train_images/Lenticulina suborbicularis_30_view1_zstack_slice_z0014.png,train
Lenticulina suborbicularis,30,1,data/train_images/S030_A000_Z0015_C00.tif,zstack_slice,15.0,data/train_images/Lenticulina suborbicularis_30_view1_zstack_slice_z0015.png,train
Lenticulina suborbicularis,30,1,data/train_images/S030_A000_Z0016_C00.tif,zstack_slice,16.0,data/train_images/Lenticulina suborbicularis_30_view1_zstack_slice_z0016.png,train
Lenticulina suborbicularis,30,1,data/train_images/S030_A000_Z0017_C00.tif,zstack_slice,17.0,data/train_images/Lenticulina suborbicularis_30_view1_zstack_slice_z0017.png,train
Lenticulina suborbicularis,30,1,data/train_images/S030_A000_Z0018_C00.tif,zstack_slice,18.0,data/train_images/Lenticulina suborbicularis_30_view1_zstack_slice_z0018.png,train
Lenticulina suborbicularis,30,1,data/train_images/S030_A000_Z0019_C00.tif,zstack_slice,19.0,data/train_images/Lenticulina suborbicularis_30_view1_zstack_slice_z0019.png,train
Lenticulina suborbicularis,30,1,data/train_images/S030_A000_Z0020_C00.tif,zstack_slice,20.0,data/train_images/Lenticulina suborbicularis_30_view1_zstack_slice_z0020.png,train
Lenticulina suborbicularis,30,1,data/train_images/S030_A000_Z0021_C00.tif,zstack_slice,21.0,data/train_images/Lenticulina suborbicularis_30_view1_zstack_slice_z0021.png,train
Lenticulina suborbicularis,30,1,data/train_images/S030_A000_Z0022_C00.tif,zstack_slice,22.0,data/train_images/Lenticulina suborbicularis_30_view1_zstack_slice_z0022.png,train
Lenticulina suborbicularis,30,1,data/train_images/S030_A000_Z0023_C00.tif,zstack_slice,23.0,data/train_images/Lenticulina suborbicularis_30_view1_zstack_slice_z0023.png,train
Lenticulina suborbicularis,30,1,data/train_images/S030_A000_Z0024_C00.tif,zstack_slice,24.0,data/train_images/Lenticulina suborbicularis_30_view1_zstack_slice_z0024.png,train
Lenticulina suborbicularis,30,1,data/train_images/S030_A000_Z0025_C00.tif,zstack_slice,25.0,data/train_images/Lenticulina suborbicularis_30_view1_zstack_slice_z0025.png,train
Lenticulina suborbicularis,30,1,data/train_images/S030_A000_Z0026_C00.tif,zstack_slice,26.0,data/train_images/Lenticulina suborbicularis_30_view1_zstack_slice_z0026.png,train
Lenticulina suborbicularis,30,1,data/train_images/S030_A000_Z0027_C00.tif,zstack_slice,27.0,data/train_images/Lenticulina suborbicularis_30_view1_zstack_slice_z0027.png,train
Lenticulina suborbicularis,30,1,data/train_images/S030_A000_Z0028_C00.tif,zstack_slice,28.0,data/train_images/Lenticulina suborbicularis_30_view1_zstack_slice_z0028.png,train
Lenticulina suborbicularis,30,1,data/train_images/S030_A000_Z0029_C00.tif,zstack_slice,29.0,data/train_images/Lenticulina suborbicularis_30_view1_zstack_slice_z0029.png,train
Lenticulina suborbicularis,30,1,data/train_images/S030_A000_Z0030_C00.tif,zstack_slice,30.0,data/train_images/Lenticulina suborbicularis_30_view1_zstack_slice_z0030.png,train
Lenticulina suborbicularis,30,1,data/train_images/S030_A000_Z0031_C00.tif,zstack_slice,31.0,data/train_images/Lenticulina suborbicularis_30_view1_zstack_slice_z0031.png,train
Lenticulina suborbicularis,30,1,data/train_images/S030_A000_Z0032_C00.tif,zstack_slice,32.0,data/train_images/Lenticulina suborbicularis_30_view1_zstack_slice_z0032.png,train
Lenticulina suborbicularis,30,2,data/train_images/Lenticulina suborbicularis_30_view2_gif_original.png,gif_original,,data/train_images/Lenticulina suborbicularis_30_view2_gif_original.png,train
Lenticulina suborbicularis,30,2,data/train_images/S030_A060_Z0000_C00.tif,zstack_slice,0.0,data/train_images/Lenticulina suborbicularis_30_view2_zstack_slice_z0000.png,train
Lenticulina suborbicularis,30,2,data/train_images/S030_A060_Z0001_C00.tif,zstack_slice,1.0,data/train_images/Lenticulina suborbicularis_30_view2_zstack_slice_z0001.png,train
Lenticulina suborbicularis,30,2,data/train_images/S030_A060_Z0002_C00.tif,zstack_slice,2.0,data/train_images/Lenticulina suborbicularis_30_view2_zstack_slice_z0002.png,train
Lenticulina suborbicularis,30,2,data/train_images/S030_A060_Z0003_C00.tif,zstack_slice,3.0,data/train_images/Lenticulina suborbicularis_30_view2_zstack_slice_z0003.png,train
Lenticulina suborbicularis,30,2,data/train_images/S030_A060_Z0004_C00.tif,zstack_slice,4.0,data/train_images/Lenticulina suborbicularis_30_view2_zstack_slice_z0004.png,train
Lenticulina suborbicularis,30,2,data/train_images/S030_A060_Z0005_C00.tif,zstack_slice,5.0,data/train_images/Lenticulina suborbicularis_30_view2_zstack_slice_z0005.png,train
Lenticulina suborbicularis,30,2,data/train_images/S030_A060_Z0006_C00.tif,zstack_slice,6.0,data/train_images/Lenticulina suborbicularis_30_view2_zstack_slice_z0006.png,train
Lenticulina suborbicularis,30,2,data/train_images/S030_A060_Z0007_C00.tif,zstack_slice,7.0,data/train_images/Lenticulina suborbicularis_30_view2_zstack_slice_z0007.png,train
Lenticulina suborbicularis,30,2,data/train_images/S030_A060_Z0008_C00.tif,zstack_slice,8.0,data/train_images/Lenticulina suborbicularis_30_view2_zstack_slice_z0008.png,train
Lenticulina suborbicularis,30,2,data/train_images/S030_A060_Z0009_C00.tif,zstack_slice,9.0,data/train_images/Lenticulina suborbicularis_30_view2_zstack_slice_z0009.png,train
Lenticulina suborbicularis,30,2,data/train_images/S030_A060_Z0010_C00.tif,zstack_slice,10.0,data/train_images/Lenticulina suborbicularis_30_view2_zstack_slice_z0010.png,train
Lenticulina suborbicularis,30,2,data/train_images/S030_A060_Z0011_C00.tif,zstack_slice,11.0,data/train_images/Lenticulina suborbicularis_30_view2_zstack_slice_z0011.png,train
Lenticulina suborbicularis,30,2,data/train_images/S030_A060_Z0012_C00.tif,zstack_slice,12.0,data/train_images/Lenticulina suborbicularis_30_view2_zstack_slice_z0012.png,train
Lenticulina suborbicularis,30,2,data/train_images/S030_A060_Z0013_C00.tif,zstack_slice,13.0,data/train_images/Lenticulina suborbicularis_30_view2_zstack_slice_z0013.png,train
Lenticulina suborbicularis,30,2,data/train_images/S030_A060_Z0014_C00.tif,zstack_slice,14.0,data/train_images/Lenticulina suborbicularis_30_view2_zstack_slice_z0014.png,train
Lenticulina suborbicularis,30,2,data/train_images/S030_A060_Z0015_C00.tif,zstack_slice,15.0,data/train_images/Lenticulina suborbicularis_30_view2_zstack_slice_z0015.png,train
Lenticulina suborbicularis,30,2,data/train_images/S030_A060_Z0016_C00.tif,zstack_slice,16.0,data/train_images/Lenticulina suborbicularis_30_view2_zstack_slice_z0016.png,train
Lenticulina suborbicularis,30,2,data/train_images/S030_A060_Z0017_C00.tif,zstack_slice,17.0,data/train_images/Lenticulina suborbicularis_30_view2_zstack_slice_z0017.png,train
Lenticulina suborbicularis,30,2,data/train_images/S030_A060_Z0018_C00.tif,zstack_slice,18.0,data/train_images/Lenticulina suborbicularis_30_view2_zstack_slice_z0018.png,train
Lenticulina suborbicularis,30,2,data/train_images/S030_A060_Z0019_C00.tif,zstack_slice,19.0,data/train_images/Lenticulina suborbicularis_30_view2_zstack_slice_z0019.png,train
Lenticulina suborbicularis,30,2,data/train_images/S030_A060_Z0020_C00.tif,zstack_slice,20.0,data/train_images/Lenticulina suborbicularis_30_view2_zstack_slice_z0020.png,train
Lenticulina suborbicularis,30,2,data/train_images/S030_A060_Z0021_C00.tif,zstack_slice,21.0,data/train_images/Lenticulina suborbicularis_30_view2_zstack_slice_z0021.png,train
Lenticulina suborbicularis,30,2,data/train_images/S030_A060_Z0022_C00.tif,zstack_slice,22.0,data/train_images/Lenticulina suborbicularis_30_view2_zstack_slice_z0022.png,train
Lenticulina suborbicularis,30,2,data/train_images/S030_A060_Z0023_C00.tif,zstack_slice,23.0,data/train_images/Lenticulina suborbicularis_30_view2_zstack_slice_z0023.png,train
Lenticulina suborbicularis,30,2,data/train_images/S030_A060_Z0024_C00.tif,zstack_slice,24.0,data/train_images/Lenticulina suborbicularis_30_view2_zstack_slice_z0024.png,train
Lenticulina suborbicularis,30,2,data/train_images/S030_A060_Z0025_C00.tif,zstack_slice,25.0,data/train_images/Lenticulina suborbicularis_30_view2_zstack_slice_z0025.png,train
Lenticulina suborbicularis,30,2,data/train_images/S030_A060_Z0026_C00.tif,zstack_slice,26.0,data/train_images/Lenticulina suborbicularis_30_view2_zstack_slice_z0026.png,train
Lenticulina suborbicularis,30,2,data/train_images/S030_A060_Z0027_C00.tif,zstack_slice,27.0,data/train_images/Lenticulina suborbicularis_30_view2_zstack_slice_z0027.png,train
Lenticulina suborbicularis,30,2,data/train_images/S030_A060_Z0028_C00.tif,zstack_slice,28.0,data/train_images/Lenticulina suborbicularis_30_view2_zstack_slice_z0028.png,train
Lenticulina suborbicularis,30,2,data/train_images/S030_A060_Z0029_C00.tif,zstack_slice,29.0,data/train_images/Lenticulina suborbicularis_30_view2_zstack_slice_z0029.png,train
Lenticulina suborbicularis,30,2,data/train_images/S030_A060_Z0030_C00.tif,zstack_slice,30.0,data/train_images/Lenticulina suborbicularis_30_view2_zstack_slice_z0030.png,train
Lenticulina suborbicularis,30,2,data/train_images/S030_A060_Z0031_C00.tif,zstack_slice,31.0,data/train_images/Lenticulina suborbicularis_30_view2_zstack_slice_z0031.png,train
Lenticulina suborbicularis,30,2,data/train_images/S030_A060_Z0032_C00.tif,zstack_slice,32.0,data/train_images/Lenticulina suborbicularis_30_view2_zstack_slice_z0032.png,train
Lenticulina suborbicularis,30,2,data/train_images/S030_A060_Z0033_C00.tif,zstack_slice,33.0,data/train_images/Lenticulina suborbicularis_30_view2_zstack_slice_z0033.png,train
Lenticulina suborbicularis,30,2,data/train_images/S030_A060_Z0034_C00.tif,zstack_slice,34.0,data/train_images/Lenticulina suborbicularis_30_view2_zstack_slice_z0034.png,train
Lenticulina suborbicularis,30,2,data/train_images/S030_A060_Z0035_C00.tif,zstack_slice,35.0,data/train_images/Lenticulina suborbicularis_30_view2_zstack_slice_z0035.png,train
Lenticulina suborbicularis,30,2,data/train_images/S030_A060_Z0036_C00.tif,zstack_slice,36.0,data/train_images/Lenticulina suborbicularis_30_view2_zstack_slice_z0036.png,train
Lenticulina suborbicularis,30,2,data/train_images/S030_A060_Z0037_C00.tif,zstack_slice,37.0,data/train_images/Lenticulina suborbicularis_30_view2_zstack_slice_z0037.png,train
Lenticulina suborbicularis,30,2,data/train_images/S030_A060_Z0038_C00.tif,zstack_slice,38.0,data/train_images/Lenticulina suborbicularis_30_view2_zstack_slice_z0038.png,train
Lenticulina suborbicularis,30,2,data/train_images/S030_A060_Z0039_C00.tif,zstack_slice,39.0,data/train_images/Lenticulina suborbicularis_30_view2_zstack_slice_z0039.png,train
Lenticulina suborbicularis,30,2,data/train_images/S030_A060_Z0040_C00.tif,zstack_slice,40.0,data/train_images/Lenticulina suborbicularis_30_view2_zstack_slice_z0040.png,train
Lenticulina suborbicularis,30,2,data/train_images/S030_A060_Z0041_C00.tif,zstack_slice,41.0,data/train_images/Lenticulina suborbicularis_30_view2_zstack_slice_z0041.png,train
Lenticulina suborbicularis,30,2,data/train_images/S030_A060_Z0042_C00.tif,zstack_slice,42.0,data/train_images/Lenticulina suborbicularis_30_view2_zstack_slice_z0042.png,train
Lenticulina suborbicularis,30,2,data/train_images/S030_A060_Z0043_C00.tif,zstack_slice,43.0,data/train_images/Lenticulina suborbicularis_30_view2_zstack_slice_z0043.png,train
Lenticulina suborbicularis,30,2,data/train_images/S030_A060_Z0044_C00.tif,zstack_slice,44.0,data/train_images/Lenticulina suborbicularis_30_view2_zstack_slice_z0044.png,train
Lenticulina suborbicularis,30,2,data/train_images/S030_A060_Z0045_C00.tif,zstack_slice,45.0,data/train_images/Lenticulina suborbicularis_30_view2_zstack_slice_z0045.png,train
Lenticulina suborbicularis,30,2,data/train_images/S030_A060_Z0046_C00.tif,zstack_slice,46.0,data/train_images/Lenticulina suborbicularis_30_view2_zstack_slice_z0046.png,train
Lenticulina suborbicularis,30,2,data/train_images/S030_A060_Z0047_C00.tif,zstack_slice,47.0,data/train_images/Lenticulina suborbicularis_30_view2_zstack_slice_z0047.png,train
Lenticulina suborbicularis,30,3,data/train_images/Lenticulina suborbicularis_30_view3_gif_original.png,gif_original,,data/train_images/Lenticulina suborbicularis_30_view3_gif_original.png,train
Lenticulina suborbicularis,30,3,data/train_images/S030_A120_Z0000_C00.tif,zstack_slice,0.0,data/train_images/Lenticulina suborbicularis_30_view3_zstack_slice_z0000.png,train
Lenticulina suborbicularis,30,3,data/train_images/S030_A120_Z0001_C00.tif,zstack_slice,1.0,data/train_images/Lenticulina suborbicularis_30_view3_zstack_slice_z0001.png,train
Lenticulina suborbicularis,30,3,data/train_images/S030_A120_Z0002_C00.tif,zstack_slice,2.0,data/train_images/Lenticulina suborbicularis_30_view3_zstack_slice_z0002.png,train
Lenticulina suborbicularis,30,3,data/train_images/S030_A120_Z0003_C00.tif,zstack_slice,3.0,data/train_images/Lenticulina suborbicularis_30_view3_zstack_slice_z0003.png,train
Lenticulina suborbicularis,30,3,data/train_images/S030_A120_Z0004_C00.tif,zstack_slice,4.0,data/train_images/Lenticulina suborbicularis_30_view3_zstack_slice_z0004.png,train
Lenticulina suborbicularis,30,3,data/train_images/S030_A120_Z0005_C00.tif,zstack_slice,5.0,data/train_images/Lenticulina suborbicularis_30_view3_zstack_slice_z0005.png,train
Lenticulina suborbicularis,30,3,data/train_images/S030_A120_Z0006_C00.tif,zstack_slice,6.0,data/train_images/Lenticulina suborbicularis_30_view3_zstack_slice_z0006.png,train
Lenticulina suborbicularis,30,3,data/train_images/S030_A120_Z0007_C00.tif,zstack_slice,7.0,data/train_images/Lenticulina suborbicularis_30_view3_zstack_slice_z0007.png,train
Lenticulina suborbicularis,30,3,data/train_images/S030_A120_Z0008_C00.tif,zstack_slice,8.0,data/train_images/Lenticulina suborbicularis_30_view3_zstack_slice_z0008.png,train
Lenticulina suborbicularis,30,3,data/train_images/S030_A120_Z0009_C00.tif,zstack_slice,9.0,data/train_images/Lenticulina suborbicularis_30_view3_zstack_slice_z0009.png,train
Lenticulina suborbicularis,30,3,data/train_images/S030_A120_Z0010_C00.tif,zstack_slice,10.0,data/train_images/Lenticulina suborbicularis_30_view3_zstack_slice_z0010.png,train
Lenticulina suborbicularis,30,3,data/train_images/S030_A120_Z0011_C00.tif,zstack_slice,11.0,data/train_images/Lenticulina suborbicularis_30_view3_zstack_slice_z0011.png,train
Lenticulina suborbicularis,30,3,data/train_images/S030_A120_Z0012_C00.tif,zstack_slice,12.0,data/train_images/Lenticulina suborbicularis_30_view3_zstack_slice_z0012.png,train
Lenticulina suborbicularis,30,3,data/train_images/S030_A120_Z0013_C00.tif,zstack_slice,13.0,data/train_images/Lenticulina suborbicularis_30_view3_zstack_slice_z0013.png,train
Lenticulina suborbicularis,30,3,data/train_images/S030_A120_Z0014_C00.tif,zstack_slice,14.0,data/train_images/Lenticulina suborbicularis_30_view3_zstack_slice_z0014.png,train
Lenticulina suborbicularis,30,3,data/train_images/S030_A120_Z0015_C00.tif,zstack_slice,15.0,data/train_images/Lenticulina suborbicularis_30_view3_zstack_slice_z0015.png,train
Lenticulina suborbicularis,30,3,data/train_images/S030_A120_Z0016_C00.tif,zstack_slice,16.0,data/train_images/Lenticulina suborbicularis_30_view3_zstack_slice_z0016.png,train
Lenticulina suborbicularis,30,3,data/train_images/S030_A120_Z0017_C00.tif,zstack_slice,17.0,data/train_images/Lenticulina suborbicularis_30_view3_zstack_slice_z0017.png,train
Lenticulina suborbicularis,30,3,data/train_images/S030_A120_Z0018_C00.tif,zstack_slice,18.0,data/train_images/Lenticulina suborbicularis_30_view3_zstack_slice_z0018.png,train
Lenticulina suborbicularis,30,3,data/train_images/S030_A120_Z0019_C00.tif,zstack_slice,19.0,data/train_images/Lenticulina suborbicularis_30_view3_zstack_slice_z0019.png,train
Lenticulina suborbicularis,30,3,data/train_images/S030_A120_Z0020_C00.tif,zstack_slice,20.0,data/train_images/Lenticulina suborbicularis_30_view3_zstack_slice_z0020.png,train
Lenticulina suborbicularis,30,3,data/train_images/S030_A120_Z0021_C00.tif,zstack_slice,21.0,data/train_images/Lenticulina suborbicularis_30_view3_zstack_slice_z0021.png,train
Lenticulina suborbicularis,30,3,data/train_images/S030_A120_Z0022_C00.tif,zstack_slice,22.0,data/train_images/Lenticulina suborbicularis_30_view3_zstack_slice_z0022.png,train
Lenticulina suborbicularis,30,3,data/train_images/S030_A120_Z0023_C00.tif,zstack_slice,23.0,data/train_images/Lenticulina suborbicularis_30_view3_zstack_slice_z0023.png,train
Lenticulina suborbicularis,30,3,data/train_images/S030_A120_Z0024_C00.tif,zstack_slice,24.0,data/train_images/Lenticulina suborbicularis_30_view3_zstack_slice_z0024.png,train
Lenticulina suborbicularis,30,3,data/train_images/S030_A120_Z0025_C00.tif,zstack_slice,25.0,data/train_images/Lenticulina suborbicularis_30_view3_zstack_slice_z0025.png,train
Lenticulina suborbicularis,30,3,data/train_images/S030_A120_Z0026_C00.tif,zstack_slice,26.0,data/train_images/Lenticulina suborbicularis_30_view3_zstack_slice_z0026.png,train
Lenticulina suborbicularis,30,3,data/train_images/S030_A120_Z0027_C00.tif,zstack_slice,27.0,data/train_images/Lenticulina suborbicularis_30_view3_zstack_slice_z0027.png,train
Lenticulina suborbicularis,30,3,data/train_images/S030_A120_Z0028_C00.tif,zstack_slice,28.0,data/train_images/Lenticulina suborbicularis_30_view3_zstack_slice_z0028.png,train
Lenticulina suborbicularis,30,3,data/train_images/S030_A120_Z0029_C00.tif,zstack_slice,29.0,data/train_images/Lenticulina suborbicularis_30_view3_zstack_slice_z0029.png,train
Lenticulina suborbicularis,30,3,data/train_images/S030_A120_Z0030_C00.tif,zstack_slice,30.0,data/train_images/Lenticulina suborbicularis_30_view3_zstack_slice_z0030.png,train
Lenticulina suborbicularis,30,3,data/train_images/S030_A120_Z0031_C00.tif,zstack_slice,31.0,data/train_images/Lenticulina suborbicularis_30_view3_zstack_slice_z0031.png,train
Lenticulina suborbicularis,30,3,data/train_images/S030_A120_Z0032_C00.tif,zstack_slice,32.0,data/train_images/Lenticulina suborbicularis_30_view3_zstack_slice_z0032.png,train
Lenticulina suborbicularis,30,3,data/train_images/S030_A120_Z0033_C00.tif,zstack_slice,33.0,data/train_images/Lenticulina suborbicularis_30_view3_zstack_slice_z0033.png,train
Lenticulina suborbicularis,30,3,data/train_images/S030_A120_Z0034_C00.tif,zstack_slice,34.0,data/train_images/Lenticulina suborbicularis_30_view3_zstack_slice_z0034.png,train
Lenticulina suborbicularis,30,3,data/train_images/S030_A120_Z0035_C00.tif,zstack_slice,35.0,data/train_images/Lenticulina suborbicularis_30_view3_zstack_slice_z0035.png,train
Lenticulina suborbicularis,30,3,data/train_images/S030_A120_Z0036_C00.tif,zstack_slice,36.0,data/train_images/Lenticulina suborbicularis_30_view3_zstack_slice_z0036.png,train
Lenticulina suborbicularis,30,3,data/train_images/S030_A120_Z0037_C00.tif,zstack_slice,37.0,data/train_images/Lenticulina suborbicularis_30_view3_zstack_slice_z0037.png,train
Lenticulina suborbicularis,30,3,data/train_images/S030_A120_Z0038_C00.tif,zstack_slice,38.0,data/train_images/Lenticulina suborbicularis_30_view3_zstack_slice_z0038.png,train
Lenticulina suborbicularis,30,3,data/train_images/S030_A120_Z0039_C00.tif,zstack_slice,39.0,data/train_images/Lenticulina suborbicularis_30_view3_zstack_slice_z0039.png,train
Lenticulina suborbicularis,30,3,data/train_images/S030_A120_Z0040_C00.tif,zstack_slice,40.0,data/train_images/Lenticulina suborbicularis_30_view3_zstack_slice_z0040.png,train
Lenticulina suborbicularis,30,3,data/train_images/S030_A120_Z0041_C00.tif,zstack_slice,41.0,data/train_images/Lenticulina suborbicularis_30_view3_zstack_slice_z0041.png,train
Lenticulina suborbicularis,30,3,data/train_images/S030_A120_Z0042_C00.tif,zstack_slice,42.0,data/train_images/Lenticulina suborbicularis_30_view3_zstack_slice_z0042.png,train
Lenticulina suborbicularis,30,6,data/train_images/Lenticulina suborbicularis_30_view6_gif_original.png,gif_original,,data/train_images/Lenticulina suborbicularis_30_view6_gif_original.png,train
Lenticulina suborbicularis,30,6,data/train_images/S030_A300_Z0000_C00.tif,zstack_slice,0.0,data/train_images/Lenticulina suborbicularis_30_view6_zstack_slice_z0000.png,train
Lenticulina suborbicularis,30,6,data/train_images/S030_A300_Z0001_C00.tif,zstack_slice,1.0,data/train_images/Lenticulina suborbicularis_30_view6_zstack_slice_z0001.png,train
Lenticulina suborbicularis,30,6,data/train_images/S030_A300_Z0002_C00.tif,zstack_slice,2.0,data/train_images/Lenticulina suborbicularis_30_view6_zstack_slice_z0002.png,train
Lenticulina suborbicularis,30,6,data/train_images/S030_A300_Z0003_C00.tif,zstack_slice,3.0,data/train_images/Lenticulina suborbicularis_30_view6_zstack_slice_z0003.png,train
Lenticulina suborbicularis,30,6,data/train_images/S030_A300_Z0004_C00.tif,zstack_slice,4.0,data/train_images/Lenticulina suborbicularis_30_view6_zstack_slice_z0004.png,train
Lenticulina suborbicularis,30,6,data/train_images/S030_A300_Z0005_C00.tif,zstack_slice,5.0,data/train_images/Lenticulina suborbicularis_30_view6_zstack_slice_z0005.png,train
Lenticulina suborbicularis,30,6,data/train_images/S030_A300_Z0006_C00.tif,zstack_slice,6.0,data/train_images/Lenticulina suborbicularis_30_view6_zstack_slice_z0006.png,train
Lenticulina suborbicularis,30,6,data/train_images/S030_A300_Z0007_C00.tif,zstack_slice,7.0,data/train_images/Lenticulina suborbicularis_30_view6_zstack_slice_z0007.png,train
Lenticulina suborbicularis,30,6,data/train_images/S030_A300_Z0008_C00.tif,zstack_slice,8.0,data/train_images/Lenticulina suborbicularis_30_view6_zstack_slice_z0008.png,train
Lenticulina suborbicularis,30,6,data/train_images/S030_A300_Z0009_C00.tif,zstack_slice,9.0,data/train_images/Lenticulina suborbicularis_30_view6_zstack_slice_z0009.png,train
Lenticulina suborbicularis,30,6,data/train_images/S030_A300_Z0010_C00.tif,zstack_slice,10.0,data/train_images/Lenticulina suborbicularis_30_view6_zstack_slice_z0010.png,train
Lenticulina suborbicularis,30,6,data/train_images/S030_A300_Z0011_C00.tif,zstack_slice,11.0,data/train_images/Lenticulina suborbicularis_30_view6_zstack_slice_z0011.png,train
Lenticulina suborbicularis,30,6,data/train_images/S030_A300_Z0012_C00.tif,zstack_slice,12.0,data/train_images/Lenticulina suborbicularis_30_view6_zstack_slice_z0012.png,train
Lenticulina suborbicularis,30,6,data/train_images/S030_A300_Z0013_C00.tif,zstack_slice,13.0,data/train_images/Lenticulina suborbicularis_30_view6_zstack_slice_z0013.png,train
Lenticulina suborbicularis,30,6,data/train_images/S030_A300_Z0014_C00.tif,zstack_slice,14.0,data/train_images/Lenticulina suborbicularis_30_view6_zstack_slice_z0014.png,train
Lenticulina suborbicularis,30,6,data/train_images/S030_A300_Z0015_C00.tif,zstack_slice,15.0,data/train_images/Lenticulina suborbicularis_30_view6_zstack_slice_z0015.png,train
Lenticulina suborbicularis,30,6,data/train_images/S030_A300_Z0016_C00.tif,zstack_slice,16.0,data/train_images/Lenticulina suborbicularis_30_view6_zstack_slice_z0016.png,train
Lenticulina suborbicularis,30,6,data/train_images/S030_A300_Z0017_C00.tif,zstack_slice,17.0,data/train_images/Lenticulina suborbicularis_30_view6_zstack_slice_z0017.png,train
Lenticulina suborbicularis,30,6,data/train_images/S030_A300_Z0018_C00.tif,zstack_slice,18.0,data/train_images/Lenticulina suborbicularis_30_view6_zstack_slice_z0018.png,train
Lenticulina suborbicularis,30,6,data/train_images/S030_A300_Z0019_C00.tif,zstack_slice,19.0,data/train_images/Lenticulina suborbicularis_30_view6_zstack_slice_z0019.png,train
Lenticulina suborbicularis,30,6,data/train_images/S030_A300_Z0020_C00.tif,zstack_slice,20.0,data/train_images/Lenticulina suborbicularis_30_view6_zstack_slice_z0020.png,train
Lenticulina suborbicularis,30,6,data/train_images/S030_A300_Z0021_C00.tif,zstack_slice,21.0,data/train_images/Lenticulina suborbicularis_30_view6_zstack_slice_z0021.png,train
Lenticulina suborbicularis,30,6,data/train_images/S030_A300_Z0022_C00.tif,zstack_slice,22.0,data/train_images/Lenticulina suborbicularis_30_view6_zstack_slice_z0022.png,train
Lenticulina suborbicularis,30,6,data/train_images/S030_A300_Z0023_C00.tif,zstack_slice,23.0,data/train_images/Lenticulina suborbicularis_30_view6_zstack_slice_z0023.png,train
Lenticulina suborbicularis,30,6,data/train_images/S030_A300_Z0024_C00.tif,zstack_slice,24.0,data/train_images/Lenticulina suborbicularis_30_view6_zstack_slice_z0024.png,train
Lenticulina suborbicularis,30,6,data/train_images/S030_A300_Z0025_C00.tif,zstack_slice,25.0,data/train_images/Lenticulina suborbicularis_30_view6_zstack_slice_z0025.png,train
Lenticulina suborbicularis,30,6,data/train_images/S030_A300_Z0026_C00.tif,zstack_slice,26.0,data/train_images/Lenticulina suborbicularis_30_view6_zstack_slice_z0026.png,train
Lenticulina suborbicularis,30,6,data/train_images/S030_A300_Z0027_C00.tif,zstack_slice,27.0,data/train_images/Lenticulina suborbicularis_30_view6_zstack_slice_z0027.png,train
Lenticulina suborbicularis,30,6,data/train_images/S030_A300_Z0028_C00.tif,zstack_slice,28.0,data/train_images/Lenticulina suborbicularis_30_view6_zstack_slice_z0028.png,train
Lenticulina suborbicularis,30,6,data/train_images/S030_A300_Z0029_C00.tif,zstack_slice,29.0,data/train_images/Lenticulina suborbicularis_30_view6_zstack_slice_z0029.png,train
Lenticulina suborbicularis,30,6,data/train_images/S030_A300_Z0030_C00.tif,zstack_slice,30.0,data/train_images/Lenticulina suborbicularis_30_view6_zstack_slice_z0030.png,train
Lenticulina suborbicularis,30,6,data/train_images/S030_A300_Z0031_C00.tif,zstack_slice,31.0,data/train_images/Lenticulina suborbicularis_30_view6_zstack_slice_z0031.png,train
Lenticulina suborbicularis,30,6,data/train_images/S030_A300_Z0032_C00.tif,zstack_slice,32.0,data/train_images/Lenticulina suborbicularis_30_view6_zstack_slice_z0032.png,train
Lenticulina suborbicularis,30,6,data/train_images/S030_A300_Z0033_C00.tif,zstack_slice,33.0,data/train_images/Lenticulina suborbicularis_30_view6_zstack_slice_z0033.png,train
Lenticulina suborbicularis,30,6,data/train_images/S030_A300_Z0034_C00.tif,zstack_slice,34.0,data/train_images/Lenticulina suborbicularis_30_view6_zstack_slice_z0034.png,train
Lenticulina suborbicularis,30,6,data/train_images/S030_A300_Z0035_C00.tif,zstack_slice,35.0,data/train_images/Lenticulina suborbicularis_30_view6_zstack_slice_z0035.png,train
Lenticulina suborbicularis,30,6,data/train_images/S030_A300_Z0036_C00.tif,zstack_slice,36.0,data/train_images/Lenticulina suborbicularis_30_view6_zstack_slice_z0036.png,train
Miliolinella circularis,6,1,data/train_images/Miliolinella circularis_6_view1_gif_original.png,gif_original,,data/train_images/Miliolinella circularis_6_view1_gif_original.png,train
Miliolinella circularis,6,1,data/train_images/S006_A000_stacked.tif,stacked_tiff,,data/train_images/Miliolinella circularis_6_view1_stacked_tiff.png,train
Miliolinella circularis,6,1,data/train_images/S006_A000_Z0000_C00.tif,zstack_slice,0.0,data/train_images/Miliolinella circularis_6_view1_zstack_slice_z0000.png,train
Miliolinella circularis,6,1,data/train_images/S006_A000_Z0001_C00.tif,zstack_slice,1.0,data/train_images/Miliolinella circularis_6_view1_zstack_slice_z0001.png,train
Miliolinella circularis,6,1,data/train_images/S006_A000_Z0002_C00.tif,zstack_slice,2.0,data/train_images/Miliolinella circularis_6_view1_zstack_slice_z0002.png,train
Miliolinella circularis,6,1,data/train_images/S006_A000_Z0003_C00.tif,zstack_slice,3.0,data/train_images/Miliolinella circularis_6_view1_zstack_slice_z0003.png,train
Miliolinella circularis,6,1,data/train_images/S006_A000_Z0004_C00.tif,zstack_slice,4.0,data/train_images/Miliolinella circularis_6_view1_zstack_slice_z0004.png,train
Miliolinella circularis,6,1,data/train_images/S006_A000_Z0005_C00.tif,zstack_slice,5.0,data/train_images/Miliolinella circularis_6_view1_zstack_slice_z0005.png,train
Miliolinella circularis,6,1,data/train_images/S006_A000_Z0006_C00.tif,zstack_slice,6.0,data/train_images/Miliolinella circularis_6_view1_zstack_slice_z0006.png,train
Miliolinella circularis,6,1,data/train_images/S006_A000_Z0007_C00.tif,zstack_slice,7.0,data/train_images/Miliolinella circularis_6_view1_zstack_slice_z0007.png,train
Miliolinella circularis,6,1,data/train_images/S006_A000_Z0008_C00.tif,zstack_slice,8.0,data/train_images/Miliolinella circularis_6_view1_zstack_slice_z0008.png,train
Miliolinella circularis,6,1,data/train_images/S006_A000_Z0009_C00.tif,zstack_slice,9.0,data/train_images/Miliolinella circularis_6_view1_zstack_slice_z0009.png,train
Miliolinella circularis,6,1,data/train_images/S006_A000_Z0010_C00.tif,zstack_slice,10.0,data/train_images/Miliolinella circularis_6_view1_zstack_slice_z0010.png,train
Miliolinella circularis,6,1,data/train_images/S006_A000_Z0011_C00.tif,zstack_slice,11.0,data/train_images/Miliolinella circularis_6_view1_zstack_slice_z0011.png,train
Miliolinella circularis,6,1,data/train_images/S006_A000_Z0012_C00.tif,zstack_slice,12.0,data/train_images/Miliolinella circularis_6_view1_zstack_slice_z0012.png,train
Miliolinella circularis,6,1,data/train_images/S006_A000_Z0013_C00.tif,zstack_slice,13.0,data/train_images/Miliolinella circularis_6_view1_zstack_slice_z0013.png,train
Miliolinella circularis,6,1,data/train_images/S006_A000_Z0014_C00.tif,zstack_slice,14.0,data/train_images/Miliolinella circularis_6_view1_zstack_slice_z0014.png,train
Miliolinella circularis,6,1,data/train_images/S006_A000_Z0015_C00.tif,zstack_slice,15.0,data/train_images/Miliolinella circularis_6_view1_zstack_slice_z0015.png,train
Miliolinella circularis,6,1,data/train_images/S006_A000_Z0016_C00.tif,zstack_slice,16.0,data/train_images/Miliolinella circularis_6_view1_zstack_slice_z0016.png,train
Miliolinella circularis,6,1,data/train_images/S006_A000_Z0017_C00.tif,zstack_slice,17.0,data/train_images/Miliolinella circularis_6_view1_zstack_slice_z0017.png,train
Miliolinella circularis,6,1,data/train_images/S006_A000_Z0018_C00.tif,zstack_slice,18.0,data/train_images/Miliolinella circularis_6_view1_zstack_slice_z0018.png,train
Miliolinella circularis,6,1,data/train_images/S006_A000_Z0019_C00.tif,zstack_slice,19.0,data/train_images/Miliolinella circularis_6_view1_zstack_slice_z0019.png,train
Miliolinella circularis,6,1,data/train_images/S006_A000_Z0020_C00.tif,zstack_slice,20.0,data/train_images/Miliolinella circularis_6_view1_zstack_slice_z0020.png,train
Miliolinella circularis,6,1,data/train_images/S006_A000_Z0021_C00.tif,zstack_slice,21.0,data/train_images/Miliolinella circularis_6_view1_zstack_slice_z0021.png,train
Miliolinella circularis,6,1,data/train_images/S006_A000_Z0022_C00.tif,zstack_slice,22.0,data/train_images/Miliolinella circularis_6_view1_zstack_slice_z0022.png,train
Miliolinella circularis,6,1,data/train_images/S006_A000_Z0023_C00.tif,zstack_slice,23.0,data/train_images/Miliolinella circularis_6_view1_zstack_slice_z0023.png,train
Miliolinella circularis,6,1,data/train_images/S006_A000_Z0024_C00.tif,zstack_slice,24.0,data/train_images/Miliolinella circularis_6_view1_zstack_slice_z0024.png,train
Miliolinella circularis,6,1,data/train_images/S006_A000_Z0025_C00.tif,zstack_slice,25.0,data/train_images/Miliolinella circularis_6_view1_zstack_slice_z0025.png,train
Miliolinella circularis,6,1,data/train_images/S006_A000_Z0026_C00.tif,zstack_slice,26.0,data/train_images/Miliolinella circularis_6_view1_zstack_slice_z0026.png,train
Miliolinella circularis,6,1,data/train_images/S006_A000_Z0027_C00.tif,zstack_slice,27.0,data/train_images/Miliolinella circularis_6_view1_zstack_slice_z0027.png,train
Miliolinella circularis,6,1,data/train_images/S006_A000_Z0028_C00.tif,zstack_slice,28.0,data/train_images/Miliolinella circularis_6_view1_zstack_slice_z0028.png,train
Miliolinella circularis,6,1,data/train_images/S006_A000_Z0029_C00.tif,zstack_slice,29.0,data/train_images/Miliolinella circularis_6_view1_zstack_slice_z0029.png,train
Miliolinella circularis,6,1,data/train_images/S006_A000_Z0030_C00.tif,zstack_slice,30.0,data/train_images/Miliolinella circularis_6_view1_zstack_slice_z0030.png,train
Miliolinella circularis,6,1,data/train_images/S006_A000_Z0031_C00.tif,zstack_slice,31.0,data/train_images/Miliolinella circularis_6_view1_zstack_slice_z0031.png,train
Miliolinella circularis,6,1,data/train_images/S006_A000_Z0032_C00.tif,zstack_slice,32.0,data/train_images/Miliolinella circularis_6_view1_zstack_slice_z0032.png,train
Miliolinella circularis,6,1,data/train_images/S006_A000_Z0033_C00.tif,zstack_slice,33.0,data/train_images/Miliolinella circularis_6_view1_zstack_slice_z0033.png,train
Miliolinella circularis,6,1,data/train_images/S006_A000_Z0034_C00.tif,zstack_slice,34.0,data/train_images/Miliolinella circularis_6_view1_zstack_slice_z0034.png,train
Miliolinella circularis,6,1,data/train_images/S006_A000_Z0035_C00.tif,zstack_slice,35.0,data/train_images/Miliolinella circularis_6_view1_zstack_slice_z0035.png,train
Miliolinella circularis,6,1,data/train_images/S006_A000_Z0036_C00.tif,zstack_slice,36.0,data/train_images/Miliolinella circularis_6_view1_zstack_slice_z0036.png,train
Miliolinella circularis,6,1,data/train_images/S006_A000_Z0037_C00.tif,zstack_slice,37.0,data/train_images/Miliolinella circularis_6_view1_zstack_slice_z0037.png,train
Miliolinella circularis,6,1,data/train_images/S006_A000_Z0038_C00.tif,zstack_slice,38.0,data/train_images/Miliolinella circularis_6_view1_zstack_slice_z0038.png,train
Miliolinella circularis,6,1,data/train_images/S006_A000_Z0039_C00.tif,zstack_slice,39.0,data/train_images/Miliolinella circularis_6_view1_zstack_slice_z0039.png,train
Miliolinella circularis,6,1,data/train_images/S006_A000_Z0040_C00.tif,zstack_slice,40.0,data/train_images/Miliolinella circularis_6_view1_zstack_slice_z0040.png,train
Miliolinella circularis,6,1,data/train_images/S006_A000_Z0041_C00.tif,zstack_slice,41.0,data/train_images/Miliolinella circularis_6_view1_zstack_slice_z0041.png,train
Miliolinella circularis,6,1,data/train_images/S006_A000_Z0042_C00.tif,zstack_slice,42.0,data/train_images/Miliolinella circularis_6_view1_zstack_slice_z0042.png,train
Miliolinella circularis,6,1,data/train_images/S006_A000_Z0043_C00.tif,zstack_slice,43.0,data/train_images/Miliolinella circularis_6_view1_zstack_slice_z0043.png,train
Miliolinella circularis,6,1,data/train_images/S006_A000_Z0044_C00.tif,zstack_slice,44.0,data/train_images/Miliolinella circularis_6_view1_zstack_slice_z0044.png,train
Miliolinella circularis,6,1,data/train_images/S006_A000_Z0045_C00.tif,zstack_slice,45.0,data/train_images/Miliolinella circularis_6_view1_zstack_slice_z0045.png,train
Miliolinella circularis,6,1,data/train_images/S006_A000_Z0046_C00.tif,zstack_slice,46.0,data/train_images/Miliolinella circularis_6_view1_zstack_slice_z0046.png,train
Miliolinella circularis,6,1,data/train_images/S006_A000_Z0047_C00.tif,zstack_slice,47.0,data/train_images/Miliolinella circularis_6_view1_zstack_slice_z0047.png,train
Miliolinella circularis,6,1,data/train_images/S006_A000_Z0048_C00.tif,zstack_slice,48.0,data/train_images/Miliolinella circularis_6_view1_zstack_slice_z0048.png,train
Miliolinella circularis,6,1,data/train_images/S006_A000_Z0049_C00.tif,zstack_slice,49.0,data/train_images/Miliolinella circularis_6_view1_zstack_slice_z0049.png,train
Miliolinella circularis,6,1,data/train_images/S006_A000_Z0050_C00.tif,zstack_slice,50.0,data/train_images/Miliolinella circularis_6_view1_zstack_slice_z0050.png,train
Miliolinella circularis,6,1,data/train_images/S006_A000_Z0051_C00.tif,zstack_slice,51.0,data/train_images/Miliolinella circularis_6_view1_zstack_slice_z0051.png,train
Miliolinella circularis,6,1,data/train_images/S006_A000_Z0052_C00.tif,zstack_slice,52.0,data/train_images/Miliolinella circularis_6_view1_zstack_slice_z0052.png,train
Miliolinella circularis,6,1,data/train_images/S006_A000_Z0053_C00.tif,zstack_slice,53.0,data/train_images/Miliolinella circularis_6_view1_zstack_slice_z0053.png,train
Miliolinella circularis,6,1,data/train_images/S006_A000_Z0054_C00.tif,zstack_slice,54.0,data/train_images/Miliolinella circularis_6_view1_zstack_slice_z0054.png,train
Miliolinella circularis,6,1,data/train_images/S006_A000_Z0055_C00.tif,zstack_slice,55.0,data/train_images/Miliolinella circularis_6_view1_zstack_slice_z0055.png,train
Miliolinella circularis,6,1,data/train_images/S006_A000_Z0056_C00.tif,zstack_slice,56.0,data/train_images/Miliolinella circularis_6_view1_zstack_slice_z0056.png,train
Miliolinella circularis,6,1,data/train_images/S006_A000_Z0057_C00.tif,zstack_slice,57.0,data/train_images/Miliolinella circularis_6_view1_zstack_slice_z0057.png,train
Miliolinella circularis,6,1,data/train_images/S006_A000_Z0058_C00.tif,zstack_slice,58.0,data/train_images/Miliolinella circularis_6_view1_zstack_slice_z0058.png,train
Miliolinella circularis,6,1,data/train_images/S006_A000_Z0059_C00.tif,zstack_slice,59.0,data/train_images/Miliolinella circularis_6_view1_zstack_slice_z0059.png,train
Miliolinella circularis,6,1,data/train_images/S006_A000_Z0060_C00.tif,zstack_slice,60.0,data/train_images/Miliolinella circularis_6_view1_zstack_slice_z0060.png,train
Miliolinella circularis,6,1,data/train_images/S006_A000_Z0061_C00.tif,zstack_slice,61.0,data/train_images/Miliolinella circularis_6_view1_zstack_slice_z0061.png,train
Miliolinella circularis,6,1,data/train_images/S006_A000_Z0062_C00.tif,zstack_slice,62.0,data/train_images/Miliolinella circularis_6_view1_zstack_slice_z0062.png,train
Miliolinella circularis,6,1,data/train_images/S006_A000_Z0063_C00.tif,zstack_slice,63.0,data/train_images/Miliolinella circularis_6_view1_zstack_slice_z0063.png,train
Miliolinella circularis,6,1,data/train_images/S006_A000_Z0064_C00.tif,zstack_slice,64.0,data/train_images/Miliolinella circularis_6_view1_zstack_slice_z0064.png,train
Miliolinella circularis,6,1,data/train_images/S006_A000_Z0065_C00.tif,zstack_slice,65.0,data/train_images/Miliolinella circularis_6_view1_zstack_slice_z0065.png,train
Miliolinella circularis,6,1,data/train_images/S006_A000_Z0066_C00.tif,zstack_slice,66.0,data/train_images/Miliolinella circularis_6_view1_zstack_slice_z0066.png,train
Miliolinella circularis,6,1,data/train_images/S006_A000_Z0067_C00.tif,zstack_slice,67.0,data/train_images/Miliolinella circularis_6_view1_zstack_slice_z0067.png,train
Miliolinella circularis,6,1,data/train_images/S006_A000_Z0068_C00.tif,zstack_slice,68.0,data/train_images/Miliolinella circularis_6_view1_zstack_slice_z0068.png,train
Miliolinella circularis,6,1,data/train_images/S006_A000_Z0069_C00.tif,zstack_slice,69.0,data/train_images/Miliolinella circularis_6_view1_zstack_slice_z0069.png,train
Miliolinella circularis,6,1,data/train_images/S006_A000_Z0070_C00.tif,zstack_slice,70.0,data/train_images/Miliolinella circularis_6_view1_zstack_slice_z0070.png,train
Miliolinella circularis,6,1,data/train_images/S006_A000_Z0071_C00.tif,zstack_slice,71.0,data/train_images/Miliolinella circularis_6_view1_zstack_slice_z0071.png,train
Miliolinella circularis,6,1,data/train_images/S006_A000_Z0072_C00.tif,zstack_slice,72.0,data/train_images/Miliolinella circularis_6_view1_zstack_slice_z0072.png,train
Miliolinella circularis,6,1,data/train_images/S006_A000_Z0073_C00.tif,zstack_slice,73.0,data/train_images/Miliolinella circularis_6_view1_zstack_slice_z0073.png,train
Miliolinella circularis,6,1,data/train_images/S006_A000_Z0074_C00.tif,zstack_slice,74.0,data/train_images/Miliolinella circularis_6_view1_zstack_slice_z0074.png,train
Miliolinella circularis,6,1,data/train_images/S006_A000_Z0075_C00.tif,zstack_slice,75.0,data/train_images/Miliolinella circularis_6_view1_zstack_slice_z0075.png,train
Miliolinella circularis,6,1,data/train_images/S006_A000_Z0076_C00.tif,zstack_slice,76.0,data/train_images/Miliolinella circularis_6_view1_zstack_slice_z0076.png,train
Miliolinella circularis,6,1,data/train_images/S006_A000_Z0077_C00.tif,zstack_slice,77.0,data/train_images/Miliolinella circularis_6_view1_zstack_slice_z0077.png,train
Miliolinella circularis,6,1,data/train_images/S006_A000_Z0078_C00.tif,zstack_slice,78.0,data/train_images/Miliolinella circularis_6_view1_zstack_slice_z0078.png,train
Miliolinella circularis,6,1,data/train_images/S006_A000_Z0079_C00.tif,zstack_slice,79.0,data/train_images/Miliolinella circularis_6_view1_zstack_slice_z0079.png,train
Miliolinella circularis,6,1,data/train_images/S006_A000_Z0080_C00.tif,zstack_slice,80.0,data/train_images/Miliolinella circularis_6_view1_zstack_slice_z0080.png,train
Miliolinella circularis,6,1,data/train_images/S006_A000_Z0081_C00.tif,zstack_slice,81.0,data/train_images/Miliolinella circularis_6_view1_zstack_slice_z0081.png,train
Miliolinella circularis,6,1,data/train_images/S006_A000_Z0082_C00.tif,zstack_slice,82.0,data/train_images/Miliolinella circularis_6_view1_zstack_slice_z0082.png,train
Miliolinella circularis,6,1,data/train_images/S006_A000_Z0083_C00.tif,zstack_slice,83.0,data/train_images/Miliolinella circularis_6_view1_zstack_slice_z0083.png,train
Miliolinella circularis,6,1,data/train_images/S006_A000_Z0084_C00.tif,zstack_slice,84.0,data/train_images/Miliolinella circularis_6_view1_zstack_slice_z0084.png,train
Miliolinella circularis,6,1,data/train_images/S006_A000_Z0085_C00.tif,zstack_slice,85.0,data/train_images/Miliolinella circularis_6_view1_zstack_slice_z0085.png,train
Miliolinella circularis,6,1,data/train_images/S006_A000_Z0086_C00.tif,zstack_slice,86.0,data/train_images/Miliolinella circularis_6_view1_zstack_slice_z0086.png,train
Miliolinella circularis,6,1,data/train_images/S006_A000_Z0087_C00.tif,zstack_slice,87.0,data/train_images/Miliolinella circularis_6_view1_zstack_slice_z0087.png,train
Miliolinella circularis,6,2,data/train_images/Miliolinella circularis_6_view2_gif_original.png,gif_original,,data/train_images/Miliolinella circularis_6_view2_gif_original.png,train
Miliolinella circularis,6,2,data/train_images/S006_A060_stacked.tif,stacked_tiff,,data/train_images/Miliolinella circularis_6_view2_stacked_tiff.png,train
Miliolinella circularis,6,2,data/train_images/S006_A060_Z0000_C00.tif,zstack_slice,0.0,data/train_images/Miliolinella circularis_6_view2_zstack_slice_z0000.png,train
Miliolinella circularis,6,2,data/train_images/S006_A060_Z0001_C00.tif,zstack_slice,1.0,data/train_images/Miliolinella circularis_6_view2_zstack_slice_z0001.png,train
Miliolinella circularis,6,2,data/train_images/S006_A060_Z0002_C00.tif,zstack_slice,2.0,data/train_images/Miliolinella circularis_6_view2_zstack_slice_z0002.png,train
Miliolinella circularis,6,2,data/train_images/S006_A060_Z0003_C00.tif,zstack_slice,3.0,data/train_images/Miliolinella circularis_6_view2_zstack_slice_z0003.png,train
Miliolinella circularis,6,2,data/train_images/S006_A060_Z0004_C00.tif,zstack_slice,4.0,data/train_images/Miliolinella circularis_6_view2_zstack_slice_z0004.png,train
Miliolinella circularis,6,2,data/train_images/S006_A060_Z0005_C00.tif,zstack_slice,5.0,data/train_images/Miliolinella circularis_6_view2_zstack_slice_z0005.png,train
Miliolinella circularis,6,2,data/train_images/S006_A060_Z0006_C00.tif,zstack_slice,6.0,data/train_images/Miliolinella circularis_6_view2_zstack_slice_z0006.png,train
Miliolinella circularis,6,2,data/train_images/S006_A060_Z0007_C00.tif,zstack_slice,7.0,data/train_images/Miliolinella circularis_6_view2_zstack_slice_z0007.png,train
Miliolinella circularis,6,2,data/train_images/S006_A060_Z0008_C00.tif,zstack_slice,8.0,data/train_images/Miliolinella circularis_6_view2_zstack_slice_z0008.png,train
Miliolinella circularis,6,2,data/train_images/S006_A060_Z0009_C00.tif,zstack_slice,9.0,data/train_images/Miliolinella circularis_6_view2_zstack_slice_z0009.png,train
Miliolinella circularis,6,2,data/train_images/S006_A060_Z0010_C00.tif,zstack_slice,10.0,data/train_images/Miliolinella circularis_6_view2_zstack_slice_z0010.png,train
Miliolinella circularis,6,2,data/train_images/S006_A060_Z0011_C00.tif,zstack_slice,11.0,data/train_images/Miliolinella circularis_6_view2_zstack_slice_z0011.png,train
Miliolinella circularis,6,2,data/train_images/S006_A060_Z0012_C00.tif,zstack_slice,12.0,data/train_images/Miliolinella circularis_6_view2_zstack_slice_z0012.png,train
Miliolinella circularis,6,2,data/train_images/S006_A060_Z0013_C00.tif,zstack_slice,13.0,data/train_images/Miliolinella circularis_6_view2_zstack_slice_z0013.png,train
Miliolinella circularis,6,2,data/train_images/S006_A060_Z0014_C00.tif,zstack_slice,14.0,data/train_images/Miliolinella circularis_6_view2_zstack_slice_z0014.png,train
Miliolinella circularis,6,2,data/train_images/S006_A060_Z0015_C00.tif,zstack_slice,15.0,data/train_images/Miliolinella circularis_6_view2_zstack_slice_z0015.png,train
Miliolinella circularis,6,2,data/train_images/S006_A060_Z0016_C00.tif,zstack_slice,16.0,data/train_images/Miliolinella circularis_6_view2_zstack_slice_z0016.png,train
Miliolinella circularis,6,2,data/train_images/S006_A060_Z0017_C00.tif,zstack_slice,17.0,data/train_images/Miliolinella circularis_6_view2_zstack_slice_z0017.png,train
Miliolinella circularis,6,2,data/train_images/S006_A060_Z0018_C00.tif,zstack_slice,18.0,data/train_images/Miliolinella circularis_6_view2_zstack_slice_z0018.png,train
Miliolinella circularis,6,2,data/train_images/S006_A060_Z0019_C00.tif,zstack_slice,19.0,data/train_images/Miliolinella circularis_6_view2_zstack_slice_z0019.png,train
Miliolinella circularis,6,2,data/train_images/S006_A060_Z0020_C00.tif,zstack_slice,20.0,data/train_images/Miliolinella circularis_6_view2_zstack_slice_z0020.png,train
Miliolinella circularis,6,2,data/train_images/S006_A060_Z0021_C00.tif,zstack_slice,21.0,data/train_images/Miliolinella circularis_6_view2_zstack_slice_z0021.png,train
Miliolinella circularis,6,2,data/train_images/S006_A060_Z0022_C00.tif,zstack_slice,22.0,data/train_images/Miliolinella circularis_6_view2_zstack_slice_z0022.png,train
Miliolinella circularis,6,2,data/train_images/S006_A060_Z0023_C00.tif,zstack_slice,23.0,data/train_images/Miliolinella circularis_6_view2_zstack_slice_z0023.png,train
Miliolinella circularis,6,2,data/train_images/S006_A060_Z0024_C00.tif,zstack_slice,24.0,data/train_images/Miliolinella circularis_6_view2_zstack_slice_z0024.png,train
Miliolinella circularis,6,2,data/train_images/S006_A060_Z0025_C00.tif,zstack_slice,25.0,data/train_images/Miliolinella circularis_6_view2_zstack_slice_z0025.png,train
Miliolinella circularis,6,2,data/train_images/S006_A060_Z0026_C00.tif,zstack_slice,26.0,data/train_images/Miliolinella circularis_6_view2_zstack_slice_z0026.png,train
Miliolinella circularis,6,2,data/train_images/S006_A060_Z0027_C00.tif,zstack_slice,27.0,data/train_images/Miliolinella circularis_6_view2_zstack_slice_z0027.png,train
Miliolinella circularis,6,2,data/train_images/S006_A060_Z0028_C00.tif,zstack_slice,28.0,data/train_images/Miliolinella circularis_6_view2_zstack_slice_z0028.png,train
Miliolinella circularis,6,2,data/train_images/S006_A060_Z0029_C00.tif,zstack_slice,29.0,data/train_images/Miliolinella circularis_6_view2_zstack_slice_z0029.png,train
Miliolinella circularis,6,2,data/train_images/S006_A060_Z0030_C00.tif,zstack_slice,30.0,data/train_images/Miliolinella circularis_6_view2_zstack_slice_z0030.png,train
Miliolinella circularis,6,2,data/train_images/S006_A060_Z0031_C00.tif,zstack_slice,31.0,data/train_images/Miliolinella circularis_6_view2_zstack_slice_z0031.png,train
Miliolinella circularis,6,2,data/train_images/S006_A060_Z0032_C00.tif,zstack_slice,32.0,data/train_images/Miliolinella circularis_6_view2_zstack_slice_z0032.png,train
Miliolinella circularis,6,2,data/train_images/S006_A060_Z0033_C00.tif,zstack_slice,33.0,data/train_images/Miliolinella circularis_6_view2_zstack_slice_z0033.png,train
Miliolinella circularis,6,2,data/train_images/S006_A060_Z0034_C00.tif,zstack_slice,34.0,data/train_images/Miliolinella circularis_6_view2_zstack_slice_z0034.png,train
Miliolinella circularis,6,2,data/train_images/S006_A060_Z0035_C00.tif,zstack_slice,35.0,data/train_images/Miliolinella circularis_6_view2_zstack_slice_z0035.png,train
Miliolinella circularis,6,2,data/train_images/S006_A060_Z0036_C00.tif,zstack_slice,36.0,data/train_images/Miliolinella circularis_6_view2_zstack_slice_z0036.png,train
Miliolinella circularis,6,2,data/train_images/S006_A060_Z0037_C00.tif,zstack_slice,37.0,data/train_images/Miliolinella circularis_6_view2_zstack_slice_z0037.png,train
Miliolinella circularis,6,2,data/train_images/S006_A060_Z0038_C00.tif,zstack_slice,38.0,data/train_images/Miliolinella circularis_6_view2_zstack_slice_z0038.png,train
Miliolinella circularis,6,2,data/train_images/S006_A060_Z0039_C00.tif,zstack_slice,39.0,data/train_images/Miliolinella circularis_6_view2_zstack_slice_z0039.png,train
Miliolinella circularis,6,2,data/train_images/S006_A060_Z0040_C00.tif,zstack_slice,40.0,data/train_images/Miliolinella circularis_6_view2_zstack_slice_z0040.png,train
Miliolinella circularis,6,2,data/train_images/S006_A060_Z0041_C00.tif,zstack_slice,41.0,data/train_images/Miliolinella circularis_6_view2_zstack_slice_z0041.png,train
Miliolinella circularis,6,2,data/train_images/S006_A060_Z0042_C00.tif,zstack_slice,42.0,data/train_images/Miliolinella circularis_6_view2_zstack_slice_z0042.png,train
Miliolinella circularis,6,2,data/train_images/S006_A060_Z0043_C00.tif,zstack_slice,43.0,data/train_images/Miliolinella circularis_6_view2_zstack_slice_z0043.png,train
Miliolinella circularis,6,2,data/train_images/S006_A060_Z0044_C00.tif,zstack_slice,44.0,data/train_images/Miliolinella circularis_6_view2_zstack_slice_z0044.png,train
Miliolinella circularis,6,2,data/train_images/S006_A060_Z0045_C00.tif,zstack_slice,45.0,data/train_images/Miliolinella circularis_6_view2_zstack_slice_z0045.png,train
Miliolinella circularis,6,2,data/train_images/S006_A060_Z0046_C00.tif,zstack_slice,46.0,data/train_images/Miliolinella circularis_6_view2_zstack_slice_z0046.png,train
Miliolinella circularis,6,2,data/train_images/S006_A060_Z0047_C00.tif,zstack_slice,47.0,data/train_images/Miliolinella circularis_6_view2_zstack_slice_z0047.png,train
Miliolinella circularis,6,2,data/train_images/S006_A060_Z0048_C00.tif,zstack_slice,48.0,data/train_images/Miliolinella circularis_6_view2_zstack_slice_z0048.png,train
Miliolinella circularis,6,2,data/train_images/S006_A060_Z0049_C00.tif,zstack_slice,49.0,data/train_images/Miliolinella circularis_6_view2_zstack_slice_z0049.png,train
Miliolinella circularis,6,2,data/train_images/S006_A060_Z0050_C00.tif,zstack_slice,50.0,data/train_images/Miliolinella circularis_6_view2_zstack_slice_z0050.png,train
Miliolinella circularis,6,2,data/train_images/S006_A060_Z0051_C00.tif,zstack_slice,51.0,data/train_images/Miliolinella circularis_6_view2_zstack_slice_z0051.png,train
Miliolinella circularis,6,2,data/train_images/S006_A060_Z0052_C00.tif,zstack_slice,52.0,data/train_images/Miliolinella circularis_6_view2_zstack_slice_z0052.png,train
Miliolinella circularis,6,2,data/train_images/S006_A060_Z0053_C00.tif,zstack_slice,53.0,data/train_images/Miliolinella circularis_6_view2_zstack_slice_z0053.png,train
Miliolinella circularis,6,2,data/train_images/S006_A060_Z0054_C00.tif,zstack_slice,54.0,data/train_images/Miliolinella circularis_6_view2_zstack_slice_z0054.png,train
Miliolinella circularis,6,2,data/train_images/S006_A060_Z0055_C00.tif,zstack_slice,55.0,data/train_images/Miliolinella circularis_6_view2_zstack_slice_z0055.png,train
Miliolinella circularis,6,2,data/train_images/S006_A060_Z0056_C00.tif,zstack_slice,56.0,data/train_images/Miliolinella circularis_6_view2_zstack_slice_z0056.png,train
Miliolinella circularis,6,2,data/train_images/S006_A060_Z0057_C00.tif,zstack_slice,57.0,data/train_images/Miliolinella circularis_6_view2_zstack_slice_z0057.png,train
Miliolinella circularis,6,2,data/train_images/S006_A060_Z0058_C00.tif,zstack_slice,58.0,data/train_images/Miliolinella circularis_6_view2_zstack_slice_z0058.png,train
Miliolinella circularis,6,2,data/train_images/S006_A060_Z0059_C00.tif,zstack_slice,59.0,data/train_images/Miliolinella circularis_6_view2_zstack_slice_z0059.png,train
Miliolinella circularis,6,2,data/train_images/S006_A060_Z0060_C00.tif,zstack_slice,60.0,data/train_images/Miliolinella circularis_6_view2_zstack_slice_z0060.png,train
Miliolinella circularis,6,2,data/train_images/S006_A060_Z0061_C00.tif,zstack_slice,61.0,data/train_images/Miliolinella circularis_6_view2_zstack_slice_z0061.png,train
Miliolinella circularis,6,2,data/train_images/S006_A060_Z0062_C00.tif,zstack_slice,62.0,data/train_images/Miliolinella circularis_6_view2_zstack_slice_z0062.png,train
Miliolinella circularis,6,2,data/train_images/S006_A060_Z0063_C00.tif,zstack_slice,63.0,data/train_images/Miliolinella circularis_6_view2_zstack_slice_z0063.png,train
Miliolinella circularis,6,2,data/train_images/S006_A060_Z0064_C00.tif,zstack_slice,64.0,data/train_images/Miliolinella circularis_6_view2_zstack_slice_z0064.png,train
Miliolinella circularis,6,2,data/train_images/S006_A060_Z0065_C00.tif,zstack_slice,65.0,data/train_images/Miliolinella circularis_6_view2_zstack_slice_z0065.png,train
Miliolinella circularis,6,2,data/train_images/S006_A060_Z0066_C00.tif,zstack_slice,66.0,data/train_images/Miliolinella circularis_6_view2_zstack_slice_z0066.png,train
Miliolinella circularis,6,2,data/train_images/S006_A060_Z0067_C00.tif,zstack_slice,67.0,data/train_images/Miliolinella circularis_6_view2_zstack_slice_z0067.png,train
Miliolinella circularis,6,2,data/train_images/S006_A060_Z0068_C00.tif,zstack_slice,68.0,data/train_images/Miliolinella circularis_6_view2_zstack_slice_z0068.png,train
Miliolinella circularis,6,2,data/train_images/S006_A060_Z0069_C00.tif,zstack_slice,69.0,data/train_images/Miliolinella circularis_6_view2_zstack_slice_z0069.png,train
Miliolinella circularis,6,2,data/train_images/S006_A060_Z0070_C00.tif,zstack_slice,70.0,data/train_images/Miliolinella circularis_6_view2_zstack_slice_z0070.png,train
Miliolinella circularis,6,2,data/train_images/S006_A060_Z0071_C00.tif,zstack_slice,71.0,data/train_images/Miliolinella circularis_6_view2_zstack_slice_z0071.png,train
Miliolinella circularis,6,4,data/train_images/Miliolinella circularis_6_view4_gif_original.png,gif_original,,data/train_images/Miliolinella circularis_6_view4_gif_original.png,train
Miliolinella circularis,6,4,data/train_images/S006_A180_stacked.tif,stacked_tiff,,data/train_images/Miliolinella circularis_6_view4_stacked_tiff.png,train
Miliolinella circularis,6,4,data/train_images/S006_A180_Z0000_C00.tif,zstack_slice,0.0,data/train_images/Miliolinella circularis_6_view4_zstack_slice_z0000.png,train
Miliolinella circularis,6,4,data/train_images/S006_A180_Z0001_C00.tif,zstack_slice,1.0,data/train_images/Miliolinella circularis_6_view4_zstack_slice_z0001.png,train
Miliolinella circularis,6,4,data/train_images/S006_A180_Z0002_C00.tif,zstack_slice,2.0,data/train_images/Miliolinella circularis_6_view4_zstack_slice_z0002.png,train
Miliolinella circularis,6,4,data/train_images/S006_A180_Z0003_C00.tif,zstack_slice,3.0,data/train_images/Miliolinella circularis_6_view4_zstack_slice_z0003.png,train
Miliolinella circularis,6,4,data/train_images/S006_A180_Z0004_C00.tif,zstack_slice,4.0,data/train_images/Miliolinella circularis_6_view4_zstack_slice_z0004.png,train
Miliolinella circularis,6,4,data/train_images/S006_A180_Z0005_C00.tif,zstack_slice,5.0,data/train_images/Miliolinella circularis_6_view4_zstack_slice_z0005.png,train
Miliolinella circularis,6,4,data/train_images/S006_A180_Z0006_C00.tif,zstack_slice,6.0,data/train_images/Miliolinella circularis_6_view4_zstack_slice_z0006.png,train
Miliolinella circularis,6,4,data/train_images/S006_A180_Z0007_C00.tif,zstack_slice,7.0,data/train_images/Miliolinella circularis_6_view4_zstack_slice_z0007.png,train
Miliolinella circularis,6,4,data/train_images/S006_A180_Z0008_C00.tif,zstack_slice,8.0,data/train_images/Miliolinella circularis_6_view4_zstack_slice_z0008.png,train
Miliolinella circularis,6,4,data/train_images/S006_A180_Z0009_C00.tif,zstack_slice,9.0,data/train_images/Miliolinella circularis_6_view4_zstack_slice_z0009.png,train
Miliolinella circularis,6,4,data/train_images/S006_A180_Z0010_C00.tif,zstack_slice,10.0,data/train_images/Miliolinella circularis_6_view4_zstack_slice_z0010.png,train
Miliolinella circularis,6,4,data/train_images/S006_A180_Z0011_C00.tif,zstack_slice,11.0,data/train_images/Miliolinella circularis_6_view4_zstack_slice_z0011.png,train
Miliolinella circularis,6,4,data/train_images/S006_A180_Z0012_C00.tif,zstack_slice,12.0,data/train_images/Miliolinella circularis_6_view4_zstack_slice_z0012.png,train
Miliolinella circularis,6,4,data/train_images/S006_A180_Z0013_C00.tif,zstack_slice,13.0,data/train_images/Miliolinella circularis_6_view4_zstack_slice_z0013.png,train
Miliolinella circularis,6,4,data/train_images/S006_A180_Z0014_C00.tif,zstack_slice,14.0,data/train_images/Miliolinella circularis_6_view4_zstack_slice_z0014.png,train
Miliolinella circularis,6,4,data/train_images/S006_A180_Z0015_C00.tif,zstack_slice,15.0,data/train_images/Miliolinella circularis_6_view4_zstack_slice_z0015.png,train
Miliolinella circularis,6,4,data/train_images/S006_A180_Z0016_C00.tif,zstack_slice,16.0,data/train_images/Miliolinella circularis_6_view4_zstack_slice_z0016.png,train
Miliolinella circularis,6,4,data/train_images/S006_A180_Z0017_C00.tif,zstack_slice,17.0,data/train_images/Miliolinella circularis_6_view4_zstack_slice_z0017.png,train
Miliolinella circularis,6,4,data/train_images/S006_A180_Z0018_C00.tif,zstack_slice,18.0,data/train_images/Miliolinella circularis_6_view4_zstack_slice_z0018.png,train
Miliolinella circularis,6,4,data/train_images/S006_A180_Z0019_C00.tif,zstack_slice,19.0,data/train_images/Miliolinella circularis_6_view4_zstack_slice_z0019.png,train
Miliolinella circularis,6,4,data/train_images/S006_A180_Z0020_C00.tif,zstack_slice,20.0,data/train_images/Miliolinella circularis_6_view4_zstack_slice_z0020.png,train
Miliolinella circularis,6,4,data/train_images/S006_A180_Z0021_C00.tif,zstack_slice,21.0,data/train_images/Miliolinella circularis_6_view4_zstack_slice_z0021.png,train
Miliolinella circularis,6,4,data/train_images/S006_A180_Z0022_C00.tif,zstack_slice,22.0,data/train_images/Miliolinella circularis_6_view4_zstack_slice_z0022.png,train
Miliolinella circularis,6,4,data/train_images/S006_A180_Z0023_C00.tif,zstack_slice,23.0,data/train_images/Miliolinella circularis_6_view4_zstack_slice_z0023.png,train
Miliolinella circularis,6,4,data/train_images/S006_A180_Z0024_C00.tif,zstack_slice,24.0,data/train_images/Miliolinella circularis_6_view4_zstack_slice_z0024.png,train
Miliolinella circularis,6,4,data/train_images/S006_A180_Z0025_C00.tif,zstack_slice,25.0,data/train_images/Miliolinella circularis_6_view4_zstack_slice_z0025.png,train
Miliolinella circularis,6,4,data/train_images/S006_A180_Z0026_C00.tif,zstack_slice,26.0,data/train_images/Miliolinella circularis_6_view4_zstack_slice_z0026.png,train
Miliolinella circularis,6,4,data/train_images/S006_A180_Z0027_C00.tif,zstack_slice,27.0,data/train_images/Miliolinella circularis_6_view4_zstack_slice_z0027.png,train
Miliolinella circularis,6,4,data/train_images/S006_A180_Z0028_C00.tif,zstack_slice,28.0,data/train_images/Miliolinella circularis_6_view4_zstack_slice_z0028.png,train
Miliolinella circularis,6,4,data/train_images/S006_A180_Z0029_C00.tif,zstack_slice,29.0,data/train_images/Miliolinella circularis_6_view4_zstack_slice_z0029.png,train
Miliolinella circularis,6,4,data/train_images/S006_A180_Z0030_C00.tif,zstack_slice,30.0,data/train_images/Miliolinella circularis_6_view4_zstack_slice_z0030.png,train
Miliolinella circularis,6,4,data/train_images/S006_A180_Z0031_C00.tif,zstack_slice,31.0,data/train_images/Miliolinella circularis_6_view4_zstack_slice_z0031.png,train
Miliolinella circularis,6,4,data/train_images/S006_A180_Z0032_C00.tif,zstack_slice,32.0,data/train_images/Miliolinella circularis_6_view4_zstack_slice_z0032.png,train
Miliolinella circularis,6,4,data/train_images/S006_A180_Z0033_C00.tif,zstack_slice,33.0,data/train_images/Miliolinella circularis_6_view4_zstack_slice_z0033.png,train
Miliolinella circularis,6,4,data/train_images/S006_A180_Z0034_C00.tif,zstack_slice,34.0,data/train_images/Miliolinella circularis_6_view4_zstack_slice_z0034.png,train
Miliolinella circularis,6,4,data/train_images/S006_A180_Z0035_C00.tif,zstack_slice,35.0,data/train_images/Miliolinella circularis_6_view4_zstack_slice_z0035.png,train
Miliolinella circularis,6,4,data/train_images/S006_A180_Z0036_C00.tif,zstack_slice,36.0,data/train_images/Miliolinella circularis_6_view4_zstack_slice_z0036.png,train
Miliolinella circularis,6,4,data/train_images/S006_A180_Z0037_C00.tif,zstack_slice,37.0,data/train_images/Miliolinella circularis_6_view4_zstack_slice_z0037.png,train
Miliolinella circularis,6,4,data/train_images/S006_A180_Z0038_C00.tif,zstack_slice,38.0,data/train_images/Miliolinella circularis_6_view4_zstack_slice_z0038.png,train
Miliolinella circularis,6,4,data/train_images/S006_A180_Z0039_C00.tif,zstack_slice,39.0,data/train_images/Miliolinella circularis_6_view4_zstack_slice_z0039.png,train
Miliolinella circularis,6,4,data/train_images/S006_A180_Z0040_C00.tif,zstack_slice,40.0,data/train_images/Miliolinella circularis_6_view4_zstack_slice_z0040.png,train
Miliolinella circularis,6,4,data/train_images/S006_A180_Z0041_C00.tif,zstack_slice,41.0,data/train_images/Miliolinella circularis_6_view4_zstack_slice_z0041.png,train
Miliolinella circularis,6,4,data/train_images/S006_A180_Z0042_C00.tif,zstack_slice,42.0,data/train_images/Miliolinella circularis_6_view4_zstack_slice_z0042.png,train
Miliolinella circularis,6,4,data/train_images/S006_A180_Z0043_C00.tif,zstack_slice,43.0,data/train_images/Miliolinella circularis_6_view4_zstack_slice_z0043.png,train
Miliolinella circularis,6,4,data/train_images/S006_A180_Z0044_C00.tif,zstack_slice,44.0,data/train_images/Miliolinella circularis_6_view4_zstack_slice_z0044.png,train
Miliolinella circularis,6,4,data/train_images/S006_A180_Z0045_C00.tif,zstack_slice,45.0,data/train_images/Miliolinella circularis_6_view4_zstack_slice_z0045.png,train
Miliolinella circularis,6,4,data/train_images/S006_A180_Z0046_C00.tif,zstack_slice,46.0,data/train_images/Miliolinella circularis_6_view4_zstack_slice_z0046.png,train
Miliolinella circularis,6,4,data/train_images/S006_A180_Z0047_C00.tif,zstack_slice,47.0,data/train_images/Miliolinella circularis_6_view4_zstack_slice_z0047.png,train
Miliolinella circularis,6,4,data/train_images/S006_A180_Z0048_C00.tif,zstack_slice,48.0,data/train_images/Miliolinella circularis_6_view4_zstack_slice_z0048.png,train
Miliolinella circularis,6,4,data/train_images/S006_A180_Z0049_C00.tif,zstack_slice,49.0,data/train_images/Miliolinella circularis_6_view4_zstack_slice_z0049.png,train
Miliolinella circularis,6,4,data/train_images/S006_A180_Z0050_C00.tif,zstack_slice,50.0,data/train_images/Miliolinella circularis_6_view4_zstack_slice_z0050.png,train
Miliolinella circularis,6,4,data/train_images/S006_A180_Z0051_C00.tif,zstack_slice,51.0,data/train_images/Miliolinella circularis_6_view4_zstack_slice_z0051.png,train
Miliolinella circularis,6,4,data/train_images/S006_A180_Z0052_C00.tif,zstack_slice,52.0,data/train_images/Miliolinella circularis_6_view4_zstack_slice_z0052.png,train
Miliolinella circularis,6,4,data/train_images/S006_A180_Z0053_C00.tif,zstack_slice,53.0,data/train_images/Miliolinella circularis_6_view4_zstack_slice_z0053.png,train
Miliolinella circularis,6,4,data/train_images/S006_A180_Z0054_C00.tif,zstack_slice,54.0,data/train_images/Miliolinella circularis_6_view4_zstack_slice_z0054.png,train
Miliolinella circularis,6,4,data/train_images/S006_A180_Z0055_C00.tif,zstack_slice,55.0,data/train_images/Miliolinella circularis_6_view4_zstack_slice_z0055.png,train
Miliolinella circularis,6,4,data/train_images/S006_A180_Z0056_C00.tif,zstack_slice,56.0,data/train_images/Miliolinella circularis_6_view4_zstack_slice_z0056.png,train
Miliolinella circularis,6,4,data/train_images/S006_A180_Z0057_C00.tif,zstack_slice,57.0,data/train_images/Miliolinella circularis_6_view4_zstack_slice_z0057.png,train
Miliolinella circularis,6,4,data/train_images/S006_A180_Z0058_C00.tif,zstack_slice,58.0,data/train_images/Miliolinella circularis_6_view4_zstack_slice_z0058.png,train
Miliolinella circularis,6,4,data/train_images/S006_A180_Z0059_C00.tif,zstack_slice,59.0,data/train_images/Miliolinella circularis_6_view4_zstack_slice_z0059.png,train
Miliolinella circularis,6,4,data/train_images/S006_A180_Z0060_C00.tif,zstack_slice,60.0,data/train_images/Miliolinella circularis_6_view4_zstack_slice_z0060.png,train
Miliolinella circularis,6,4,data/train_images/S006_A180_Z0061_C00.tif,zstack_slice,61.0,data/train_images/Miliolinella circularis_6_view4_zstack_slice_z0061.png,train
Miliolinella circularis,6,4,data/train_images/S006_A180_Z0062_C00.tif,zstack_slice,62.0,data/train_images/Miliolinella circularis_6_view4_zstack_slice_z0062.png,train
Miliolinella circularis,6,4,data/train_images/S006_A180_Z0063_C00.tif,zstack_slice,63.0,data/train_images/Miliolinella circularis_6_view4_zstack_slice_z0063.png,train
Miliolinella circularis,6,4,data/train_images/S006_A180_Z0064_C00.tif,zstack_slice,64.0,data/train_images/Miliolinella circularis_6_view4_zstack_slice_z0064.png,train
Miliolinella circularis,6,4,data/train_images/S006_A180_Z0065_C00.tif,zstack_slice,65.0,data/train_images/Miliolinella circularis_6_view4_zstack_slice_z0065.png,train
Miliolinella circularis,6,4,data/train_images/S006_A180_Z0066_C00.tif,zstack_slice,66.0,data/train_images/Miliolinella circularis_6_view4_zstack_slice_z0066.png,train
Miliolinella circularis,6,4,data/train_images/S006_A180_Z0067_C00.tif,zstack_slice,67.0,data/train_images/Miliolinella circularis_6_view4_zstack_slice_z0067.png,train
Miliolinella circularis,6,4,data/train_images/S006_A180_Z0068_C00.tif,zstack_slice,68.0,data/train_images/Miliolinella circularis_6_view4_zstack_slice_z0068.png,train
Miliolinella circularis,6,4,data/train_images/S006_A180_Z0069_C00.tif,zstack_slice,69.0,data/train_images/Miliolinella circularis_6_view4_zstack_slice_z0069.png,train
Miliolinella circularis,6,4,data/train_images/S006_A180_Z0070_C00.tif,zstack_slice,70.0,data/train_images/Miliolinella circularis_6_view4_zstack_slice_z0070.png,train
Miliolinella circularis,6,4,data/train_images/S006_A180_Z0071_C00.tif,zstack_slice,71.0,data/train_images/Miliolinella circularis_6_view4_zstack_slice_z0071.png,train
Miliolinella circularis,6,4,data/train_images/S006_A180_Z0072_C00.tif,zstack_slice,72.0,data/train_images/Miliolinella circularis_6_view4_zstack_slice_z0072.png,train
Miliolinella circularis,6,4,data/train_images/S006_A180_Z0073_C00.tif,zstack_slice,73.0,data/train_images/Miliolinella circularis_6_view4_zstack_slice_z0073.png,train
Miliolinella circularis,6,4,data/train_images/S006_A180_Z0074_C00.tif,zstack_slice,74.0,data/train_images/Miliolinella circularis_6_view4_zstack_slice_z0074.png,train
Miliolinella circularis,6,4,data/train_images/S006_A180_Z0075_C00.tif,zstack_slice,75.0,data/train_images/Miliolinella circularis_6_view4_zstack_slice_z0075.png,train
Miliolinella circularis,6,4,data/train_images/S006_A180_Z0076_C00.tif,zstack_slice,76.0,data/train_images/Miliolinella circularis_6_view4_zstack_slice_z0076.png,train
Miliolinella circularis,6,4,data/train_images/S006_A180_Z0077_C00.tif,zstack_slice,77.0,data/train_images/Miliolinella circularis_6_view4_zstack_slice_z0077.png,train
Miliolinella circularis,6,4,data/train_images/S006_A180_Z0078_C00.tif,zstack_slice,78.0,data/train_images/Miliolinella circularis_6_view4_zstack_slice_z0078.png,train
Miliolinella circularis,6,4,data/train_images/S006_A180_Z0079_C00.tif,zstack_slice,79.0,data/train_images/Miliolinella circularis_6_view4_zstack_slice_z0079.png,train
Miliolinella circularis,6,4,data/train_images/S006_A180_Z0080_C00.tif,zstack_slice,80.0,data/train_images/Miliolinella circularis_6_view4_zstack_slice_z0080.png,train
Miliolinella circularis,6,4,data/train_images/S006_A180_Z0081_C00.tif,zstack_slice,81.0,data/train_images/Miliolinella circularis_6_view4_zstack_slice_z0081.png,train
Miliolinella circularis,6,4,data/train_images/S006_A180_Z0082_C00.tif,zstack_slice,82.0,data/train_images/Miliolinella circularis_6_view4_zstack_slice_z0082.png,train
Miliolinella circularis,6,4,data/train_images/S006_A180_Z0083_C00.tif,zstack_slice,83.0,data/train_images/Miliolinella circularis_6_view4_zstack_slice_z0083.png,train
Miliolinella circularis,6,4,data/train_images/S006_A180_Z0084_C00.tif,zstack_slice,84.0,data/train_images/Miliolinella circularis_6_view4_zstack_slice_z0084.png,train
Miliolinella circularis,6,4,data/train_images/S006_A180_Z0085_C00.tif,zstack_slice,85.0,data/train_images/Miliolinella circularis_6_view4_zstack_slice_z0085.png,train
Miliolinella circularis,6,4,data/train_images/S006_A180_Z0086_C00.tif,zstack_slice,86.0,data/train_images/Miliolinella circularis_6_view4_zstack_slice_z0086.png,train
Miliolinella circularis,6,4,data/train_images/S006_A180_Z0087_C00.tif,zstack_slice,87.0,data/train_images/Miliolinella circularis_6_view4_zstack_slice_z0087.png,train
Miliolinella circularis,6,4,data/train_images/S006_A180_Z0088_C00.tif,zstack_slice,88.0,data/train_images/Miliolinella circularis_6_view4_zstack_slice_z0088.png,train
Miliolinella circularis,6,4,data/train_images/S006_A180_Z0089_C00.tif,zstack_slice,89.0,data/train_images/Miliolinella circularis_6_view4_zstack_slice_z0089.png,train
Miliolinella circularis,6,4,data/train_images/S006_A180_Z0090_C00.tif,zstack_slice,90.0,data/train_images/Miliolinella circularis_6_view4_zstack_slice_z0090.png,train
Miliolinella circularis,6,4,data/train_images/S006_A180_Z0091_C00.tif,zstack_slice,91.0,data/train_images/Miliolinella circularis_6_view4_zstack_slice_z0091.png,train
Miliolinella circularis,6,4,data/train_images/S006_A180_Z0092_C00.tif,zstack_slice,92.0,data/train_images/Miliolinella circularis_6_view4_zstack_slice_z0092.png,train
Miliolinella circularis,6,4,data/train_images/S006_A180_Z0093_C00.tif,zstack_slice,93.0,data/train_images/Miliolinella circularis_6_view4_zstack_slice_z0093.png,train
Miliolinella circularis,6,4,data/train_images/S006_A180_Z0094_C00.tif,zstack_slice,94.0,data/train_images/Miliolinella circularis_6_view4_zstack_slice_z0094.png,train
Miliolinella circularis,6,4,data/train_images/S006_A180_Z0095_C00.tif,zstack_slice,95.0,data/train_images/Miliolinella circularis_6_view4_zstack_slice_z0095.png,train
Miliolinella circularis,6,4,data/train_images/S006_A180_Z0096_C00.tif,zstack_slice,96.0,data/train_images/Miliolinella circularis_6_view4_zstack_slice_z0096.png,train
Miliolinella circularis,6,5,data/train_images/Miliolinella circularis_6_view5_gif_original.png,gif_original,,data/train_images/Miliolinella circularis_6_view5_gif_original.png,train
Miliolinella circularis,6,5,data/train_images/S006_A240_stacked.tif,stacked_tiff,,data/train_images/Miliolinella circularis_6_view5_stacked_tiff.png,train
Miliolinella circularis,6,5,data/train_images/S006_A240_Z0000_C00.tif,zstack_slice,0.0,data/train_images/Miliolinella circularis_6_view5_zstack_slice_z0000.png,train
Miliolinella circularis,6,5,data/train_images/S006_A240_Z0001_C00.tif,zstack_slice,1.0,data/train_images/Miliolinella circularis_6_view5_zstack_slice_z0001.png,train
Miliolinella circularis,6,5,data/train_images/S006_A240_Z0002_C00.tif,zstack_slice,2.0,data/train_images/Miliolinella circularis_6_view5_zstack_slice_z0002.png,train
Miliolinella circularis,6,5,data/train_images/S006_A240_Z0003_C00.tif,zstack_slice,3.0,data/train_images/Miliolinella circularis_6_view5_zstack_slice_z0003.png,train
Miliolinella circularis,6,5,data/train_images/S006_A240_Z0004_C00.tif,zstack_slice,4.0,data/train_images/Miliolinella circularis_6_view5_zstack_slice_z0004.png,train
Miliolinella circularis,6,5,data/train_images/S006_A240_Z0005_C00.tif,zstack_slice,5.0,data/train_images/Miliolinella circularis_6_view5_zstack_slice_z0005.png,train
Miliolinella circularis,6,5,data/train_images/S006_A240_Z0006_C00.tif,zstack_slice,6.0,data/train_images/Miliolinella circularis_6_view5_zstack_slice_z0006.png,train
Miliolinella circularis,6,5,data/train_images/S006_A240_Z0007_C00.tif,zstack_slice,7.0,data/train_images/Miliolinella circularis_6_view5_zstack_slice_z0007.png,train
Miliolinella circularis,6,5,data/train_images/S006_A240_Z0008_C00.tif,zstack_slice,8.0,data/train_images/Miliolinella circularis_6_view5_zstack_slice_z0008.png,train
Miliolinella circularis,6,5,data/train_images/S006_A240_Z0009_C00.tif,zstack_slice,9.0,data/train_images/Miliolinella circularis_6_view5_zstack_slice_z0009.png,train
Miliolinella circularis,6,5,data/train_images/S006_A240_Z0010_C00.tif,zstack_slice,10.0,data/train_images/Miliolinella circularis_6_view5_zstack_slice_z0010.png,train
Miliolinella circularis,6,5,data/train_images/S006_A240_Z0011_C00.tif,zstack_slice,11.0,data/train_images/Miliolinella circularis_6_view5_zstack_slice_z0011.png,train
Miliolinella circularis,6,5,data/train_images/S006_A240_Z0012_C00.tif,zstack_slice,12.0,data/train_images/Miliolinella circularis_6_view5_zstack_slice_z0012.png,train
Miliolinella circularis,6,5,data/train_images/S006_A240_Z0013_C00.tif,zstack_slice,13.0,data/train_images/Miliolinella circularis_6_view5_zstack_slice_z0013.png,train
Miliolinella circularis,6,5,data/train_images/S006_A240_Z0014_C00.tif,zstack_slice,14.0,data/train_images/Miliolinella circularis_6_view5_zstack_slice_z0014.png,train
Miliolinella circularis,6,5,data/train_images/S006_A240_Z0015_C00.tif,zstack_slice,15.0,data/train_images/Miliolinella circularis_6_view5_zstack_slice_z0015.png,train
Miliolinella circularis,6,5,data/train_images/S006_A240_Z0016_C00.tif,zstack_slice,16.0,data/train_images/Miliolinella circularis_6_view5_zstack_slice_z0016.png,train
Miliolinella circularis,6,5,data/train_images/S006_A240_Z0017_C00.tif,zstack_slice,17.0,data/train_images/Miliolinella circularis_6_view5_zstack_slice_z0017.png,train
Miliolinella circularis,6,5,data/train_images/S006_A240_Z0018_C00.tif,zstack_slice,18.0,data/train_images/Miliolinella circularis_6_view5_zstack_slice_z0018.png,train
Miliolinella circularis,6,5,data/train_images/S006_A240_Z0019_C00.tif,zstack_slice,19.0,data/train_images/Miliolinella circularis_6_view5_zstack_slice_z0019.png,train
Miliolinella circularis,6,5,data/train_images/S006_A240_Z0020_C00.tif,zstack_slice,20.0,data/train_images/Miliolinella circularis_6_view5_zstack_slice_z0020.png,train
Miliolinella circularis,6,5,data/train_images/S006_A240_Z0021_C00.tif,zstack_slice,21.0,data/train_images/Miliolinella circularis_6_view5_zstack_slice_z0021.png,train
Miliolinella circularis,6,5,data/train_images/S006_A240_Z0022_C00.tif,zstack_slice,22.0,data/train_images/Miliolinella circularis_6_view5_zstack_slice_z0022.png,train
Miliolinella circularis,6,5,data/train_images/S006_A240_Z0023_C00.tif,zstack_slice,23.0,data/train_images/Miliolinella circularis_6_view5_zstack_slice_z0023.png,train
Miliolinella circularis,6,5,data/train_images/S006_A240_Z0024_C00.tif,zstack_slice,24.0,data/train_images/Miliolinella circularis_6_view5_zstack_slice_z0024.png,train
Miliolinella circularis,6,5,data/train_images/S006_A240_Z0025_C00.tif,zstack_slice,25.0,data/train_images/Miliolinella circularis_6_view5_zstack_slice_z0025.png,train
Miliolinella circularis,6,5,data/train_images/S006_A240_Z0026_C00.tif,zstack_slice,26.0,data/train_images/Miliolinella circularis_6_view5_zstack_slice_z0026.png,train
Miliolinella circularis,6,5,data/train_images/S006_A240_Z0027_C00.tif,zstack_slice,27.0,data/train_images/Miliolinella circularis_6_view5_zstack_slice_z0027.png,train
Miliolinella circularis,6,5,data/train_images/S006_A240_Z0028_C00.tif,zstack_slice,28.0,data/train_images/Miliolinella circularis_6_view5_zstack_slice_z0028.png,train
Miliolinella circularis,6,5,data/train_images/S006_A240_Z0029_C00.tif,zstack_slice,29.0,data/train_images/Miliolinella circularis_6_view5_zstack_slice_z0029.png,train
Miliolinella circularis,6,5,data/train_images/S006_A240_Z0030_C00.tif,zstack_slice,30.0,data/train_images/Miliolinella circularis_6_view5_zstack_slice_z0030.png,train
Miliolinella circularis,6,5,data/train_images/S006_A240_Z0031_C00.tif,zstack_slice,31.0,data/train_images/Miliolinella circularis_6_view5_zstack_slice_z0031.png,train
Miliolinella circularis,6,5,data/train_images/S006_A240_Z0032_C00.tif,zstack_slice,32.0,data/train_images/Miliolinella circularis_6_view5_zstack_slice_z0032.png,train
Miliolinella circularis,6,5,data/train_images/S006_A240_Z0033_C00.tif,zstack_slice,33.0,data/train_images/Miliolinella circularis_6_view5_zstack_slice_z0033.png,train
Miliolinella circularis,6,5,data/train_images/S006_A240_Z0034_C00.tif,zstack_slice,34.0,data/train_images/Miliolinella circularis_6_view5_zstack_slice_z0034.png,train
Miliolinella circularis,6,5,data/train_images/S006_A240_Z0035_C00.tif,zstack_slice,35.0,data/train_images/Miliolinella circularis_6_view5_zstack_slice_z0035.png,train
Miliolinella circularis,6,5,data/train_images/S006_A240_Z0036_C00.tif,zstack_slice,36.0,data/train_images/Miliolinella circularis_6_view5_zstack_slice_z0036.png,train
Miliolinella circularis,6,5,data/train_images/S006_A240_Z0037_C00.tif,zstack_slice,37.0,data/train_images/Miliolinella circularis_6_view5_zstack_slice_z0037.png,train
Miliolinella circularis,6,5,data/train_images/S006_A240_Z0038_C00.tif,zstack_slice,38.0,data/train_images/Miliolinella circularis_6_view5_zstack_slice_z0038.png,train
Miliolinella circularis,6,5,data/train_images/S006_A240_Z0039_C00.tif,zstack_slice,39.0,data/train_images/Miliolinella circularis_6_view5_zstack_slice_z0039.png,train
Miliolinella circularis,6,5,data/train_images/S006_A240_Z0040_C00.tif,zstack_slice,40.0,data/train_images/Miliolinella circularis_6_view5_zstack_slice_z0040.png,train
Miliolinella circularis,6,5,data/train_images/S006_A240_Z0041_C00.tif,zstack_slice,41.0,data/train_images/Miliolinella circularis_6_view5_zstack_slice_z0041.png,train
Miliolinella circularis,6,5,data/train_images/S006_A240_Z0042_C00.tif,zstack_slice,42.0,data/train_images/Miliolinella circularis_6_view5_zstack_slice_z0042.png,train
Miliolinella circularis,6,5,data/train_images/S006_A240_Z0043_C00.tif,zstack_slice,43.0,data/train_images/Miliolinella circularis_6_view5_zstack_slice_z0043.png,train
Miliolinella circularis,6,5,data/train_images/S006_A240_Z0044_C00.tif,zstack_slice,44.0,data/train_images/Miliolinella circularis_6_view5_zstack_slice_z0044.png,train
Miliolinella circularis,6,5,data/train_images/S006_A240_Z0045_C00.tif,zstack_slice,45.0,data/train_images/Miliolinella circularis_6_view5_zstack_slice_z0045.png,train
Miliolinella circularis,6,5,data/train_images/S006_A240_Z0046_C00.tif,zstack_slice,46.0,data/train_images/Miliolinella circularis_6_view5_zstack_slice_z0046.png,train
Miliolinella circularis,6,5,data/train_images/S006_A240_Z0047_C00.tif,zstack_slice,47.0,data/train_images/Miliolinella circularis_6_view5_zstack_slice_z0047.png,train
Miliolinella circularis,6,5,data/train_images/S006_A240_Z0048_C00.tif,zstack_slice,48.0,data/train_images/Miliolinella circularis_6_view5_zstack_slice_z0048.png,train
Miliolinella circularis,6,5,data/train_images/S006_A240_Z0049_C00.tif,zstack_slice,49.0,data/train_images/Miliolinella circularis_6_view5_zstack_slice_z0049.png,train
Miliolinella circularis,6,5,data/train_images/S006_A240_Z0050_C00.tif,zstack_slice,50.0,data/train_images/Miliolinella circularis_6_view5_zstack_slice_z0050.png,train
Miliolinella circularis,6,5,data/train_images/S006_A240_Z0051_C00.tif,zstack_slice,51.0,data/train_images/Miliolinella circularis_6_view5_zstack_slice_z0051.png,train
Miliolinella circularis,6,5,data/train_images/S006_A240_Z0052_C00.tif,zstack_slice,52.0,data/train_images/Miliolinella circularis_6_view5_zstack_slice_z0052.png,train
Miliolinella circularis,6,5,data/train_images/S006_A240_Z0053_C00.tif,zstack_slice,53.0,data/train_images/Miliolinella circularis_6_view5_zstack_slice_z0053.png,train
Miliolinella circularis,6,5,data/train_images/S006_A240_Z0054_C00.tif,zstack_slice,54.0,data/train_images/Miliolinella circularis_6_view5_zstack_slice_z0054.png,train
Miliolinella circularis,6,5,data/train_images/S006_A240_Z0055_C00.tif,zstack_slice,55.0,data/train_images/Miliolinella circularis_6_view5_zstack_slice_z0055.png,train
Miliolinella circularis,6,5,data/train_images/S006_A240_Z0056_C00.tif,zstack_slice,56.0,data/train_images/Miliolinella circularis_6_view5_zstack_slice_z0056.png,train
Miliolinella circularis,6,5,data/train_images/S006_A240_Z0057_C00.tif,zstack_slice,57.0,data/train_images/Miliolinella circularis_6_view5_zstack_slice_z0057.png,train
Miliolinella circularis,6,5,data/train_images/S006_A240_Z0058_C00.tif,zstack_slice,58.0,data/train_images/Miliolinella circularis_6_view5_zstack_slice_z0058.png,train
Miliolinella circularis,6,5,data/train_images/S006_A240_Z0059_C00.tif,zstack_slice,59.0,data/train_images/Miliolinella circularis_6_view5_zstack_slice_z0059.png,train
Miliolinella circularis,6,5,data/train_images/S006_A240_Z0060_C00.tif,zstack_slice,60.0,data/train_images/Miliolinella circularis_6_view5_zstack_slice_z0060.png,train
Miliolinella circularis,6,5,data/train_images/S006_A240_Z0061_C00.tif,zstack_slice,61.0,data/train_images/Miliolinella circularis_6_view5_zstack_slice_z0061.png,train
Miliolinella circularis,6,5,data/train_images/S006_A240_Z0062_C00.tif,zstack_slice,62.0,data/train_images/Miliolinella circularis_6_view5_zstack_slice_z0062.png,train
Miliolinella circularis,6,5,data/train_images/S006_A240_Z0063_C00.tif,zstack_slice,63.0,data/train_images/Miliolinella circularis_6_view5_zstack_slice_z0063.png,train
Miliolinella circularis,6,5,data/train_images/S006_A240_Z0064_C00.tif,zstack_slice,64.0,data/train_images/Miliolinella circularis_6_view5_zstack_slice_z0064.png,train
Miliolinella circularis,6,5,data/train_images/S006_A240_Z0065_C00.tif,zstack_slice,65.0,data/train_images/Miliolinella circularis_6_view5_zstack_slice_z0065.png,train
Neorotalia calcar,26,1,data/train_images/S026_A000_stacked.tif,stacked_tiff,,data/train_images/Neorotalia calcar_26_view1_stacked_tiff.png,train
Neorotalia calcar,26,1,data/train_images/S026_A000_Z0000_C00.tif,zstack_slice,0.0,data/train_images/Neorotalia calcar_26_view1_zstack_slice_z0000.png,train
Neorotalia calcar,26,1,data/train_images/S026_A000_Z0001_C00.tif,zstack_slice,1.0,data/train_images/Neorotalia calcar_26_view1_zstack_slice_z0001.png,train
Neorotalia calcar,26,1,data/train_images/S026_A000_Z0002_C00.tif,zstack_slice,2.0,data/train_images/Neorotalia calcar_26_view1_zstack_slice_z0002.png,train
Neorotalia calcar,26,1,data/train_images/S026_A000_Z0003_C00.tif,zstack_slice,3.0,data/train_images/Neorotalia calcar_26_view1_zstack_slice_z0003.png,train
Neorotalia calcar,26,1,data/train_images/S026_A000_Z0004_C00.tif,zstack_slice,4.0,data/train_images/Neorotalia calcar_26_view1_zstack_slice_z0004.png,train
Neorotalia calcar,26,1,data/train_images/S026_A000_Z0005_C00.tif,zstack_slice,5.0,data/train_images/Neorotalia calcar_26_view1_zstack_slice_z0005.png,train
Neorotalia calcar,26,1,data/train_images/S026_A000_Z0006_C00.tif,zstack_slice,6.0,data/train_images/Neorotalia calcar_26_view1_zstack_slice_z0006.png,train
Neorotalia calcar,26,1,data/train_images/S026_A000_Z0007_C00.tif,zstack_slice,7.0,data/train_images/Neorotalia calcar_26_view1_zstack_slice_z0007.png,train
Neorotalia calcar,26,1,data/train_images/S026_A000_Z0008_C00.tif,zstack_slice,8.0,data/train_images/Neorotalia calcar_26_view1_zstack_slice_z0008.png,train
Neorotalia calcar,26,1,data/train_images/S026_A000_Z0009_C00.tif,zstack_slice,9.0,data/train_images/Neorotalia calcar_26_view1_zstack_slice_z0009.png,train
Neorotalia calcar,26,1,data/train_images/S026_A000_Z0010_C00.tif,zstack_slice,10.0,data/train_images/Neorotalia calcar_26_view1_zstack_slice_z0010.png,train
Neorotalia calcar,26,1,data/train_images/S026_A000_Z0011_C00.tif,zstack_slice,11.0,data/train_images/Neorotalia calcar_26_view1_zstack_slice_z0011.png,train
Neorotalia calcar,26,1,data/train_images/S026_A000_Z0012_C00.tif,zstack_slice,12.0,data/train_images/Neorotalia calcar_26_view1_zstack_slice_z0012.png,train
Neorotalia calcar,26,1,data/train_images/S026_A000_Z0013_C00.tif,zstack_slice,13.0,data/train_images/Neorotalia calcar_26_view1_zstack_slice_z0013.png,train
Neorotalia calcar,26,1,data/train_images/S026_A000_Z0014_C00.tif,zstack_slice,14.0,data/train_images/Neorotalia calcar_26_view1_zstack_slice_z0014.png,train
Neorotalia calcar,26,1,data/train_images/S026_A000_Z0015_C00.tif,zstack_slice,15.0,data/train_images/Neorotalia calcar_26_view1_zstack_slice_z0015.png,train
Neorotalia calcar,26,1,data/train_images/S026_A000_Z0016_C00.tif,zstack_slice,16.0,data/train_images/Neorotalia calcar_26_view1_zstack_slice_z0016.png,train
Neorotalia calcar,26,1,data/train_images/S026_A000_Z0017_C00.tif,zstack_slice,17.0,data/train_images/Neorotalia calcar_26_view1_zstack_slice_z0017.png,train
Neorotalia calcar,26,1,data/train_images/S026_A000_Z0018_C00.tif,zstack_slice,18.0,data/train_images/Neorotalia calcar_26_view1_zstack_slice_z0018.png,train
Neorotalia calcar,26,1,data/train_images/S026_A000_Z0019_C00.tif,zstack_slice,19.0,data/train_images/Neorotalia calcar_26_view1_zstack_slice_z0019.png,train
Neorotalia calcar,26,1,data/train_images/S026_A000_Z0020_C00.tif,zstack_slice,20.0,data/train_images/Neorotalia calcar_26_view1_zstack_slice_z0020.png,train
Neorotalia calcar,26,1,data/train_images/S026_A000_Z0021_C00.tif,zstack_slice,21.0,data/train_images/Neorotalia calcar_26_view1_zstack_slice_z0021.png,train
Neorotalia calcar,26,1,data/train_images/S026_A000_Z0022_C00.tif,zstack_slice,22.0,data/train_images/Neorotalia calcar_26_view1_zstack_slice_z0022.png,train
Neorotalia calcar,26,1,data/train_images/S026_A000_Z0023_C00.tif,zstack_slice,23.0,data/train_images/Neorotalia calcar_26_view1_zstack_slice_z0023.png,train
Neorotalia calcar,26,2,data/train_images/S026_A060_stacked.tif,stacked_tiff,,data/train_images/Neorotalia calcar_26_view2_stacked_tiff.png,train
Neorotalia calcar,26,2,data/train_images/S026_A060_Z0000_C00.tif,zstack_slice,0.0,data/train_images/Neorotalia calcar_26_view2_zstack_slice_z0000.png,train
Neorotalia calcar,26,2,data/train_images/S026_A060_Z0001_C00.tif,zstack_slice,1.0,data/train_images/Neorotalia calcar_26_view2_zstack_slice_z0001.png,train
Neorotalia calcar,26,2,data/train_images/S026_A060_Z0002_C00.tif,zstack_slice,2.0,data/train_images/Neorotalia calcar_26_view2_zstack_slice_z0002.png,train
Neorotalia calcar,26,2,data/train_images/S026_A060_Z0003_C00.tif,zstack_slice,3.0,data/train_images/Neorotalia calcar_26_view2_zstack_slice_z0003.png,train
Neorotalia calcar,26,2,data/train_images/S026_A060_Z0004_C00.tif,zstack_slice,4.0,data/train_images/Neorotalia calcar_26_view2_zstack_slice_z0004.png,train
Neorotalia calcar,26,2,data/train_images/S026_A060_Z0005_C00.tif,zstack_slice,5.0,data/train_images/Neorotalia calcar_26_view2_zstack_slice_z0005.png,train
Neorotalia calcar,26,2,data/train_images/S026_A060_Z0006_C00.tif,zstack_slice,6.0,data/train_images/Neorotalia calcar_26_view2_zstack_slice_z0006.png,train
Neorotalia calcar,26,2,data/train_images/S026_A060_Z0007_C00.tif,zstack_slice,7.0,data/train_images/Neorotalia calcar_26_view2_zstack_slice_z0007.png,train
Neorotalia calcar,26,2,data/train_images/S026_A060_Z0008_C00.tif,zstack_slice,8.0,data/train_images/Neorotalia calcar_26_view2_zstack_slice_z0008.png,train
Neorotalia calcar,26,2,data/train_images/S026_A060_Z0009_C00.tif,zstack_slice,9.0,data/train_images/Neorotalia calcar_26_view2_zstack_slice_z0009.png,train
Neorotalia calcar,26,2,data/train_images/S026_A060_Z0010_C00.tif,zstack_slice,10.0,data/train_images/Neorotalia calcar_26_view2_zstack_slice_z0010.png,train
Neorotalia calcar,26,2,data/train_images/S026_A060_Z0011_C00.tif,zstack_slice,11.0,data/train_images/Neorotalia calcar_26_view2_zstack_slice_z0011.png,train
Neorotalia calcar,26,2,data/train_images/S026_A060_Z0012_C00.tif,zstack_slice,12.0,data/train_images/Neorotalia calcar_26_view2_zstack_slice_z0012.png,train
Neorotalia calcar,26,2,data/train_images/S026_A060_Z0013_C00.tif,zstack_slice,13.0,data/train_images/Neorotalia calcar_26_view2_zstack_slice_z0013.png,train
Neorotalia calcar,26,2,data/train_images/S026_A060_Z0014_C00.tif,zstack_slice,14.0,data/train_images/Neorotalia calcar_26_view2_zstack_slice_z0014.png,train
Neorotalia calcar,26,2,data/train_images/S026_A060_Z0015_C00.tif,zstack_slice,15.0,data/train_images/Neorotalia calcar_26_view2_zstack_slice_z0015.png,train
Neorotalia calcar,26,2,data/train_images/S026_A060_Z0016_C00.tif,zstack_slice,16.0,data/train_images/Neorotalia calcar_26_view2_zstack_slice_z0016.png,train
Neorotalia calcar,26,2,data/train_images/S026_A060_Z0017_C00.tif,zstack_slice,17.0,data/train_images/Neorotalia calcar_26_view2_zstack_slice_z0017.png,train
Neorotalia calcar,26,2,data/train_images/S026_A060_Z0018_C00.tif,zstack_slice,18.0,data/train_images/Neorotalia calcar_26_view2_zstack_slice_z0018.png,train
Neorotalia calcar,26,2,data/train_images/S026_A060_Z0019_C00.tif,zstack_slice,19.0,data/train_images/Neorotalia calcar_26_view2_zstack_slice_z0019.png,train
Neorotalia calcar,26,2,data/train_images/S026_A060_Z0020_C00.tif,zstack_slice,20.0,data/train_images/Neorotalia calcar_26_view2_zstack_slice_z0020.png,train
Neorotalia calcar,26,2,data/train_images/S026_A060_Z0021_C00.tif,zstack_slice,21.0,data/train_images/Neorotalia calcar_26_view2_zstack_slice_z0021.png,train
Neorotalia calcar,26,2,data/train_images/S026_A060_Z0022_C00.tif,zstack_slice,22.0,data/train_images/Neorotalia calcar_26_view2_zstack_slice_z0022.png,train
Neorotalia calcar,26,2,data/train_images/S026_A060_Z0023_C00.tif,zstack_slice,23.0,data/train_images/Neorotalia calcar_26_view2_zstack_slice_z0023.png,train
Neorotalia calcar,26,2,data/train_images/S026_A060_Z0024_C00.tif,zstack_slice,24.0,data/train_images/Neorotalia calcar_26_view2_zstack_slice_z0024.png,train
Neorotalia calcar,26,2,data/train_images/S026_A060_Z0025_C00.tif,zstack_slice,25.0,data/train_images/Neorotalia calcar_26_view2_zstack_slice_z0025.png,train
Neorotalia calcar,26,2,data/train_images/S026_A060_Z0026_C00.tif,zstack_slice,26.0,data/train_images/Neorotalia calcar_26_view2_zstack_slice_z0026.png,train
Neorotalia calcar,26,2,data/train_images/S026_A060_Z0027_C00.tif,zstack_slice,27.0,data/train_images/Neorotalia calcar_26_view2_zstack_slice_z0027.png,train
Neorotalia calcar,26,2,data/train_images/S026_A060_Z0028_C00.tif,zstack_slice,28.0,data/train_images/Neorotalia calcar_26_view2_zstack_slice_z0028.png,train
Neorotalia calcar,26,2,data/train_images/S026_A060_Z0029_C00.tif,zstack_slice,29.0,data/train_images/Neorotalia calcar_26_view2_zstack_slice_z0029.png,train
Neorotalia calcar,26,2,data/train_images/S026_A060_Z0030_C00.tif,zstack_slice,30.0,data/train_images/Neorotalia calcar_26_view2_zstack_slice_z0030.png,train
Neorotalia calcar,26,2,data/train_images/S026_A060_Z0031_C00.tif,zstack_slice,31.0,data/train_images/Neorotalia calcar_26_view2_zstack_slice_z0031.png,train
Neorotalia calcar,26,2,data/train_images/S026_A060_Z0032_C00.tif,zstack_slice,32.0,data/train_images/Neorotalia calcar_26_view2_zstack_slice_z0032.png,train
Neorotalia calcar,26,2,data/train_images/S026_A060_Z0033_C00.tif,zstack_slice,33.0,data/train_images/Neorotalia calcar_26_view2_zstack_slice_z0033.png,train
Neorotalia calcar,26,2,data/train_images/S026_A060_Z0034_C00.tif,zstack_slice,34.0,data/train_images/Neorotalia calcar_26_view2_zstack_slice_z0034.png,train
Neorotalia calcar,26,2,data/train_images/S026_A060_Z0035_C00.tif,zstack_slice,35.0,data/train_images/Neorotalia calcar_26_view2_zstack_slice_z0035.png,train
Neorotalia calcar,26,2,data/train_images/S026_A060_Z0036_C00.tif,zstack_slice,36.0,data/train_images/Neorotalia calcar_26_view2_zstack_slice_z0036.png,train
Neorotalia calcar,26,2,data/train_images/S026_A060_Z0037_C00.tif,zstack_slice,37.0,data/train_images/Neorotalia calcar_26_view2_zstack_slice_z0037.png,train
Neorotalia calcar,26,2,data/train_images/S026_A060_Z0038_C00.tif,zstack_slice,38.0,data/train_images/Neorotalia calcar_26_view2_zstack_slice_z0038.png,train
Neorotalia calcar,26,2,data/train_images/S026_A060_Z0039_C00.tif,zstack_slice,39.0,data/train_images/Neorotalia calcar_26_view2_zstack_slice_z0039.png,train
Neorotalia calcar,26,2,data/train_images/S026_A060_Z0040_C00.tif,zstack_slice,40.0,data/train_images/Neorotalia calcar_26_view2_zstack_slice_z0040.png,train
Neorotalia calcar,26,2,data/train_images/S026_A060_Z0041_C00.tif,zstack_slice,41.0,data/train_images/Neorotalia calcar_26_view2_zstack_slice_z0041.png,train
Neorotalia calcar,26,2,data/train_images/S026_A060_Z0042_C00.tif,zstack_slice,42.0,data/train_images/Neorotalia calcar_26_view2_zstack_slice_z0042.png,train
Neorotalia calcar,26,2,data/train_images/S026_A060_Z0043_C00.tif,zstack_slice,43.0,data/train_images/Neorotalia calcar_26_view2_zstack_slice_z0043.png,train
Neorotalia calcar,26,2,data/train_images/S026_A060_Z0044_C00.tif,zstack_slice,44.0,data/train_images/Neorotalia calcar_26_view2_zstack_slice_z0044.png,train
Neorotalia calcar,26,2,data/train_images/S026_A060_Z0045_C00.tif,zstack_slice,45.0,data/train_images/Neorotalia calcar_26_view2_zstack_slice_z0045.png,train
Neorotalia calcar,26,2,data/train_images/S026_A060_Z0046_C00.tif,zstack_slice,46.0,data/train_images/Neorotalia calcar_26_view2_zstack_slice_z0046.png,train
Neorotalia calcar,26,2,data/train_images/S026_A060_Z0047_C00.tif,zstack_slice,47.0,data/train_images/Neorotalia calcar_26_view2_zstack_slice_z0047.png,train
Neorotalia calcar,26,2,data/train_images/S026_A060_Z0048_C00.tif,zstack_slice,48.0,data/train_images/Neorotalia calcar_26_view2_zstack_slice_z0048.png,train
Neorotalia calcar,26,2,data/train_images/S026_A060_Z0049_C00.tif,zstack_slice,49.0,data/train_images/Neorotalia calcar_26_view2_zstack_slice_z0049.png,train
Neorotalia calcar,26,2,data/train_images/S026_A060_Z0050_C00.tif,zstack_slice,50.0,data/train_images/Neorotalia calcar_26_view2_zstack_slice_z0050.png,train
Neorotalia calcar,26,2,data/train_images/S026_A060_Z0051_C00.tif,zstack_slice,51.0,data/train_images/Neorotalia calcar_26_view2_zstack_slice_z0051.png,train
Neorotalia calcar,26,2,data/train_images/S026_A060_Z0052_C00.tif,zstack_slice,52.0,data/train_images/Neorotalia calcar_26_view2_zstack_slice_z0052.png,train
Neorotalia calcar,26,2,data/train_images/S026_A060_Z0053_C00.tif,zstack_slice,53.0,data/train_images/Neorotalia calcar_26_view2_zstack_slice_z0053.png,train
Neorotalia calcar,26,2,data/train_images/S026_A060_Z0054_C00.tif,zstack_slice,54.0,data/train_images/Neorotalia calcar_26_view2_zstack_slice_z0054.png,train
Neorotalia calcar,26,2,data/train_images/S026_A060_Z0055_C00.tif,zstack_slice,55.0,data/train_images/Neorotalia calcar_26_view2_zstack_slice_z0055.png,train
Neorotalia calcar,26,2,data/train_images/S026_A060_Z0056_C00.tif,zstack_slice,56.0,data/train_images/Neorotalia calcar_26_view2_zstack_slice_z0056.png,train
Neorotalia calcar,26,2,data/train_images/S026_A060_Z0057_C00.tif,zstack_slice,57.0,data/train_images/Neorotalia calcar_26_view2_zstack_slice_z0057.png,train
Neorotalia calcar,26,2,data/train_images/S026_A060_Z0058_C00.tif,zstack_slice,58.0,data/train_images/Neorotalia calcar_26_view2_zstack_slice_z0058.png,train
Neorotalia calcar,26,2,data/train_images/S026_A060_Z0059_C00.tif,zstack_slice,59.0,data/train_images/Neorotalia calcar_26_view2_zstack_slice_z0059.png,train
Neorotalia calcar,26,2,data/train_images/S026_A060_Z0060_C00.tif,zstack_slice,60.0,data/train_images/Neorotalia calcar_26_view2_zstack_slice_z0060.png,train
Neorotalia calcar,26,2,data/train_images/S026_A060_Z0061_C00.tif,zstack_slice,61.0,data/train_images/Neorotalia calcar_26_view2_zstack_slice_z0061.png,train
Neorotalia calcar,26,2,data/train_images/S026_A060_Z0062_C00.tif,zstack_slice,62.0,data/train_images/Neorotalia calcar_26_view2_zstack_slice_z0062.png,train
Neorotalia calcar,26,2,data/train_images/S026_A060_Z0063_C00.tif,zstack_slice,63.0,data/train_images/Neorotalia calcar_26_view2_zstack_slice_z0063.png,train
Neorotalia calcar,26,5,data/train_images/S026_A240_stacked.tif,stacked_tiff,,data/train_images/Neorotalia calcar_26_view5_stacked_tiff.png,train
Neorotalia calcar,26,5,data/train_images/S026_A240_Z0000_C00.tif,zstack_slice,0.0,data/train_images/Neorotalia calcar_26_view5_zstack_slice_z0000.png,train
Neorotalia calcar,26,5,data/train_images/S026_A240_Z0001_C00.tif,zstack_slice,1.0,data/train_images/Neorotalia calcar_26_view5_zstack_slice_z0001.png,train
Neorotalia calcar,26,5,data/train_images/S026_A240_Z0002_C00.tif,zstack_slice,2.0,data/train_images/Neorotalia calcar_26_view5_zstack_slice_z0002.png,train
Neorotalia calcar,26,5,data/train_images/S026_A240_Z0003_C00.tif,zstack_slice,3.0,data/train_images/Neorotalia calcar_26_view5_zstack_slice_z0003.png,train
Neorotalia calcar,26,5,data/train_images/S026_A240_Z0004_C00.tif,zstack_slice,4.0,data/train_images/Neorotalia calcar_26_view5_zstack_slice_z0004.png,train
Neorotalia calcar,26,5,data/train_images/S026_A240_Z0005_C00.tif,zstack_slice,5.0,data/train_images/Neorotalia calcar_26_view5_zstack_slice_z0005.png,train
Neorotalia calcar,26,5,data/train_images/S026_A240_Z0006_C00.tif,zstack_slice,6.0,data/train_images/Neorotalia calcar_26_view5_zstack_slice_z0006.png,train
Neorotalia calcar,26,5,data/train_images/S026_A240_Z0007_C00.tif,zstack_slice,7.0,data/train_images/Neorotalia calcar_26_view5_zstack_slice_z0007.png,train
Neorotalia calcar,26,5,data/train_images/S026_A240_Z0008_C00.tif,zstack_slice,8.0,data/train_images/Neorotalia calcar_26_view5_zstack_slice_z0008.png,train
Neorotalia calcar,26,5,data/train_images/S026_A240_Z0009_C00.tif,zstack_slice,9.0,data/train_images/Neorotalia calcar_26_view5_zstack_slice_z0009.png,train
Neorotalia calcar,26,5,data/train_images/S026_A240_Z0010_C00.tif,zstack_slice,10.0,data/train_images/Neorotalia calcar_26_view5_zstack_slice_z0010.png,train
Neorotalia calcar,26,5,data/train_images/S026_A240_Z0011_C00.tif,zstack_slice,11.0,data/train_images/Neorotalia calcar_26_view5_zstack_slice_z0011.png,train
Neorotalia calcar,26,5,data/train_images/S026_A240_Z0012_C00.tif,zstack_slice,12.0,data/train_images/Neorotalia calcar_26_view5_zstack_slice_z0012.png,train
Neorotalia calcar,26,5,data/train_images/S026_A240_Z0013_C00.tif,zstack_slice,13.0,data/train_images/Neorotalia calcar_26_view5_zstack_slice_z0013.png,train
Neorotalia calcar,26,5,data/train_images/S026_A240_Z0014_C00.tif,zstack_slice,14.0,data/train_images/Neorotalia calcar_26_view5_zstack_slice_z0014.png,train
Neorotalia calcar,26,5,data/train_images/S026_A240_Z0015_C00.tif,zstack_slice,15.0,data/train_images/Neorotalia calcar_26_view5_zstack_slice_z0015.png,train
Neorotalia calcar,26,5,data/train_images/S026_A240_Z0016_C00.tif,zstack_slice,16.0,data/train_images/Neorotalia calcar_26_view5_zstack_slice_z0016.png,train
Neorotalia calcar,26,5,data/train_images/S026_A240_Z0017_C00.tif,zstack_slice,17.0,data/train_images/Neorotalia calcar_26_view5_zstack_slice_z0017.png,train
Neorotalia calcar,26,5,data/train_images/S026_A240_Z0018_C00.tif,zstack_slice,18.0,data/train_images/Neorotalia calcar_26_view5_zstack_slice_z0018.png,train
Neorotalia calcar,26,5,data/train_images/S026_A240_Z0019_C00.tif,zstack_slice,19.0,data/train_images/Neorotalia calcar_26_view5_zstack_slice_z0019.png,train
Neorotalia calcar,26,5,data/train_images/S026_A240_Z0020_C00.tif,zstack_slice,20.0,data/train_images/Neorotalia calcar_26_view5_zstack_slice_z0020.png,train
Neorotalia calcar,26,5,data/train_images/S026_A240_Z0021_C00.tif,zstack_slice,21.0,data/train_images/Neorotalia calcar_26_view5_zstack_slice_z0021.png,train
Neorotalia calcar,26,5,data/train_images/S026_A240_Z0022_C00.tif,zstack_slice,22.0,data/train_images/Neorotalia calcar_26_view5_zstack_slice_z0022.png,train
Neorotalia calcar,26,5,data/train_images/S026_A240_Z0023_C00.tif,zstack_slice,23.0,data/train_images/Neorotalia calcar_26_view5_zstack_slice_z0023.png,train
Neorotalia calcar,26,5,data/train_images/S026_A240_Z0024_C00.tif,zstack_slice,24.0,data/train_images/Neorotalia calcar_26_view5_zstack_slice_z0024.png,train
Neorotalia calcar,26,5,data/train_images/S026_A240_Z0025_C00.tif,zstack_slice,25.0,data/train_images/Neorotalia calcar_26_view5_zstack_slice_z0025.png,train
Neorotalia calcar,26,5,data/train_images/S026_A240_Z0026_C00.tif,zstack_slice,26.0,data/train_images/Neorotalia calcar_26_view5_zstack_slice_z0026.png,train
Neorotalia calcar,26,5,data/train_images/S026_A240_Z0027_C00.tif,zstack_slice,27.0,data/train_images/Neorotalia calcar_26_view5_zstack_slice_z0027.png,train
Neorotalia calcar,26,5,data/train_images/S026_A240_Z0028_C00.tif,zstack_slice,28.0,data/train_images/Neorotalia calcar_26_view5_zstack_slice_z0028.png,train
Neorotalia calcar,26,5,data/train_images/S026_A240_Z0029_C00.tif,zstack_slice,29.0,data/train_images/Neorotalia calcar_26_view5_zstack_slice_z0029.png,train
Neorotalia calcar,26,5,data/train_images/S026_A240_Z0030_C00.tif,zstack_slice,30.0,data/train_images/Neorotalia calcar_26_view5_zstack_slice_z0030.png,train
Neorotalia calcar,26,5,data/train_images/S026_A240_Z0031_C00.tif,zstack_slice,31.0,data/train_images/Neorotalia calcar_26_view5_zstack_slice_z0031.png,train
Neorotalia calcar,26,5,data/train_images/S026_A240_Z0032_C00.tif,zstack_slice,32.0,data/train_images/Neorotalia calcar_26_view5_zstack_slice_z0032.png,train
Neorotalia calcar,26,5,data/train_images/S026_A240_Z0033_C00.tif,zstack_slice,33.0,data/train_images/Neorotalia calcar_26_view5_zstack_slice_z0033.png,train
Neorotalia calcar,26,5,data/train_images/S026_A240_Z0034_C00.tif,zstack_slice,34.0,data/train_images/Neorotalia calcar_26_view5_zstack_slice_z0034.png,train
Neorotalia calcar,26,5,data/train_images/S026_A240_Z0035_C00.tif,zstack_slice,35.0,data/train_images/Neorotalia calcar_26_view5_zstack_slice_z0035.png,train
Neorotalia calcar,26,5,data/train_images/S026_A240_Z0036_C00.tif,zstack_slice,36.0,data/train_images/Neorotalia calcar_26_view5_zstack_slice_z0036.png,train
Neorotalia calcar,26,5,data/train_images/S026_A240_Z0037_C00.tif,zstack_slice,37.0,data/train_images/Neorotalia calcar_26_view5_zstack_slice_z0037.png,train
Neorotalia calcar,26,5,data/train_images/S026_A240_Z0038_C00.tif,zstack_slice,38.0,data/train_images/Neorotalia calcar_26_view5_zstack_slice_z0038.png,train
Neorotalia calcar,26,5,data/train_images/S026_A240_Z0039_C00.tif,zstack_slice,39.0,data/train_images/Neorotalia calcar_26_view5_zstack_slice_z0039.png,train
Neorotalia calcar,26,5,data/train_images/S026_A240_Z0040_C00.tif,zstack_slice,40.0,data/train_images/Neorotalia calcar_26_view5_zstack_slice_z0040.png,train
Neorotalia calcar,26,5,data/train_images/S026_A240_Z0041_C00.tif,zstack_slice,41.0,data/train_images/Neorotalia calcar_26_view5_zstack_slice_z0041.png,train
Neorotalia calcar,26,5,data/train_images/S026_A240_Z0042_C00.tif,zstack_slice,42.0,data/train_images/Neorotalia calcar_26_view5_zstack_slice_z0042.png,train
Neorotalia calcar,26,5,data/train_images/S026_A240_Z0043_C00.tif,zstack_slice,43.0,data/train_images/Neorotalia calcar_26_view5_zstack_slice_z0043.png,train
Neorotalia calcar,26,5,data/train_images/S026_A240_Z0044_C00.tif,zstack_slice,44.0,data/train_images/Neorotalia calcar_26_view5_zstack_slice_z0044.png,train
Neorotalia calcar,26,5,data/train_images/S026_A240_Z0045_C00.tif,zstack_slice,45.0,data/train_images/Neorotalia calcar_26_view5_zstack_slice_z0045.png,train
Neorotalia calcar,26,5,data/train_images/S026_A240_Z0046_C00.tif,zstack_slice,46.0,data/train_images/Neorotalia calcar_26_view5_zstack_slice_z0046.png,train
Neorotalia calcar,26,5,data/train_images/S026_A240_Z0047_C00.tif,zstack_slice,47.0,data/train_images/Neorotalia calcar_26_view5_zstack_slice_z0047.png,train
Neorotalia calcar,26,5,data/train_images/S026_A240_Z0048_C00.tif,zstack_slice,48.0,data/train_images/Neorotalia calcar_26_view5_zstack_slice_z0048.png,train
Neorotalia calcar,26,5,data/train_images/S026_A240_Z0049_C00.tif,zstack_slice,49.0,data/train_images/Neorotalia calcar_26_view5_zstack_slice_z0049.png,train
Neorotalia calcar,26,5,data/train_images/S026_A240_Z0050_C00.tif,zstack_slice,50.0,data/train_images/Neorotalia calcar_26_view5_zstack_slice_z0050.png,train
Neorotalia calcar,26,5,data/train_images/S026_A240_Z0051_C00.tif,zstack_slice,51.0,data/train_images/Neorotalia calcar_26_view5_zstack_slice_z0051.png,train
Neorotalia calcar,26,5,data/train_images/S026_A240_Z0052_C00.tif,zstack_slice,52.0,data/train_images/Neorotalia calcar_26_view5_zstack_slice_z0052.png,train
Neorotalia calcar,26,5,data/train_images/S026_A240_Z0053_C00.tif,zstack_slice,53.0,data/train_images/Neorotalia calcar_26_view5_zstack_slice_z0053.png,train
Neorotalia calcar,26,5,data/train_images/S026_A240_Z0054_C00.tif,zstack_slice,54.0,data/train_images/Neorotalia calcar_26_view5_zstack_slice_z0054.png,train
Neorotalia calcar,26,5,data/train_images/S026_A240_Z0055_C00.tif,zstack_slice,55.0,data/train_images/Neorotalia calcar_26_view5_zstack_slice_z0055.png,train
Neorotalia calcar,26,6,data/train_images/S026_A300_stacked.tif,stacked_tiff,,data/train_images/Neorotalia calcar_26_view6_stacked_tiff.png,train
Neorotalia calcar,26,6,data/train_images/S026_A300_Z0000_C00.tif,zstack_slice,0.0,data/train_images/Neorotalia calcar_26_view6_zstack_slice_z0000.png,train
Neorotalia calcar,26,6,data/train_images/S026_A300_Z0001_C00.tif,zstack_slice,1.0,data/train_images/Neorotalia calcar_26_view6_zstack_slice_z0001.png,train
Neorotalia calcar,26,6,data/train_images/S026_A300_Z0002_C00.tif,zstack_slice,2.0,data/train_images/Neorotalia calcar_26_view6_zstack_slice_z0002.png,train
Neorotalia calcar,26,6,data/train_images/S026_A300_Z0003_C00.tif,zstack_slice,3.0,data/train_images/Neorotalia calcar_26_view6_zstack_slice_z0003.png,train
Neorotalia calcar,26,6,data/train_images/S026_A300_Z0004_C00.tif,zstack_slice,4.0,data/train_images/Neorotalia calcar_26_view6_zstack_slice_z0004.png,train
Neorotalia calcar,26,6,data/train_images/S026_A300_Z0005_C00.tif,zstack_slice,5.0,data/train_images/Neorotalia calcar_26_view6_zstack_slice_z0005.png,train
Neorotalia calcar,26,6,data/train_images/S026_A300_Z0006_C00.tif,zstack_slice,6.0,data/train_images/Neorotalia calcar_26_view6_zstack_slice_z0006.png,train
Neorotalia calcar,26,6,data/train_images/S026_A300_Z0007_C00.tif,zstack_slice,7.0,data/train_images/Neorotalia calcar_26_view6_zstack_slice_z0007.png,train
Neorotalia calcar,26,6,data/train_images/S026_A300_Z0008_C00.tif,zstack_slice,8.0,data/train_images/Neorotalia calcar_26_view6_zstack_slice_z0008.png,train
Neorotalia calcar,26,6,data/train_images/S026_A300_Z0009_C00.tif,zstack_slice,9.0,data/train_images/Neorotalia calcar_26_view6_zstack_slice_z0009.png,train
Neorotalia calcar,26,6,data/train_images/S026_A300_Z0010_C00.tif,zstack_slice,10.0,data/train_images/Neorotalia calcar_26_view6_zstack_slice_z0010.png,train
Neorotalia calcar,26,6,data/train_images/S026_A300_Z0011_C00.tif,zstack_slice,11.0,data/train_images/Neorotalia calcar_26_view6_zstack_slice_z0011.png,train
Neorotalia calcar,26,6,data/train_images/S026_A300_Z0012_C00.tif,zstack_slice,12.0,data/train_images/Neorotalia calcar_26_view6_zstack_slice_z0012.png,train
Neorotalia calcar,26,6,data/train_images/S026_A300_Z0013_C00.tif,zstack_slice,13.0,data/train_images/Neorotalia calcar_26_view6_zstack_slice_z0013.png,train
Neorotalia calcar,26,6,data/train_images/S026_A300_Z0014_C00.tif,zstack_slice,14.0,data/train_images/Neorotalia calcar_26_view6_zstack_slice_z0014.png,train
Neorotalia calcar,26,6,data/train_images/S026_A300_Z0015_C00.tif,zstack_slice,15.0,data/train_images/Neorotalia calcar_26_view6_zstack_slice_z0015.png,train
Neorotalia calcar,26,6,data/train_images/S026_A300_Z0016_C00.tif,zstack_slice,16.0,data/train_images/Neorotalia calcar_26_view6_zstack_slice_z0016.png,train
Neorotalia calcar,26,6,data/train_images/S026_A300_Z0017_C00.tif,zstack_slice,17.0,data/train_images/Neorotalia calcar_26_view6_zstack_slice_z0017.png,train
Neorotalia calcar,26,6,data/train_images/S026_A300_Z0018_C00.tif,zstack_slice,18.0,data/train_images/Neorotalia calcar_26_view6_zstack_slice_z0018.png,train
Neorotalia calcar,26,6,data/train_images/S026_A300_Z0019_C00.tif,zstack_slice,19.0,data/train_images/Neorotalia calcar_26_view6_zstack_slice_z0019.png,train
Neorotalia calcar,26,6,data/train_images/S026_A300_Z0020_C00.tif,zstack_slice,20.0,data/train_images/Neorotalia calcar_26_view6_zstack_slice_z0020.png,train
Neorotalia calcar,26,6,data/train_images/S026_A300_Z0021_C00.tif,zstack_slice,21.0,data/train_images/Neorotalia calcar_26_view6_zstack_slice_z0021.png,train
Neorotalia calcar,26,6,data/train_images/S026_A300_Z0022_C00.tif,zstack_slice,22.0,data/train_images/Neorotalia calcar_26_view6_zstack_slice_z0022.png,train
Neorotalia calcar,26,6,data/train_images/S026_A300_Z0023_C00.tif,zstack_slice,23.0,data/train_images/Neorotalia calcar_26_view6_zstack_slice_z0023.png,train
Neorotalia calcar,26,6,data/train_images/S026_A300_Z0024_C00.tif,zstack_slice,24.0,data/train_images/Neorotalia calcar_26_view6_zstack_slice_z0024.png,train
Neorotalia calcar,26,6,data/train_images/S026_A300_Z0025_C00.tif,zstack_slice,25.0,data/train_images/Neorotalia calcar_26_view6_zstack_slice_z0025.png,train
Neorotalia calcar,26,6,data/train_images/S026_A300_Z0026_C00.tif,zstack_slice,26.0,data/train_images/Neorotalia calcar_26_view6_zstack_slice_z0026.png,train
Neorotalia calcar,26,6,data/train_images/S026_A300_Z0027_C00.tif,zstack_slice,27.0,data/train_images/Neorotalia calcar_26_view6_zstack_slice_z0027.png,train
Neorotalia calcar,26,6,data/train_images/S026_A300_Z0028_C00.tif,zstack_slice,28.0,data/train_images/Neorotalia calcar_26_view6_zstack_slice_z0028.png,train
Neorotalia calcar,26,6,data/train_images/S026_A300_Z0029_C00.tif,zstack_slice,29.0,data/train_images/Neorotalia calcar_26_view6_zstack_slice_z0029.png,train
Neorotalia calcar,26,6,data/train_images/S026_A300_Z0030_C00.tif,zstack_slice,30.0,data/train_images/Neorotalia calcar_26_view6_zstack_slice_z0030.png,train
Neorotalia calcar,26,6,data/train_images/S026_A300_Z0031_C00.tif,zstack_slice,31.0,data/train_images/Neorotalia calcar_26_view6_zstack_slice_z0031.png,train
Neorotalia calcar,26,6,data/train_images/S026_A300_Z0032_C00.tif,zstack_slice,32.0,data/train_images/Neorotalia calcar_26_view6_zstack_slice_z0032.png,train
Neorotalia calcar,26,6,data/train_images/S026_A300_Z0033_C00.tif,zstack_slice,33.0,data/train_images/Neorotalia calcar_26_view6_zstack_slice_z0033.png,train
Neorotalia calcar,26,6,data/train_images/S026_A300_Z0034_C00.tif,zstack_slice,34.0,data/train_images/Neorotalia calcar_26_view6_zstack_slice_z0034.png,train
Neorotalia calcar,26,6,data/train_images/S026_A300_Z0035_C00.tif,zstack_slice,35.0,data/train_images/Neorotalia calcar_26_view6_zstack_slice_z0035.png,train
Neorotalia calcar,26,6,data/train_images/S026_A300_Z0036_C00.tif,zstack_slice,36.0,data/train_images/Neorotalia calcar_26_view6_zstack_slice_z0036.png,train
Neorotalia calcar,26,6,data/train_images/S026_A300_Z0037_C00.tif,zstack_slice,37.0,data/train_images/Neorotalia calcar_26_view6_zstack_slice_z0037.png,train
Neorotalia calcar,26,6,data/train_images/S026_A300_Z0038_C00.tif,zstack_slice,38.0,data/train_images/Neorotalia calcar_26_view6_zstack_slice_z0038.png,train
Neorotalia calcar,26,6,data/train_images/S026_A300_Z0039_C00.tif,zstack_slice,39.0,data/train_images/Neorotalia calcar_26_view6_zstack_slice_z0039.png,train
Neorotalia calcar,26,6,data/train_images/S026_A300_Z0040_C00.tif,zstack_slice,40.0,data/train_images/Neorotalia calcar_26_view6_zstack_slice_z0040.png,train
Neorotalia calcar,26,6,data/train_images/S026_A300_Z0041_C00.tif,zstack_slice,41.0,data/train_images/Neorotalia calcar_26_view6_zstack_slice_z0041.png,train
Neorotalia calcar,26,6,data/train_images/S026_A300_Z0042_C00.tif,zstack_slice,42.0,data/train_images/Neorotalia calcar_26_view6_zstack_slice_z0042.png,train
Neorotalia calcar,26,6,data/train_images/S026_A300_Z0043_C00.tif,zstack_slice,43.0,data/train_images/Neorotalia calcar_26_view6_zstack_slice_z0043.png,train
Neorotalia calcar,26,6,data/train_images/S026_A300_Z0044_C00.tif,zstack_slice,44.0,data/train_images/Neorotalia calcar_26_view6_zstack_slice_z0044.png,train
Neorotalia calcar,26,6,data/train_images/S026_A300_Z0045_C00.tif,zstack_slice,45.0,data/train_images/Neorotalia calcar_26_view6_zstack_slice_z0045.png,train
Nodulina dentaliniformis,11,1,data/train_images/Nodulina dentaliniformis_11_view1_gif_original.png,gif_original,,data/train_images/Nodulina dentaliniformis_11_view1_gif_original.png,train
Nodulina dentaliniformis,11,1,data/train_images/S011_A000_Z0000_C00.tif,zstack_slice,0.0,data/train_images/Nodulina dentaliniformis_11_view1_zstack_slice_z0000.png,train
Nodulina dentaliniformis,11,1,data/train_images/S011_A000_Z0001_C00.tif,zstack_slice,1.0,data/train_images/Nodulina dentaliniformis_11_view1_zstack_slice_z0001.png,train
Nodulina dentaliniformis,11,1,data/train_images/S011_A000_Z0002_C00.tif,zstack_slice,2.0,data/train_images/Nodulina dentaliniformis_11_view1_zstack_slice_z0002.png,train
Nodulina dentaliniformis,11,1,data/train_images/S011_A000_Z0003_C00.tif,zstack_slice,3.0,data/train_images/Nodulina dentaliniformis_11_view1_zstack_slice_z0003.png,train
Nodulina dentaliniformis,11,1,data/train_images/S011_A000_Z0004_C00.tif,zstack_slice,4.0,data/train_images/Nodulina dentaliniformis_11_view1_zstack_slice_z0004.png,train
Nodulina dentaliniformis,11,1,data/train_images/S011_A000_Z0005_C00.tif,zstack_slice,5.0,data/train_images/Nodulina dentaliniformis_11_view1_zstack_slice_z0005.png,train
Nodulina dentaliniformis,11,1,data/train_images/S011_A000_Z0006_C00.tif,zstack_slice,6.0,data/train_images/Nodulina dentaliniformis_11_view1_zstack_slice_z0006.png,train
Nodulina dentaliniformis,11,1,data/train_images/S011_A000_Z0007_C00.tif,zstack_slice,7.0,data/train_images/Nodulina dentaliniformis_11_view1_zstack_slice_z0007.png,train
Nodulina dentaliniformis,11,1,data/train_images/S011_A000_Z0008_C00.tif,zstack_slice,8.0,data/train_images/Nodulina dentaliniformis_11_view1_zstack_slice_z0008.png,train
Nodulina dentaliniformis,11,1,data/train_images/S011_A000_Z0009_C00.tif,zstack_slice,9.0,data/train_images/Nodulina dentaliniformis_11_view1_zstack_slice_z0009.png,train
Nodulina dentaliniformis,11,1,data/train_images/S011_A000_Z0010_C00.tif,zstack_slice,10.0,data/train_images/Nodulina dentaliniformis_11_view1_zstack_slice_z0010.png,train
Nodulina dentaliniformis,11,1,data/train_images/S011_A000_Z0011_C00.tif,zstack_slice,11.0,data/train_images/Nodulina dentaliniformis_11_view1_zstack_slice_z0011.png,train
Nodulina dentaliniformis,11,1,data/train_images/S011_A000_Z0012_C00.tif,zstack_slice,12.0,data/train_images/Nodulina dentaliniformis_11_view1_zstack_slice_z0012.png,train
Nodulina dentaliniformis,11,1,data/train_images/S011_A000_Z0013_C00.tif,zstack_slice,13.0,data/train_images/Nodulina dentaliniformis_11_view1_zstack_slice_z0013.png,train
Nodulina dentaliniformis,11,1,data/train_images/S011_A000_Z0014_C00.tif,zstack_slice,14.0,data/train_images/Nodulina dentaliniformis_11_view1_zstack_slice_z0014.png,train
Nodulina dentaliniformis,11,1,data/train_images/S011_A000_Z0015_C00.tif,zstack_slice,15.0,data/train_images/Nodulina dentaliniformis_11_view1_zstack_slice_z0015.png,train
Nodulina dentaliniformis,11,1,data/train_images/S011_A000_Z0016_C00.tif,zstack_slice,16.0,data/train_images/Nodulina dentaliniformis_11_view1_zstack_slice_z0016.png,train
Nodulina dentaliniformis,11,1,data/train_images/S011_A000_Z0017_C00.tif,zstack_slice,17.0,data/train_images/Nodulina dentaliniformis_11_view1_zstack_slice_z0017.png,train
Nodulina dentaliniformis,11,1,data/train_images/S011_A000_Z0018_C00.tif,zstack_slice,18.0,data/train_images/Nodulina dentaliniformis_11_view1_zstack_slice_z0018.png,train
Nodulina dentaliniformis,11,1,data/train_images/S011_A000_Z0019_C00.tif,zstack_slice,19.0,data/train_images/Nodulina dentaliniformis_11_view1_zstack_slice_z0019.png,train
Nodulina dentaliniformis,11,1,data/train_images/S011_A000_Z0020_C00.tif,zstack_slice,20.0,data/train_images/Nodulina dentaliniformis_11_view1_zstack_slice_z0020.png,train
Nodulina dentaliniformis,11,1,data/train_images/S011_A000_Z0021_C00.tif,zstack_slice,21.0,data/train_images/Nodulina dentaliniformis_11_view1_zstack_slice_z0021.png,train
Nodulina dentaliniformis,11,1,data/train_images/S011_A000_Z0022_C00.tif,zstack_slice,22.0,data/train_images/Nodulina dentaliniformis_11_view1_zstack_slice_z0022.png,train
Nodulina dentaliniformis,11,1,data/train_images/S011_A000_Z0023_C00.tif,zstack_slice,23.0,data/train_images/Nodulina dentaliniformis_11_view1_zstack_slice_z0023.png,train
Nodulina dentaliniformis,11,1,data/train_images/S011_A000_Z0024_C00.tif,zstack_slice,24.0,data/train_images/Nodulina dentaliniformis_11_view1_zstack_slice_z0024.png,train
Nodulina dentaliniformis,11,1,data/train_images/S011_A000_Z0025_C00.tif,zstack_slice,25.0,data/train_images/Nodulina dentaliniformis_11_view1_zstack_slice_z0025.png,train
Nodulina dentaliniformis,11,2,data/train_images/Nodulina dentaliniformis_11_view2_gif_original.png,gif_original,,data/train_images/Nodulina dentaliniformis_11_view2_gif_original.png,train
Nodulina dentaliniformis,11,2,data/train_images/S011_A060_Z0000_C00.tif,zstack_slice,0.0,data/train_images/Nodulina dentaliniformis_11_view2_zstack_slice_z0000.png,train
Nodulina dentaliniformis,11,2,data/train_images/S011_A060_Z0001_C00.tif,zstack_slice,1.0,data/train_images/Nodulina dentaliniformis_11_view2_zstack_slice_z0001.png,train
Nodulina dentaliniformis,11,2,data/train_images/S011_A060_Z0002_C00.tif,zstack_slice,2.0,data/train_images/Nodulina dentaliniformis_11_view2_zstack_slice_z0002.png,train
Nodulina dentaliniformis,11,2,data/train_images/S011_A060_Z0003_C00.tif,zstack_slice,3.0,data/train_images/Nodulina dentaliniformis_11_view2_zstack_slice_z0003.png,train
Nodulina dentaliniformis,11,2,data/train_images/S011_A060_Z0004_C00.tif,zstack_slice,4.0,data/train_images/Nodulina dentaliniformis_11_view2_zstack_slice_z0004.png,train
Nodulina dentaliniformis,11,2,data/train_images/S011_A060_Z0005_C00.tif,zstack_slice,5.0,data/train_images/Nodulina dentaliniformis_11_view2_zstack_slice_z0005.png,train
Nodulina dentaliniformis,11,2,data/train_images/S011_A060_Z0006_C00.tif,zstack_slice,6.0,data/train_images/Nodulina dentaliniformis_11_view2_zstack_slice_z0006.png,train
Nodulina dentaliniformis,11,2,data/train_images/S011_A060_Z0007_C00.tif,zstack_slice,7.0,data/train_images/Nodulina dentaliniformis_11_view2_zstack_slice_z0007.png,train
Nodulina dentaliniformis,11,2,data/train_images/S011_A060_Z0008_C00.tif,zstack_slice,8.0,data/train_images/Nodulina dentaliniformis_11_view2_zstack_slice_z0008.png,train
Nodulina dentaliniformis,11,2,data/train_images/S011_A060_Z0009_C00.tif,zstack_slice,9.0,data/train_images/Nodulina dentaliniformis_11_view2_zstack_slice_z0009.png,train
Nodulina dentaliniformis,11,2,data/train_images/S011_A060_Z0010_C00.tif,zstack_slice,10.0,data/train_images/Nodulina dentaliniformis_11_view2_zstack_slice_z0010.png,train
Nodulina dentaliniformis,11,2,data/train_images/S011_A060_Z0011_C00.tif,zstack_slice,11.0,data/train_images/Nodulina dentaliniformis_11_view2_zstack_slice_z0011.png,train
Nodulina dentaliniformis,11,2,data/train_images/S011_A060_Z0012_C00.tif,zstack_slice,12.0,data/train_images/Nodulina dentaliniformis_11_view2_zstack_slice_z0012.png,train
Nodulina dentaliniformis,11,2,data/train_images/S011_A060_Z0013_C00.tif,zstack_slice,13.0,data/train_images/Nodulina dentaliniformis_11_view2_zstack_slice_z0013.png,train
Nodulina dentaliniformis,11,2,data/train_images/S011_A060_Z0014_C00.tif,zstack_slice,14.0,data/train_images/Nodulina dentaliniformis_11_view2_zstack_slice_z0014.png,train
Nodulina dentaliniformis,11,2,data/train_images/S011_A060_Z0015_C00.tif,zstack_slice,15.0,data/train_images/Nodulina dentaliniformis_11_view2_zstack_slice_z0015.png,train
Nodulina dentaliniformis,11,2,data/train_images/S011_A060_Z0016_C00.tif,zstack_slice,16.0,data/train_images/Nodulina dentaliniformis_11_view2_zstack_slice_z0016.png,train
Nodulina dentaliniformis,11,2,data/train_images/S011_A060_Z0017_C00.tif,zstack_slice,17.0,data/train_images/Nodulina dentaliniformis_11_view2_zstack_slice_z0017.png,train
Nodulina dentaliniformis,11,2,data/train_images/S011_A060_Z0018_C00.tif,zstack_slice,18.0,data/train_images/Nodulina dentaliniformis_11_view2_zstack_slice_z0018.png,train
Nodulina dentaliniformis,11,2,data/train_images/S011_A060_Z0019_C00.tif,zstack_slice,19.0,data/train_images/Nodulina dentaliniformis_11_view2_zstack_slice_z0019.png,train
Nodulina dentaliniformis,11,2,data/train_images/S011_A060_Z0020_C00.tif,zstack_slice,20.0,data/train_images/Nodulina dentaliniformis_11_view2_zstack_slice_z0020.png,train
Nodulina dentaliniformis,11,2,data/train_images/S011_A060_Z0021_C00.tif,zstack_slice,21.0,data/train_images/Nodulina dentaliniformis_11_view2_zstack_slice_z0021.png,train
Nodulina dentaliniformis,11,2,data/train_images/S011_A060_Z0022_C00.tif,zstack_slice,22.0,data/train_images/Nodulina dentaliniformis_11_view2_zstack_slice_z0022.png,train
Nodulina dentaliniformis,11,2,data/train_images/S011_A060_Z0023_C00.tif,zstack_slice,23.0,data/train_images/Nodulina dentaliniformis_11_view2_zstack_slice_z0023.png,train
Nodulina dentaliniformis,11,2,data/train_images/S011_A060_Z0024_C00.tif,zstack_slice,24.0,data/train_images/Nodulina dentaliniformis_11_view2_zstack_slice_z0024.png,train
Nodulina dentaliniformis,11,2,data/train_images/S011_A060_Z0025_C00.tif,zstack_slice,25.0,data/train_images/Nodulina dentaliniformis_11_view2_zstack_slice_z0025.png,train
Nodulina dentaliniformis,11,2,data/train_images/S011_A060_Z0026_C00.tif,zstack_slice,26.0,data/train_images/Nodulina dentaliniformis_11_view2_zstack_slice_z0026.png,train
Nodulina dentaliniformis,11,2,data/train_images/S011_A060_Z0027_C00.tif,zstack_slice,27.0,data/train_images/Nodulina dentaliniformis_11_view2_zstack_slice_z0027.png,train
Nodulina dentaliniformis,11,2,data/train_images/S011_A060_Z0028_C00.tif,zstack_slice,28.0,data/train_images/Nodulina dentaliniformis_11_view2_zstack_slice_z0028.png,train
Nodulina dentaliniformis,11,2,data/train_images/S011_A060_Z0029_C00.tif,zstack_slice,29.0,data/train_images/Nodulina dentaliniformis_11_view2_zstack_slice_z0029.png,train
Nodulina dentaliniformis,11,2,data/train_images/S011_A060_Z0030_C00.tif,zstack_slice,30.0,data/train_images/Nodulina dentaliniformis_11_view2_zstack_slice_z0030.png,train
Nodulina dentaliniformis,11,2,data/train_images/S011_A060_Z0031_C00.tif,zstack_slice,31.0,data/train_images/Nodulina dentaliniformis_11_view2_zstack_slice_z0031.png,train
Nodulina dentaliniformis,11,2,data/train_images/S011_A060_Z0032_C00.tif,zstack_slice,32.0,data/train_images/Nodulina dentaliniformis_11_view2_zstack_slice_z0032.png,train
Nodulina dentaliniformis,11,2,data/train_images/S011_A060_Z0033_C00.tif,zstack_slice,33.0,data/train_images/Nodulina dentaliniformis_11_view2_zstack_slice_z0033.png,train
Nodulina dentaliniformis,11,2,data/train_images/S011_A060_Z0034_C00.tif,zstack_slice,34.0,data/train_images/Nodulina dentaliniformis_11_view2_zstack_slice_z0034.png,train
Nodulina dentaliniformis,11,2,data/train_images/S011_A060_Z0035_C00.tif,zstack_slice,35.0,data/train_images/Nodulina dentaliniformis_11_view2_zstack_slice_z0035.png,train
Nodulina dentaliniformis,11,2,data/train_images/S011_A060_Z0036_C00.tif,zstack_slice,36.0,data/train_images/Nodulina dentaliniformis_11_view2_zstack_slice_z0036.png,train
Nodulina dentaliniformis,11,4,data/train_images/Nodulina dentaliniformis_11_view4_gif_original.png,gif_original,,data/train_images/Nodulina dentaliniformis_11_view4_gif_original.png,train
Nodulina dentaliniformis,11,4,data/train_images/S011_A180_Z0000_C00.tif,zstack_slice,0.0,data/train_images/Nodulina dentaliniformis_11_view4_zstack_slice_z0000.png,train
Nodulina dentaliniformis,11,4,data/train_images/S011_A180_Z0001_C00.tif,zstack_slice,1.0,data/train_images/Nodulina dentaliniformis_11_view4_zstack_slice_z0001.png,train
Nodulina dentaliniformis,11,4,data/train_images/S011_A180_Z0002_C00.tif,zstack_slice,2.0,data/train_images/Nodulina dentaliniformis_11_view4_zstack_slice_z0002.png,train
Nodulina dentaliniformis,11,4,data/train_images/S011_A180_Z0003_C00.tif,zstack_slice,3.0,data/train_images/Nodulina dentaliniformis_11_view4_zstack_slice_z0003.png,train
Nodulina dentaliniformis,11,4,data/train_images/S011_A180_Z0004_C00.tif,zstack_slice,4.0,data/train_images/Nodulina dentaliniformis_11_view4_zstack_slice_z0004.png,train
Nodulina dentaliniformis,11,4,data/train_images/S011_A180_Z0005_C00.tif,zstack_slice,5.0,data/train_images/Nodulina dentaliniformis_11_view4_zstack_slice_z0005.png,train
Nodulina dentaliniformis,11,4,data/train_images/S011_A180_Z0006_C00.tif,zstack_slice,6.0,data/train_images/Nodulina dentaliniformis_11_view4_zstack_slice_z0006.png,train
Nodulina dentaliniformis,11,4,data/train_images/S011_A180_Z0007_C00.tif,zstack_slice,7.0,data/train_images/Nodulina dentaliniformis_11_view4_zstack_slice_z0007.png,train
Nodulina dentaliniformis,11,4,data/train_images/S011_A180_Z0008_C00.tif,zstack_slice,8.0,data/train_images/Nodulina dentaliniformis_11_view4_zstack_slice_z0008.png,train
Nodulina dentaliniformis,11,4,data/train_images/S011_A180_Z0009_C00.tif,zstack_slice,9.0,data/train_images/Nodulina dentaliniformis_11_view4_zstack_slice_z0009.png,train
Nodulina dentaliniformis,11,4,data/train_images/S011_A180_Z0010_C00.tif,zstack_slice,10.0,data/train_images/Nodulina dentaliniformis_11_view4_zstack_slice_z0010.png,train
Nodulina dentaliniformis,11,4,data/train_images/S011_A180_Z0011_C00.tif,zstack_slice,11.0,data/train_images/Nodulina dentaliniformis_11_view4_zstack_slice_z0011.png,train
Nodulina dentaliniformis,11,4,data/train_images/S011_A180_Z0012_C00.tif,zstack_slice,12.0,data/train_images/Nodulina dentaliniformis_11_view4_zstack_slice_z0012.png,train
Nodulina dentaliniformis,11,4,data/train_images/S011_A180_Z0013_C00.tif,zstack_slice,13.0,data/train_images/Nodulina dentaliniformis_11_view4_zstack_slice_z0013.png,train
Nodulina dentaliniformis,11,4,data/train_images/S011_A180_Z0014_C00.tif,zstack_slice,14.0,data/train_images/Nodulina dentaliniformis_11_view4_zstack_slice_z0014.png,train
Nodulina dentaliniformis,11,4,data/train_images/S011_A180_Z0015_C00.tif,zstack_slice,15.0,data/train_images/Nodulina dentaliniformis_11_view4_zstack_slice_z0015.png,train
Nodulina dentaliniformis,11,4,data/train_images/S011_A180_Z0016_C00.tif,zstack_slice,16.0,data/train_images/Nodulina dentaliniformis_11_view4_zstack_slice_z0016.png,train
Nodulina dentaliniformis,11,4,data/train_images/S011_A180_Z0017_C00.tif,zstack_slice,17.0,data/train_images/Nodulina dentaliniformis_11_view4_zstack_slice_z0017.png,train
Nodulina dentaliniformis,11,4,data/train_images/S011_A180_Z0018_C00.tif,zstack_slice,18.0,data/train_images/Nodulina dentaliniformis_11_view4_zstack_slice_z0018.png,train
Nodulina dentaliniformis,11,4,data/train_images/S011_A180_Z0019_C00.tif,zstack_slice,19.0,data/train_images/Nodulina dentaliniformis_11_view4_zstack_slice_z0019.png,train
Nodulina dentaliniformis,11,4,data/train_images/S011_A180_Z0020_C00.tif,zstack_slice,20.0,data/train_images/Nodulina dentaliniformis_11_view4_zstack_slice_z0020.png,train
Nodulina dentaliniformis,11,4,data/train_images/S011_A180_Z0021_C00.tif,zstack_slice,21.0,data/train_images/Nodulina dentaliniformis_11_view4_zstack_slice_z0021.png,train
Nodulina dentaliniformis,11,4,data/train_images/S011_A180_Z0022_C00.tif,zstack_slice,22.0,data/train_images/Nodulina dentaliniformis_11_view4_zstack_slice_z0022.png,train
Nodulina dentaliniformis,11,4,data/train_images/S011_A180_Z0023_C00.tif,zstack_slice,23.0,data/train_images/Nodulina dentaliniformis_11_view4_zstack_slice_z0023.png,train
Nodulina dentaliniformis,11,4,data/train_images/S011_A180_Z0024_C00.tif,zstack_slice,24.0,data/train_images/Nodulina dentaliniformis_11_view4_zstack_slice_z0024.png,train
Nodulina dentaliniformis,11,4,data/train_images/S011_A180_Z0025_C00.tif,zstack_slice,25.0,data/train_images/Nodulina dentaliniformis_11_view4_zstack_slice_z0025.png,train
Nodulina dentaliniformis,11,4,data/train_images/S011_A180_Z0026_C00.tif,zstack_slice,26.0,data/train_images/Nodulina dentaliniformis_11_view4_zstack_slice_z0026.png,train
Nodulina dentaliniformis,11,4,data/train_images/S011_A180_Z0027_C00.tif,zstack_slice,27.0,data/train_images/Nodulina dentaliniformis_11_view4_zstack_slice_z0027.png,train
Nodulina dentaliniformis,11,4,data/train_images/S011_A180_Z0028_C00.tif,zstack_slice,28.0,data/train_images/Nodulina dentaliniformis_11_view4_zstack_slice_z0028.png,train
Nodulina dentaliniformis,11,4,data/train_images/S011_A180_Z0029_C00.tif,zstack_slice,29.0,data/train_images/Nodulina dentaliniformis_11_view4_zstack_slice_z0029.png,train
Nodulina dentaliniformis,11,5,data/train_images/Nodulina dentaliniformis_11_view5_gif_original.png,gif_original,,data/train_images/Nodulina dentaliniformis_11_view5_gif_original.png,train
Nodulina dentaliniformis,11,5,data/train_images/S011_A240_Z0000_C00.tif,zstack_slice,0.0,data/train_images/Nodulina dentaliniformis_11_view5_zstack_slice_z0000.png,train
Nodulina dentaliniformis,11,5,data/train_images/S011_A240_Z0001_C00.tif,zstack_slice,1.0,data/train_images/Nodulina dentaliniformis_11_view5_zstack_slice_z0001.png,train
Nodulina dentaliniformis,11,5,data/train_images/S011_A240_Z0002_C00.tif,zstack_slice,2.0,data/train_images/Nodulina dentaliniformis_11_view5_zstack_slice_z0002.png,train
Nodulina dentaliniformis,11,5,data/train_images/S011_A240_Z0003_C00.tif,zstack_slice,3.0,data/train_images/Nodulina dentaliniformis_11_view5_zstack_slice_z0003.png,train
Nodulina dentaliniformis,11,5,data/train_images/S011_A240_Z0004_C00.tif,zstack_slice,4.0,data/train_images/Nodulina dentaliniformis_11_view5_zstack_slice_z0004.png,train
Nodulina dentaliniformis,11,5,data/train_images/S011_A240_Z0005_C00.tif,zstack_slice,5.0,data/train_images/Nodulina dentaliniformis_11_view5_zstack_slice_z0005.png,train
Nodulina dentaliniformis,11,5,data/train_images/S011_A240_Z0006_C00.tif,zstack_slice,6.0,data/train_images/Nodulina dentaliniformis_11_view5_zstack_slice_z0006.png,train
Nodulina dentaliniformis,11,5,data/train_images/S011_A240_Z0007_C00.tif,zstack_slice,7.0,data/train_images/Nodulina dentaliniformis_11_view5_zstack_slice_z0007.png,train
Nodulina dentaliniformis,11,5,data/train_images/S011_A240_Z0008_C00.tif,zstack_slice,8.0,data/train_images/Nodulina dentaliniformis_11_view5_zstack_slice_z0008.png,train
Nodulina dentaliniformis,11,5,data/train_images/S011_A240_Z0009_C00.tif,zstack_slice,9.0,data/train_images/Nodulina dentaliniformis_11_view5_zstack_slice_z0009.png,train
Nodulina dentaliniformis,11,5,data/train_images/S011_A240_Z0010_C00.tif,zstack_slice,10.0,data/train_images/Nodulina dentaliniformis_11_view5_zstack_slice_z0010.png,train
Nodulina dentaliniformis,11,5,data/train_images/S011_A240_Z0011_C00.tif,zstack_slice,11.0,data/train_images/Nodulina dentaliniformis_11_view5_zstack_slice_z0011.png,train
Nodulina dentaliniformis,11,5,data/train_images/S011_A240_Z0012_C00.tif,zstack_slice,12.0,data/train_images/Nodulina dentaliniformis_11_view5_zstack_slice_z0012.png,train
Nodulina dentaliniformis,11,5,data/train_images/S011_A240_Z0013_C00.tif,zstack_slice,13.0,data/train_images/Nodulina dentaliniformis_11_view5_zstack_slice_z0013.png,train
Nodulina dentaliniformis,11,5,data/train_images/S011_A240_Z0014_C00.tif,zstack_slice,14.0,data/train_images/Nodulina dentaliniformis_11_view5_zstack_slice_z0014.png,train
Nodulina dentaliniformis,11,5,data/train_images/S011_A240_Z0015_C00.tif,zstack_slice,15.0,data/train_images/Nodulina dentaliniformis_11_view5_zstack_slice_z0015.png,train
Nodulina dentaliniformis,11,5,data/train_images/S011_A240_Z0016_C00.tif,zstack_slice,16.0,data/train_images/Nodulina dentaliniformis_11_view5_zstack_slice_z0016.png,train
Nodulina dentaliniformis,11,5,data/train_images/S011_A240_Z0017_C00.tif,zstack_slice,17.0,data/train_images/Nodulina dentaliniformis_11_view5_zstack_slice_z0017.png,train
Nodulina dentaliniformis,11,5,data/train_images/S011_A240_Z0018_C00.tif,zstack_slice,18.0,data/train_images/Nodulina dentaliniformis_11_view5_zstack_slice_z0018.png,train
Nodulina dentaliniformis,11,5,data/train_images/S011_A240_Z0019_C00.tif,zstack_slice,19.0,data/train_images/Nodulina dentaliniformis_11_view5_zstack_slice_z0019.png,train
Nodulina dentaliniformis,11,5,data/train_images/S011_A240_Z0020_C00.tif,zstack_slice,20.0,data/train_images/Nodulina dentaliniformis_11_view5_zstack_slice_z0020.png,train
Nodulina dentaliniformis,11,5,data/train_images/S011_A240_Z0021_C00.tif,zstack_slice,21.0,data/train_images/Nodulina dentaliniformis_11_view5_zstack_slice_z0021.png,train
Nodulina dentaliniformis,11,5,data/train_images/S011_A240_Z0022_C00.tif,zstack_slice,22.0,data/train_images/Nodulina dentaliniformis_11_view5_zstack_slice_z0022.png,train
Nodulina dentaliniformis,11,5,data/train_images/S011_A240_Z0023_C00.tif,zstack_slice,23.0,data/train_images/Nodulina dentaliniformis_11_view5_zstack_slice_z0023.png,train
Nodulina dentaliniformis,11,5,data/train_images/S011_A240_Z0024_C00.tif,zstack_slice,24.0,data/train_images/Nodulina dentaliniformis_11_view5_zstack_slice_z0024.png,train
Nodulina dentaliniformis,11,5,data/train_images/S011_A240_Z0025_C00.tif,zstack_slice,25.0,data/train_images/Nodulina dentaliniformis_11_view5_zstack_slice_z0025.png,train
Nodulina dentaliniformis,11,5,data/train_images/S011_A240_Z0026_C00.tif,zstack_slice,26.0,data/train_images/Nodulina dentaliniformis_11_view5_zstack_slice_z0026.png,train
Nodulina dentaliniformis,11,5,data/train_images/S011_A240_Z0027_C00.tif,zstack_slice,27.0,data/train_images/Nodulina dentaliniformis_11_view5_zstack_slice_z0027.png,train
Nodulina dentaliniformis,11,5,data/train_images/S011_A240_Z0028_C00.tif,zstack_slice,28.0,data/train_images/Nodulina dentaliniformis_11_view5_zstack_slice_z0028.png,train
Nodulina dentaliniformis,11,5,data/train_images/S011_A240_Z0029_C00.tif,zstack_slice,29.0,data/train_images/Nodulina dentaliniformis_11_view5_zstack_slice_z0029.png,train
Nodulina dentaliniformis,11,5,data/train_images/S011_A240_Z0030_C00.tif,zstack_slice,30.0,data/train_images/Nodulina dentaliniformis_11_view5_zstack_slice_z0030.png,train
Nodulina dentaliniformis,11,5,data/train_images/S011_A240_Z0031_C00.tif,zstack_slice,31.0,data/train_images/Nodulina dentaliniformis_11_view5_zstack_slice_z0031.png,train
Nodulina dentaliniformis,11,5,data/train_images/S011_A240_Z0032_C00.tif,zstack_slice,32.0,data/train_images/Nodulina dentaliniformis_11_view5_zstack_slice_z0032.png,train
Nodulina dentaliniformis,11,5,data/train_images/S011_A240_Z0033_C00.tif,zstack_slice,33.0,data/train_images/Nodulina dentaliniformis_11_view5_zstack_slice_z0033.png,train
Nodulina dentaliniformis,11,5,data/train_images/S011_A240_Z0034_C00.tif,zstack_slice,34.0,data/train_images/Nodulina dentaliniformis_11_view5_zstack_slice_z0034.png,train
Nodulina dentaliniformis,11,5,data/train_images/S011_A240_Z0035_C00.tif,zstack_slice,35.0,data/train_images/Nodulina dentaliniformis_11_view5_zstack_slice_z0035.png,train
Operculina ammonoides,23,2,data/train_images/Operculina ammonoides_23_view2_gif_original.png,gif_original,,data/train_images/Operculina ammonoides_23_view2_gif_original.png,train
Operculina ammonoides,23,2,data/train_images/S023_A060_stacked.tif,stacked_tiff,,data/train_images/Operculina ammonoides_23_view2_stacked_tiff.png,train
Operculina ammonoides,23,2,data/train_images/S023_A060_Z0000_C00.tif,zstack_slice,0.0,data/train_images/Operculina ammonoides_23_view2_zstack_slice_z0000.png,train
Operculina ammonoides,23,2,data/train_images/S023_A060_Z0001_C00.tif,zstack_slice,1.0,data/train_images/Operculina ammonoides_23_view2_zstack_slice_z0001.png,train
Operculina ammonoides,23,2,data/train_images/S023_A060_Z0002_C00.tif,zstack_slice,2.0,data/train_images/Operculina ammonoides_23_view2_zstack_slice_z0002.png,train
Operculina ammonoides,23,2,data/train_images/S023_A060_Z0003_C00.tif,zstack_slice,3.0,data/train_images/Operculina ammonoides_23_view2_zstack_slice_z0003.png,train
Operculina ammonoides,23,2,data/train_images/S023_A060_Z0004_C00.tif,zstack_slice,4.0,data/train_images/Operculina ammonoides_23_view2_zstack_slice_z0004.png,train
Operculina ammonoides,23,2,data/train_images/S023_A060_Z0005_C00.tif,zstack_slice,5.0,data/train_images/Operculina ammonoides_23_view2_zstack_slice_z0005.png,train
Operculina ammonoides,23,2,data/train_images/S023_A060_Z0006_C00.tif,zstack_slice,6.0,data/train_images/Operculina ammonoides_23_view2_zstack_slice_z0006.png,train
Operculina ammonoides,23,2,data/train_images/S023_A060_Z0007_C00.tif,zstack_slice,7.0,data/train_images/Operculina ammonoides_23_view2_zstack_slice_z0007.png,train
Operculina ammonoides,23,2,data/train_images/S023_A060_Z0008_C00.tif,zstack_slice,8.0,data/train_images/Operculina ammonoides_23_view2_zstack_slice_z0008.png,train
Operculina ammonoides,23,2,data/train_images/S023_A060_Z0009_C00.tif,zstack_slice,9.0,data/train_images/Operculina ammonoides_23_view2_zstack_slice_z0009.png,train
Operculina ammonoides,23,2,data/train_images/S023_A060_Z0010_C00.tif,zstack_slice,10.0,data/train_images/Operculina ammonoides_23_view2_zstack_slice_z0010.png,train
Operculina ammonoides,23,2,data/train_images/S023_A060_Z0011_C00.tif,zstack_slice,11.0,data/train_images/Operculina ammonoides_23_view2_zstack_slice_z0011.png,train
Operculina ammonoides,23,2,data/train_images/S023_A060_Z0012_C00.tif,zstack_slice,12.0,data/train_images/Operculina ammonoides_23_view2_zstack_slice_z0012.png,train
Operculina ammonoides,23,2,data/train_images/S023_A060_Z0013_C00.tif,zstack_slice,13.0,data/train_images/Operculina ammonoides_23_view2_zstack_slice_z0013.png,train
Operculina ammonoides,23,2,data/train_images/S023_A060_Z0014_C00.tif,zstack_slice,14.0,data/train_images/Operculina ammonoides_23_view2_zstack_slice_z0014.png,train
Operculina ammonoides,23,2,data/train_images/S023_A060_Z0015_C00.tif,zstack_slice,15.0,data/train_images/Operculina ammonoides_23_view2_zstack_slice_z0015.png,train
Operculina ammonoides,23,2,data/train_images/S023_A060_Z0016_C00.tif,zstack_slice,16.0,data/train_images/Operculina ammonoides_23_view2_zstack_slice_z0016.png,train
Operculina ammonoides,23,2,data/train_images/S023_A060_Z0017_C00.tif,zstack_slice,17.0,data/train_images/Operculina ammonoides_23_view2_zstack_slice_z0017.png,train
Operculina ammonoides,23,2,data/train_images/S023_A060_Z0018_C00.tif,zstack_slice,18.0,data/train_images/Operculina ammonoides_23_view2_zstack_slice_z0018.png,train
Operculina ammonoides,23,2,data/train_images/S023_A060_Z0019_C00.tif,zstack_slice,19.0,data/train_images/Operculina ammonoides_23_view2_zstack_slice_z0019.png,train
Operculina ammonoides,23,2,data/train_images/S023_A060_Z0020_C00.tif,zstack_slice,20.0,data/train_images/Operculina ammonoides_23_view2_zstack_slice_z0020.png,train
Operculina ammonoides,23,2,data/train_images/S023_A060_Z0021_C00.tif,zstack_slice,21.0,data/train_images/Operculina ammonoides_23_view2_zstack_slice_z0021.png,train
Operculina ammonoides,23,2,data/train_images/S023_A060_Z0022_C00.tif,zstack_slice,22.0,data/train_images/Operculina ammonoides_23_view2_zstack_slice_z0022.png,train
Operculina ammonoides,23,2,data/train_images/S023_A060_Z0023_C00.tif,zstack_slice,23.0,data/train_images/Operculina ammonoides_23_view2_zstack_slice_z0023.png,train
Operculina ammonoides,23,2,data/train_images/S023_A060_Z0024_C00.tif,zstack_slice,24.0,data/train_images/Operculina ammonoides_23_view2_zstack_slice_z0024.png,train
Operculina ammonoides,23,2,data/train_images/S023_A060_Z0025_C00.tif,zstack_slice,25.0,data/train_images/Operculina ammonoides_23_view2_zstack_slice_z0025.png,train
Operculina ammonoides,23,2,data/train_images/S023_A060_Z0026_C00.tif,zstack_slice,26.0,data/train_images/Operculina ammonoides_23_view2_zstack_slice_z0026.png,train
Operculina ammonoides,23,2,data/train_images/S023_A060_Z0027_C00.tif,zstack_slice,27.0,data/train_images/Operculina ammonoides_23_view2_zstack_slice_z0027.png,train
Operculina ammonoides,23,2,data/train_images/S023_A060_Z0028_C00.tif,zstack_slice,28.0,data/train_images/Operculina ammonoides_23_view2_zstack_slice_z0028.png,train
Operculina ammonoides,23,2,data/train_images/S023_A060_Z0029_C00.tif,zstack_slice,29.0,data/train_images/Operculina ammonoides_23_view2_zstack_slice_z0029.png,train
Operculina ammonoides,23,2,data/train_images/S023_A060_Z0030_C00.tif,zstack_slice,30.0,data/train_images/Operculina ammonoides_23_view2_zstack_slice_z0030.png,train
Operculina ammonoides,23,2,data/train_images/S023_A060_Z0031_C00.tif,zstack_slice,31.0,data/train_images/Operculina ammonoides_23_view2_zstack_slice_z0031.png,train
Operculina ammonoides,23,2,data/train_images/S023_A060_Z0032_C00.tif,zstack_slice,32.0,data/train_images/Operculina ammonoides_23_view2_zstack_slice_z0032.png,train
Operculina ammonoides,23,2,data/train_images/S023_A060_Z0033_C00.tif,zstack_slice,33.0,data/train_images/Operculina ammonoides_23_view2_zstack_slice_z0033.png,train
Operculina ammonoides,23,2,data/train_images/S023_A060_Z0034_C00.tif,zstack_slice,34.0,data/train_images/Operculina ammonoides_23_view2_zstack_slice_z0034.png,train
Operculina ammonoides,23,2,data/train_images/S023_A060_Z0035_C00.tif,zstack_slice,35.0,data/train_images/Operculina ammonoides_23_view2_zstack_slice_z0035.png,train
Operculina ammonoides,23,2,data/train_images/S023_A060_Z0036_C00.tif,zstack_slice,36.0,data/train_images/Operculina ammonoides_23_view2_zstack_slice_z0036.png,train
Operculina ammonoides,23,2,data/train_images/S023_A060_Z0037_C00.tif,zstack_slice,37.0,data/train_images/Operculina ammonoides_23_view2_zstack_slice_z0037.png,train
Operculina ammonoides,23,2,data/train_images/S023_A060_Z0038_C00.tif,zstack_slice,38.0,data/train_images/Operculina ammonoides_23_view2_zstack_slice_z0038.png,train
Operculina ammonoides,23,2,data/train_images/S023_A060_Z0039_C00.tif,zstack_slice,39.0,data/train_images/Operculina ammonoides_23_view2_zstack_slice_z0039.png,train
Operculina ammonoides,23,2,data/train_images/S023_A060_Z0040_C00.tif,zstack_slice,40.0,data/train_images/Operculina ammonoides_23_view2_zstack_slice_z0040.png,train
Operculina ammonoides,23,2,data/train_images/S023_A060_Z0041_C00.tif,zstack_slice,41.0,data/train_images/Operculina ammonoides_23_view2_zstack_slice_z0041.png,train
Operculina ammonoides,23,2,data/train_images/S023_A060_Z0042_C00.tif,zstack_slice,42.0,data/train_images/Operculina ammonoides_23_view2_zstack_slice_z0042.png,train
Operculina ammonoides,23,2,data/train_images/S023_A060_Z0043_C00.tif,zstack_slice,43.0,data/train_images/Operculina ammonoides_23_view2_zstack_slice_z0043.png,train
Operculina ammonoides,23,2,data/train_images/S023_A060_Z0044_C00.tif,zstack_slice,44.0,data/train_images/Operculina ammonoides_23_view2_zstack_slice_z0044.png,train
Operculina ammonoides,23,2,data/train_images/S023_A060_Z0045_C00.tif,zstack_slice,45.0,data/train_images/Operculina ammonoides_23_view2_zstack_slice_z0045.png,train
Operculina ammonoides,23,2,data/train_images/S023_A060_Z0046_C00.tif,zstack_slice,46.0,data/train_images/Operculina ammonoides_23_view2_zstack_slice_z0046.png,train
Operculina ammonoides,23,2,data/train_images/S023_A060_Z0047_C00.tif,zstack_slice,47.0,data/train_images/Operculina ammonoides_23_view2_zstack_slice_z0047.png,train
Operculina ammonoides,23,2,data/train_images/S023_A060_Z0048_C00.tif,zstack_slice,48.0,data/train_images/Operculina ammonoides_23_view2_zstack_slice_z0048.png,train
Operculina ammonoides,23,2,data/train_images/S023_A060_Z0049_C00.tif,zstack_slice,49.0,data/train_images/Operculina ammonoides_23_view2_zstack_slice_z0049.png,train
Operculina ammonoides,23,2,data/train_images/S023_A060_Z0050_C00.tif,zstack_slice,50.0,data/train_images/Operculina ammonoides_23_view2_zstack_slice_z0050.png,train
Operculina ammonoides,23,2,data/train_images/S023_A060_Z0051_C00.tif,zstack_slice,51.0,data/train_images/Operculina ammonoides_23_view2_zstack_slice_z0051.png,train
Operculina ammonoides,23,2,data/train_images/S023_A060_Z0052_C00.tif,zstack_slice,52.0,data/train_images/Operculina ammonoides_23_view2_zstack_slice_z0052.png,train
Operculina ammonoides,23,2,data/train_images/S023_A060_Z0053_C00.tif,zstack_slice,53.0,data/train_images/Operculina ammonoides_23_view2_zstack_slice_z0053.png,train
Operculina ammonoides,23,2,data/train_images/S023_A060_Z0054_C00.tif,zstack_slice,54.0,data/train_images/Operculina ammonoides_23_view2_zstack_slice_z0054.png,train
Operculina ammonoides,23,2,data/train_images/S023_A060_Z0055_C00.tif,zstack_slice,55.0,data/train_images/Operculina ammonoides_23_view2_zstack_slice_z0055.png,train
Operculina ammonoides,23,2,data/train_images/S023_A060_Z0056_C00.tif,zstack_slice,56.0,data/train_images/Operculina ammonoides_23_view2_zstack_slice_z0056.png,train
Operculina ammonoides,23,2,data/train_images/S023_A060_Z0057_C00.tif,zstack_slice,57.0,data/train_images/Operculina ammonoides_23_view2_zstack_slice_z0057.png,train
Operculina ammonoides,23,2,data/train_images/S023_A060_Z0058_C00.tif,zstack_slice,58.0,data/train_images/Operculina ammonoides_23_view2_zstack_slice_z0058.png,train
Operculina ammonoides,23,2,data/train_images/S023_A060_Z0059_C00.tif,zstack_slice,59.0,data/train_images/Operculina ammonoides_23_view2_zstack_slice_z0059.png,train
Operculina ammonoides,23,2,data/train_images/S023_A060_Z0060_C00.tif,zstack_slice,60.0,data/train_images/Operculina ammonoides_23_view2_zstack_slice_z0060.png,train
Operculina ammonoides,23,2,data/train_images/S023_A060_Z0061_C00.tif,zstack_slice,61.0,data/train_images/Operculina ammonoides_23_view2_zstack_slice_z0061.png,train
Operculina ammonoides,23,2,data/train_images/S023_A060_Z0062_C00.tif,zstack_slice,62.0,data/train_images/Operculina ammonoides_23_view2_zstack_slice_z0062.png,train
Operculina ammonoides,23,4,data/train_images/Operculina ammonoides_23_view4_gif_original.png,gif_original,,data/train_images/Operculina ammonoides_23_view4_gif_original.png,train
Operculina ammonoides,23,4,data/train_images/S023_A180_stacked.tif,stacked_tiff,,data/train_images/Operculina ammonoides_23_view4_stacked_tiff.png,train
Operculina ammonoides,23,4,data/train_images/S023_A180_Z0000_C00.tif,zstack_slice,0.0,data/train_images/Operculina ammonoides_23_view4_zstack_slice_z0000.png,train
Operculina ammonoides,23,4,data/train_images/S023_A180_Z0001_C00.tif,zstack_slice,1.0,data/train_images/Operculina ammonoides_23_view4_zstack_slice_z0001.png,train
Operculina ammonoides,23,4,data/train_images/S023_A180_Z0002_C00.tif,zstack_slice,2.0,data/train_images/Operculina ammonoides_23_view4_zstack_slice_z0002.png,train
Operculina ammonoides,23,4,data/train_images/S023_A180_Z0003_C00.tif,zstack_slice,3.0,data/train_images/Operculina ammonoides_23_view4_zstack_slice_z0003.png,train
Operculina ammonoides,23,4,data/train_images/S023_A180_Z0004_C00.tif,zstack_slice,4.0,data/train_images/Operculina ammonoides_23_view4_zstack_slice_z0004.png,train
Operculina ammonoides,23,4,data/train_images/S023_A180_Z0005_C00.tif,zstack_slice,5.0,data/train_images/Operculina ammonoides_23_view4_zstack_slice_z0005.png,train
Operculina ammonoides,23,4,data/train_images/S023_A180_Z0006_C00.tif,zstack_slice,6.0,data/train_images/Operculina ammonoides_23_view4_zstack_slice_z0006.png,train
Operculina ammonoides,23,4,data/train_images/S023_A180_Z0007_C00.tif,zstack_slice,7.0,data/train_images/Operculina ammonoides_23_view4_zstack_slice_z0007.png,train
Operculina ammonoides,23,4,data/train_images/S023_A180_Z0008_C00.tif,zstack_slice,8.0,data/train_images/Operculina ammonoides_23_view4_zstack_slice_z0008.png,train
Operculina ammonoides,23,4,data/train_images/S023_A180_Z0009_C00.tif,zstack_slice,9.0,data/train_images/Operculina ammonoides_23_view4_zstack_slice_z0009.png,train
Operculina ammonoides,23,4,data/train_images/S023_A180_Z0010_C00.tif,zstack_slice,10.0,data/train_images/Operculina ammonoides_23_view4_zstack_slice_z0010.png,train
Operculina ammonoides,23,4,data/train_images/S023_A180_Z0011_C00.tif,zstack_slice,11.0,data/train_images/Operculina ammonoides_23_view4_zstack_slice_z0011.png,train
Operculina ammonoides,23,4,data/train_images/S023_A180_Z0012_C00.tif,zstack_slice,12.0,data/train_images/Operculina ammonoides_23_view4_zstack_slice_z0012.png,train
Operculina ammonoides,23,4,data/train_images/S023_A180_Z0013_C00.tif,zstack_slice,13.0,data/train_images/Operculina ammonoides_23_view4_zstack_slice_z0013.png,train
Operculina ammonoides,23,4,data/train_images/S023_A180_Z0014_C00.tif,zstack_slice,14.0,data/train_images/Operculina ammonoides_23_view4_zstack_slice_z0014.png,train
Operculina ammonoides,23,4,data/train_images/S023_A180_Z0015_C00.tif,zstack_slice,15.0,data/train_images/Operculina ammonoides_23_view4_zstack_slice_z0015.png,train
Operculina ammonoides,23,4,data/train_images/S023_A180_Z0016_C00.tif,zstack_slice,16.0,data/train_images/Operculina ammonoides_23_view4_zstack_slice_z0016.png,train
Operculina ammonoides,23,4,data/train_images/S023_A180_Z0017_C00.tif,zstack_slice,17.0,data/train_images/Operculina ammonoides_23_view4_zstack_slice_z0017.png,train
Operculina ammonoides,23,4,data/train_images/S023_A180_Z0018_C00.tif,zstack_slice,18.0,data/train_images/Operculina ammonoides_23_view4_zstack_slice_z0018.png,train
Operculina ammonoides,23,4,data/train_images/S023_A180_Z0019_C00.tif,zstack_slice,19.0,data/train_images/Operculina ammonoides_23_view4_zstack_slice_z0019.png,train
Operculina ammonoides,23,4,data/train_images/S023_A180_Z0020_C00.tif,zstack_slice,20.0,data/train_images/Operculina ammonoides_23_view4_zstack_slice_z0020.png,train
Operculina ammonoides,23,4,data/train_images/S023_A180_Z0021_C00.tif,zstack_slice,21.0,data/train_images/Operculina ammonoides_23_view4_zstack_slice_z0021.png,train
Operculina ammonoides,23,5,data/train_images/Operculina ammonoides_23_view5_gif_original.png,gif_original,,data/train_images/Operculina ammonoides_23_view5_gif_original.png,train
Operculina ammonoides,23,5,data/train_images/S023_A240_stacked.tif,stacked_tiff,,data/train_images/Operculina ammonoides_23_view5_stacked_tiff.png,train
Operculina ammonoides,23,5,data/train_images/S023_A240_Z0000_C00.tif,zstack_slice,0.0,data/train_images/Operculina ammonoides_23_view5_zstack_slice_z0000.png,train
Operculina ammonoides,23,5,data/train_images/S023_A240_Z0001_C00.tif,zstack_slice,1.0,data/train_images/Operculina ammonoides_23_view5_zstack_slice_z0001.png,train
Operculina ammonoides,23,5,data/train_images/S023_A240_Z0002_C00.tif,zstack_slice,2.0,data/train_images/Operculina ammonoides_23_view5_zstack_slice_z0002.png,train
Operculina ammonoides,23,5,data/train_images/S023_A240_Z0003_C00.tif,zstack_slice,3.0,data/train_images/Operculina ammonoides_23_view5_zstack_slice_z0003.png,train
Operculina ammonoides,23,5,data/train_images/S023_A240_Z0004_C00.tif,zstack_slice,4.0,data/train_images/Operculina ammonoides_23_view5_zstack_slice_z0004.png,train
Operculina ammonoides,23,5,data/train_images/S023_A240_Z0005_C00.tif,zstack_slice,5.0,data/train_images/Operculina ammonoides_23_view5_zstack_slice_z0005.png,train
Operculina ammonoides,23,5,data/train_images/S023_A240_Z0006_C00.tif,zstack_slice,6.0,data/train_images/Operculina ammonoides_23_view5_zstack_slice_z0006.png,train
Operculina ammonoides,23,5,data/train_images/S023_A240_Z0007_C00.tif,zstack_slice,7.0,data/train_images/Operculina ammonoides_23_view5_zstack_slice_z0007.png,train
Operculina ammonoides,23,5,data/train_images/S023_A240_Z0008_C00.tif,zstack_slice,8.0,data/train_images/Operculina ammonoides_23_view5_zstack_slice_z0008.png,train
Operculina ammonoides,23,5,data/train_images/S023_A240_Z0009_C00.tif,zstack_slice,9.0,data/train_images/Operculina ammonoides_23_view5_zstack_slice_z0009.png,train
Operculina ammonoides,23,5,data/train_images/S023_A240_Z0010_C00.tif,zstack_slice,10.0,data/train_images/Operculina ammonoides_23_view5_zstack_slice_z0010.png,train
Operculina ammonoides,23,5,data/train_images/S023_A240_Z0011_C00.tif,zstack_slice,11.0,data/train_images/Operculina ammonoides_23_view5_zstack_slice_z0011.png,train
Operculina ammonoides,23,5,data/train_images/S023_A240_Z0012_C00.tif,zstack_slice,12.0,data/train_images/Operculina ammonoides_23_view5_zstack_slice_z0012.png,train
Operculina ammonoides,23,5,data/train_images/S023_A240_Z0013_C00.tif,zstack_slice,13.0,data/train_images/Operculina ammonoides_23_view5_zstack_slice_z0013.png,train
Operculina ammonoides,23,5,data/train_images/S023_A240_Z0014_C00.tif,zstack_slice,14.0,data/train_images/Operculina ammonoides_23_view5_zstack_slice_z0014.png,train
Operculina ammonoides,23,5,data/train_images/S023_A240_Z0015_C00.tif,zstack_slice,15.0,data/train_images/Operculina ammonoides_23_view5_zstack_slice_z0015.png,train
Operculina ammonoides,23,5,data/train_images/S023_A240_Z0016_C00.tif,zstack_slice,16.0,data/train_images/Operculina ammonoides_23_view5_zstack_slice_z0016.png,train
Operculina ammonoides,23,5,data/train_images/S023_A240_Z0017_C00.tif,zstack_slice,17.0,data/train_images/Operculina ammonoides_23_view5_zstack_slice_z0017.png,train
Operculina ammonoides,23,5,data/train_images/S023_A240_Z0018_C00.tif,zstack_slice,18.0,data/train_images/Operculina ammonoides_23_view5_zstack_slice_z0018.png,train
Operculina ammonoides,23,5,data/train_images/S023_A240_Z0019_C00.tif,zstack_slice,19.0,data/train_images/Operculina ammonoides_23_view5_zstack_slice_z0019.png,train
Operculina ammonoides,23,5,data/train_images/S023_A240_Z0020_C00.tif,zstack_slice,20.0,data/train_images/Operculina ammonoides_23_view5_zstack_slice_z0020.png,train
Operculina ammonoides,23,5,data/train_images/S023_A240_Z0021_C00.tif,zstack_slice,21.0,data/train_images/Operculina ammonoides_23_view5_zstack_slice_z0021.png,train
Operculina ammonoides,23,5,data/train_images/S023_A240_Z0022_C00.tif,zstack_slice,22.0,data/train_images/Operculina ammonoides_23_view5_zstack_slice_z0022.png,train
Operculina ammonoides,23,5,data/train_images/S023_A240_Z0023_C00.tif,zstack_slice,23.0,data/train_images/Operculina ammonoides_23_view5_zstack_slice_z0023.png,train
Operculina ammonoides,23,5,data/train_images/S023_A240_Z0024_C00.tif,zstack_slice,24.0,data/train_images/Operculina ammonoides_23_view5_zstack_slice_z0024.png,train
Operculina ammonoides,23,5,data/train_images/S023_A240_Z0025_C00.tif,zstack_slice,25.0,data/train_images/Operculina ammonoides_23_view5_zstack_slice_z0025.png,train
Operculina ammonoides,23,5,data/train_images/S023_A240_Z0026_C00.tif,zstack_slice,26.0,data/train_images/Operculina ammonoides_23_view5_zstack_slice_z0026.png,train
Operculina ammonoides,23,5,data/train_images/S023_A240_Z0027_C00.tif,zstack_slice,27.0,data/train_images/Operculina ammonoides_23_view5_zstack_slice_z0027.png,train
Operculina ammonoides,23,5,data/train_images/S023_A240_Z0028_C00.tif,zstack_slice,28.0,data/train_images/Operculina ammonoides_23_view5_zstack_slice_z0028.png,train
Operculina ammonoides,23,5,data/train_images/S023_A240_Z0029_C00.tif,zstack_slice,29.0,data/train_images/Operculina ammonoides_23_view5_zstack_slice_z0029.png,train
Operculina ammonoides,23,5,data/train_images/S023_A240_Z0030_C00.tif,zstack_slice,30.0,data/train_images/Operculina ammonoides_23_view5_zstack_slice_z0030.png,train
Operculina ammonoides,23,5,data/train_images/S023_A240_Z0031_C00.tif,zstack_slice,31.0,data/train_images/Operculina ammonoides_23_view5_zstack_slice_z0031.png,train
Operculina ammonoides,23,5,data/train_images/S023_A240_Z0032_C00.tif,zstack_slice,32.0,data/train_images/Operculina ammonoides_23_view5_zstack_slice_z0032.png,train
Operculina ammonoides,23,5,data/train_images/S023_A240_Z0033_C00.tif,zstack_slice,33.0,data/train_images/Operculina ammonoides_23_view5_zstack_slice_z0033.png,train
Operculina ammonoides,23,5,data/train_images/S023_A240_Z0034_C00.tif,zstack_slice,34.0,data/train_images/Operculina ammonoides_23_view5_zstack_slice_z0034.png,train
Operculina ammonoides,23,5,data/train_images/S023_A240_Z0035_C00.tif,zstack_slice,35.0,data/train_images/Operculina ammonoides_23_view5_zstack_slice_z0035.png,train
Operculina ammonoides,23,5,data/train_images/S023_A240_Z0036_C00.tif,zstack_slice,36.0,data/train_images/Operculina ammonoides_23_view5_zstack_slice_z0036.png,train
Operculina ammonoides,23,5,data/train_images/S023_A240_Z0037_C00.tif,zstack_slice,37.0,data/train_images/Operculina ammonoides_23_view5_zstack_slice_z0037.png,train
Operculina ammonoides,23,5,data/train_images/S023_A240_Z0038_C00.tif,zstack_slice,38.0,data/train_images/Operculina ammonoides_23_view5_zstack_slice_z0038.png,train
Operculina ammonoides,23,5,data/train_images/S023_A240_Z0039_C00.tif,zstack_slice,39.0,data/train_images/Operculina ammonoides_23_view5_zstack_slice_z0039.png,train
Operculina ammonoides,23,5,data/train_images/S023_A240_Z0040_C00.tif,zstack_slice,40.0,data/train_images/Operculina ammonoides_23_view5_zstack_slice_z0040.png,train
Operculina ammonoides,23,5,data/train_images/S023_A240_Z0041_C00.tif,zstack_slice,41.0,data/train_images/Operculina ammonoides_23_view5_zstack_slice_z0041.png,train
Operculina ammonoides,23,5,data/train_images/S023_A240_Z0042_C00.tif,zstack_slice,42.0,data/train_images/Operculina ammonoides_23_view5_zstack_slice_z0042.png,train
Operculina ammonoides,23,5,data/train_images/S023_A240_Z0043_C00.tif,zstack_slice,43.0,data/train_images/Operculina ammonoides_23_view5_zstack_slice_z0043.png,train
Operculina ammonoides,23,5,data/train_images/S023_A240_Z0044_C00.tif,zstack_slice,44.0,data/train_images/Operculina ammonoides_23_view5_zstack_slice_z0044.png,train
Operculina ammonoides,23,5,data/train_images/S023_A240_Z0045_C00.tif,zstack_slice,45.0,data/train_images/Operculina ammonoides_23_view5_zstack_slice_z0045.png,train
Operculina ammonoides,23,5,data/train_images/S023_A240_Z0046_C00.tif,zstack_slice,46.0,data/train_images/Operculina ammonoides_23_view5_zstack_slice_z0046.png,train
Operculina ammonoides,23,5,data/train_images/S023_A240_Z0047_C00.tif,zstack_slice,47.0,data/train_images/Operculina ammonoides_23_view5_zstack_slice_z0047.png,train
Operculina ammonoides,23,5,data/train_images/S023_A240_Z0048_C00.tif,zstack_slice,48.0,data/train_images/Operculina ammonoides_23_view5_zstack_slice_z0048.png,train
Operculina ammonoides,23,5,data/train_images/S023_A240_Z0049_C00.tif,zstack_slice,49.0,data/train_images/Operculina ammonoides_23_view5_zstack_slice_z0049.png,train
Operculina ammonoides,23,5,data/train_images/S023_A240_Z0050_C00.tif,zstack_slice,50.0,data/train_images/Operculina ammonoides_23_view5_zstack_slice_z0050.png,train
Operculina ammonoides,23,5,data/train_images/S023_A240_Z0051_C00.tif,zstack_slice,51.0,data/train_images/Operculina ammonoides_23_view5_zstack_slice_z0051.png,train
Operculina ammonoides,23,5,data/train_images/S023_A240_Z0052_C00.tif,zstack_slice,52.0,data/train_images/Operculina ammonoides_23_view5_zstack_slice_z0052.png,train
Operculina ammonoides,23,5,data/train_images/S023_A240_Z0053_C00.tif,zstack_slice,53.0,data/train_images/Operculina ammonoides_23_view5_zstack_slice_z0053.png,train
Operculina ammonoides,23,5,data/train_images/S023_A240_Z0054_C00.tif,zstack_slice,54.0,data/train_images/Operculina ammonoides_23_view5_zstack_slice_z0054.png,train
Operculina ammonoides,23,5,data/train_images/S023_A240_Z0055_C00.tif,zstack_slice,55.0,data/train_images/Operculina ammonoides_23_view5_zstack_slice_z0055.png,train
Operculina ammonoides,23,5,data/train_images/S023_A240_Z0056_C00.tif,zstack_slice,56.0,data/train_images/Operculina ammonoides_23_view5_zstack_slice_z0056.png,train
Operculina ammonoides,23,5,data/train_images/S023_A240_Z0057_C00.tif,zstack_slice,57.0,data/train_images/Operculina ammonoides_23_view5_zstack_slice_z0057.png,train
Operculina ammonoides,23,6,data/train_images/Operculina ammonoides_23_view6_gif_original.png,gif_original,,data/train_images/Operculina ammonoides_23_view6_gif_original.png,train
Operculina ammonoides,23,6,data/train_images/S023_A300_stacked.tif,stacked_tiff,,data/train_images/Operculina ammonoides_23_view6_stacked_tiff.png,train
Operculina ammonoides,23,6,data/train_images/S023_A300_Z0000_C00.tif,zstack_slice,0.0,data/train_images/Operculina ammonoides_23_view6_zstack_slice_z0000.png,train
Operculina ammonoides,23,6,data/train_images/S023_A300_Z0001_C00.tif,zstack_slice,1.0,data/train_images/Operculina ammonoides_23_view6_zstack_slice_z0001.png,train
Operculina ammonoides,23,6,data/train_images/S023_A300_Z0002_C00.tif,zstack_slice,2.0,data/train_images/Operculina ammonoides_23_view6_zstack_slice_z0002.png,train
Operculina ammonoides,23,6,data/train_images/S023_A300_Z0003_C00.tif,zstack_slice,3.0,data/train_images/Operculina ammonoides_23_view6_zstack_slice_z0003.png,train
Operculina ammonoides,23,6,data/train_images/S023_A300_Z0004_C00.tif,zstack_slice,4.0,data/train_images/Operculina ammonoides_23_view6_zstack_slice_z0004.png,train
Operculina ammonoides,23,6,data/train_images/S023_A300_Z0005_C00.tif,zstack_slice,5.0,data/train_images/Operculina ammonoides_23_view6_zstack_slice_z0005.png,train
Operculina ammonoides,23,6,data/train_images/S023_A300_Z0006_C00.tif,zstack_slice,6.0,data/train_images/Operculina ammonoides_23_view6_zstack_slice_z0006.png,train
Operculina ammonoides,23,6,data/train_images/S023_A300_Z0007_C00.tif,zstack_slice,7.0,data/train_images/Operculina ammonoides_23_view6_zstack_slice_z0007.png,train
Operculina ammonoides,23,6,data/train_images/S023_A300_Z0008_C00.tif,zstack_slice,8.0,data/train_images/Operculina ammonoides_23_view6_zstack_slice_z0008.png,train
Operculina ammonoides,23,6,data/train_images/S023_A300_Z0009_C00.tif,zstack_slice,9.0,data/train_images/Operculina ammonoides_23_view6_zstack_slice_z0009.png,train
Operculina ammonoides,23,6,data/train_images/S023_A300_Z0010_C00.tif,zstack_slice,10.0,data/train_images/Operculina ammonoides_23_view6_zstack_slice_z0010.png,train
Operculina ammonoides,23,6,data/train_images/S023_A300_Z0011_C00.tif,zstack_slice,11.0,data/train_images/Operculina ammonoides_23_view6_zstack_slice_z0011.png,train
Operculina ammonoides,23,6,data/train_images/S023_A300_Z0012_C00.tif,zstack_slice,12.0,data/train_images/Operculina ammonoides_23_view6_zstack_slice_z0012.png,train
Operculina ammonoides,23,6,data/train_images/S023_A300_Z0013_C00.tif,zstack_slice,13.0,data/train_images/Operculina ammonoides_23_view6_zstack_slice_z0013.png,train
Operculina ammonoides,23,6,data/train_images/S023_A300_Z0014_C00.tif,zstack_slice,14.0,data/train_images/Operculina ammonoides_23_view6_zstack_slice_z0014.png,train
Operculina ammonoides,23,6,data/train_images/S023_A300_Z0015_C00.tif,zstack_slice,15.0,data/train_images/Operculina ammonoides_23_view6_zstack_slice_z0015.png,train
Operculina ammonoides,23,6,data/train_images/S023_A300_Z0016_C00.tif,zstack_slice,16.0,data/train_images/Operculina ammonoides_23_view6_zstack_slice_z0016.png,train
Operculina ammonoides,23,6,data/train_images/S023_A300_Z0017_C00.tif,zstack_slice,17.0,data/train_images/Operculina ammonoides_23_view6_zstack_slice_z0017.png,train
Operculina ammonoides,23,6,data/train_images/S023_A300_Z0018_C00.tif,zstack_slice,18.0,data/train_images/Operculina ammonoides_23_view6_zstack_slice_z0018.png,train
Operculina ammonoides,23,6,data/train_images/S023_A300_Z0019_C00.tif,zstack_slice,19.0,data/train_images/Operculina ammonoides_23_view6_zstack_slice_z0019.png,train
Operculina ammonoides,23,6,data/train_images/S023_A300_Z0020_C00.tif,zstack_slice,20.0,data/train_images/Operculina ammonoides_23_view6_zstack_slice_z0020.png,train
Operculina ammonoides,23,6,data/train_images/S023_A300_Z0021_C00.tif,zstack_slice,21.0,data/train_images/Operculina ammonoides_23_view6_zstack_slice_z0021.png,train
Operculina ammonoides,23,6,data/train_images/S023_A300_Z0022_C00.tif,zstack_slice,22.0,data/train_images/Operculina ammonoides_23_view6_zstack_slice_z0022.png,train
Operculina ammonoides,23,6,data/train_images/S023_A300_Z0023_C00.tif,zstack_slice,23.0,data/train_images/Operculina ammonoides_23_view6_zstack_slice_z0023.png,train
Operculina ammonoides,23,6,data/train_images/S023_A300_Z0024_C00.tif,zstack_slice,24.0,data/train_images/Operculina ammonoides_23_view6_zstack_slice_z0024.png,train
Operculina ammonoides,23,6,data/train_images/S023_A300_Z0025_C00.tif,zstack_slice,25.0,data/train_images/Operculina ammonoides_23_view6_zstack_slice_z0025.png,train
Operculina ammonoides,23,6,data/train_images/S023_A300_Z0026_C00.tif,zstack_slice,26.0,data/train_images/Operculina ammonoides_23_view6_zstack_slice_z0026.png,train
Operculina ammonoides,23,6,data/train_images/S023_A300_Z0027_C00.tif,zstack_slice,27.0,data/train_images/Operculina ammonoides_23_view6_zstack_slice_z0027.png,train
Operculina ammonoides,23,6,data/train_images/S023_A300_Z0028_C00.tif,zstack_slice,28.0,data/train_images/Operculina ammonoides_23_view6_zstack_slice_z0028.png,train
Operculina ammonoides,23,6,data/train_images/S023_A300_Z0029_C00.tif,zstack_slice,29.0,data/train_images/Operculina ammonoides_23_view6_zstack_slice_z0029.png,train
Operculina ammonoides,23,6,data/train_images/S023_A300_Z0030_C00.tif,zstack_slice,30.0,data/train_images/Operculina ammonoides_23_view6_zstack_slice_z0030.png,train
Operculina ammonoides,23,6,data/train_images/S023_A300_Z0031_C00.tif,zstack_slice,31.0,data/train_images/Operculina ammonoides_23_view6_zstack_slice_z0031.png,train
Operculina ammonoides,23,6,data/train_images/S023_A300_Z0032_C00.tif,zstack_slice,32.0,data/train_images/Operculina ammonoides_23_view6_zstack_slice_z0032.png,train
Operculina ammonoides,23,6,data/train_images/S023_A300_Z0033_C00.tif,zstack_slice,33.0,data/train_images/Operculina ammonoides_23_view6_zstack_slice_z0033.png,train
Operculina ammonoides,23,6,data/train_images/S023_A300_Z0034_C00.tif,zstack_slice,34.0,data/train_images/Operculina ammonoides_23_view6_zstack_slice_z0034.png,train
Operculina ammonoides,23,6,data/train_images/S023_A300_Z0035_C00.tif,zstack_slice,35.0,data/train_images/Operculina ammonoides_23_view6_zstack_slice_z0035.png,train
Operculina ammonoides,23,6,data/train_images/S023_A300_Z0036_C00.tif,zstack_slice,36.0,data/train_images/Operculina ammonoides_23_view6_zstack_slice_z0036.png,train
Operculina ammonoides,23,6,data/train_images/S023_A300_Z0037_C00.tif,zstack_slice,37.0,data/train_images/Operculina ammonoides_23_view6_zstack_slice_z0037.png,train
Operculina ammonoides,23,6,data/train_images/S023_A300_Z0038_C00.tif,zstack_slice,38.0,data/train_images/Operculina ammonoides_23_view6_zstack_slice_z0038.png,train
Operculina ammonoides,23,6,data/train_images/S023_A300_Z0039_C00.tif,zstack_slice,39.0,data/train_images/Operculina ammonoides_23_view6_zstack_slice_z0039.png,train
Operculina ammonoides,23,6,data/train_images/S023_A300_Z0040_C00.tif,zstack_slice,40.0,data/train_images/Operculina ammonoides_23_view6_zstack_slice_z0040.png,train
Operculina ammonoides,23,6,data/train_images/S023_A300_Z0041_C00.tif,zstack_slice,41.0,data/train_images/Operculina ammonoides_23_view6_zstack_slice_z0041.png,train
Operculina ammonoides,23,6,data/train_images/S023_A300_Z0042_C00.tif,zstack_slice,42.0,data/train_images/Operculina ammonoides_23_view6_zstack_slice_z0042.png,train
Operculina ammonoides,23,6,data/train_images/S023_A300_Z0043_C00.tif,zstack_slice,43.0,data/train_images/Operculina ammonoides_23_view6_zstack_slice_z0043.png,train
Operculina ammonoides,23,6,data/train_images/S023_A300_Z0044_C00.tif,zstack_slice,44.0,data/train_images/Operculina ammonoides_23_view6_zstack_slice_z0044.png,train
Operculina ammonoides,23,6,data/train_images/S023_A300_Z0045_C00.tif,zstack_slice,45.0,data/train_images/Operculina ammonoides_23_view6_zstack_slice_z0045.png,train
Operculina ammonoides,23,6,data/train_images/S023_A300_Z0046_C00.tif,zstack_slice,46.0,data/train_images/Operculina ammonoides_23_view6_zstack_slice_z0046.png,train
Operculina ammonoides,23,6,data/train_images/S023_A300_Z0047_C00.tif,zstack_slice,47.0,data/train_images/Operculina ammonoides_23_view6_zstack_slice_z0047.png,train
Operculina ammonoides,23,6,data/train_images/S023_A300_Z0048_C00.tif,zstack_slice,48.0,data/train_images/Operculina ammonoides_23_view6_zstack_slice_z0048.png,train
Operculina ammonoides,23,6,data/train_images/S023_A300_Z0049_C00.tif,zstack_slice,49.0,data/train_images/Operculina ammonoides_23_view6_zstack_slice_z0049.png,train
Operculina ammonoides,23,6,data/train_images/S023_A300_Z0050_C00.tif,zstack_slice,50.0,data/train_images/Operculina ammonoides_23_view6_zstack_slice_z0050.png,train
Operculina ammonoides,23,6,data/train_images/S023_A300_Z0051_C00.tif,zstack_slice,51.0,data/train_images/Operculina ammonoides_23_view6_zstack_slice_z0051.png,train
Operculina ammonoides,23,6,data/train_images/S023_A300_Z0052_C00.tif,zstack_slice,52.0,data/train_images/Operculina ammonoides_23_view6_zstack_slice_z0052.png,train
Operculina ammonoides,23,6,data/train_images/S023_A300_Z0053_C00.tif,zstack_slice,53.0,data/train_images/Operculina ammonoides_23_view6_zstack_slice_z0053.png,train
Operculina ammonoides,23,6,data/train_images/S023_A300_Z0054_C00.tif,zstack_slice,54.0,data/train_images/Operculina ammonoides_23_view6_zstack_slice_z0054.png,train
Operculina ammonoides,23,6,data/train_images/S023_A300_Z0055_C00.tif,zstack_slice,55.0,data/train_images/Operculina ammonoides_23_view6_zstack_slice_z0055.png,train
Operculina ammonoides,23,6,data/train_images/S023_A300_Z0056_C00.tif,zstack_slice,56.0,data/train_images/Operculina ammonoides_23_view6_zstack_slice_z0056.png,train
Operculina ammonoides,23,6,data/train_images/S023_A300_Z0057_C00.tif,zstack_slice,57.0,data/train_images/Operculina ammonoides_23_view6_zstack_slice_z0057.png,train
Operculina ammonoides,23,6,data/train_images/S023_A300_Z0058_C00.tif,zstack_slice,58.0,data/train_images/Operculina ammonoides_23_view6_zstack_slice_z0058.png,train
Operculina ammonoides,23,6,data/train_images/S023_A300_Z0059_C00.tif,zstack_slice,59.0,data/train_images/Operculina ammonoides_23_view6_zstack_slice_z0059.png,train
Operculina ammonoides,23,6,data/train_images/S023_A300_Z0060_C00.tif,zstack_slice,60.0,data/train_images/Operculina ammonoides_23_view6_zstack_slice_z0060.png,train
Operculina ammonoides,23,6,data/train_images/S023_A300_Z0061_C00.tif,zstack_slice,61.0,data/train_images/Operculina ammonoides_23_view6_zstack_slice_z0061.png,train
Operculina ammonoides,23,6,data/train_images/S023_A300_Z0062_C00.tif,zstack_slice,62.0,data/train_images/Operculina ammonoides_23_view6_zstack_slice_z0062.png,train
Operculina ammonoides,23,6,data/train_images/S023_A300_Z0063_C00.tif,zstack_slice,63.0,data/train_images/Operculina ammonoides_23_view6_zstack_slice_z0063.png,train
Operculina ammonoides,23,6,data/train_images/S023_A300_Z0064_C00.tif,zstack_slice,64.0,data/train_images/Operculina ammonoides_23_view6_zstack_slice_z0064.png,train
Operculina ammonoides,23,6,data/train_images/S023_A300_Z0065_C00.tif,zstack_slice,65.0,data/train_images/Operculina ammonoides_23_view6_zstack_slice_z0065.png,train
Operculina ammonoides,23,6,data/train_images/S023_A300_Z0066_C00.tif,zstack_slice,66.0,data/train_images/Operculina ammonoides_23_view6_zstack_slice_z0066.png,train
Pseudotriloculina limbata,10,1,data/train_images/Pseudotriloculina limbata_10_view1_gif_original.png,gif_original,,data/train_images/Pseudotriloculina limbata_10_view1_gif_original.png,train
Pseudotriloculina limbata,10,1,data/train_images/S010_A000_stacked.tif,stacked_tiff,,data/train_images/Pseudotriloculina limbata_10_view1_stacked_tiff.png,train
Pseudotriloculina limbata,10,1,data/train_images/S010_A000_Z0000_C00.tif,zstack_slice,0.0,data/train_images/Pseudotriloculina limbata_10_view1_zstack_slice_z0000.png,train
Pseudotriloculina limbata,10,1,data/train_images/S010_A000_Z0001_C00.tif,zstack_slice,1.0,data/train_images/Pseudotriloculina limbata_10_view1_zstack_slice_z0001.png,train
Pseudotriloculina limbata,10,1,data/train_images/S010_A000_Z0002_C00.tif,zstack_slice,2.0,data/train_images/Pseudotriloculina limbata_10_view1_zstack_slice_z0002.png,train
Pseudotriloculina limbata,10,1,data/train_images/S010_A000_Z0003_C00.tif,zstack_slice,3.0,data/train_images/Pseudotriloculina limbata_10_view1_zstack_slice_z0003.png,train
Pseudotriloculina limbata,10,1,data/train_images/S010_A000_Z0004_C00.tif,zstack_slice,4.0,data/train_images/Pseudotriloculina limbata_10_view1_zstack_slice_z0004.png,train
Pseudotriloculina limbata,10,1,data/train_images/S010_A000_Z0005_C00.tif,zstack_slice,5.0,data/train_images/Pseudotriloculina limbata_10_view1_zstack_slice_z0005.png,train
Pseudotriloculina limbata,10,1,data/train_images/S010_A000_Z0006_C00.tif,zstack_slice,6.0,data/train_images/Pseudotriloculina limbata_10_view1_zstack_slice_z0006.png,train
Pseudotriloculina limbata,10,1,data/train_images/S010_A000_Z0007_C00.tif,zstack_slice,7.0,data/train_images/Pseudotriloculina limbata_10_view1_zstack_slice_z0007.png,train
Pseudotriloculina limbata,10,1,data/train_images/S010_A000_Z0008_C00.tif,zstack_slice,8.0,data/train_images/Pseudotriloculina limbata_10_view1_zstack_slice_z0008.png,train
Pseudotriloculina limbata,10,1,data/train_images/S010_A000_Z0009_C00.tif,zstack_slice,9.0,data/train_images/Pseudotriloculina limbata_10_view1_zstack_slice_z0009.png,train
Pseudotriloculina limbata,10,1,data/train_images/S010_A000_Z0010_C00.tif,zstack_slice,10.0,data/train_images/Pseudotriloculina limbata_10_view1_zstack_slice_z0010.png,train
Pseudotriloculina limbata,10,1,data/train_images/S010_A000_Z0011_C00.tif,zstack_slice,11.0,data/train_images/Pseudotriloculina limbata_10_view1_zstack_slice_z0011.png,train
Pseudotriloculina limbata,10,1,data/train_images/S010_A000_Z0012_C00.tif,zstack_slice,12.0,data/train_images/Pseudotriloculina limbata_10_view1_zstack_slice_z0012.png,train
Pseudotriloculina limbata,10,1,data/train_images/S010_A000_Z0013_C00.tif,zstack_slice,13.0,data/train_images/Pseudotriloculina limbata_10_view1_zstack_slice_z0013.png,train
Pseudotriloculina limbata,10,1,data/train_images/S010_A000_Z0014_C00.tif,zstack_slice,14.0,data/train_images/Pseudotriloculina limbata_10_view1_zstack_slice_z0014.png,train
Pseudotriloculina limbata,10,1,data/train_images/S010_A000_Z0015_C00.tif,zstack_slice,15.0,data/train_images/Pseudotriloculina limbata_10_view1_zstack_slice_z0015.png,train
Pseudotriloculina limbata,10,1,data/train_images/S010_A000_Z0016_C00.tif,zstack_slice,16.0,data/train_images/Pseudotriloculina limbata_10_view1_zstack_slice_z0016.png,train
Pseudotriloculina limbata,10,1,data/train_images/S010_A000_Z0017_C00.tif,zstack_slice,17.0,data/train_images/Pseudotriloculina limbata_10_view1_zstack_slice_z0017.png,train
Pseudotriloculina limbata,10,1,data/train_images/S010_A000_Z0018_C00.tif,zstack_slice,18.0,data/train_images/Pseudotriloculina limbata_10_view1_zstack_slice_z0018.png,train
Pseudotriloculina limbata,10,1,data/train_images/S010_A000_Z0019_C00.tif,zstack_slice,19.0,data/train_images/Pseudotriloculina limbata_10_view1_zstack_slice_z0019.png,train
Pseudotriloculina limbata,10,1,data/train_images/S010_A000_Z0020_C00.tif,zstack_slice,20.0,data/train_images/Pseudotriloculina limbata_10_view1_zstack_slice_z0020.png,train
Pseudotriloculina limbata,10,1,data/train_images/S010_A000_Z0021_C00.tif,zstack_slice,21.0,data/train_images/Pseudotriloculina limbata_10_view1_zstack_slice_z0021.png,train
Pseudotriloculina limbata,10,1,data/train_images/S010_A000_Z0022_C00.tif,zstack_slice,22.0,data/train_images/Pseudotriloculina limbata_10_view1_zstack_slice_z0022.png,train
Pseudotriloculina limbata,10,1,data/train_images/S010_A000_Z0023_C00.tif,zstack_slice,23.0,data/train_images/Pseudotriloculina limbata_10_view1_zstack_slice_z0023.png,train
Pseudotriloculina limbata,10,1,data/train_images/S010_A000_Z0024_C00.tif,zstack_slice,24.0,data/train_images/Pseudotriloculina limbata_10_view1_zstack_slice_z0024.png,train
Pseudotriloculina limbata,10,1,data/train_images/S010_A000_Z0025_C00.tif,zstack_slice,25.0,data/train_images/Pseudotriloculina limbata_10_view1_zstack_slice_z0025.png,train
Pseudotriloculina limbata,10,1,data/train_images/S010_A000_Z0026_C00.tif,zstack_slice,26.0,data/train_images/Pseudotriloculina limbata_10_view1_zstack_slice_z0026.png,train
Pseudotriloculina limbata,10,1,data/train_images/S010_A000_Z0027_C00.tif,zstack_slice,27.0,data/train_images/Pseudotriloculina limbata_10_view1_zstack_slice_z0027.png,train
Pseudotriloculina limbata,10,1,data/train_images/S010_A000_Z0028_C00.tif,zstack_slice,28.0,data/train_images/Pseudotriloculina limbata_10_view1_zstack_slice_z0028.png,train
Pseudotriloculina limbata,10,1,data/train_images/S010_A000_Z0029_C00.tif,zstack_slice,29.0,data/train_images/Pseudotriloculina limbata_10_view1_zstack_slice_z0029.png,train
Pseudotriloculina limbata,10,1,data/train_images/S010_A000_Z0030_C00.tif,zstack_slice,30.0,data/train_images/Pseudotriloculina limbata_10_view1_zstack_slice_z0030.png,train
Pseudotriloculina limbata,10,1,data/train_images/S010_A000_Z0031_C00.tif,zstack_slice,31.0,data/train_images/Pseudotriloculina limbata_10_view1_zstack_slice_z0031.png,train
Pseudotriloculina limbata,10,1,data/train_images/S010_A000_Z0032_C00.tif,zstack_slice,32.0,data/train_images/Pseudotriloculina limbata_10_view1_zstack_slice_z0032.png,train
Pseudotriloculina limbata,10,1,data/train_images/S010_A000_Z0033_C00.tif,zstack_slice,33.0,data/train_images/Pseudotriloculina limbata_10_view1_zstack_slice_z0033.png,train
Pseudotriloculina limbata,10,1,data/train_images/S010_A000_Z0034_C00.tif,zstack_slice,34.0,data/train_images/Pseudotriloculina limbata_10_view1_zstack_slice_z0034.png,train
Pseudotriloculina limbata,10,1,data/train_images/S010_A000_Z0035_C00.tif,zstack_slice,35.0,data/train_images/Pseudotriloculina limbata_10_view1_zstack_slice_z0035.png,train
Pseudotriloculina limbata,10,1,data/train_images/S010_A000_Z0036_C00.tif,zstack_slice,36.0,data/train_images/Pseudotriloculina limbata_10_view1_zstack_slice_z0036.png,train
Pseudotriloculina limbata,10,1,data/train_images/S010_A000_Z0037_C00.tif,zstack_slice,37.0,data/train_images/Pseudotriloculina limbata_10_view1_zstack_slice_z0037.png,train
Pseudotriloculina limbata,10,1,data/train_images/S010_A000_Z0038_C00.tif,zstack_slice,38.0,data/train_images/Pseudotriloculina limbata_10_view1_zstack_slice_z0038.png,train
Pseudotriloculina limbata,10,1,data/train_images/S010_A000_Z0039_C00.tif,zstack_slice,39.0,data/train_images/Pseudotriloculina limbata_10_view1_zstack_slice_z0039.png,train
Pseudotriloculina limbata,10,1,data/train_images/S010_A000_Z0040_C00.tif,zstack_slice,40.0,data/train_images/Pseudotriloculina limbata_10_view1_zstack_slice_z0040.png,train
Pseudotriloculina limbata,10,1,data/train_images/S010_A000_Z0041_C00.tif,zstack_slice,41.0,data/train_images/Pseudotriloculina limbata_10_view1_zstack_slice_z0041.png,train
Pseudotriloculina limbata,10,1,data/train_images/S010_A000_Z0042_C00.tif,zstack_slice,42.0,data/train_images/Pseudotriloculina limbata_10_view1_zstack_slice_z0042.png,train
Pseudotriloculina limbata,10,4,data/train_images/Pseudotriloculina limbata_10_view4_gif_original.png,gif_original,,data/train_images/Pseudotriloculina limbata_10_view4_gif_original.png,train
Pseudotriloculina limbata,10,4,data/train_images/S010_A180_stacked.tif,stacked_tiff,,data/train_images/Pseudotriloculina limbata_10_view4_stacked_tiff.png,train
Pseudotriloculina limbata,10,4,data/train_images/S010_A180_Z0000_C00.tif,zstack_slice,0.0,data/train_images/Pseudotriloculina limbata_10_view4_zstack_slice_z0000.png,train
Pseudotriloculina limbata,10,4,data/train_images/S010_A180_Z0001_C00.tif,zstack_slice,1.0,data/train_images/Pseudotriloculina limbata_10_view4_zstack_slice_z0001.png,train
Pseudotriloculina limbata,10,4,data/train_images/S010_A180_Z0002_C00.tif,zstack_slice,2.0,data/train_images/Pseudotriloculina limbata_10_view4_zstack_slice_z0002.png,train
Pseudotriloculina limbata,10,4,data/train_images/S010_A180_Z0003_C00.tif,zstack_slice,3.0,data/train_images/Pseudotriloculina limbata_10_view4_zstack_slice_z0003.png,train
Pseudotriloculina limbata,10,4,data/train_images/S010_A180_Z0004_C00.tif,zstack_slice,4.0,data/train_images/Pseudotriloculina limbata_10_view4_zstack_slice_z0004.png,train
Pseudotriloculina limbata,10,4,data/train_images/S010_A180_Z0005_C00.tif,zstack_slice,5.0,data/train_images/Pseudotriloculina limbata_10_view4_zstack_slice_z0005.png,train
Pseudotriloculina limbata,10,4,data/train_images/S010_A180_Z0006_C00.tif,zstack_slice,6.0,data/train_images/Pseudotriloculina limbata_10_view4_zstack_slice_z0006.png,train
Pseudotriloculina limbata,10,4,data/train_images/S010_A180_Z0007_C00.tif,zstack_slice,7.0,data/train_images/Pseudotriloculina limbata_10_view4_zstack_slice_z0007.png,train
Pseudotriloculina limbata,10,4,data/train_images/S010_A180_Z0008_C00.tif,zstack_slice,8.0,data/train_images/Pseudotriloculina limbata_10_view4_zstack_slice_z0008.png,train
Pseudotriloculina limbata,10,4,data/train_images/S010_A180_Z0009_C00.tif,zstack_slice,9.0,data/train_images/Pseudotriloculina limbata_10_view4_zstack_slice_z0009.png,train
Pseudotriloculina limbata,10,4,data/train_images/S010_A180_Z0010_C00.tif,zstack_slice,10.0,data/train_images/Pseudotriloculina limbata_10_view4_zstack_slice_z0010.png,train
Pseudotriloculina limbata,10,4,data/train_images/S010_A180_Z0011_C00.tif,zstack_slice,11.0,data/train_images/Pseudotriloculina limbata_10_view4_zstack_slice_z0011.png,train
Pseudotriloculina limbata,10,4,data/train_images/S010_A180_Z0012_C00.tif,zstack_slice,12.0,data/train_images/Pseudotriloculina limbata_10_view4_zstack_slice_z0012.png,train
Pseudotriloculina limbata,10,4,data/train_images/S010_A180_Z0013_C00.tif,zstack_slice,13.0,data/train_images/Pseudotriloculina limbata_10_view4_zstack_slice_z0013.png,train
Pseudotriloculina limbata,10,4,data/train_images/S010_A180_Z0014_C00.tif,zstack_slice,14.0,data/train_images/Pseudotriloculina limbata_10_view4_zstack_slice_z0014.png,train
Pseudotriloculina limbata,10,4,data/train_images/S010_A180_Z0015_C00.tif,zstack_slice,15.0,data/train_images/Pseudotriloculina limbata_10_view4_zstack_slice_z0015.png,train
Pseudotriloculina limbata,10,4,data/train_images/S010_A180_Z0016_C00.tif,zstack_slice,16.0,data/train_images/Pseudotriloculina limbata_10_view4_zstack_slice_z0016.png,train
Pseudotriloculina limbata,10,4,data/train_images/S010_A180_Z0017_C00.tif,zstack_slice,17.0,data/train_images/Pseudotriloculina limbata_10_view4_zstack_slice_z0017.png,train
Pseudotriloculina limbata,10,4,data/train_images/S010_A180_Z0018_C00.tif,zstack_slice,18.0,data/train_images/Pseudotriloculina limbata_10_view4_zstack_slice_z0018.png,train
Pseudotriloculina limbata,10,4,data/train_images/S010_A180_Z0019_C00.tif,zstack_slice,19.0,data/train_images/Pseudotriloculina limbata_10_view4_zstack_slice_z0019.png,train
Pseudotriloculina limbata,10,4,data/train_images/S010_A180_Z0020_C00.tif,zstack_slice,20.0,data/train_images/Pseudotriloculina limbata_10_view4_zstack_slice_z0020.png,train
Pseudotriloculina limbata,10,4,data/train_images/S010_A180_Z0021_C00.tif,zstack_slice,21.0,data/train_images/Pseudotriloculina limbata_10_view4_zstack_slice_z0021.png,train
Pseudotriloculina limbata,10,4,data/train_images/S010_A180_Z0022_C00.tif,zstack_slice,22.0,data/train_images/Pseudotriloculina limbata_10_view4_zstack_slice_z0022.png,train
Pseudotriloculina limbata,10,4,data/train_images/S010_A180_Z0023_C00.tif,zstack_slice,23.0,data/train_images/Pseudotriloculina limbata_10_view4_zstack_slice_z0023.png,train
Pseudotriloculina limbata,10,4,data/train_images/S010_A180_Z0024_C00.tif,zstack_slice,24.0,data/train_images/Pseudotriloculina limbata_10_view4_zstack_slice_z0024.png,train
Pseudotriloculina limbata,10,5,data/train_images/Pseudotriloculina limbata_10_view5_gif_original.png,gif_original,,data/train_images/Pseudotriloculina limbata_10_view5_gif_original.png,train
Pseudotriloculina limbata,10,5,data/train_images/S010_A240_stacked.tif,stacked_tiff,,data/train_images/Pseudotriloculina limbata_10_view5_stacked_tiff.png,train
Pseudotriloculina limbata,10,5,data/train_images/S010_A240_Z0000_C00.tif,zstack_slice,0.0,data/train_images/Pseudotriloculina limbata_10_view5_zstack_slice_z0000.png,train
Pseudotriloculina limbata,10,5,data/train_images/S010_A240_Z0001_C00.tif,zstack_slice,1.0,data/train_images/Pseudotriloculina limbata_10_view5_zstack_slice_z0001.png,train
Pseudotriloculina limbata,10,5,data/train_images/S010_A240_Z0002_C00.tif,zstack_slice,2.0,data/train_images/Pseudotriloculina limbata_10_view5_zstack_slice_z0002.png,train
Pseudotriloculina limbata,10,5,data/train_images/S010_A240_Z0003_C00.tif,zstack_slice,3.0,data/train_images/Pseudotriloculina limbata_10_view5_zstack_slice_z0003.png,train
Pseudotriloculina limbata,10,5,data/train_images/S010_A240_Z0004_C00.tif,zstack_slice,4.0,data/train_images/Pseudotriloculina limbata_10_view5_zstack_slice_z0004.png,train
Pseudotriloculina limbata,10,5,data/train_images/S010_A240_Z0005_C00.tif,zstack_slice,5.0,data/train_images/Pseudotriloculina limbata_10_view5_zstack_slice_z0005.png,train
Pseudotriloculina limbata,10,5,data/train_images/S010_A240_Z0006_C00.tif,zstack_slice,6.0,data/train_images/Pseudotriloculina limbata_10_view5_zstack_slice_z0006.png,train
Pseudotriloculina limbata,10,5,data/train_images/S010_A240_Z0007_C00.tif,zstack_slice,7.0,data/train_images/Pseudotriloculina limbata_10_view5_zstack_slice_z0007.png,train
Pseudotriloculina limbata,10,5,data/train_images/S010_A240_Z0008_C00.tif,zstack_slice,8.0,data/train_images/Pseudotriloculina limbata_10_view5_zstack_slice_z0008.png,train
Pseudotriloculina limbata,10,5,data/train_images/S010_A240_Z0009_C00.tif,zstack_slice,9.0,data/train_images/Pseudotriloculina limbata_10_view5_zstack_slice_z0009.png,train
Pseudotriloculina limbata,10,5,data/train_images/S010_A240_Z0010_C00.tif,zstack_slice,10.0,data/train_images/Pseudotriloculina limbata_10_view5_zstack_slice_z0010.png,train
Pseudotriloculina limbata,10,5,data/train_images/S010_A240_Z0011_C00.tif,zstack_slice,11.0,data/train_images/Pseudotriloculina limbata_10_view5_zstack_slice_z0011.png,train
Pseudotriloculina limbata,10,5,data/train_images/S010_A240_Z0012_C00.tif,zstack_slice,12.0,data/train_images/Pseudotriloculina limbata_10_view5_zstack_slice_z0012.png,train
Pseudotriloculina limbata,10,5,data/train_images/S010_A240_Z0013_C00.tif,zstack_slice,13.0,data/train_images/Pseudotriloculina limbata_10_view5_zstack_slice_z0013.png,train
Pseudotriloculina limbata,10,5,data/train_images/S010_A240_Z0014_C00.tif,zstack_slice,14.0,data/train_images/Pseudotriloculina limbata_10_view5_zstack_slice_z0014.png,train
Pseudotriloculina limbata,10,5,data/train_images/S010_A240_Z0015_C00.tif,zstack_slice,15.0,data/train_images/Pseudotriloculina limbata_10_view5_zstack_slice_z0015.png,train
Pseudotriloculina limbata,10,5,data/train_images/S010_A240_Z0016_C00.tif,zstack_slice,16.0,data/train_images/Pseudotriloculina limbata_10_view5_zstack_slice_z0016.png,train
Pseudotriloculina limbata,10,5,data/train_images/S010_A240_Z0017_C00.tif,zstack_slice,17.0,data/train_images/Pseudotriloculina limbata_10_view5_zstack_slice_z0017.png,train
Pseudotriloculina limbata,10,5,data/train_images/S010_A240_Z0018_C00.tif,zstack_slice,18.0,data/train_images/Pseudotriloculina limbata_10_view5_zstack_slice_z0018.png,train
Pseudotriloculina limbata,10,5,data/train_images/S010_A240_Z0019_C00.tif,zstack_slice,19.0,data/train_images/Pseudotriloculina limbata_10_view5_zstack_slice_z0019.png,train
Pseudotriloculina limbata,10,5,data/train_images/S010_A240_Z0020_C00.tif,zstack_slice,20.0,data/train_images/Pseudotriloculina limbata_10_view5_zstack_slice_z0020.png,train
Pseudotriloculina limbata,10,5,data/train_images/S010_A240_Z0021_C00.tif,zstack_slice,21.0,data/train_images/Pseudotriloculina limbata_10_view5_zstack_slice_z0021.png,train
Pseudotriloculina limbata,10,5,data/train_images/S010_A240_Z0022_C00.tif,zstack_slice,22.0,data/train_images/Pseudotriloculina limbata_10_view5_zstack_slice_z0022.png,train
Pseudotriloculina limbata,10,5,data/train_images/S010_A240_Z0023_C00.tif,zstack_slice,23.0,data/train_images/Pseudotriloculina limbata_10_view5_zstack_slice_z0023.png,train
Pseudotriloculina limbata,10,5,data/train_images/S010_A240_Z0024_C00.tif,zstack_slice,24.0,data/train_images/Pseudotriloculina limbata_10_view5_zstack_slice_z0024.png,train
Pseudotriloculina limbata,10,5,data/train_images/S010_A240_Z0025_C00.tif,zstack_slice,25.0,data/train_images/Pseudotriloculina limbata_10_view5_zstack_slice_z0025.png,train
Pseudotriloculina limbata,10,5,data/train_images/S010_A240_Z0026_C00.tif,zstack_slice,26.0,data/train_images/Pseudotriloculina limbata_10_view5_zstack_slice_z0026.png,train
Pseudotriloculina limbata,10,5,data/train_images/S010_A240_Z0027_C00.tif,zstack_slice,27.0,data/train_images/Pseudotriloculina limbata_10_view5_zstack_slice_z0027.png,train
Pseudotriloculina limbata,10,5,data/train_images/S010_A240_Z0028_C00.tif,zstack_slice,28.0,data/train_images/Pseudotriloculina limbata_10_view5_zstack_slice_z0028.png,train
Pseudotriloculina limbata,10,5,data/train_images/S010_A240_Z0029_C00.tif,zstack_slice,29.0,data/train_images/Pseudotriloculina limbata_10_view5_zstack_slice_z0029.png,train
Pseudotriloculina limbata,10,5,data/train_images/S010_A240_Z0030_C00.tif,zstack_slice,30.0,data/train_images/Pseudotriloculina limbata_10_view5_zstack_slice_z0030.png,train
Pseudotriloculina limbata,10,5,data/train_images/S010_A240_Z0031_C00.tif,zstack_slice,31.0,data/train_images/Pseudotriloculina limbata_10_view5_zstack_slice_z0031.png,train
Pseudotriloculina limbata,10,5,data/train_images/S010_A240_Z0032_C00.tif,zstack_slice,32.0,data/train_images/Pseudotriloculina limbata_10_view5_zstack_slice_z0032.png,train
Pseudotriloculina limbata,10,5,data/train_images/S010_A240_Z0033_C00.tif,zstack_slice,33.0,data/train_images/Pseudotriloculina limbata_10_view5_zstack_slice_z0033.png,train
Pseudotriloculina limbata,10,5,data/train_images/S010_A240_Z0034_C00.tif,zstack_slice,34.0,data/train_images/Pseudotriloculina limbata_10_view5_zstack_slice_z0034.png,train
Pseudotriloculina limbata,10,5,data/train_images/S010_A240_Z0035_C00.tif,zstack_slice,35.0,data/train_images/Pseudotriloculina limbata_10_view5_zstack_slice_z0035.png,train
Pseudotriloculina limbata,10,5,data/train_images/S010_A240_Z0036_C00.tif,zstack_slice,36.0,data/train_images/Pseudotriloculina limbata_10_view5_zstack_slice_z0036.png,train
Pseudotriloculina limbata,10,5,data/train_images/S010_A240_Z0037_C00.tif,zstack_slice,37.0,data/train_images/Pseudotriloculina limbata_10_view5_zstack_slice_z0037.png,train
Pseudotriloculina limbata,10,5,data/train_images/S010_A240_Z0038_C00.tif,zstack_slice,38.0,data/train_images/Pseudotriloculina limbata_10_view5_zstack_slice_z0038.png,train
Pseudotriloculina limbata,10,5,data/train_images/S010_A240_Z0039_C00.tif,zstack_slice,39.0,data/train_images/Pseudotriloculina limbata_10_view5_zstack_slice_z0039.png,train
Pseudotriloculina limbata,10,5,data/train_images/S010_A240_Z0040_C00.tif,zstack_slice,40.0,data/train_images/Pseudotriloculina limbata_10_view5_zstack_slice_z0040.png,train
Pseudotriloculina limbata,10,5,data/train_images/S010_A240_Z0041_C00.tif,zstack_slice,41.0,data/train_images/Pseudotriloculina limbata_10_view5_zstack_slice_z0041.png,train
Pseudotriloculina limbata,10,5,data/train_images/S010_A240_Z0042_C00.tif,zstack_slice,42.0,data/train_images/Pseudotriloculina limbata_10_view5_zstack_slice_z0042.png,train
Pseudotriloculina limbata,10,5,data/train_images/S010_A240_Z0043_C00.tif,zstack_slice,43.0,data/train_images/Pseudotriloculina limbata_10_view5_zstack_slice_z0043.png,train
Pseudotriloculina limbata,10,5,data/train_images/S010_A240_Z0044_C00.tif,zstack_slice,44.0,data/train_images/Pseudotriloculina limbata_10_view5_zstack_slice_z0044.png,train
Pseudotriloculina limbata,10,5,data/train_images/S010_A240_Z0045_C00.tif,zstack_slice,45.0,data/train_images/Pseudotriloculina limbata_10_view5_zstack_slice_z0045.png,train
Pseudotriloculina limbata,10,5,data/train_images/S010_A240_Z0046_C00.tif,zstack_slice,46.0,data/train_images/Pseudotriloculina limbata_10_view5_zstack_slice_z0046.png,train
Pseudotriloculina limbata,10,5,data/train_images/S010_A240_Z0047_C00.tif,zstack_slice,47.0,data/train_images/Pseudotriloculina limbata_10_view5_zstack_slice_z0047.png,train
Pseudotriloculina limbata,10,5,data/train_images/S010_A240_Z0048_C00.tif,zstack_slice,48.0,data/train_images/Pseudotriloculina limbata_10_view5_zstack_slice_z0048.png,train
Pseudotriloculina limbata,10,5,data/train_images/S010_A240_Z0049_C00.tif,zstack_slice,49.0,data/train_images/Pseudotriloculina limbata_10_view5_zstack_slice_z0049.png,train
Pseudotriloculina limbata,10,5,data/train_images/S010_A240_Z0050_C00.tif,zstack_slice,50.0,data/train_images/Pseudotriloculina limbata_10_view5_zstack_slice_z0050.png,train
Pseudotriloculina limbata,10,5,data/train_images/S010_A240_Z0051_C00.tif,zstack_slice,51.0,data/train_images/Pseudotriloculina limbata_10_view5_zstack_slice_z0051.png,train
Pseudotriloculina limbata,10,6,data/train_images/Pseudotriloculina limbata_10_view6_gif_original.png,gif_original,,data/train_images/Pseudotriloculina limbata_10_view6_gif_original.png,train
Pseudotriloculina limbata,10,6,data/train_images/S010_A300_stacked.tif,stacked_tiff,,data/train_images/Pseudotriloculina limbata_10_view6_stacked_tiff.png,train
Pseudotriloculina limbata,10,6,data/train_images/S010_A300_Z0000_C00.tif,zstack_slice,0.0,data/train_images/Pseudotriloculina limbata_10_view6_zstack_slice_z0000.png,train
Pseudotriloculina limbata,10,6,data/train_images/S010_A300_Z0001_C00.tif,zstack_slice,1.0,data/train_images/Pseudotriloculina limbata_10_view6_zstack_slice_z0001.png,train
Pseudotriloculina limbata,10,6,data/train_images/S010_A300_Z0002_C00.tif,zstack_slice,2.0,data/train_images/Pseudotriloculina limbata_10_view6_zstack_slice_z0002.png,train
Pseudotriloculina limbata,10,6,data/train_images/S010_A300_Z0003_C00.tif,zstack_slice,3.0,data/train_images/Pseudotriloculina limbata_10_view6_zstack_slice_z0003.png,train
Pseudotriloculina limbata,10,6,data/train_images/S010_A300_Z0004_C00.tif,zstack_slice,4.0,data/train_images/Pseudotriloculina limbata_10_view6_zstack_slice_z0004.png,train
Pseudotriloculina limbata,10,6,data/train_images/S010_A300_Z0005_C00.tif,zstack_slice,5.0,data/train_images/Pseudotriloculina limbata_10_view6_zstack_slice_z0005.png,train
Pseudotriloculina limbata,10,6,data/train_images/S010_A300_Z0006_C00.tif,zstack_slice,6.0,data/train_images/Pseudotriloculina limbata_10_view6_zstack_slice_z0006.png,train
Pseudotriloculina limbata,10,6,data/train_images/S010_A300_Z0007_C00.tif,zstack_slice,7.0,data/train_images/Pseudotriloculina limbata_10_view6_zstack_slice_z0007.png,train
Pseudotriloculina limbata,10,6,data/train_images/S010_A300_Z0008_C00.tif,zstack_slice,8.0,data/train_images/Pseudotriloculina limbata_10_view6_zstack_slice_z0008.png,train
Pseudotriloculina limbata,10,6,data/train_images/S010_A300_Z0009_C00.tif,zstack_slice,9.0,data/train_images/Pseudotriloculina limbata_10_view6_zstack_slice_z0009.png,train
Pseudotriloculina limbata,10,6,data/train_images/S010_A300_Z0010_C00.tif,zstack_slice,10.0,data/train_images/Pseudotriloculina limbata_10_view6_zstack_slice_z0010.png,train
Pseudotriloculina limbata,10,6,data/train_images/S010_A300_Z0011_C00.tif,zstack_slice,11.0,data/train_images/Pseudotriloculina limbata_10_view6_zstack_slice_z0011.png,train
Pseudotriloculina limbata,10,6,data/train_images/S010_A300_Z0012_C00.tif,zstack_slice,12.0,data/train_images/Pseudotriloculina limbata_10_view6_zstack_slice_z0012.png,train
Pseudotriloculina limbata,10,6,data/train_images/S010_A300_Z0013_C00.tif,zstack_slice,13.0,data/train_images/Pseudotriloculina limbata_10_view6_zstack_slice_z0013.png,train
Pseudotriloculina limbata,10,6,data/train_images/S010_A300_Z0014_C00.tif,zstack_slice,14.0,data/train_images/Pseudotriloculina limbata_10_view6_zstack_slice_z0014.png,train
Pseudotriloculina limbata,10,6,data/train_images/S010_A300_Z0015_C00.tif,zstack_slice,15.0,data/train_images/Pseudotriloculina limbata_10_view6_zstack_slice_z0015.png,train
Pseudotriloculina limbata,10,6,data/train_images/S010_A300_Z0016_C00.tif,zstack_slice,16.0,data/train_images/Pseudotriloculina limbata_10_view6_zstack_slice_z0016.png,train
Pseudotriloculina limbata,10,6,data/train_images/S010_A300_Z0017_C00.tif,zstack_slice,17.0,data/train_images/Pseudotriloculina limbata_10_view6_zstack_slice_z0017.png,train
Pseudotriloculina limbata,10,6,data/train_images/S010_A300_Z0018_C00.tif,zstack_slice,18.0,data/train_images/Pseudotriloculina limbata_10_view6_zstack_slice_z0018.png,train
Pseudotriloculina limbata,10,6,data/train_images/S010_A300_Z0019_C00.tif,zstack_slice,19.0,data/train_images/Pseudotriloculina limbata_10_view6_zstack_slice_z0019.png,train
Pseudotriloculina limbata,10,6,data/train_images/S010_A300_Z0020_C00.tif,zstack_slice,20.0,data/train_images/Pseudotriloculina limbata_10_view6_zstack_slice_z0020.png,train
Pseudotriloculina limbata,10,6,data/train_images/S010_A300_Z0021_C00.tif,zstack_slice,21.0,data/train_images/Pseudotriloculina limbata_10_view6_zstack_slice_z0021.png,train
Pseudotriloculina limbata,10,6,data/train_images/S010_A300_Z0022_C00.tif,zstack_slice,22.0,data/train_images/Pseudotriloculina limbata_10_view6_zstack_slice_z0022.png,train
Pseudotriloculina limbata,10,6,data/train_images/S010_A300_Z0023_C00.tif,zstack_slice,23.0,data/train_images/Pseudotriloculina limbata_10_view6_zstack_slice_z0023.png,train
Pseudotriloculina limbata,10,6,data/train_images/S010_A300_Z0024_C00.tif,zstack_slice,24.0,data/train_images/Pseudotriloculina limbata_10_view6_zstack_slice_z0024.png,train
Pseudotriloculina limbata,10,6,data/train_images/S010_A300_Z0025_C00.tif,zstack_slice,25.0,data/train_images/Pseudotriloculina limbata_10_view6_zstack_slice_z0025.png,train
Pseudotriloculina limbata,10,6,data/train_images/S010_A300_Z0026_C00.tif,zstack_slice,26.0,data/train_images/Pseudotriloculina limbata_10_view6_zstack_slice_z0026.png,train
Pseudotriloculina limbata,10,6,data/train_images/S010_A300_Z0027_C00.tif,zstack_slice,27.0,data/train_images/Pseudotriloculina limbata_10_view6_zstack_slice_z0027.png,train
Pseudotriloculina limbata,10,6,data/train_images/S010_A300_Z0028_C00.tif,zstack_slice,28.0,data/train_images/Pseudotriloculina limbata_10_view6_zstack_slice_z0028.png,train
Pseudotriloculina limbata,10,6,data/train_images/S010_A300_Z0029_C00.tif,zstack_slice,29.0,data/train_images/Pseudotriloculina limbata_10_view6_zstack_slice_z0029.png,train
Pseudotriloculina limbata,10,6,data/train_images/S010_A300_Z0030_C00.tif,zstack_slice,30.0,data/train_images/Pseudotriloculina limbata_10_view6_zstack_slice_z0030.png,train
Pseudotriloculina limbata,10,6,data/train_images/S010_A300_Z0031_C00.tif,zstack_slice,31.0,data/train_images/Pseudotriloculina limbata_10_view6_zstack_slice_z0031.png,train
Pseudotriloculina limbata,10,6,data/train_images/S010_A300_Z0032_C00.tif,zstack_slice,32.0,data/train_images/Pseudotriloculina limbata_10_view6_zstack_slice_z0032.png,train
Pseudotriloculina limbata,10,6,data/train_images/S010_A300_Z0033_C00.tif,zstack_slice,33.0,data/train_images/Pseudotriloculina limbata_10_view6_zstack_slice_z0033.png,train
Pseudotriloculina limbata,10,6,data/train_images/S010_A300_Z0034_C00.tif,zstack_slice,34.0,data/train_images/Pseudotriloculina limbata_10_view6_zstack_slice_z0034.png,train
Pseudotriloculina limbata,10,6,data/train_images/S010_A300_Z0035_C00.tif,zstack_slice,35.0,data/train_images/Pseudotriloculina limbata_10_view6_zstack_slice_z0035.png,train
Pseudotriloculina limbata,10,6,data/train_images/S010_A300_Z0036_C00.tif,zstack_slice,36.0,data/train_images/Pseudotriloculina limbata_10_view6_zstack_slice_z0036.png,train
Pseudotriloculina limbata,10,6,data/train_images/S010_A300_Z0037_C00.tif,zstack_slice,37.0,data/train_images/Pseudotriloculina limbata_10_view6_zstack_slice_z0037.png,train
Pseudotriloculina limbata,10,6,data/train_images/S010_A300_Z0038_C00.tif,zstack_slice,38.0,data/train_images/Pseudotriloculina limbata_10_view6_zstack_slice_z0038.png,train
Pyrgo depressa,10,2,data/train_images/Pyrgo depressa_10_view2_gif_original.png,gif_original,,data/train_images/Pyrgo depressa_10_view2_gif_original.png,train
Pyrgo depressa,10,2,data/train_images/S010_A060_stacked.tif,stacked_tiff,,data/train_images/Pyrgo depressa_10_view2_stacked_tiff.png,train
Pyrgo depressa,10,2,data/train_images/S010_A060_Z0000_C00.tif,zstack_slice,0.0,data/train_images/Pyrgo depressa_10_view2_zstack_slice_z0000.png,train
Pyrgo depressa,10,2,data/train_images/S010_A060_Z0001_C00.tif,zstack_slice,1.0,data/train_images/Pyrgo depressa_10_view2_zstack_slice_z0001.png,train
Pyrgo depressa,10,2,data/train_images/S010_A060_Z0002_C00.tif,zstack_slice,2.0,data/train_images/Pyrgo depressa_10_view2_zstack_slice_z0002.png,train
Pyrgo depressa,10,2,data/train_images/S010_A060_Z0003_C00.tif,zstack_slice,3.0,data/train_images/Pyrgo depressa_10_view2_zstack_slice_z0003.png,train
Pyrgo depressa,10,2,data/train_images/S010_A060_Z0004_C00.tif,zstack_slice,4.0,data/train_images/Pyrgo depressa_10_view2_zstack_slice_z0004.png,train
Pyrgo depressa,10,2,data/train_images/S010_A060_Z0005_C00.tif,zstack_slice,5.0,data/train_images/Pyrgo depressa_10_view2_zstack_slice_z0005.png,train
Pyrgo depressa,10,2,data/train_images/S010_A060_Z0006_C00.tif,zstack_slice,6.0,data/train_images/Pyrgo depressa_10_view2_zstack_slice_z0006.png,train
Pyrgo depressa,10,2,data/train_images/S010_A060_Z0007_C00.tif,zstack_slice,7.0,data/train_images/Pyrgo depressa_10_view2_zstack_slice_z0007.png,train
Pyrgo depressa,10,2,data/train_images/S010_A060_Z0008_C00.tif,zstack_slice,8.0,data/train_images/Pyrgo depressa_10_view2_zstack_slice_z0008.png,train
Pyrgo depressa,10,2,data/train_images/S010_A060_Z0009_C00.tif,zstack_slice,9.0,data/train_images/Pyrgo depressa_10_view2_zstack_slice_z0009.png,train
Pyrgo depressa,10,2,data/train_images/S010_A060_Z0010_C00.tif,zstack_slice,10.0,data/train_images/Pyrgo depressa_10_view2_zstack_slice_z0010.png,train
Pyrgo depressa,10,2,data/train_images/S010_A060_Z0011_C00.tif,zstack_slice,11.0,data/train_images/Pyrgo depressa_10_view2_zstack_slice_z0011.png,train
Pyrgo depressa,10,2,data/train_images/S010_A060_Z0012_C00.tif,zstack_slice,12.0,data/train_images/Pyrgo depressa_10_view2_zstack_slice_z0012.png,train
Pyrgo depressa,10,2,data/train_images/S010_A060_Z0013_C00.tif,zstack_slice,13.0,data/train_images/Pyrgo depressa_10_view2_zstack_slice_z0013.png,train
Pyrgo depressa,10,2,data/train_images/S010_A060_Z0014_C00.tif,zstack_slice,14.0,data/train_images/Pyrgo depressa_10_view2_zstack_slice_z0014.png,train
Pyrgo depressa,10,2,data/train_images/S010_A060_Z0015_C00.tif,zstack_slice,15.0,data/train_images/Pyrgo depressa_10_view2_zstack_slice_z0015.png,train
Pyrgo depressa,10,2,data/train_images/S010_A060_Z0016_C00.tif,zstack_slice,16.0,data/train_images/Pyrgo depressa_10_view2_zstack_slice_z0016.png,train
Pyrgo depressa,10,2,data/train_images/S010_A060_Z0017_C00.tif,zstack_slice,17.0,data/train_images/Pyrgo depressa_10_view2_zstack_slice_z0017.png,train
Pyrgo depressa,10,2,data/train_images/S010_A060_Z0018_C00.tif,zstack_slice,18.0,data/train_images/Pyrgo depressa_10_view2_zstack_slice_z0018.png,train
Pyrgo depressa,10,2,data/train_images/S010_A060_Z0019_C00.tif,zstack_slice,19.0,data/train_images/Pyrgo depressa_10_view2_zstack_slice_z0019.png,train
Pyrgo depressa,10,2,data/train_images/S010_A060_Z0020_C00.tif,zstack_slice,20.0,data/train_images/Pyrgo depressa_10_view2_zstack_slice_z0020.png,train
Pyrgo depressa,10,2,data/train_images/S010_A060_Z0021_C00.tif,zstack_slice,21.0,data/train_images/Pyrgo depressa_10_view2_zstack_slice_z0021.png,train
Pyrgo depressa,10,2,data/train_images/S010_A060_Z0022_C00.tif,zstack_slice,22.0,data/train_images/Pyrgo depressa_10_view2_zstack_slice_z0022.png,train
Pyrgo depressa,10,2,data/train_images/S010_A060_Z0023_C00.tif,zstack_slice,23.0,data/train_images/Pyrgo depressa_10_view2_zstack_slice_z0023.png,train
Pyrgo depressa,10,2,data/train_images/S010_A060_Z0024_C00.tif,zstack_slice,24.0,data/train_images/Pyrgo depressa_10_view2_zstack_slice_z0024.png,train
Pyrgo depressa,10,2,data/train_images/S010_A060_Z0025_C00.tif,zstack_slice,25.0,data/train_images/Pyrgo depressa_10_view2_zstack_slice_z0025.png,train
Pyrgo depressa,10,2,data/train_images/S010_A060_Z0026_C00.tif,zstack_slice,26.0,data/train_images/Pyrgo depressa_10_view2_zstack_slice_z0026.png,train
Pyrgo depressa,10,2,data/train_images/S010_A060_Z0027_C00.tif,zstack_slice,27.0,data/train_images/Pyrgo depressa_10_view2_zstack_slice_z0027.png,train
Pyrgo depressa,10,2,data/train_images/S010_A060_Z0028_C00.tif,zstack_slice,28.0,data/train_images/Pyrgo depressa_10_view2_zstack_slice_z0028.png,train
Pyrgo depressa,10,2,data/train_images/S010_A060_Z0029_C00.tif,zstack_slice,29.0,data/train_images/Pyrgo depressa_10_view2_zstack_slice_z0029.png,train
Pyrgo depressa,10,2,data/train_images/S010_A060_Z0030_C00.tif,zstack_slice,30.0,data/train_images/Pyrgo depressa_10_view2_zstack_slice_z0030.png,train
Pyrgo depressa,10,2,data/train_images/S010_A060_Z0031_C00.tif,zstack_slice,31.0,data/train_images/Pyrgo depressa_10_view2_zstack_slice_z0031.png,train
Pyrgo depressa,10,2,data/train_images/S010_A060_Z0032_C00.tif,zstack_slice,32.0,data/train_images/Pyrgo depressa_10_view2_zstack_slice_z0032.png,train
Pyrgo depressa,10,2,data/train_images/S010_A060_Z0033_C00.tif,zstack_slice,33.0,data/train_images/Pyrgo depressa_10_view2_zstack_slice_z0033.png,train
Pyrgo depressa,10,2,data/train_images/S010_A060_Z0034_C00.tif,zstack_slice,34.0,data/train_images/Pyrgo depressa_10_view2_zstack_slice_z0034.png,train
Pyrgo depressa,10,2,data/train_images/S010_A060_Z0035_C00.tif,zstack_slice,35.0,data/train_images/Pyrgo depressa_10_view2_zstack_slice_z0035.png,train
Pyrgo depressa,10,2,data/train_images/S010_A060_Z0036_C00.tif,zstack_slice,36.0,data/train_images/Pyrgo depressa_10_view2_zstack_slice_z0036.png,train
Pyrgo depressa,10,2,data/train_images/S010_A060_Z0037_C00.tif,zstack_slice,37.0,data/train_images/Pyrgo depressa_10_view2_zstack_slice_z0037.png,train
Pyrgo depressa,10,2,data/train_images/S010_A060_Z0038_C00.tif,zstack_slice,38.0,data/train_images/Pyrgo depressa_10_view2_zstack_slice_z0038.png,train
Pyrgo depressa,10,2,data/train_images/S010_A060_Z0039_C00.tif,zstack_slice,39.0,data/train_images/Pyrgo depressa_10_view2_zstack_slice_z0039.png,train
Pyrgo depressa,10,2,data/train_images/S010_A060_Z0040_C00.tif,zstack_slice,40.0,data/train_images/Pyrgo depressa_10_view2_zstack_slice_z0040.png,train
Pyrgo depressa,10,2,data/train_images/S010_A060_Z0041_C00.tif,zstack_slice,41.0,data/train_images/Pyrgo depressa_10_view2_zstack_slice_z0041.png,train
Pyrgo depressa,10,2,data/train_images/S010_A060_Z0042_C00.tif,zstack_slice,42.0,data/train_images/Pyrgo depressa_10_view2_zstack_slice_z0042.png,train
Pyrgo depressa,10,2,data/train_images/S010_A060_Z0043_C00.tif,zstack_slice,43.0,data/train_images/Pyrgo depressa_10_view2_zstack_slice_z0043.png,train
Pyrgo depressa,10,2,data/train_images/S010_A060_Z0044_C00.tif,zstack_slice,44.0,data/train_images/Pyrgo depressa_10_view2_zstack_slice_z0044.png,train
Pyrgo depressa,10,2,data/train_images/S010_A060_Z0045_C00.tif,zstack_slice,45.0,data/train_images/Pyrgo depressa_10_view2_zstack_slice_z0045.png,train
Pyrgo depressa,10,2,data/train_images/S010_A060_Z0046_C00.tif,zstack_slice,46.0,data/train_images/Pyrgo depressa_10_view2_zstack_slice_z0046.png,train
Pyrgo depressa,10,2,data/train_images/S010_A060_Z0047_C00.tif,zstack_slice,47.0,data/train_images/Pyrgo depressa_10_view2_zstack_slice_z0047.png,train
Pyrgo depressa,10,2,data/train_images/S010_A060_Z0048_C00.tif,zstack_slice,48.0,data/train_images/Pyrgo depressa_10_view2_zstack_slice_z0048.png,train
Pyrgo depressa,10,2,data/train_images/S010_A060_Z0049_C00.tif,zstack_slice,49.0,data/train_images/Pyrgo depressa_10_view2_zstack_slice_z0049.png,train
Pyrgo depressa,10,2,data/train_images/S010_A060_Z0050_C00.tif,zstack_slice,50.0,data/train_images/Pyrgo depressa_10_view2_zstack_slice_z0050.png,train
Pyrgo depressa,10,2,data/train_images/S010_A060_Z0051_C00.tif,zstack_slice,51.0,data/train_images/Pyrgo depressa_10_view2_zstack_slice_z0051.png,train
Pyrgo depressa,10,2,data/train_images/S010_A060_Z0052_C00.tif,zstack_slice,52.0,data/train_images/Pyrgo depressa_10_view2_zstack_slice_z0052.png,train
Pyrgo depressa,10,2,data/train_images/S010_A060_Z0053_C00.tif,zstack_slice,53.0,data/train_images/Pyrgo depressa_10_view2_zstack_slice_z0053.png,train
Pyrgo depressa,10,2,data/train_images/S010_A060_Z0054_C00.tif,zstack_slice,54.0,data/train_images/Pyrgo depressa_10_view2_zstack_slice_z0054.png,train
Pyrgo depressa,10,2,data/train_images/S010_A060_Z0055_C00.tif,zstack_slice,55.0,data/train_images/Pyrgo depressa_10_view2_zstack_slice_z0055.png,train
Pyrgo depressa,10,2,data/train_images/S010_A060_Z0056_C00.tif,zstack_slice,56.0,data/train_images/Pyrgo depressa_10_view2_zstack_slice_z0056.png,train
Pyrgo depressa,10,2,data/train_images/S010_A060_Z0057_C00.tif,zstack_slice,57.0,data/train_images/Pyrgo depressa_10_view2_zstack_slice_z0057.png,train
Pyrgo depressa,10,2,data/train_images/S010_A060_Z0058_C00.tif,zstack_slice,58.0,data/train_images/Pyrgo depressa_10_view2_zstack_slice_z0058.png,train
Pyrgo depressa,10,2,data/train_images/S010_A060_Z0059_C00.tif,zstack_slice,59.0,data/train_images/Pyrgo depressa_10_view2_zstack_slice_z0059.png,train
Pyrgo depressa,10,2,data/train_images/S010_A060_Z0060_C00.tif,zstack_slice,60.0,data/train_images/Pyrgo depressa_10_view2_zstack_slice_z0060.png,train
Pyrgo depressa,10,2,data/train_images/S010_A060_Z0061_C00.tif,zstack_slice,61.0,data/train_images/Pyrgo depressa_10_view2_zstack_slice_z0061.png,train
Pyrgo depressa,10,2,data/train_images/S010_A060_Z0062_C00.tif,zstack_slice,62.0,data/train_images/Pyrgo depressa_10_view2_zstack_slice_z0062.png,train
Pyrgo depressa,10,2,data/train_images/S010_A060_Z0063_C00.tif,zstack_slice,63.0,data/train_images/Pyrgo depressa_10_view2_zstack_slice_z0063.png,train
Pyrgo depressa,10,2,data/train_images/S010_A060_Z0064_C00.tif,zstack_slice,64.0,data/train_images/Pyrgo depressa_10_view2_zstack_slice_z0064.png,train
Pyrgo depressa,10,2,data/train_images/S010_A060_Z0065_C00.tif,zstack_slice,65.0,data/train_images/Pyrgo depressa_10_view2_zstack_slice_z0065.png,train
Pyrgo depressa,10,2,data/train_images/S010_A060_Z0066_C00.tif,zstack_slice,66.0,data/train_images/Pyrgo depressa_10_view2_zstack_slice_z0066.png,train
Pyrgo depressa,10,2,data/train_images/S010_A060_Z0067_C00.tif,zstack_slice,67.0,data/train_images/Pyrgo depressa_10_view2_zstack_slice_z0067.png,train
Pyrgo depressa,10,2,data/train_images/S010_A060_Z0068_C00.tif,zstack_slice,68.0,data/train_images/Pyrgo depressa_10_view2_zstack_slice_z0068.png,train
Pyrgo depressa,10,2,data/train_images/S010_A060_Z0069_C00.tif,zstack_slice,69.0,data/train_images/Pyrgo depressa_10_view2_zstack_slice_z0069.png,train
Pyrgo depressa,10,2,data/train_images/S010_A060_Z0070_C00.tif,zstack_slice,70.0,data/train_images/Pyrgo depressa_10_view2_zstack_slice_z0070.png,train
Pyrgo depressa,10,2,data/train_images/S010_A060_Z0071_C00.tif,zstack_slice,71.0,data/train_images/Pyrgo depressa_10_view2_zstack_slice_z0071.png,train
Pyrgo depressa,10,2,data/train_images/S010_A060_Z0072_C00.tif,zstack_slice,72.0,data/train_images/Pyrgo depressa_10_view2_zstack_slice_z0072.png,train
Pyrgo depressa,10,2,data/train_images/S010_A060_Z0073_C00.tif,zstack_slice,73.0,data/train_images/Pyrgo depressa_10_view2_zstack_slice_z0073.png,train
Pyrgo depressa,10,2,data/train_images/S010_A060_Z0074_C00.tif,zstack_slice,74.0,data/train_images/Pyrgo depressa_10_view2_zstack_slice_z0074.png,train
Pyrgo depressa,10,2,data/train_images/S010_A060_Z0075_C00.tif,zstack_slice,75.0,data/train_images/Pyrgo depressa_10_view2_zstack_slice_z0075.png,train
Pyrgo depressa,10,2,data/train_images/S010_A060_Z0076_C00.tif,zstack_slice,76.0,data/train_images/Pyrgo depressa_10_view2_zstack_slice_z0076.png,train
Pyrgo depressa,10,2,data/train_images/S010_A060_Z0077_C00.tif,zstack_slice,77.0,data/train_images/Pyrgo depressa_10_view2_zstack_slice_z0077.png,train
Pyrgo depressa,10,2,data/train_images/S010_A060_Z0078_C00.tif,zstack_slice,78.0,data/train_images/Pyrgo depressa_10_view2_zstack_slice_z0078.png,train
Pyrgo depressa,10,2,data/train_images/S010_A060_Z0079_C00.tif,zstack_slice,79.0,data/train_images/Pyrgo depressa_10_view2_zstack_slice_z0079.png,train
Pyrgo depressa,10,2,data/train_images/S010_A060_Z0080_C00.tif,zstack_slice,80.0,data/train_images/Pyrgo depressa_10_view2_zstack_slice_z0080.png,train
Pyrgo depressa,10,2,data/train_images/S010_A060_Z0081_C00.tif,zstack_slice,81.0,data/train_images/Pyrgo depressa_10_view2_zstack_slice_z0081.png,train
Pyrgo depressa,10,2,data/train_images/S010_A060_Z0082_C00.tif,zstack_slice,82.0,data/train_images/Pyrgo depressa_10_view2_zstack_slice_z0082.png,train
Pyrgo depressa,10,2,data/train_images/S010_A060_Z0083_C00.tif,zstack_slice,83.0,data/train_images/Pyrgo depressa_10_view2_zstack_slice_z0083.png,train
Pyrgo depressa,10,2,data/train_images/S010_A060_Z0084_C00.tif,zstack_slice,84.0,data/train_images/Pyrgo depressa_10_view2_zstack_slice_z0084.png,train
Pyrgo depressa,10,2,data/train_images/S010_A060_Z0085_C00.tif,zstack_slice,85.0,data/train_images/Pyrgo depressa_10_view2_zstack_slice_z0085.png,train
Pyrgo depressa,10,2,data/train_images/S010_A060_Z0086_C00.tif,zstack_slice,86.0,data/train_images/Pyrgo depressa_10_view2_zstack_slice_z0086.png,train
Pyrgo depressa,10,2,data/train_images/S010_A060_Z0087_C00.tif,zstack_slice,87.0,data/train_images/Pyrgo depressa_10_view2_zstack_slice_z0087.png,train
Pyrgo depressa,10,4,data/train_images/Pyrgo depressa_10_view4_gif_original.png,gif_original,,data/train_images/Pyrgo depressa_10_view4_gif_original.png,train
Pyrgo depressa,10,4,data/train_images/S010_A180_stacked.tif,stacked_tiff,,data/train_images/Pyrgo depressa_10_view4_stacked_tiff.png,train
Pyrgo depressa,10,4,data/train_images/S010_A180_Z0000_C00.tif,zstack_slice,0.0,data/train_images/Pyrgo depressa_10_view4_zstack_slice_z0000.png,train
Pyrgo depressa,10,4,data/train_images/S010_A180_Z0001_C00.tif,zstack_slice,1.0,data/train_images/Pyrgo depressa_10_view4_zstack_slice_z0001.png,train
Pyrgo depressa,10,4,data/train_images/S010_A180_Z0002_C00.tif,zstack_slice,2.0,data/train_images/Pyrgo depressa_10_view4_zstack_slice_z0002.png,train
Pyrgo depressa,10,4,data/train_images/S010_A180_Z0003_C00.tif,zstack_slice,3.0,data/train_images/Pyrgo depressa_10_view4_zstack_slice_z0003.png,train
Pyrgo depressa,10,4,data/train_images/S010_A180_Z0004_C00.tif,zstack_slice,4.0,data/train_images/Pyrgo depressa_10_view4_zstack_slice_z0004.png,train
Pyrgo depressa,10,4,data/train_images/S010_A180_Z0005_C00.tif,zstack_slice,5.0,data/train_images/Pyrgo depressa_10_view4_zstack_slice_z0005.png,train
Pyrgo depressa,10,4,data/train_images/S010_A180_Z0006_C00.tif,zstack_slice,6.0,data/train_images/Pyrgo depressa_10_view4_zstack_slice_z0006.png,train
Pyrgo depressa,10,4,data/train_images/S010_A180_Z0007_C00.tif,zstack_slice,7.0,data/train_images/Pyrgo depressa_10_view4_zstack_slice_z0007.png,train
Pyrgo depressa,10,4,data/train_images/S010_A180_Z0008_C00.tif,zstack_slice,8.0,data/train_images/Pyrgo depressa_10_view4_zstack_slice_z0008.png,train
Pyrgo depressa,10,4,data/train_images/S010_A180_Z0009_C00.tif,zstack_slice,9.0,data/train_images/Pyrgo depressa_10_view4_zstack_slice_z0009.png,train
Pyrgo depressa,10,4,data/train_images/S010_A180_Z0010_C00.tif,zstack_slice,10.0,data/train_images/Pyrgo depressa_10_view4_zstack_slice_z0010.png,train
Pyrgo depressa,10,4,data/train_images/S010_A180_Z0011_C00.tif,zstack_slice,11.0,data/train_images/Pyrgo depressa_10_view4_zstack_slice_z0011.png,train
Pyrgo depressa,10,4,data/train_images/S010_A180_Z0012_C00.tif,zstack_slice,12.0,data/train_images/Pyrgo depressa_10_view4_zstack_slice_z0012.png,train
Pyrgo depressa,10,4,data/train_images/S010_A180_Z0013_C00.tif,zstack_slice,13.0,data/train_images/Pyrgo depressa_10_view4_zstack_slice_z0013.png,train
Pyrgo depressa,10,4,data/train_images/S010_A180_Z0014_C00.tif,zstack_slice,14.0,data/train_images/Pyrgo depressa_10_view4_zstack_slice_z0014.png,train
Pyrgo depressa,10,4,data/train_images/S010_A180_Z0015_C00.tif,zstack_slice,15.0,data/train_images/Pyrgo depressa_10_view4_zstack_slice_z0015.png,train
Pyrgo depressa,10,4,data/train_images/S010_A180_Z0016_C00.tif,zstack_slice,16.0,data/train_images/Pyrgo depressa_10_view4_zstack_slice_z0016.png,train
Pyrgo depressa,10,4,data/train_images/S010_A180_Z0017_C00.tif,zstack_slice,17.0,data/train_images/Pyrgo depressa_10_view4_zstack_slice_z0017.png,train
Pyrgo depressa,10,4,data/train_images/S010_A180_Z0018_C00.tif,zstack_slice,18.0,data/train_images/Pyrgo depressa_10_view4_zstack_slice_z0018.png,train
Pyrgo depressa,10,4,data/train_images/S010_A180_Z0019_C00.tif,zstack_slice,19.0,data/train_images/Pyrgo depressa_10_view4_zstack_slice_z0019.png,train
Pyrgo depressa,10,4,data/train_images/S010_A180_Z0020_C00.tif,zstack_slice,20.0,data/train_images/Pyrgo depressa_10_view4_zstack_slice_z0020.png,train
Pyrgo depressa,10,4,data/train_images/S010_A180_Z0021_C00.tif,zstack_slice,21.0,data/train_images/Pyrgo depressa_10_view4_zstack_slice_z0021.png,train
Pyrgo depressa,10,4,data/train_images/S010_A180_Z0022_C00.tif,zstack_slice,22.0,data/train_images/Pyrgo depressa_10_view4_zstack_slice_z0022.png,train
Pyrgo depressa,10,4,data/train_images/S010_A180_Z0023_C00.tif,zstack_slice,23.0,data/train_images/Pyrgo depressa_10_view4_zstack_slice_z0023.png,train
Pyrgo depressa,10,4,data/train_images/S010_A180_Z0024_C00.tif,zstack_slice,24.0,data/train_images/Pyrgo depressa_10_view4_zstack_slice_z0024.png,train
Pyrgo depressa,10,4,data/train_images/S010_A180_Z0025_C00.tif,zstack_slice,25.0,data/train_images/Pyrgo depressa_10_view4_zstack_slice_z0025.png,train
Pyrgo depressa,10,4,data/train_images/S010_A180_Z0026_C00.tif,zstack_slice,26.0,data/train_images/Pyrgo depressa_10_view4_zstack_slice_z0026.png,train
Pyrgo depressa,10,4,data/train_images/S010_A180_Z0027_C00.tif,zstack_slice,27.0,data/train_images/Pyrgo depressa_10_view4_zstack_slice_z0027.png,train
Pyrgo depressa,10,4,data/train_images/S010_A180_Z0028_C00.tif,zstack_slice,28.0,data/train_images/Pyrgo depressa_10_view4_zstack_slice_z0028.png,train
Pyrgo depressa,10,4,data/train_images/S010_A180_Z0029_C00.tif,zstack_slice,29.0,data/train_images/Pyrgo depressa_10_view4_zstack_slice_z0029.png,train
Pyrgo depressa,10,4,data/train_images/S010_A180_Z0030_C00.tif,zstack_slice,30.0,data/train_images/Pyrgo depressa_10_view4_zstack_slice_z0030.png,train
Pyrgo depressa,10,4,data/train_images/S010_A180_Z0031_C00.tif,zstack_slice,31.0,data/train_images/Pyrgo depressa_10_view4_zstack_slice_z0031.png,train
Pyrgo depressa,10,4,data/train_images/S010_A180_Z0032_C00.tif,zstack_slice,32.0,data/train_images/Pyrgo depressa_10_view4_zstack_slice_z0032.png,train
Pyrgo depressa,10,4,data/train_images/S010_A180_Z0033_C00.tif,zstack_slice,33.0,data/train_images/Pyrgo depressa_10_view4_zstack_slice_z0033.png,train
Pyrgo depressa,10,4,data/train_images/S010_A180_Z0034_C00.tif,zstack_slice,34.0,data/train_images/Pyrgo depressa_10_view4_zstack_slice_z0034.png,train
Pyrgo depressa,10,4,data/train_images/S010_A180_Z0035_C00.tif,zstack_slice,35.0,data/train_images/Pyrgo depressa_10_view4_zstack_slice_z0035.png,train
Pyrgo depressa,10,4,data/train_images/S010_A180_Z0036_C00.tif,zstack_slice,36.0,data/train_images/Pyrgo depressa_10_view4_zstack_slice_z0036.png,train
Pyrgo depressa,10,4,data/train_images/S010_A180_Z0037_C00.tif,zstack_slice,37.0,data/train_images/Pyrgo depressa_10_view4_zstack_slice_z0037.png,train
Pyrgo depressa,10,4,data/train_images/S010_A180_Z0038_C00.tif,zstack_slice,38.0,data/train_images/Pyrgo depressa_10_view4_zstack_slice_z0038.png,train
Pyrgo depressa,10,4,data/train_images/S010_A180_Z0039_C00.tif,zstack_slice,39.0,data/train_images/Pyrgo depressa_10_view4_zstack_slice_z0039.png,train
Pyrgo depressa,10,5,data/train_images/Pyrgo depressa_10_view5_gif_original.png,gif_original,,data/train_images/Pyrgo depressa_10_view5_gif_original.png,train
Pyrgo depressa,10,5,data/train_images/S010_A240_stacked.tif,stacked_tiff,,data/train_images/Pyrgo depressa_10_view5_stacked_tiff.png,train
Pyrgo depressa,10,5,data/train_images/S010_A240_Z0000_C00.tif,zstack_slice,0.0,data/train_images/Pyrgo depressa_10_view5_zstack_slice_z0000.png,train
Pyrgo depressa,10,5,data/train_images/S010_A240_Z0001_C00.tif,zstack_slice,1.0,data/train_images/Pyrgo depressa_10_view5_zstack_slice_z0001.png,train
Pyrgo depressa,10,5,data/train_images/S010_A240_Z0002_C00.tif,zstack_slice,2.0,data/train_images/Pyrgo depressa_10_view5_zstack_slice_z0002.png,train
Pyrgo depressa,10,5,data/train_images/S010_A240_Z0003_C00.tif,zstack_slice,3.0,data/train_images/Pyrgo depressa_10_view5_zstack_slice_z0003.png,train
Pyrgo depressa,10,5,data/train_images/S010_A240_Z0004_C00.tif,zstack_slice,4.0,data/train_images/Pyrgo depressa_10_view5_zstack_slice_z0004.png,train
Pyrgo depressa,10,5,data/train_images/S010_A240_Z0005_C00.tif,zstack_slice,5.0,data/train_images/Pyrgo depressa_10_view5_zstack_slice_z0005.png,train
Pyrgo depressa,10,5,data/train_images/S010_A240_Z0006_C00.tif,zstack_slice,6.0,data/train_images/Pyrgo depressa_10_view5_zstack_slice_z0006.png,train
Pyrgo depressa,10,5,data/train_images/S010_A240_Z0007_C00.tif,zstack_slice,7.0,data/train_images/Pyrgo depressa_10_view5_zstack_slice_z0007.png,train
Pyrgo depressa,10,5,data/train_images/S010_A240_Z0008_C00.tif,zstack_slice,8.0,data/train_images/Pyrgo depressa_10_view5_zstack_slice_z0008.png,train
Pyrgo depressa,10,5,data/train_images/S010_A240_Z0009_C00.tif,zstack_slice,9.0,data/train_images/Pyrgo depressa_10_view5_zstack_slice_z0009.png,train
Pyrgo depressa,10,5,data/train_images/S010_A240_Z0010_C00.tif,zstack_slice,10.0,data/train_images/Pyrgo depressa_10_view5_zstack_slice_z0010.png,train
Pyrgo depressa,10,5,data/train_images/S010_A240_Z0011_C00.tif,zstack_slice,11.0,data/train_images/Pyrgo depressa_10_view5_zstack_slice_z0011.png,train
Pyrgo depressa,10,5,data/train_images/S010_A240_Z0012_C00.tif,zstack_slice,12.0,data/train_images/Pyrgo depressa_10_view5_zstack_slice_z0012.png,train
Pyrgo depressa,10,5,data/train_images/S010_A240_Z0013_C00.tif,zstack_slice,13.0,data/train_images/Pyrgo depressa_10_view5_zstack_slice_z0013.png,train
Pyrgo depressa,10,5,data/train_images/S010_A240_Z0014_C00.tif,zstack_slice,14.0,data/train_images/Pyrgo depressa_10_view5_zstack_slice_z0014.png,train
Pyrgo depressa,10,5,data/train_images/S010_A240_Z0015_C00.tif,zstack_slice,15.0,data/train_images/Pyrgo depressa_10_view5_zstack_slice_z0015.png,train
Pyrgo depressa,10,5,data/train_images/S010_A240_Z0016_C00.tif,zstack_slice,16.0,data/train_images/Pyrgo depressa_10_view5_zstack_slice_z0016.png,train
Pyrgo depressa,10,5,data/train_images/S010_A240_Z0017_C00.tif,zstack_slice,17.0,data/train_images/Pyrgo depressa_10_view5_zstack_slice_z0017.png,train
Pyrgo depressa,10,5,data/train_images/S010_A240_Z0018_C00.tif,zstack_slice,18.0,data/train_images/Pyrgo depressa_10_view5_zstack_slice_z0018.png,train
Pyrgo depressa,10,5,data/train_images/S010_A240_Z0019_C00.tif,zstack_slice,19.0,data/train_images/Pyrgo depressa_10_view5_zstack_slice_z0019.png,train
Pyrgo depressa,10,5,data/train_images/S010_A240_Z0020_C00.tif,zstack_slice,20.0,data/train_images/Pyrgo depressa_10_view5_zstack_slice_z0020.png,train
Pyrgo depressa,10,5,data/train_images/S010_A240_Z0021_C00.tif,zstack_slice,21.0,data/train_images/Pyrgo depressa_10_view5_zstack_slice_z0021.png,train
Pyrgo depressa,10,5,data/train_images/S010_A240_Z0022_C00.tif,zstack_slice,22.0,data/train_images/Pyrgo depressa_10_view5_zstack_slice_z0022.png,train
Pyrgo depressa,10,5,data/train_images/S010_A240_Z0023_C00.tif,zstack_slice,23.0,data/train_images/Pyrgo depressa_10_view5_zstack_slice_z0023.png,train
Pyrgo depressa,10,5,data/train_images/S010_A240_Z0024_C00.tif,zstack_slice,24.0,data/train_images/Pyrgo depressa_10_view5_zstack_slice_z0024.png,train
Pyrgo depressa,10,5,data/train_images/S010_A240_Z0025_C00.tif,zstack_slice,25.0,data/train_images/Pyrgo depressa_10_view5_zstack_slice_z0025.png,train
Pyrgo depressa,10,5,data/train_images/S010_A240_Z0026_C00.tif,zstack_slice,26.0,data/train_images/Pyrgo depressa_10_view5_zstack_slice_z0026.png,train
Pyrgo depressa,10,5,data/train_images/S010_A240_Z0027_C00.tif,zstack_slice,27.0,data/train_images/Pyrgo depressa_10_view5_zstack_slice_z0027.png,train
Pyrgo depressa,10,5,data/train_images/S010_A240_Z0028_C00.tif,zstack_slice,28.0,data/train_images/Pyrgo depressa_10_view5_zstack_slice_z0028.png,train
Pyrgo depressa,10,5,data/train_images/S010_A240_Z0029_C00.tif,zstack_slice,29.0,data/train_images/Pyrgo depressa_10_view5_zstack_slice_z0029.png,train
Pyrgo depressa,10,5,data/train_images/S010_A240_Z0030_C00.tif,zstack_slice,30.0,data/train_images/Pyrgo depressa_10_view5_zstack_slice_z0030.png,train
Pyrgo depressa,10,5,data/train_images/S010_A240_Z0031_C00.tif,zstack_slice,31.0,data/train_images/Pyrgo depressa_10_view5_zstack_slice_z0031.png,train
Pyrgo depressa,10,5,data/train_images/S010_A240_Z0032_C00.tif,zstack_slice,32.0,data/train_images/Pyrgo depressa_10_view5_zstack_slice_z0032.png,train
Pyrgo depressa,10,5,data/train_images/S010_A240_Z0033_C00.tif,zstack_slice,33.0,data/train_images/Pyrgo depressa_10_view5_zstack_slice_z0033.png,train
Pyrgo depressa,10,5,data/train_images/S010_A240_Z0034_C00.tif,zstack_slice,34.0,data/train_images/Pyrgo depressa_10_view5_zstack_slice_z0034.png,train
Pyrgo depressa,10,5,data/train_images/S010_A240_Z0035_C00.tif,zstack_slice,35.0,data/train_images/Pyrgo depressa_10_view5_zstack_slice_z0035.png,train
Pyrgo depressa,10,5,data/train_images/S010_A240_Z0036_C00.tif,zstack_slice,36.0,data/train_images/Pyrgo depressa_10_view5_zstack_slice_z0036.png,train
Pyrgo depressa,10,5,data/train_images/S010_A240_Z0037_C00.tif,zstack_slice,37.0,data/train_images/Pyrgo depressa_10_view5_zstack_slice_z0037.png,train
Pyrgo depressa,10,5,data/train_images/S010_A240_Z0038_C00.tif,zstack_slice,38.0,data/train_images/Pyrgo depressa_10_view5_zstack_slice_z0038.png,train
Pyrgo depressa,10,5,data/train_images/S010_A240_Z0039_C00.tif,zstack_slice,39.0,data/train_images/Pyrgo depressa_10_view5_zstack_slice_z0039.png,train
Pyrgo depressa,10,5,data/train_images/S010_A240_Z0040_C00.tif,zstack_slice,40.0,data/train_images/Pyrgo depressa_10_view5_zstack_slice_z0040.png,train
Pyrgo depressa,10,5,data/train_images/S010_A240_Z0041_C00.tif,zstack_slice,41.0,data/train_images/Pyrgo depressa_10_view5_zstack_slice_z0041.png,train
Pyrgo depressa,10,5,data/train_images/S010_A240_Z0042_C00.tif,zstack_slice,42.0,data/train_images/Pyrgo depressa_10_view5_zstack_slice_z0042.png,train
Pyrgo depressa,10,5,data/train_images/S010_A240_Z0043_C00.tif,zstack_slice,43.0,data/train_images/Pyrgo depressa_10_view5_zstack_slice_z0043.png,train
Pyrgo depressa,10,5,data/train_images/S010_A240_Z0044_C00.tif,zstack_slice,44.0,data/train_images/Pyrgo depressa_10_view5_zstack_slice_z0044.png,train
Pyrgo depressa,10,5,data/train_images/S010_A240_Z0045_C00.tif,zstack_slice,45.0,data/train_images/Pyrgo depressa_10_view5_zstack_slice_z0045.png,train
Pyrgo depressa,10,5,data/train_images/S010_A240_Z0046_C00.tif,zstack_slice,46.0,data/train_images/Pyrgo depressa_10_view5_zstack_slice_z0046.png,train
Pyrgo depressa,10,5,data/train_images/S010_A240_Z0047_C00.tif,zstack_slice,47.0,data/train_images/Pyrgo depressa_10_view5_zstack_slice_z0047.png,train
Pyrgo depressa,10,5,data/train_images/S010_A240_Z0048_C00.tif,zstack_slice,48.0,data/train_images/Pyrgo depressa_10_view5_zstack_slice_z0048.png,train
Pyrgo depressa,10,5,data/train_images/S010_A240_Z0049_C00.tif,zstack_slice,49.0,data/train_images/Pyrgo depressa_10_view5_zstack_slice_z0049.png,train
Pyrgo depressa,10,5,data/train_images/S010_A240_Z0050_C00.tif,zstack_slice,50.0,data/train_images/Pyrgo depressa_10_view5_zstack_slice_z0050.png,train
Pyrgo depressa,10,5,data/train_images/S010_A240_Z0051_C00.tif,zstack_slice,51.0,data/train_images/Pyrgo depressa_10_view5_zstack_slice_z0051.png,train
Pyrgo depressa,10,5,data/train_images/S010_A240_Z0052_C00.tif,zstack_slice,52.0,data/train_images/Pyrgo depressa_10_view5_zstack_slice_z0052.png,train
Pyrgo depressa,10,5,data/train_images/S010_A240_Z0053_C00.tif,zstack_slice,53.0,data/train_images/Pyrgo depressa_10_view5_zstack_slice_z0053.png,train
Pyrgo depressa,10,5,data/train_images/S010_A240_Z0054_C00.tif,zstack_slice,54.0,data/train_images/Pyrgo depressa_10_view5_zstack_slice_z0054.png,train
Pyrgo depressa,10,5,data/train_images/S010_A240_Z0055_C00.tif,zstack_slice,55.0,data/train_images/Pyrgo depressa_10_view5_zstack_slice_z0055.png,train
Pyrgo depressa,10,5,data/train_images/S010_A240_Z0056_C00.tif,zstack_slice,56.0,data/train_images/Pyrgo depressa_10_view5_zstack_slice_z0056.png,train
Pyrgo depressa,10,5,data/train_images/S010_A240_Z0057_C00.tif,zstack_slice,57.0,data/train_images/Pyrgo depressa_10_view5_zstack_slice_z0057.png,train
Pyrgo depressa,10,5,data/train_images/S010_A240_Z0058_C00.tif,zstack_slice,58.0,data/train_images/Pyrgo depressa_10_view5_zstack_slice_z0058.png,train
Pyrgo depressa,10,5,data/train_images/S010_A240_Z0059_C00.tif,zstack_slice,59.0,data/train_images/Pyrgo depressa_10_view5_zstack_slice_z0059.png,train
Pyrgo depressa,10,5,data/train_images/S010_A240_Z0060_C00.tif,zstack_slice,60.0,data/train_images/Pyrgo depressa_10_view5_zstack_slice_z0060.png,train
Pyrgo depressa,10,5,data/train_images/S010_A240_Z0061_C00.tif,zstack_slice,61.0,data/train_images/Pyrgo depressa_10_view5_zstack_slice_z0061.png,train
Pyrgo depressa,10,5,data/train_images/S010_A240_Z0062_C00.tif,zstack_slice,62.0,data/train_images/Pyrgo depressa_10_view5_zstack_slice_z0062.png,train
Pyrgo depressa,10,5,data/train_images/S010_A240_Z0063_C00.tif,zstack_slice,63.0,data/train_images/Pyrgo depressa_10_view5_zstack_slice_z0063.png,train
Pyrgo depressa,10,5,data/train_images/S010_A240_Z0064_C00.tif,zstack_slice,64.0,data/train_images/Pyrgo depressa_10_view5_zstack_slice_z0064.png,train
Pyrgo depressa,10,5,data/train_images/S010_A240_Z0065_C00.tif,zstack_slice,65.0,data/train_images/Pyrgo depressa_10_view5_zstack_slice_z0065.png,train
Pyrgo depressa,10,5,data/train_images/S010_A240_Z0066_C00.tif,zstack_slice,66.0,data/train_images/Pyrgo depressa_10_view5_zstack_slice_z0066.png,train
Pyrgo depressa,10,5,data/train_images/S010_A240_Z0067_C00.tif,zstack_slice,67.0,data/train_images/Pyrgo depressa_10_view5_zstack_slice_z0067.png,train
Pyrgo depressa,10,5,data/train_images/S010_A240_Z0068_C00.tif,zstack_slice,68.0,data/train_images/Pyrgo depressa_10_view5_zstack_slice_z0068.png,train
Pyrgo depressa,10,6,data/train_images/Pyrgo depressa_10_view6_gif_original.png,gif_original,,data/train_images/Pyrgo depressa_10_view6_gif_original.png,train
Pyrgo depressa,10,6,data/train_images/S010_A300_stacked.tif,stacked_tiff,,data/train_images/Pyrgo depressa_10_view6_stacked_tiff.png,train
Pyrgo depressa,10,6,data/train_images/S010_A300_Z0000_C00.tif,zstack_slice,0.0,data/train_images/Pyrgo depressa_10_view6_zstack_slice_z0000.png,train
Pyrgo depressa,10,6,data/train_images/S010_A300_Z0001_C00.tif,zstack_slice,1.0,data/train_images/Pyrgo depressa_10_view6_zstack_slice_z0001.png,train
Pyrgo depressa,10,6,data/train_images/S010_A300_Z0002_C00.tif,zstack_slice,2.0,data/train_images/Pyrgo depressa_10_view6_zstack_slice_z0002.png,train
Pyrgo depressa,10,6,data/train_images/S010_A300_Z0003_C00.tif,zstack_slice,3.0,data/train_images/Pyrgo depressa_10_view6_zstack_slice_z0003.png,train
Pyrgo depressa,10,6,data/train_images/S010_A300_Z0004_C00.tif,zstack_slice,4.0,data/train_images/Pyrgo depressa_10_view6_zstack_slice_z0004.png,train
Pyrgo depressa,10,6,data/train_images/S010_A300_Z0005_C00.tif,zstack_slice,5.0,data/train_images/Pyrgo depressa_10_view6_zstack_slice_z0005.png,train
Pyrgo depressa,10,6,data/train_images/S010_A300_Z0006_C00.tif,zstack_slice,6.0,data/train_images/Pyrgo depressa_10_view6_zstack_slice_z0006.png,train
Pyrgo depressa,10,6,data/train_images/S010_A300_Z0007_C00.tif,zstack_slice,7.0,data/train_images/Pyrgo depressa_10_view6_zstack_slice_z0007.png,train
Pyrgo depressa,10,6,data/train_images/S010_A300_Z0008_C00.tif,zstack_slice,8.0,data/train_images/Pyrgo depressa_10_view6_zstack_slice_z0008.png,train
Pyrgo depressa,10,6,data/train_images/S010_A300_Z0009_C00.tif,zstack_slice,9.0,data/train_images/Pyrgo depressa_10_view6_zstack_slice_z0009.png,train
Pyrgo depressa,10,6,data/train_images/S010_A300_Z0010_C00.tif,zstack_slice,10.0,data/train_images/Pyrgo depressa_10_view6_zstack_slice_z0010.png,train
Pyrgo depressa,10,6,data/train_images/S010_A300_Z0011_C00.tif,zstack_slice,11.0,data/train_images/Pyrgo depressa_10_view6_zstack_slice_z0011.png,train
Pyrgo depressa,10,6,data/train_images/S010_A300_Z0012_C00.tif,zstack_slice,12.0,data/train_images/Pyrgo depressa_10_view6_zstack_slice_z0012.png,train
Pyrgo depressa,10,6,data/train_images/S010_A300_Z0013_C00.tif,zstack_slice,13.0,data/train_images/Pyrgo depressa_10_view6_zstack_slice_z0013.png,train
Pyrgo depressa,10,6,data/train_images/S010_A300_Z0014_C00.tif,zstack_slice,14.0,data/train_images/Pyrgo depressa_10_view6_zstack_slice_z0014.png,train
Pyrgo depressa,10,6,data/train_images/S010_A300_Z0015_C00.tif,zstack_slice,15.0,data/train_images/Pyrgo depressa_10_view6_zstack_slice_z0015.png,train
Pyrgo depressa,10,6,data/train_images/S010_A300_Z0016_C00.tif,zstack_slice,16.0,data/train_images/Pyrgo depressa_10_view6_zstack_slice_z0016.png,train
Pyrgo depressa,10,6,data/train_images/S010_A300_Z0017_C00.tif,zstack_slice,17.0,data/train_images/Pyrgo depressa_10_view6_zstack_slice_z0017.png,train
Pyrgo depressa,10,6,data/train_images/S010_A300_Z0018_C00.tif,zstack_slice,18.0,data/train_images/Pyrgo depressa_10_view6_zstack_slice_z0018.png,train
Pyrgo depressa,10,6,data/train_images/S010_A300_Z0019_C00.tif,zstack_slice,19.0,data/train_images/Pyrgo depressa_10_view6_zstack_slice_z0019.png,train
Pyrgo depressa,10,6,data/train_images/S010_A300_Z0020_C00.tif,zstack_slice,20.0,data/train_images/Pyrgo depressa_10_view6_zstack_slice_z0020.png,train
Pyrgo depressa,10,6,data/train_images/S010_A300_Z0021_C00.tif,zstack_slice,21.0,data/train_images/Pyrgo depressa_10_view6_zstack_slice_z0021.png,train
Pyrgo depressa,10,6,data/train_images/S010_A300_Z0022_C00.tif,zstack_slice,22.0,data/train_images/Pyrgo depressa_10_view6_zstack_slice_z0022.png,train
Pyrgo depressa,10,6,data/train_images/S010_A300_Z0023_C00.tif,zstack_slice,23.0,data/train_images/Pyrgo depressa_10_view6_zstack_slice_z0023.png,train
Pyrgo depressa,10,6,data/train_images/S010_A300_Z0024_C00.tif,zstack_slice,24.0,data/train_images/Pyrgo depressa_10_view6_zstack_slice_z0024.png,train
Pyrgo depressa,10,6,data/train_images/S010_A300_Z0025_C00.tif,zstack_slice,25.0,data/train_images/Pyrgo depressa_10_view6_zstack_slice_z0025.png,train
Pyrgo depressa,10,6,data/train_images/S010_A300_Z0026_C00.tif,zstack_slice,26.0,data/train_images/Pyrgo depressa_10_view6_zstack_slice_z0026.png,train
Pyrgo depressa,10,6,data/train_images/S010_A300_Z0027_C00.tif,zstack_slice,27.0,data/train_images/Pyrgo depressa_10_view6_zstack_slice_z0027.png,train
Pyrgo depressa,10,6,data/train_images/S010_A300_Z0028_C00.tif,zstack_slice,28.0,data/train_images/Pyrgo depressa_10_view6_zstack_slice_z0028.png,train
Pyrgo depressa,10,6,data/train_images/S010_A300_Z0029_C00.tif,zstack_slice,29.0,data/train_images/Pyrgo depressa_10_view6_zstack_slice_z0029.png,train
Pyrgo depressa,10,6,data/train_images/S010_A300_Z0030_C00.tif,zstack_slice,30.0,data/train_images/Pyrgo depressa_10_view6_zstack_slice_z0030.png,train
Pyrgo depressa,10,6,data/train_images/S010_A300_Z0031_C00.tif,zstack_slice,31.0,data/train_images/Pyrgo depressa_10_view6_zstack_slice_z0031.png,train
Pyrgo depressa,10,6,data/train_images/S010_A300_Z0032_C00.tif,zstack_slice,32.0,data/train_images/Pyrgo depressa_10_view6_zstack_slice_z0032.png,train
Pyrgo depressa,10,6,data/train_images/S010_A300_Z0033_C00.tif,zstack_slice,33.0,data/train_images/Pyrgo depressa_10_view6_zstack_slice_z0033.png,train
Pyrgo depressa,10,6,data/train_images/S010_A300_Z0034_C00.tif,zstack_slice,34.0,data/train_images/Pyrgo depressa_10_view6_zstack_slice_z0034.png,train
Pyrgo depressa,10,6,data/train_images/S010_A300_Z0035_C00.tif,zstack_slice,35.0,data/train_images/Pyrgo depressa_10_view6_zstack_slice_z0035.png,train
Pyrgo depressa,10,6,data/train_images/S010_A300_Z0036_C00.tif,zstack_slice,36.0,data/train_images/Pyrgo depressa_10_view6_zstack_slice_z0036.png,train
Pyrgo depressa,10,6,data/train_images/S010_A300_Z0037_C00.tif,zstack_slice,37.0,data/train_images/Pyrgo depressa_10_view6_zstack_slice_z0037.png,train
Pyrgo depressa,10,6,data/train_images/S010_A300_Z0038_C00.tif,zstack_slice,38.0,data/train_images/Pyrgo depressa_10_view6_zstack_slice_z0038.png,train
Pyrgo depressa,10,6,data/train_images/S010_A300_Z0039_C00.tif,zstack_slice,39.0,data/train_images/Pyrgo depressa_10_view6_zstack_slice_z0039.png,train
Pyrgo depressa,10,6,data/train_images/S010_A300_Z0040_C00.tif,zstack_slice,40.0,data/train_images/Pyrgo depressa_10_view6_zstack_slice_z0040.png,train
Pyrgo depressa,10,6,data/train_images/S010_A300_Z0041_C00.tif,zstack_slice,41.0,data/train_images/Pyrgo depressa_10_view6_zstack_slice_z0041.png,train
Pyrgo depressa,10,6,data/train_images/S010_A300_Z0042_C00.tif,zstack_slice,42.0,data/train_images/Pyrgo depressa_10_view6_zstack_slice_z0042.png,train
Pyrgo depressa,10,6,data/train_images/S010_A300_Z0043_C00.tif,zstack_slice,43.0,data/train_images/Pyrgo depressa_10_view6_zstack_slice_z0043.png,train
Pyrgo depressa,10,6,data/train_images/S010_A300_Z0044_C00.tif,zstack_slice,44.0,data/train_images/Pyrgo depressa_10_view6_zstack_slice_z0044.png,train
Pyrgo depressa,10,6,data/train_images/S010_A300_Z0045_C00.tif,zstack_slice,45.0,data/train_images/Pyrgo depressa_10_view6_zstack_slice_z0045.png,train
Pyrgo depressa,10,6,data/train_images/S010_A300_Z0046_C00.tif,zstack_slice,46.0,data/train_images/Pyrgo depressa_10_view6_zstack_slice_z0046.png,train
Pyrgo depressa,10,6,data/train_images/S010_A300_Z0047_C00.tif,zstack_slice,47.0,data/train_images/Pyrgo depressa_10_view6_zstack_slice_z0047.png,train
Pyrgo depressa,10,6,data/train_images/S010_A300_Z0048_C00.tif,zstack_slice,48.0,data/train_images/Pyrgo depressa_10_view6_zstack_slice_z0048.png,train
Pyrgo depressa,10,6,data/train_images/S010_A300_Z0049_C00.tif,zstack_slice,49.0,data/train_images/Pyrgo depressa_10_view6_zstack_slice_z0049.png,train
Pyrgo depressa,10,6,data/train_images/S010_A300_Z0050_C00.tif,zstack_slice,50.0,data/train_images/Pyrgo depressa_10_view6_zstack_slice_z0050.png,train
Pyrgo depressa,10,6,data/train_images/S010_A300_Z0051_C00.tif,zstack_slice,51.0,data/train_images/Pyrgo depressa_10_view6_zstack_slice_z0051.png,train
Pyrgo depressa,10,6,data/train_images/S010_A300_Z0052_C00.tif,zstack_slice,52.0,data/train_images/Pyrgo depressa_10_view6_zstack_slice_z0052.png,train
Pyrgo depressa,10,6,data/train_images/S010_A300_Z0053_C00.tif,zstack_slice,53.0,data/train_images/Pyrgo depressa_10_view6_zstack_slice_z0053.png,train
Pyrgo depressa,10,6,data/train_images/S010_A300_Z0054_C00.tif,zstack_slice,54.0,data/train_images/Pyrgo depressa_10_view6_zstack_slice_z0054.png,train
Pyrgo depressa,10,6,data/train_images/S010_A300_Z0055_C00.tif,zstack_slice,55.0,data/train_images/Pyrgo depressa_10_view6_zstack_slice_z0055.png,train
Pyrgo depressa,10,6,data/train_images/S010_A300_Z0056_C00.tif,zstack_slice,56.0,data/train_images/Pyrgo depressa_10_view6_zstack_slice_z0056.png,train
Pyrgo depressa,10,6,data/train_images/S010_A300_Z0057_C00.tif,zstack_slice,57.0,data/train_images/Pyrgo depressa_10_view6_zstack_slice_z0057.png,train
Pyrgo depressa,10,6,data/train_images/S010_A300_Z0058_C00.tif,zstack_slice,58.0,data/train_images/Pyrgo depressa_10_view6_zstack_slice_z0058.png,train
Pyrgo depressa,10,6,data/train_images/S010_A300_Z0059_C00.tif,zstack_slice,59.0,data/train_images/Pyrgo depressa_10_view6_zstack_slice_z0059.png,train
Pyrgo depressa,10,6,data/train_images/S010_A300_Z0060_C00.tif,zstack_slice,60.0,data/train_images/Pyrgo depressa_10_view6_zstack_slice_z0060.png,train
Pyrgo depressa,10,6,data/train_images/S010_A300_Z0061_C00.tif,zstack_slice,61.0,data/train_images/Pyrgo depressa_10_view6_zstack_slice_z0061.png,train
Pyrgo depressa,10,6,data/train_images/S010_A300_Z0062_C00.tif,zstack_slice,62.0,data/train_images/Pyrgo depressa_10_view6_zstack_slice_z0062.png,train
Pyrgo depressa,10,6,data/train_images/S010_A300_Z0063_C00.tif,zstack_slice,63.0,data/train_images/Pyrgo depressa_10_view6_zstack_slice_z0063.png,train
Pyrgo depressa,10,6,data/train_images/S010_A300_Z0064_C00.tif,zstack_slice,64.0,data/train_images/Pyrgo depressa_10_view6_zstack_slice_z0064.png,train
Pyrgo depressa,10,6,data/train_images/S010_A300_Z0065_C00.tif,zstack_slice,65.0,data/train_images/Pyrgo depressa_10_view6_zstack_slice_z0065.png,train
Pyrgo depressa,10,6,data/train_images/S010_A300_Z0066_C00.tif,zstack_slice,66.0,data/train_images/Pyrgo depressa_10_view6_zstack_slice_z0066.png,train
Pyrgo depressa,10,6,data/train_images/S010_A300_Z0067_C00.tif,zstack_slice,67.0,data/train_images/Pyrgo depressa_10_view6_zstack_slice_z0067.png,train
Pyrgo depressa,10,6,data/train_images/S010_A300_Z0068_C00.tif,zstack_slice,68.0,data/train_images/Pyrgo depressa_10_view6_zstack_slice_z0068.png,train
Pyrgo depressa,10,6,data/train_images/S010_A300_Z0069_C00.tif,zstack_slice,69.0,data/train_images/Pyrgo depressa_10_view6_zstack_slice_z0069.png,train
Pyrgo depressa,10,6,data/train_images/S010_A300_Z0070_C00.tif,zstack_slice,70.0,data/train_images/Pyrgo depressa_10_view6_zstack_slice_z0070.png,train
Pyrgo depressa,10,6,data/train_images/S010_A300_Z0071_C00.tif,zstack_slice,71.0,data/train_images/Pyrgo depressa_10_view6_zstack_slice_z0071.png,train
Pyrgo depressa,10,6,data/train_images/S010_A300_Z0072_C00.tif,zstack_slice,72.0,data/train_images/Pyrgo depressa_10_view6_zstack_slice_z0072.png,train
Pyrgo depressa,10,6,data/train_images/S010_A300_Z0073_C00.tif,zstack_slice,73.0,data/train_images/Pyrgo depressa_10_view6_zstack_slice_z0073.png,train
Pyrgo depressa,10,6,data/train_images/S010_A300_Z0074_C00.tif,zstack_slice,74.0,data/train_images/Pyrgo depressa_10_view6_zstack_slice_z0074.png,train
Pyrgo depressa,10,6,data/train_images/S010_A300_Z0075_C00.tif,zstack_slice,75.0,data/train_images/Pyrgo depressa_10_view6_zstack_slice_z0075.png,train
Pyrgo depressa,10,6,data/train_images/S010_A300_Z0076_C00.tif,zstack_slice,76.0,data/train_images/Pyrgo depressa_10_view6_zstack_slice_z0076.png,train
Pyrgo depressa,10,6,data/train_images/S010_A300_Z0077_C00.tif,zstack_slice,77.0,data/train_images/Pyrgo depressa_10_view6_zstack_slice_z0077.png,train
Pyrgo depressa,10,6,data/train_images/S010_A300_Z0078_C00.tif,zstack_slice,78.0,data/train_images/Pyrgo depressa_10_view6_zstack_slice_z0078.png,train
Pyrgo depressa,10,6,data/train_images/S010_A300_Z0079_C00.tif,zstack_slice,79.0,data/train_images/Pyrgo depressa_10_view6_zstack_slice_z0079.png,train
Pyrgo depressa,10,6,data/train_images/S010_A300_Z0080_C00.tif,zstack_slice,80.0,data/train_images/Pyrgo depressa_10_view6_zstack_slice_z0080.png,train
Pyrgo depressa,10,6,data/train_images/S010_A300_Z0081_C00.tif,zstack_slice,81.0,data/train_images/Pyrgo depressa_10_view6_zstack_slice_z0081.png,train
Pyrgo inornata,9,1,data/train_images/Pyrgo inornata_9_view1_gif_original.png,gif_original,,data/train_images/Pyrgo inornata_9_view1_gif_original.png,train
Pyrgo inornata,9,1,data/train_images/S009_A000_stacked.tif,stacked_tiff,,data/train_images/Pyrgo inornata_9_view1_stacked_tiff.png,train
Pyrgo inornata,9,1,data/train_images/S009_A000_Z0000_C00.tif,zstack_slice,0.0,data/train_images/Pyrgo inornata_9_view1_zstack_slice_z0000.png,train
Pyrgo inornata,9,1,data/train_images/S009_A000_Z0001_C00.tif,zstack_slice,1.0,data/train_images/Pyrgo inornata_9_view1_zstack_slice_z0001.png,train
Pyrgo inornata,9,1,data/train_images/S009_A000_Z0002_C00.tif,zstack_slice,2.0,data/train_images/Pyrgo inornata_9_view1_zstack_slice_z0002.png,train
Pyrgo inornata,9,1,data/train_images/S009_A000_Z0003_C00.tif,zstack_slice,3.0,data/train_images/Pyrgo inornata_9_view1_zstack_slice_z0003.png,train
Pyrgo inornata,9,1,data/train_images/S009_A000_Z0004_C00.tif,zstack_slice,4.0,data/train_images/Pyrgo inornata_9_view1_zstack_slice_z0004.png,train
Pyrgo inornata,9,1,data/train_images/S009_A000_Z0005_C00.tif,zstack_slice,5.0,data/train_images/Pyrgo inornata_9_view1_zstack_slice_z0005.png,train
Pyrgo inornata,9,1,data/train_images/S009_A000_Z0006_C00.tif,zstack_slice,6.0,data/train_images/Pyrgo inornata_9_view1_zstack_slice_z0006.png,train
Pyrgo inornata,9,1,data/train_images/S009_A000_Z0007_C00.tif,zstack_slice,7.0,data/train_images/Pyrgo inornata_9_view1_zstack_slice_z0007.png,train
Pyrgo inornata,9,1,data/train_images/S009_A000_Z0008_C00.tif,zstack_slice,8.0,data/train_images/Pyrgo inornata_9_view1_zstack_slice_z0008.png,train
Pyrgo inornata,9,1,data/train_images/S009_A000_Z0009_C00.tif,zstack_slice,9.0,data/train_images/Pyrgo inornata_9_view1_zstack_slice_z0009.png,train
Pyrgo inornata,9,1,data/train_images/S009_A000_Z0010_C00.tif,zstack_slice,10.0,data/train_images/Pyrgo inornata_9_view1_zstack_slice_z0010.png,train
Pyrgo inornata,9,1,data/train_images/S009_A000_Z0011_C00.tif,zstack_slice,11.0,data/train_images/Pyrgo inornata_9_view1_zstack_slice_z0011.png,train
Pyrgo inornata,9,1,data/train_images/S009_A000_Z0012_C00.tif,zstack_slice,12.0,data/train_images/Pyrgo inornata_9_view1_zstack_slice_z0012.png,train
Pyrgo inornata,9,1,data/train_images/S009_A000_Z0013_C00.tif,zstack_slice,13.0,data/train_images/Pyrgo inornata_9_view1_zstack_slice_z0013.png,train
Pyrgo inornata,9,1,data/train_images/S009_A000_Z0014_C00.tif,zstack_slice,14.0,data/train_images/Pyrgo inornata_9_view1_zstack_slice_z0014.png,train
Pyrgo inornata,9,1,data/train_images/S009_A000_Z0015_C00.tif,zstack_slice,15.0,data/train_images/Pyrgo inornata_9_view1_zstack_slice_z0015.png,train
Pyrgo inornata,9,1,data/train_images/S009_A000_Z0016_C00.tif,zstack_slice,16.0,data/train_images/Pyrgo inornata_9_view1_zstack_slice_z0016.png,train
Pyrgo inornata,9,1,data/train_images/S009_A000_Z0017_C00.tif,zstack_slice,17.0,data/train_images/Pyrgo inornata_9_view1_zstack_slice_z0017.png,train
Pyrgo inornata,9,1,data/train_images/S009_A000_Z0018_C00.tif,zstack_slice,18.0,data/train_images/Pyrgo inornata_9_view1_zstack_slice_z0018.png,train
Pyrgo inornata,9,1,data/train_images/S009_A000_Z0019_C00.tif,zstack_slice,19.0,data/train_images/Pyrgo inornata_9_view1_zstack_slice_z0019.png,train
Pyrgo inornata,9,1,data/train_images/S009_A000_Z0020_C00.tif,zstack_slice,20.0,data/train_images/Pyrgo inornata_9_view1_zstack_slice_z0020.png,train
Pyrgo inornata,9,1,data/train_images/S009_A000_Z0021_C00.tif,zstack_slice,21.0,data/train_images/Pyrgo inornata_9_view1_zstack_slice_z0021.png,train
Pyrgo inornata,9,1,data/train_images/S009_A000_Z0022_C00.tif,zstack_slice,22.0,data/train_images/Pyrgo inornata_9_view1_zstack_slice_z0022.png,train
Pyrgo inornata,9,1,data/train_images/S009_A000_Z0023_C00.tif,zstack_slice,23.0,data/train_images/Pyrgo inornata_9_view1_zstack_slice_z0023.png,train
Pyrgo inornata,9,1,data/train_images/S009_A000_Z0024_C00.tif,zstack_slice,24.0,data/train_images/Pyrgo inornata_9_view1_zstack_slice_z0024.png,train
Pyrgo inornata,9,1,data/train_images/S009_A000_Z0025_C00.tif,zstack_slice,25.0,data/train_images/Pyrgo inornata_9_view1_zstack_slice_z0025.png,train
Pyrgo inornata,9,1,data/train_images/S009_A000_Z0026_C00.tif,zstack_slice,26.0,data/train_images/Pyrgo inornata_9_view1_zstack_slice_z0026.png,train
Pyrgo inornata,9,1,data/train_images/S009_A000_Z0027_C00.tif,zstack_slice,27.0,data/train_images/Pyrgo inornata_9_view1_zstack_slice_z0027.png,train
Pyrgo inornata,9,1,data/train_images/S009_A000_Z0028_C00.tif,zstack_slice,28.0,data/train_images/Pyrgo inornata_9_view1_zstack_slice_z0028.png,train
Pyrgo inornata,9,1,data/train_images/S009_A000_Z0029_C00.tif,zstack_slice,29.0,data/train_images/Pyrgo inornata_9_view1_zstack_slice_z0029.png,train
Pyrgo inornata,9,1,data/train_images/S009_A000_Z0030_C00.tif,zstack_slice,30.0,data/train_images/Pyrgo inornata_9_view1_zstack_slice_z0030.png,train
Pyrgo inornata,9,1,data/train_images/S009_A000_Z0031_C00.tif,zstack_slice,31.0,data/train_images/Pyrgo inornata_9_view1_zstack_slice_z0031.png,train
Pyrgo inornata,9,1,data/train_images/S009_A000_Z0032_C00.tif,zstack_slice,32.0,data/train_images/Pyrgo inornata_9_view1_zstack_slice_z0032.png,train
Pyrgo inornata,9,1,data/train_images/S009_A000_Z0033_C00.tif,zstack_slice,33.0,data/train_images/Pyrgo inornata_9_view1_zstack_slice_z0033.png,train
Pyrgo inornata,9,1,data/train_images/S009_A000_Z0034_C00.tif,zstack_slice,34.0,data/train_images/Pyrgo inornata_9_view1_zstack_slice_z0034.png,train
Pyrgo inornata,9,1,data/train_images/S009_A000_Z0035_C00.tif,zstack_slice,35.0,data/train_images/Pyrgo inornata_9_view1_zstack_slice_z0035.png,train
Pyrgo inornata,9,1,data/train_images/S009_A000_Z0036_C00.tif,zstack_slice,36.0,data/train_images/Pyrgo inornata_9_view1_zstack_slice_z0036.png,train
Pyrgo inornata,9,1,data/train_images/S009_A000_Z0037_C00.tif,zstack_slice,37.0,data/train_images/Pyrgo inornata_9_view1_zstack_slice_z0037.png,train
Pyrgo inornata,9,1,data/train_images/S009_A000_Z0038_C00.tif,zstack_slice,38.0,data/train_images/Pyrgo inornata_9_view1_zstack_slice_z0038.png,train
Pyrgo inornata,9,1,data/train_images/S009_A000_Z0039_C00.tif,zstack_slice,39.0,data/train_images/Pyrgo inornata_9_view1_zstack_slice_z0039.png,train
Pyrgo inornata,9,1,data/train_images/S009_A000_Z0040_C00.tif,zstack_slice,40.0,data/train_images/Pyrgo inornata_9_view1_zstack_slice_z0040.png,train
Pyrgo inornata,9,1,data/train_images/S009_A000_Z0041_C00.tif,zstack_slice,41.0,data/train_images/Pyrgo inornata_9_view1_zstack_slice_z0041.png,train
Pyrgo inornata,9,1,data/train_images/S009_A000_Z0042_C00.tif,zstack_slice,42.0,data/train_images/Pyrgo inornata_9_view1_zstack_slice_z0042.png,train
Pyrgo inornata,9,1,data/train_images/S009_A000_Z0043_C00.tif,zstack_slice,43.0,data/train_images/Pyrgo inornata_9_view1_zstack_slice_z0043.png,train
Pyrgo inornata,9,1,data/train_images/S009_A000_Z0044_C00.tif,zstack_slice,44.0,data/train_images/Pyrgo inornata_9_view1_zstack_slice_z0044.png,train
Pyrgo inornata,9,1,data/train_images/S009_A000_Z0045_C00.tif,zstack_slice,45.0,data/train_images/Pyrgo inornata_9_view1_zstack_slice_z0045.png,train
Pyrgo inornata,9,1,data/train_images/S009_A000_Z0046_C00.tif,zstack_slice,46.0,data/train_images/Pyrgo inornata_9_view1_zstack_slice_z0046.png,train
Pyrgo inornata,9,1,data/train_images/S009_A000_Z0047_C00.tif,zstack_slice,47.0,data/train_images/Pyrgo inornata_9_view1_zstack_slice_z0047.png,train
Pyrgo inornata,9,1,data/train_images/S009_A000_Z0048_C00.tif,zstack_slice,48.0,data/train_images/Pyrgo inornata_9_view1_zstack_slice_z0048.png,train
Pyrgo inornata,9,2,data/train_images/Pyrgo inornata_9_view2_gif_original.png,gif_original,,data/train_images/Pyrgo inornata_9_view2_gif_original.png,train
Pyrgo inornata,9,2,data/train_images/S009_A060_stacked.tif,stacked_tiff,,data/train_images/Pyrgo inornata_9_view2_stacked_tiff.png,train
Pyrgo inornata,9,2,data/train_images/S009_A060_Z0000_C00.tif,zstack_slice,0.0,data/train_images/Pyrgo inornata_9_view2_zstack_slice_z0000.png,train
Pyrgo inornata,9,2,data/train_images/S009_A060_Z0001_C00.tif,zstack_slice,1.0,data/train_images/Pyrgo inornata_9_view2_zstack_slice_z0001.png,train
Pyrgo inornata,9,2,data/train_images/S009_A060_Z0002_C00.tif,zstack_slice,2.0,data/train_images/Pyrgo inornata_9_view2_zstack_slice_z0002.png,train
Pyrgo inornata,9,2,data/train_images/S009_A060_Z0003_C00.tif,zstack_slice,3.0,data/train_images/Pyrgo inornata_9_view2_zstack_slice_z0003.png,train
Pyrgo inornata,9,2,data/train_images/S009_A060_Z0004_C00.tif,zstack_slice,4.0,data/train_images/Pyrgo inornata_9_view2_zstack_slice_z0004.png,train
Pyrgo inornata,9,2,data/train_images/S009_A060_Z0005_C00.tif,zstack_slice,5.0,data/train_images/Pyrgo inornata_9_view2_zstack_slice_z0005.png,train
Pyrgo inornata,9,2,data/train_images/S009_A060_Z0006_C00.tif,zstack_slice,6.0,data/train_images/Pyrgo inornata_9_view2_zstack_slice_z0006.png,train
Pyrgo inornata,9,2,data/train_images/S009_A060_Z0007_C00.tif,zstack_slice,7.0,data/train_images/Pyrgo inornata_9_view2_zstack_slice_z0007.png,train
Pyrgo inornata,9,2,data/train_images/S009_A060_Z0008_C00.tif,zstack_slice,8.0,data/train_images/Pyrgo inornata_9_view2_zstack_slice_z0008.png,train
Pyrgo inornata,9,2,data/train_images/S009_A060_Z0009_C00.tif,zstack_slice,9.0,data/train_images/Pyrgo inornata_9_view2_zstack_slice_z0009.png,train
Pyrgo inornata,9,2,data/train_images/S009_A060_Z0010_C00.tif,zstack_slice,10.0,data/train_images/Pyrgo inornata_9_view2_zstack_slice_z0010.png,train
Pyrgo inornata,9,2,data/train_images/S009_A060_Z0011_C00.tif,zstack_slice,11.0,data/train_images/Pyrgo inornata_9_view2_zstack_slice_z0011.png,train
Pyrgo inornata,9,2,data/train_images/S009_A060_Z0012_C00.tif,zstack_slice,12.0,data/train_images/Pyrgo inornata_9_view2_zstack_slice_z0012.png,train
Pyrgo inornata,9,2,data/train_images/S009_A060_Z0013_C00.tif,zstack_slice,13.0,data/train_images/Pyrgo inornata_9_view2_zstack_slice_z0013.png,train
Pyrgo inornata,9,2,data/train_images/S009_A060_Z0014_C00.tif,zstack_slice,14.0,data/train_images/Pyrgo inornata_9_view2_zstack_slice_z0014.png,train
Pyrgo inornata,9,2,data/train_images/S009_A060_Z0015_C00.tif,zstack_slice,15.0,data/train_images/Pyrgo inornata_9_view2_zstack_slice_z0015.png,train
Pyrgo inornata,9,2,data/train_images/S009_A060_Z0016_C00.tif,zstack_slice,16.0,data/train_images/Pyrgo inornata_9_view2_zstack_slice_z0016.png,train
Pyrgo inornata,9,2,data/train_images/S009_A060_Z0017_C00.tif,zstack_slice,17.0,data/train_images/Pyrgo inornata_9_view2_zstack_slice_z0017.png,train
Pyrgo inornata,9,2,data/train_images/S009_A060_Z0018_C00.tif,zstack_slice,18.0,data/train_images/Pyrgo inornata_9_view2_zstack_slice_z0018.png,train
Pyrgo inornata,9,2,data/train_images/S009_A060_Z0019_C00.tif,zstack_slice,19.0,data/train_images/Pyrgo inornata_9_view2_zstack_slice_z0019.png,train
Pyrgo inornata,9,2,data/train_images/S009_A060_Z0020_C00.tif,zstack_slice,20.0,data/train_images/Pyrgo inornata_9_view2_zstack_slice_z0020.png,train
Pyrgo inornata,9,2,data/train_images/S009_A060_Z0021_C00.tif,zstack_slice,21.0,data/train_images/Pyrgo inornata_9_view2_zstack_slice_z0021.png,train
Pyrgo inornata,9,2,data/train_images/S009_A060_Z0022_C00.tif,zstack_slice,22.0,data/train_images/Pyrgo inornata_9_view2_zstack_slice_z0022.png,train
Pyrgo inornata,9,2,data/train_images/S009_A060_Z0023_C00.tif,zstack_slice,23.0,data/train_images/Pyrgo inornata_9_view2_zstack_slice_z0023.png,train
Pyrgo inornata,9,2,data/train_images/S009_A060_Z0024_C00.tif,zstack_slice,24.0,data/train_images/Pyrgo inornata_9_view2_zstack_slice_z0024.png,train
Pyrgo inornata,9,2,data/train_images/S009_A060_Z0025_C00.tif,zstack_slice,25.0,data/train_images/Pyrgo inornata_9_view2_zstack_slice_z0025.png,train
Pyrgo inornata,9,2,data/train_images/S009_A060_Z0026_C00.tif,zstack_slice,26.0,data/train_images/Pyrgo inornata_9_view2_zstack_slice_z0026.png,train
Pyrgo inornata,9,2,data/train_images/S009_A060_Z0027_C00.tif,zstack_slice,27.0,data/train_images/Pyrgo inornata_9_view2_zstack_slice_z0027.png,train
Pyrgo inornata,9,2,data/train_images/S009_A060_Z0028_C00.tif,zstack_slice,28.0,data/train_images/Pyrgo inornata_9_view2_zstack_slice_z0028.png,train
Pyrgo inornata,9,2,data/train_images/S009_A060_Z0029_C00.tif,zstack_slice,29.0,data/train_images/Pyrgo inornata_9_view2_zstack_slice_z0029.png,train
Pyrgo inornata,9,2,data/train_images/S009_A060_Z0030_C00.tif,zstack_slice,30.0,data/train_images/Pyrgo inornata_9_view2_zstack_slice_z0030.png,train
Pyrgo inornata,9,2,data/train_images/S009_A060_Z0031_C00.tif,zstack_slice,31.0,data/train_images/Pyrgo inornata_9_view2_zstack_slice_z0031.png,train
Pyrgo inornata,9,2,data/train_images/S009_A060_Z0032_C00.tif,zstack_slice,32.0,data/train_images/Pyrgo inornata_9_view2_zstack_slice_z0032.png,train
Pyrgo inornata,9,2,data/train_images/S009_A060_Z0033_C00.tif,zstack_slice,33.0,data/train_images/Pyrgo inornata_9_view2_zstack_slice_z0033.png,train
Pyrgo inornata,9,2,data/train_images/S009_A060_Z0034_C00.tif,zstack_slice,34.0,data/train_images/Pyrgo inornata_9_view2_zstack_slice_z0034.png,train
Pyrgo inornata,9,2,data/train_images/S009_A060_Z0035_C00.tif,zstack_slice,35.0,data/train_images/Pyrgo inornata_9_view2_zstack_slice_z0035.png,train
Pyrgo inornata,9,2,data/train_images/S009_A060_Z0036_C00.tif,zstack_slice,36.0,data/train_images/Pyrgo inornata_9_view2_zstack_slice_z0036.png,train
Pyrgo inornata,9,2,data/train_images/S009_A060_Z0037_C00.tif,zstack_slice,37.0,data/train_images/Pyrgo inornata_9_view2_zstack_slice_z0037.png,train
Pyrgo inornata,9,2,data/train_images/S009_A060_Z0038_C00.tif,zstack_slice,38.0,data/train_images/Pyrgo inornata_9_view2_zstack_slice_z0038.png,train
Pyrgo inornata,9,2,data/train_images/S009_A060_Z0039_C00.tif,zstack_slice,39.0,data/train_images/Pyrgo inornata_9_view2_zstack_slice_z0039.png,train
Pyrgo inornata,9,2,data/train_images/S009_A060_Z0040_C00.tif,zstack_slice,40.0,data/train_images/Pyrgo inornata_9_view2_zstack_slice_z0040.png,train
Pyrgo inornata,9,2,data/train_images/S009_A060_Z0041_C00.tif,zstack_slice,41.0,data/train_images/Pyrgo inornata_9_view2_zstack_slice_z0041.png,train
Pyrgo inornata,9,2,data/train_images/S009_A060_Z0042_C00.tif,zstack_slice,42.0,data/train_images/Pyrgo inornata_9_view2_zstack_slice_z0042.png,train
Pyrgo inornata,9,2,data/train_images/S009_A060_Z0043_C00.tif,zstack_slice,43.0,data/train_images/Pyrgo inornata_9_view2_zstack_slice_z0043.png,train
Pyrgo inornata,9,2,data/train_images/S009_A060_Z0044_C00.tif,zstack_slice,44.0,data/train_images/Pyrgo inornata_9_view2_zstack_slice_z0044.png,train
Pyrgo inornata,9,2,data/train_images/S009_A060_Z0045_C00.tif,zstack_slice,45.0,data/train_images/Pyrgo inornata_9_view2_zstack_slice_z0045.png,train
Pyrgo inornata,9,2,data/train_images/S009_A060_Z0046_C00.tif,zstack_slice,46.0,data/train_images/Pyrgo inornata_9_view2_zstack_slice_z0046.png,train
Pyrgo inornata,9,2,data/train_images/S009_A060_Z0047_C00.tif,zstack_slice,47.0,data/train_images/Pyrgo inornata_9_view2_zstack_slice_z0047.png,train
Pyrgo inornata,9,2,data/train_images/S009_A060_Z0048_C00.tif,zstack_slice,48.0,data/train_images/Pyrgo inornata_9_view2_zstack_slice_z0048.png,train
Pyrgo inornata,9,2,data/train_images/S009_A060_Z0049_C00.tif,zstack_slice,49.0,data/train_images/Pyrgo inornata_9_view2_zstack_slice_z0049.png,train
Pyrgo inornata,9,2,data/train_images/S009_A060_Z0050_C00.tif,zstack_slice,50.0,data/train_images/Pyrgo inornata_9_view2_zstack_slice_z0050.png,train
Pyrgo inornata,9,2,data/train_images/S009_A060_Z0051_C00.tif,zstack_slice,51.0,data/train_images/Pyrgo inornata_9_view2_zstack_slice_z0051.png,train
Pyrgo inornata,9,2,data/train_images/S009_A060_Z0052_C00.tif,zstack_slice,52.0,data/train_images/Pyrgo inornata_9_view2_zstack_slice_z0052.png,train
Pyrgo inornata,9,2,data/train_images/S009_A060_Z0053_C00.tif,zstack_slice,53.0,data/train_images/Pyrgo inornata_9_view2_zstack_slice_z0053.png,train
Pyrgo inornata,9,2,data/train_images/S009_A060_Z0054_C00.tif,zstack_slice,54.0,data/train_images/Pyrgo inornata_9_view2_zstack_slice_z0054.png,train
Pyrgo inornata,9,2,data/train_images/S009_A060_Z0055_C00.tif,zstack_slice,55.0,data/train_images/Pyrgo inornata_9_view2_zstack_slice_z0055.png,train
Pyrgo inornata,9,2,data/train_images/S009_A060_Z0056_C00.tif,zstack_slice,56.0,data/train_images/Pyrgo inornata_9_view2_zstack_slice_z0056.png,train
Pyrgo inornata,9,2,data/train_images/S009_A060_Z0057_C00.tif,zstack_slice,57.0,data/train_images/Pyrgo inornata_9_view2_zstack_slice_z0057.png,train
Pyrgo inornata,9,3,data/train_images/Pyrgo inornata_9_view3_gif_original.png,gif_original,,data/train_images/Pyrgo inornata_9_view3_gif_original.png,train
Pyrgo inornata,9,3,data/train_images/S009_A120_stacked.tif,stacked_tiff,,data/train_images/Pyrgo inornata_9_view3_stacked_tiff.png,train
Pyrgo inornata,9,3,data/train_images/S009_A120_Z0000_C00.tif,zstack_slice,0.0,data/train_images/Pyrgo inornata_9_view3_zstack_slice_z0000.png,train
Pyrgo inornata,9,3,data/train_images/S009_A120_Z0001_C00.tif,zstack_slice,1.0,data/train_images/Pyrgo inornata_9_view3_zstack_slice_z0001.png,train
Pyrgo inornata,9,3,data/train_images/S009_A120_Z0002_C00.tif,zstack_slice,2.0,data/train_images/Pyrgo inornata_9_view3_zstack_slice_z0002.png,train
Pyrgo inornata,9,3,data/train_images/S009_A120_Z0003_C00.tif,zstack_slice,3.0,data/train_images/Pyrgo inornata_9_view3_zstack_slice_z0003.png,train
Pyrgo inornata,9,3,data/train_images/S009_A120_Z0004_C00.tif,zstack_slice,4.0,data/train_images/Pyrgo inornata_9_view3_zstack_slice_z0004.png,train
Pyrgo inornata,9,3,data/train_images/S009_A120_Z0005_C00.tif,zstack_slice,5.0,data/train_images/Pyrgo inornata_9_view3_zstack_slice_z0005.png,train
Pyrgo inornata,9,3,data/train_images/S009_A120_Z0006_C00.tif,zstack_slice,6.0,data/train_images/Pyrgo inornata_9_view3_zstack_slice_z0006.png,train
Pyrgo inornata,9,3,data/train_images/S009_A120_Z0007_C00.tif,zstack_slice,7.0,data/train_images/Pyrgo inornata_9_view3_zstack_slice_z0007.png,train
Pyrgo inornata,9,3,data/train_images/S009_A120_Z0008_C00.tif,zstack_slice,8.0,data/train_images/Pyrgo inornata_9_view3_zstack_slice_z0008.png,train
Pyrgo inornata,9,3,data/train_images/S009_A120_Z0009_C00.tif,zstack_slice,9.0,data/train_images/Pyrgo inornata_9_view3_zstack_slice_z0009.png,train
Pyrgo inornata,9,3,data/train_images/S009_A120_Z0010_C00.tif,zstack_slice,10.0,data/train_images/Pyrgo inornata_9_view3_zstack_slice_z0010.png,train
Pyrgo inornata,9,3,data/train_images/S009_A120_Z0011_C00.tif,zstack_slice,11.0,data/train_images/Pyrgo inornata_9_view3_zstack_slice_z0011.png,train
Pyrgo inornata,9,3,data/train_images/S009_A120_Z0012_C00.tif,zstack_slice,12.0,data/train_images/Pyrgo inornata_9_view3_zstack_slice_z0012.png,train
Pyrgo inornata,9,3,data/train_images/S009_A120_Z0013_C00.tif,zstack_slice,13.0,data/train_images/Pyrgo inornata_9_view3_zstack_slice_z0013.png,train
Pyrgo inornata,9,3,data/train_images/S009_A120_Z0014_C00.tif,zstack_slice,14.0,data/train_images/Pyrgo inornata_9_view3_zstack_slice_z0014.png,train
Pyrgo inornata,9,3,data/train_images/S009_A120_Z0015_C00.tif,zstack_slice,15.0,data/train_images/Pyrgo inornata_9_view3_zstack_slice_z0015.png,train
Pyrgo inornata,9,3,data/train_images/S009_A120_Z0016_C00.tif,zstack_slice,16.0,data/train_images/Pyrgo inornata_9_view3_zstack_slice_z0016.png,train
Pyrgo inornata,9,3,data/train_images/S009_A120_Z0017_C00.tif,zstack_slice,17.0,data/train_images/Pyrgo inornata_9_view3_zstack_slice_z0017.png,train
Pyrgo inornata,9,3,data/train_images/S009_A120_Z0018_C00.tif,zstack_slice,18.0,data/train_images/Pyrgo inornata_9_view3_zstack_slice_z0018.png,train
Pyrgo inornata,9,3,data/train_images/S009_A120_Z0019_C00.tif,zstack_slice,19.0,data/train_images/Pyrgo inornata_9_view3_zstack_slice_z0019.png,train
Pyrgo inornata,9,3,data/train_images/S009_A120_Z0020_C00.tif,zstack_slice,20.0,data/train_images/Pyrgo inornata_9_view3_zstack_slice_z0020.png,train
Pyrgo inornata,9,3,data/train_images/S009_A120_Z0021_C00.tif,zstack_slice,21.0,data/train_images/Pyrgo inornata_9_view3_zstack_slice_z0021.png,train
Pyrgo inornata,9,3,data/train_images/S009_A120_Z0022_C00.tif,zstack_slice,22.0,data/train_images/Pyrgo inornata_9_view3_zstack_slice_z0022.png,train
Pyrgo inornata,9,3,data/train_images/S009_A120_Z0023_C00.tif,zstack_slice,23.0,data/train_images/Pyrgo inornata_9_view3_zstack_slice_z0023.png,train
Pyrgo inornata,9,3,data/train_images/S009_A120_Z0024_C00.tif,zstack_slice,24.0,data/train_images/Pyrgo inornata_9_view3_zstack_slice_z0024.png,train
Pyrgo inornata,9,3,data/train_images/S009_A120_Z0025_C00.tif,zstack_slice,25.0,data/train_images/Pyrgo inornata_9_view3_zstack_slice_z0025.png,train
Pyrgo inornata,9,3,data/train_images/S009_A120_Z0026_C00.tif,zstack_slice,26.0,data/train_images/Pyrgo inornata_9_view3_zstack_slice_z0026.png,train
Pyrgo inornata,9,3,data/train_images/S009_A120_Z0027_C00.tif,zstack_slice,27.0,data/train_images/Pyrgo inornata_9_view3_zstack_slice_z0027.png,train
Pyrgo inornata,9,3,data/train_images/S009_A120_Z0028_C00.tif,zstack_slice,28.0,data/train_images/Pyrgo inornata_9_view3_zstack_slice_z0028.png,train
Pyrgo inornata,9,3,data/train_images/S009_A120_Z0029_C00.tif,zstack_slice,29.0,data/train_images/Pyrgo inornata_9_view3_zstack_slice_z0029.png,train
Pyrgo inornata,9,3,data/train_images/S009_A120_Z0030_C00.tif,zstack_slice,30.0,data/train_images/Pyrgo inornata_9_view3_zstack_slice_z0030.png,train
Pyrgo inornata,9,3,data/train_images/S009_A120_Z0031_C00.tif,zstack_slice,31.0,data/train_images/Pyrgo inornata_9_view3_zstack_slice_z0031.png,train
Pyrgo inornata,9,3,data/train_images/S009_A120_Z0032_C00.tif,zstack_slice,32.0,data/train_images/Pyrgo inornata_9_view3_zstack_slice_z0032.png,train
Pyrgo inornata,9,3,data/train_images/S009_A120_Z0033_C00.tif,zstack_slice,33.0,data/train_images/Pyrgo inornata_9_view3_zstack_slice_z0033.png,train
Pyrgo inornata,9,3,data/train_images/S009_A120_Z0034_C00.tif,zstack_slice,34.0,data/train_images/Pyrgo inornata_9_view3_zstack_slice_z0034.png,train
Pyrgo inornata,9,3,data/train_images/S009_A120_Z0035_C00.tif,zstack_slice,35.0,data/train_images/Pyrgo inornata_9_view3_zstack_slice_z0035.png,train
Pyrgo inornata,9,3,data/train_images/S009_A120_Z0036_C00.tif,zstack_slice,36.0,data/train_images/Pyrgo inornata_9_view3_zstack_slice_z0036.png,train
Pyrgo inornata,9,3,data/train_images/S009_A120_Z0037_C00.tif,zstack_slice,37.0,data/train_images/Pyrgo inornata_9_view3_zstack_slice_z0037.png,train
Pyrgo inornata,9,3,data/train_images/S009_A120_Z0038_C00.tif,zstack_slice,38.0,data/train_images/Pyrgo inornata_9_view3_zstack_slice_z0038.png,train
Pyrgo inornata,9,3,data/train_images/S009_A120_Z0039_C00.tif,zstack_slice,39.0,data/train_images/Pyrgo inornata_9_view3_zstack_slice_z0039.png,train
Pyrgo inornata,9,3,data/train_images/S009_A120_Z0040_C00.tif,zstack_slice,40.0,data/train_images/Pyrgo inornata_9_view3_zstack_slice_z0040.png,train
Pyrgo inornata,9,3,data/train_images/S009_A120_Z0041_C00.tif,zstack_slice,41.0,data/train_images/Pyrgo inornata_9_view3_zstack_slice_z0041.png,train
Pyrgo inornata,9,3,data/train_images/S009_A120_Z0042_C00.tif,zstack_slice,42.0,data/train_images/Pyrgo inornata_9_view3_zstack_slice_z0042.png,train
Pyrgo inornata,9,3,data/train_images/S009_A120_Z0043_C00.tif,zstack_slice,43.0,data/train_images/Pyrgo inornata_9_view3_zstack_slice_z0043.png,train
Pyrgo inornata,9,3,data/train_images/S009_A120_Z0044_C00.tif,zstack_slice,44.0,data/train_images/Pyrgo inornata_9_view3_zstack_slice_z0044.png,train
Pyrgo inornata,9,3,data/train_images/S009_A120_Z0045_C00.tif,zstack_slice,45.0,data/train_images/Pyrgo inornata_9_view3_zstack_slice_z0045.png,train
Pyrgo inornata,9,3,data/train_images/S009_A120_Z0046_C00.tif,zstack_slice,46.0,data/train_images/Pyrgo inornata_9_view3_zstack_slice_z0046.png,train
Pyrgo inornata,9,3,data/train_images/S009_A120_Z0047_C00.tif,zstack_slice,47.0,data/train_images/Pyrgo inornata_9_view3_zstack_slice_z0047.png,train
Pyrgo inornata,9,3,data/train_images/S009_A120_Z0048_C00.tif,zstack_slice,48.0,data/train_images/Pyrgo inornata_9_view3_zstack_slice_z0048.png,train
Pyrgo inornata,9,3,data/train_images/S009_A120_Z0049_C00.tif,zstack_slice,49.0,data/train_images/Pyrgo inornata_9_view3_zstack_slice_z0049.png,train
Pyrgo inornata,9,3,data/train_images/S009_A120_Z0050_C00.tif,zstack_slice,50.0,data/train_images/Pyrgo inornata_9_view3_zstack_slice_z0050.png,train
Pyrgo inornata,9,3,data/train_images/S009_A120_Z0051_C00.tif,zstack_slice,51.0,data/train_images/Pyrgo inornata_9_view3_zstack_slice_z0051.png,train
Pyrgo inornata,9,3,data/train_images/S009_A120_Z0052_C00.tif,zstack_slice,52.0,data/train_images/Pyrgo inornata_9_view3_zstack_slice_z0052.png,train
Pyrgo inornata,9,3,data/train_images/S009_A120_Z0053_C00.tif,zstack_slice,53.0,data/train_images/Pyrgo inornata_9_view3_zstack_slice_z0053.png,train
Pyrgo inornata,9,3,data/train_images/S009_A120_Z0054_C00.tif,zstack_slice,54.0,data/train_images/Pyrgo inornata_9_view3_zstack_slice_z0054.png,train
Pyrgo inornata,9,3,data/train_images/S009_A120_Z0055_C00.tif,zstack_slice,55.0,data/train_images/Pyrgo inornata_9_view3_zstack_slice_z0055.png,train
Pyrgo inornata,9,3,data/train_images/S009_A120_Z0056_C00.tif,zstack_slice,56.0,data/train_images/Pyrgo inornata_9_view3_zstack_slice_z0056.png,train
Pyrgo inornata,9,3,data/train_images/S009_A120_Z0057_C00.tif,zstack_slice,57.0,data/train_images/Pyrgo inornata_9_view3_zstack_slice_z0057.png,train
Pyrgo inornata,9,3,data/train_images/S009_A120_Z0058_C00.tif,zstack_slice,58.0,data/train_images/Pyrgo inornata_9_view3_zstack_slice_z0058.png,train
Pyrgo inornata,9,3,data/train_images/S009_A120_Z0059_C00.tif,zstack_slice,59.0,data/train_images/Pyrgo inornata_9_view3_zstack_slice_z0059.png,train
Pyrgo inornata,9,3,data/train_images/S009_A120_Z0060_C00.tif,zstack_slice,60.0,data/train_images/Pyrgo inornata_9_view3_zstack_slice_z0060.png,train
Pyrgo inornata,9,3,data/train_images/S009_A120_Z0061_C00.tif,zstack_slice,61.0,data/train_images/Pyrgo inornata_9_view3_zstack_slice_z0061.png,train
Pyrgo inornata,9,3,data/train_images/S009_A120_Z0062_C00.tif,zstack_slice,62.0,data/train_images/Pyrgo inornata_9_view3_zstack_slice_z0062.png,train
Pyrgo inornata,9,3,data/train_images/S009_A120_Z0063_C00.tif,zstack_slice,63.0,data/train_images/Pyrgo inornata_9_view3_zstack_slice_z0063.png,train
Pyrgo inornata,9,4,data/train_images/Pyrgo inornata_9_view4_gif_original.png,gif_original,,data/train_images/Pyrgo inornata_9_view4_gif_original.png,train
Pyrgo inornata,9,4,data/train_images/S009_A180_stacked.tif,stacked_tiff,,data/train_images/Pyrgo inornata_9_view4_stacked_tiff.png,train
Pyrgo inornata,9,4,data/train_images/S009_A180_Z0000_C00.tif,zstack_slice,0.0,data/train_images/Pyrgo inornata_9_view4_zstack_slice_z0000.png,train
Pyrgo inornata,9,4,data/train_images/S009_A180_Z0001_C00.tif,zstack_slice,1.0,data/train_images/Pyrgo inornata_9_view4_zstack_slice_z0001.png,train
Pyrgo inornata,9,4,data/train_images/S009_A180_Z0002_C00.tif,zstack_slice,2.0,data/train_images/Pyrgo inornata_9_view4_zstack_slice_z0002.png,train
Pyrgo inornata,9,4,data/train_images/S009_A180_Z0003_C00.tif,zstack_slice,3.0,data/train_images/Pyrgo inornata_9_view4_zstack_slice_z0003.png,train
Pyrgo inornata,9,4,data/train_images/S009_A180_Z0004_C00.tif,zstack_slice,4.0,data/train_images/Pyrgo inornata_9_view4_zstack_slice_z0004.png,train
Pyrgo inornata,9,4,data/train_images/S009_A180_Z0005_C00.tif,zstack_slice,5.0,data/train_images/Pyrgo inornata_9_view4_zstack_slice_z0005.png,train
Pyrgo inornata,9,4,data/train_images/S009_A180_Z0006_C00.tif,zstack_slice,6.0,data/train_images/Pyrgo inornata_9_view4_zstack_slice_z0006.png,train
Pyrgo inornata,9,4,data/train_images/S009_A180_Z0007_C00.tif,zstack_slice,7.0,data/train_images/Pyrgo inornata_9_view4_zstack_slice_z0007.png,train
Pyrgo inornata,9,4,data/train_images/S009_A180_Z0008_C00.tif,zstack_slice,8.0,data/train_images/Pyrgo inornata_9_view4_zstack_slice_z0008.png,train
Pyrgo inornata,9,4,data/train_images/S009_A180_Z0009_C00.tif,zstack_slice,9.0,data/train_images/Pyrgo inornata_9_view4_zstack_slice_z0009.png,train
Pyrgo inornata,9,4,data/train_images/S009_A180_Z0010_C00.tif,zstack_slice,10.0,data/train_images/Pyrgo inornata_9_view4_zstack_slice_z0010.png,train
Pyrgo inornata,9,4,data/train_images/S009_A180_Z0011_C00.tif,zstack_slice,11.0,data/train_images/Pyrgo inornata_9_view4_zstack_slice_z0011.png,train
Pyrgo inornata,9,4,data/train_images/S009_A180_Z0012_C00.tif,zstack_slice,12.0,data/train_images/Pyrgo inornata_9_view4_zstack_slice_z0012.png,train
Pyrgo inornata,9,4,data/train_images/S009_A180_Z0013_C00.tif,zstack_slice,13.0,data/train_images/Pyrgo inornata_9_view4_zstack_slice_z0013.png,train
Pyrgo inornata,9,4,data/train_images/S009_A180_Z0014_C00.tif,zstack_slice,14.0,data/train_images/Pyrgo inornata_9_view4_zstack_slice_z0014.png,train
Pyrgo inornata,9,4,data/train_images/S009_A180_Z0015_C00.tif,zstack_slice,15.0,data/train_images/Pyrgo inornata_9_view4_zstack_slice_z0015.png,train
Pyrgo inornata,9,4,data/train_images/S009_A180_Z0016_C00.tif,zstack_slice,16.0,data/train_images/Pyrgo inornata_9_view4_zstack_slice_z0016.png,train
Pyrgo inornata,9,4,data/train_images/S009_A180_Z0017_C00.tif,zstack_slice,17.0,data/train_images/Pyrgo inornata_9_view4_zstack_slice_z0017.png,train
Pyrgo inornata,9,4,data/train_images/S009_A180_Z0018_C00.tif,zstack_slice,18.0,data/train_images/Pyrgo inornata_9_view4_zstack_slice_z0018.png,train
Pyrgo inornata,9,4,data/train_images/S009_A180_Z0019_C00.tif,zstack_slice,19.0,data/train_images/Pyrgo inornata_9_view4_zstack_slice_z0019.png,train
Pyrgo inornata,9,4,data/train_images/S009_A180_Z0020_C00.tif,zstack_slice,20.0,data/train_images/Pyrgo inornata_9_view4_zstack_slice_z0020.png,train
Pyrgo inornata,9,4,data/train_images/S009_A180_Z0021_C00.tif,zstack_slice,21.0,data/train_images/Pyrgo inornata_9_view4_zstack_slice_z0021.png,train
Pyrgo inornata,9,4,data/train_images/S009_A180_Z0022_C00.tif,zstack_slice,22.0,data/train_images/Pyrgo inornata_9_view4_zstack_slice_z0022.png,train
Pyrgo inornata,9,4,data/train_images/S009_A180_Z0023_C00.tif,zstack_slice,23.0,data/train_images/Pyrgo inornata_9_view4_zstack_slice_z0023.png,train
Pyrgo inornata,9,4,data/train_images/S009_A180_Z0024_C00.tif,zstack_slice,24.0,data/train_images/Pyrgo inornata_9_view4_zstack_slice_z0024.png,train
Pyrgo inornata,9,4,data/train_images/S009_A180_Z0025_C00.tif,zstack_slice,25.0,data/train_images/Pyrgo inornata_9_view4_zstack_slice_z0025.png,train
Pyrgo inornata,9,4,data/train_images/S009_A180_Z0026_C00.tif,zstack_slice,26.0,data/train_images/Pyrgo inornata_9_view4_zstack_slice_z0026.png,train
Pyrgo inornata,9,4,data/train_images/S009_A180_Z0027_C00.tif,zstack_slice,27.0,data/train_images/Pyrgo inornata_9_view4_zstack_slice_z0027.png,train
Pyrgo inornata,9,4,data/train_images/S009_A180_Z0028_C00.tif,zstack_slice,28.0,data/train_images/Pyrgo inornata_9_view4_zstack_slice_z0028.png,train
Pyrgo inornata,9,4,data/train_images/S009_A180_Z0029_C00.tif,zstack_slice,29.0,data/train_images/Pyrgo inornata_9_view4_zstack_slice_z0029.png,train
Pyrgo inornata,9,4,data/train_images/S009_A180_Z0030_C00.tif,zstack_slice,30.0,data/train_images/Pyrgo inornata_9_view4_zstack_slice_z0030.png,train
Pyrgo inornata,9,4,data/train_images/S009_A180_Z0031_C00.tif,zstack_slice,31.0,data/train_images/Pyrgo inornata_9_view4_zstack_slice_z0031.png,train
Pyrgo inornata,9,4,data/train_images/S009_A180_Z0032_C00.tif,zstack_slice,32.0,data/train_images/Pyrgo inornata_9_view4_zstack_slice_z0032.png,train
Pyrgo inornata,9,4,data/train_images/S009_A180_Z0033_C00.tif,zstack_slice,33.0,data/train_images/Pyrgo inornata_9_view4_zstack_slice_z0033.png,train
Pyrgo inornata,9,4,data/train_images/S009_A180_Z0034_C00.tif,zstack_slice,34.0,data/train_images/Pyrgo inornata_9_view4_zstack_slice_z0034.png,train
Pyrgo inornata,9,4,data/train_images/S009_A180_Z0035_C00.tif,zstack_slice,35.0,data/train_images/Pyrgo inornata_9_view4_zstack_slice_z0035.png,train
Pyrgo inornata,9,4,data/train_images/S009_A180_Z0036_C00.tif,zstack_slice,36.0,data/train_images/Pyrgo inornata_9_view4_zstack_slice_z0036.png,train
Pyrgo inornata,9,4,data/train_images/S009_A180_Z0037_C00.tif,zstack_slice,37.0,data/train_images/Pyrgo inornata_9_view4_zstack_slice_z0037.png,train
Pyrgo inornata,9,4,data/train_images/S009_A180_Z0038_C00.tif,zstack_slice,38.0,data/train_images/Pyrgo inornata_9_view4_zstack_slice_z0038.png,train
Pyrgo inornata,9,4,data/train_images/S009_A180_Z0039_C00.tif,zstack_slice,39.0,data/train_images/Pyrgo inornata_9_view4_zstack_slice_z0039.png,train
Quinqueloculina bosciana,3,3,data/train_images/Quinqueloculina bosciana_3_view3_gif_original.png,gif_original,,data/train_images/Quinqueloculina bosciana_3_view3_gif_original.png,train
Quinqueloculina bosciana,3,3,data/train_images/S003_A120_stacked.tif,stacked_tiff,,data/train_images/Quinqueloculina bosciana_3_view3_stacked_tiff.png,train
Quinqueloculina bosciana,3,3,data/train_images/S003_A120_Z0000_C00.tif,zstack_slice,0.0,data/train_images/Quinqueloculina bosciana_3_view3_zstack_slice_z0000.png,train
Quinqueloculina bosciana,3,3,data/train_images/S003_A120_Z0001_C00.tif,zstack_slice,1.0,data/train_images/Quinqueloculina bosciana_3_view3_zstack_slice_z0001.png,train
Quinqueloculina bosciana,3,3,data/train_images/S003_A120_Z0002_C00.tif,zstack_slice,2.0,data/train_images/Quinqueloculina bosciana_3_view3_zstack_slice_z0002.png,train
Quinqueloculina bosciana,3,3,data/train_images/S003_A120_Z0003_C00.tif,zstack_slice,3.0,data/train_images/Quinqueloculina bosciana_3_view3_zstack_slice_z0003.png,train
Quinqueloculina bosciana,3,3,data/train_images/S003_A120_Z0004_C00.tif,zstack_slice,4.0,data/train_images/Quinqueloculina bosciana_3_view3_zstack_slice_z0004.png,train
Quinqueloculina bosciana,3,3,data/train_images/S003_A120_Z0005_C00.tif,zstack_slice,5.0,data/train_images/Quinqueloculina bosciana_3_view3_zstack_slice_z0005.png,train
Quinqueloculina bosciana,3,3,data/train_images/S003_A120_Z0006_C00.tif,zstack_slice,6.0,data/train_images/Quinqueloculina bosciana_3_view3_zstack_slice_z0006.png,train
Quinqueloculina bosciana,3,3,data/train_images/S003_A120_Z0007_C00.tif,zstack_slice,7.0,data/train_images/Quinqueloculina bosciana_3_view3_zstack_slice_z0007.png,train
Quinqueloculina bosciana,3,3,data/train_images/S003_A120_Z0008_C00.tif,zstack_slice,8.0,data/train_images/Quinqueloculina bosciana_3_view3_zstack_slice_z0008.png,train
Quinqueloculina bosciana,3,3,data/train_images/S003_A120_Z0009_C00.tif,zstack_slice,9.0,data/train_images/Quinqueloculina bosciana_3_view3_zstack_slice_z0009.png,train
Quinqueloculina bosciana,3,3,data/train_images/S003_A120_Z0010_C00.tif,zstack_slice,10.0,data/train_images/Quinqueloculina bosciana_3_view3_zstack_slice_z0010.png,train
Quinqueloculina bosciana,3,3,data/train_images/S003_A120_Z0011_C00.tif,zstack_slice,11.0,data/train_images/Quinqueloculina bosciana_3_view3_zstack_slice_z0011.png,train
Quinqueloculina bosciana,3,3,data/train_images/S003_A120_Z0012_C00.tif,zstack_slice,12.0,data/train_images/Quinqueloculina bosciana_3_view3_zstack_slice_z0012.png,train
Quinqueloculina bosciana,3,3,data/train_images/S003_A120_Z0013_C00.tif,zstack_slice,13.0,data/train_images/Quinqueloculina bosciana_3_view3_zstack_slice_z0013.png,train
Quinqueloculina bosciana,3,3,data/train_images/S003_A120_Z0014_C00.tif,zstack_slice,14.0,data/train_images/Quinqueloculina bosciana_3_view3_zstack_slice_z0014.png,train
Quinqueloculina bosciana,3,3,data/train_images/S003_A120_Z0015_C00.tif,zstack_slice,15.0,data/train_images/Quinqueloculina bosciana_3_view3_zstack_slice_z0015.png,train
Quinqueloculina bosciana,3,3,data/train_images/S003_A120_Z0016_C00.tif,zstack_slice,16.0,data/train_images/Quinqueloculina bosciana_3_view3_zstack_slice_z0016.png,train
Quinqueloculina bosciana,3,3,data/train_images/S003_A120_Z0017_C00.tif,zstack_slice,17.0,data/train_images/Quinqueloculina bosciana_3_view3_zstack_slice_z0017.png,train
Quinqueloculina bosciana,3,3,data/train_images/S003_A120_Z0018_C00.tif,zstack_slice,18.0,data/train_images/Quinqueloculina bosciana_3_view3_zstack_slice_z0018.png,train
Quinqueloculina bosciana,3,3,data/train_images/S003_A120_Z0019_C00.tif,zstack_slice,19.0,data/train_images/Quinqueloculina bosciana_3_view3_zstack_slice_z0019.png,train
Quinqueloculina bosciana,3,3,data/train_images/S003_A120_Z0020_C00.tif,zstack_slice,20.0,data/train_images/Quinqueloculina bosciana_3_view3_zstack_slice_z0020.png,train
Quinqueloculina bosciana,3,3,data/train_images/S003_A120_Z0021_C00.tif,zstack_slice,21.0,data/train_images/Quinqueloculina bosciana_3_view3_zstack_slice_z0021.png,train
Quinqueloculina bosciana,3,3,data/train_images/S003_A120_Z0022_C00.tif,zstack_slice,22.0,data/train_images/Quinqueloculina bosciana_3_view3_zstack_slice_z0022.png,train
Quinqueloculina bosciana,3,3,data/train_images/S003_A120_Z0023_C00.tif,zstack_slice,23.0,data/train_images/Quinqueloculina bosciana_3_view3_zstack_slice_z0023.png,train
Quinqueloculina bosciana,3,3,data/train_images/S003_A120_Z0024_C00.tif,zstack_slice,24.0,data/train_images/Quinqueloculina bosciana_3_view3_zstack_slice_z0024.png,train
Quinqueloculina bosciana,3,3,data/train_images/S003_A120_Z0025_C00.tif,zstack_slice,25.0,data/train_images/Quinqueloculina bosciana_3_view3_zstack_slice_z0025.png,train
Quinqueloculina bosciana,3,3,data/train_images/S003_A120_Z0026_C00.tif,zstack_slice,26.0,data/train_images/Quinqueloculina bosciana_3_view3_zstack_slice_z0026.png,train
Quinqueloculina bosciana,3,3,data/train_images/S003_A120_Z0027_C00.tif,zstack_slice,27.0,data/train_images/Quinqueloculina bosciana_3_view3_zstack_slice_z0027.png,train
Quinqueloculina bosciana,3,3,data/train_images/S003_A120_Z0028_C00.tif,zstack_slice,28.0,data/train_images/Quinqueloculina bosciana_3_view3_zstack_slice_z0028.png,train
Quinqueloculina bosciana,3,3,data/train_images/S003_A120_Z0029_C00.tif,zstack_slice,29.0,data/train_images/Quinqueloculina bosciana_3_view3_zstack_slice_z0029.png,train
Quinqueloculina bosciana,3,3,data/train_images/S003_A120_Z0030_C00.tif,zstack_slice,30.0,data/train_images/Quinqueloculina bosciana_3_view3_zstack_slice_z0030.png,train
Quinqueloculina bosciana,3,3,data/train_images/S003_A120_Z0031_C00.tif,zstack_slice,31.0,data/train_images/Quinqueloculina bosciana_3_view3_zstack_slice_z0031.png,train
Quinqueloculina bosciana,3,3,data/train_images/S003_A120_Z0032_C00.tif,zstack_slice,32.0,data/train_images/Quinqueloculina bosciana_3_view3_zstack_slice_z0032.png,train
Quinqueloculina bosciana,3,3,data/train_images/S003_A120_Z0033_C00.tif,zstack_slice,33.0,data/train_images/Quinqueloculina bosciana_3_view3_zstack_slice_z0033.png,train
Quinqueloculina bosciana,3,3,data/train_images/S003_A120_Z0034_C00.tif,zstack_slice,34.0,data/train_images/Quinqueloculina bosciana_3_view3_zstack_slice_z0034.png,train
Quinqueloculina bosciana,3,3,data/train_images/S003_A120_Z0035_C00.tif,zstack_slice,35.0,data/train_images/Quinqueloculina bosciana_3_view3_zstack_slice_z0035.png,train
Quinqueloculina bosciana,3,3,data/train_images/S003_A120_Z0036_C00.tif,zstack_slice,36.0,data/train_images/Quinqueloculina bosciana_3_view3_zstack_slice_z0036.png,train
Quinqueloculina bosciana,3,3,data/train_images/S003_A120_Z0037_C00.tif,zstack_slice,37.0,data/train_images/Quinqueloculina bosciana_3_view3_zstack_slice_z0037.png,train
Quinqueloculina bosciana,3,3,data/train_images/S003_A120_Z0038_C00.tif,zstack_slice,38.0,data/train_images/Quinqueloculina bosciana_3_view3_zstack_slice_z0038.png,train
Quinqueloculina bosciana,3,3,data/train_images/S003_A120_Z0039_C00.tif,zstack_slice,39.0,data/train_images/Quinqueloculina bosciana_3_view3_zstack_slice_z0039.png,train
Quinqueloculina bosciana,3,3,data/train_images/S003_A120_Z0040_C00.tif,zstack_slice,40.0,data/train_images/Quinqueloculina bosciana_3_view3_zstack_slice_z0040.png,train
Quinqueloculina bosciana,3,3,data/train_images/S003_A120_Z0041_C00.tif,zstack_slice,41.0,data/train_images/Quinqueloculina bosciana_3_view3_zstack_slice_z0041.png,train
Quinqueloculina bosciana,3,3,data/train_images/S003_A120_Z0042_C00.tif,zstack_slice,42.0,data/train_images/Quinqueloculina bosciana_3_view3_zstack_slice_z0042.png,train
Quinqueloculina bosciana,3,3,data/train_images/S003_A120_Z0043_C00.tif,zstack_slice,43.0,data/train_images/Quinqueloculina bosciana_3_view3_zstack_slice_z0043.png,train
Quinqueloculina bosciana,3,3,data/train_images/S003_A120_Z0044_C00.tif,zstack_slice,44.0,data/train_images/Quinqueloculina bosciana_3_view3_zstack_slice_z0044.png,train
Quinqueloculina bosciana,3,3,data/train_images/S003_A120_Z0045_C00.tif,zstack_slice,45.0,data/train_images/Quinqueloculina bosciana_3_view3_zstack_slice_z0045.png,train
Quinqueloculina bosciana,3,3,data/train_images/S003_A120_Z0046_C00.tif,zstack_slice,46.0,data/train_images/Quinqueloculina bosciana_3_view3_zstack_slice_z0046.png,train
Quinqueloculina bosciana,3,3,data/train_images/S003_A120_Z0047_C00.tif,zstack_slice,47.0,data/train_images/Quinqueloculina bosciana_3_view3_zstack_slice_z0047.png,train
Quinqueloculina bosciana,3,3,data/train_images/S003_A120_Z0048_C00.tif,zstack_slice,48.0,data/train_images/Quinqueloculina bosciana_3_view3_zstack_slice_z0048.png,train
Quinqueloculina bosciana,3,3,data/train_images/S003_A120_Z0049_C00.tif,zstack_slice,49.0,data/train_images/Quinqueloculina bosciana_3_view3_zstack_slice_z0049.png,train
Quinqueloculina bosciana,3,3,data/train_images/S003_A120_Z0050_C00.tif,zstack_slice,50.0,data/train_images/Quinqueloculina bosciana_3_view3_zstack_slice_z0050.png,train
Quinqueloculina bosciana,3,3,data/train_images/S003_A120_Z0051_C00.tif,zstack_slice,51.0,data/train_images/Quinqueloculina bosciana_3_view3_zstack_slice_z0051.png,train
Quinqueloculina bosciana,3,3,data/train_images/S003_A120_Z0052_C00.tif,zstack_slice,52.0,data/train_images/Quinqueloculina bosciana_3_view3_zstack_slice_z0052.png,train
Quinqueloculina bosciana,3,3,data/train_images/S003_A120_Z0053_C00.tif,zstack_slice,53.0,data/train_images/Quinqueloculina bosciana_3_view3_zstack_slice_z0053.png,train
Quinqueloculina bosciana,3,3,data/train_images/S003_A120_Z0054_C00.tif,zstack_slice,54.0,data/train_images/Quinqueloculina bosciana_3_view3_zstack_slice_z0054.png,train
Quinqueloculina bosciana,3,4,data/train_images/Quinqueloculina bosciana_3_view4_gif_original.png,gif_original,,data/train_images/Quinqueloculina bosciana_3_view4_gif_original.png,train
Quinqueloculina bosciana,3,4,data/train_images/S003_A180_stacked.tif,stacked_tiff,,data/train_images/Quinqueloculina bosciana_3_view4_stacked_tiff.png,train
Quinqueloculina bosciana,3,4,data/train_images/S003_A180_Z0000_C00.tif,zstack_slice,0.0,data/train_images/Quinqueloculina bosciana_3_view4_zstack_slice_z0000.png,train
Quinqueloculina bosciana,3,4,data/train_images/S003_A180_Z0001_C00.tif,zstack_slice,1.0,data/train_images/Quinqueloculina bosciana_3_view4_zstack_slice_z0001.png,train
Quinqueloculina bosciana,3,4,data/train_images/S003_A180_Z0002_C00.tif,zstack_slice,2.0,data/train_images/Quinqueloculina bosciana_3_view4_zstack_slice_z0002.png,train
Quinqueloculina bosciana,3,4,data/train_images/S003_A180_Z0003_C00.tif,zstack_slice,3.0,data/train_images/Quinqueloculina bosciana_3_view4_zstack_slice_z0003.png,train
Quinqueloculina bosciana,3,4,data/train_images/S003_A180_Z0004_C00.tif,zstack_slice,4.0,data/train_images/Quinqueloculina bosciana_3_view4_zstack_slice_z0004.png,train
Quinqueloculina bosciana,3,4,data/train_images/S003_A180_Z0005_C00.tif,zstack_slice,5.0,data/train_images/Quinqueloculina bosciana_3_view4_zstack_slice_z0005.png,train
Quinqueloculina bosciana,3,4,data/train_images/S003_A180_Z0006_C00.tif,zstack_slice,6.0,data/train_images/Quinqueloculina bosciana_3_view4_zstack_slice_z0006.png,train
Quinqueloculina bosciana,3,4,data/train_images/S003_A180_Z0007_C00.tif,zstack_slice,7.0,data/train_images/Quinqueloculina bosciana_3_view4_zstack_slice_z0007.png,train
Quinqueloculina bosciana,3,4,data/train_images/S003_A180_Z0008_C00.tif,zstack_slice,8.0,data/train_images/Quinqueloculina bosciana_3_view4_zstack_slice_z0008.png,train
Quinqueloculina bosciana,3,4,data/train_images/S003_A180_Z0009_C00.tif,zstack_slice,9.0,data/train_images/Quinqueloculina bosciana_3_view4_zstack_slice_z0009.png,train
Quinqueloculina bosciana,3,4,data/train_images/S003_A180_Z0010_C00.tif,zstack_slice,10.0,data/train_images/Quinqueloculina bosciana_3_view4_zstack_slice_z0010.png,train
Quinqueloculina bosciana,3,4,data/train_images/S003_A180_Z0011_C00.tif,zstack_slice,11.0,data/train_images/Quinqueloculina bosciana_3_view4_zstack_slice_z0011.png,train
Quinqueloculina bosciana,3,4,data/train_images/S003_A180_Z0012_C00.tif,zstack_slice,12.0,data/train_images/Quinqueloculina bosciana_3_view4_zstack_slice_z0012.png,train
Quinqueloculina bosciana,3,4,data/train_images/S003_A180_Z0013_C00.tif,zstack_slice,13.0,data/train_images/Quinqueloculina bosciana_3_view4_zstack_slice_z0013.png,train
Quinqueloculina bosciana,3,4,data/train_images/S003_A180_Z0014_C00.tif,zstack_slice,14.0,data/train_images/Quinqueloculina bosciana_3_view4_zstack_slice_z0014.png,train
Quinqueloculina bosciana,3,4,data/train_images/S003_A180_Z0015_C00.tif,zstack_slice,15.0,data/train_images/Quinqueloculina bosciana_3_view4_zstack_slice_z0015.png,train
Quinqueloculina bosciana,3,4,data/train_images/S003_A180_Z0016_C00.tif,zstack_slice,16.0,data/train_images/Quinqueloculina bosciana_3_view4_zstack_slice_z0016.png,train
Quinqueloculina bosciana,3,4,data/train_images/S003_A180_Z0017_C00.tif,zstack_slice,17.0,data/train_images/Quinqueloculina bosciana_3_view4_zstack_slice_z0017.png,train
Quinqueloculina bosciana,3,4,data/train_images/S003_A180_Z0018_C00.tif,zstack_slice,18.0,data/train_images/Quinqueloculina bosciana_3_view4_zstack_slice_z0018.png,train
Quinqueloculina bosciana,3,4,data/train_images/S003_A180_Z0019_C00.tif,zstack_slice,19.0,data/train_images/Quinqueloculina bosciana_3_view4_zstack_slice_z0019.png,train
Quinqueloculina bosciana,3,4,data/train_images/S003_A180_Z0020_C00.tif,zstack_slice,20.0,data/train_images/Quinqueloculina bosciana_3_view4_zstack_slice_z0020.png,train
Quinqueloculina bosciana,3,4,data/train_images/S003_A180_Z0021_C00.tif,zstack_slice,21.0,data/train_images/Quinqueloculina bosciana_3_view4_zstack_slice_z0021.png,train
Quinqueloculina bosciana,3,4,data/train_images/S003_A180_Z0022_C00.tif,zstack_slice,22.0,data/train_images/Quinqueloculina bosciana_3_view4_zstack_slice_z0022.png,train
Quinqueloculina bosciana,3,4,data/train_images/S003_A180_Z0023_C00.tif,zstack_slice,23.0,data/train_images/Quinqueloculina bosciana_3_view4_zstack_slice_z0023.png,train
Quinqueloculina bosciana,3,4,data/train_images/S003_A180_Z0024_C00.tif,zstack_slice,24.0,data/train_images/Quinqueloculina bosciana_3_view4_zstack_slice_z0024.png,train
Quinqueloculina bosciana,3,4,data/train_images/S003_A180_Z0025_C00.tif,zstack_slice,25.0,data/train_images/Quinqueloculina bosciana_3_view4_zstack_slice_z0025.png,train
Quinqueloculina bosciana,3,4,data/train_images/S003_A180_Z0026_C00.tif,zstack_slice,26.0,data/train_images/Quinqueloculina bosciana_3_view4_zstack_slice_z0026.png,train
Quinqueloculina bosciana,3,4,data/train_images/S003_A180_Z0027_C00.tif,zstack_slice,27.0,data/train_images/Quinqueloculina bosciana_3_view4_zstack_slice_z0027.png,train
Quinqueloculina bosciana,3,4,data/train_images/S003_A180_Z0028_C00.tif,zstack_slice,28.0,data/train_images/Quinqueloculina bosciana_3_view4_zstack_slice_z0028.png,train
Quinqueloculina bosciana,3,5,data/train_images/Quinqueloculina bosciana_3_view5_gif_original.png,gif_original,,data/train_images/Quinqueloculina bosciana_3_view5_gif_original.png,train
Quinqueloculina bosciana,3,5,data/train_images/S003_A240_stacked.tif,stacked_tiff,,data/train_images/Quinqueloculina bosciana_3_view5_stacked_tiff.png,train
Quinqueloculina bosciana,3,5,data/train_images/S003_A240_Z0000_C00.tif,zstack_slice,0.0,data/train_images/Quinqueloculina bosciana_3_view5_zstack_slice_z0000.png,train
Quinqueloculina bosciana,3,5,data/train_images/S003_A240_Z0001_C00.tif,zstack_slice,1.0,data/train_images/Quinqueloculina bosciana_3_view5_zstack_slice_z0001.png,train
Quinqueloculina bosciana,3,5,data/train_images/S003_A240_Z0002_C00.tif,zstack_slice,2.0,data/train_images/Quinqueloculina bosciana_3_view5_zstack_slice_z0002.png,train
Quinqueloculina bosciana,3,5,data/train_images/S003_A240_Z0003_C00.tif,zstack_slice,3.0,data/train_images/Quinqueloculina bosciana_3_view5_zstack_slice_z0003.png,train
Quinqueloculina bosciana,3,5,data/train_images/S003_A240_Z0004_C00.tif,zstack_slice,4.0,data/train_images/Quinqueloculina bosciana_3_view5_zstack_slice_z0004.png,train
Quinqueloculina bosciana,3,5,data/train_images/S003_A240_Z0005_C00.tif,zstack_slice,5.0,data/train_images/Quinqueloculina bosciana_3_view5_zstack_slice_z0005.png,train
Quinqueloculina bosciana,3,5,data/train_images/S003_A240_Z0006_C00.tif,zstack_slice,6.0,data/train_images/Quinqueloculina bosciana_3_view5_zstack_slice_z0006.png,train
Quinqueloculina bosciana,3,5,data/train_images/S003_A240_Z0007_C00.tif,zstack_slice,7.0,data/train_images/Quinqueloculina bosciana_3_view5_zstack_slice_z0007.png,train
Quinqueloculina bosciana,3,5,data/train_images/S003_A240_Z0008_C00.tif,zstack_slice,8.0,data/train_images/Quinqueloculina bosciana_3_view5_zstack_slice_z0008.png,train
Quinqueloculina bosciana,3,5,data/train_images/S003_A240_Z0009_C00.tif,zstack_slice,9.0,data/train_images/Quinqueloculina bosciana_3_view5_zstack_slice_z0009.png,train
Quinqueloculina bosciana,3,5,data/train_images/S003_A240_Z0010_C00.tif,zstack_slice,10.0,data/train_images/Quinqueloculina bosciana_3_view5_zstack_slice_z0010.png,train
Quinqueloculina bosciana,3,5,data/train_images/S003_A240_Z0011_C00.tif,zstack_slice,11.0,data/train_images/Quinqueloculina bosciana_3_view5_zstack_slice_z0011.png,train
Quinqueloculina bosciana,3,5,data/train_images/S003_A240_Z0012_C00.tif,zstack_slice,12.0,data/train_images/Quinqueloculina bosciana_3_view5_zstack_slice_z0012.png,train
Quinqueloculina bosciana,3,5,data/train_images/S003_A240_Z0013_C00.tif,zstack_slice,13.0,data/train_images/Quinqueloculina bosciana_3_view5_zstack_slice_z0013.png,train
Quinqueloculina bosciana,3,5,data/train_images/S003_A240_Z0014_C00.tif,zstack_slice,14.0,data/train_images/Quinqueloculina bosciana_3_view5_zstack_slice_z0014.png,train
Quinqueloculina bosciana,3,5,data/train_images/S003_A240_Z0015_C00.tif,zstack_slice,15.0,data/train_images/Quinqueloculina bosciana_3_view5_zstack_slice_z0015.png,train
Quinqueloculina bosciana,3,5,data/train_images/S003_A240_Z0016_C00.tif,zstack_slice,16.0,data/train_images/Quinqueloculina bosciana_3_view5_zstack_slice_z0016.png,train
Quinqueloculina bosciana,3,5,data/train_images/S003_A240_Z0017_C00.tif,zstack_slice,17.0,data/train_images/Quinqueloculina bosciana_3_view5_zstack_slice_z0017.png,train
Quinqueloculina bosciana,3,5,data/train_images/S003_A240_Z0018_C00.tif,zstack_slice,18.0,data/train_images/Quinqueloculina bosciana_3_view5_zstack_slice_z0018.png,train
Quinqueloculina bosciana,3,5,data/train_images/S003_A240_Z0019_C00.tif,zstack_slice,19.0,data/train_images/Quinqueloculina bosciana_3_view5_zstack_slice_z0019.png,train
Quinqueloculina bosciana,3,5,data/train_images/S003_A240_Z0020_C00.tif,zstack_slice,20.0,data/train_images/Quinqueloculina bosciana_3_view5_zstack_slice_z0020.png,train
Quinqueloculina bosciana,3,5,data/train_images/S003_A240_Z0021_C00.tif,zstack_slice,21.0,data/train_images/Quinqueloculina bosciana_3_view5_zstack_slice_z0021.png,train
Quinqueloculina bosciana,3,5,data/train_images/S003_A240_Z0022_C00.tif,zstack_slice,22.0,data/train_images/Quinqueloculina bosciana_3_view5_zstack_slice_z0022.png,train
Quinqueloculina bosciana,3,5,data/train_images/S003_A240_Z0023_C00.tif,zstack_slice,23.0,data/train_images/Quinqueloculina bosciana_3_view5_zstack_slice_z0023.png,train
Quinqueloculina bosciana,3,5,data/train_images/S003_A240_Z0024_C00.tif,zstack_slice,24.0,data/train_images/Quinqueloculina bosciana_3_view5_zstack_slice_z0024.png,train
Quinqueloculina bosciana,3,5,data/train_images/S003_A240_Z0025_C00.tif,zstack_slice,25.0,data/train_images/Quinqueloculina bosciana_3_view5_zstack_slice_z0025.png,train
Quinqueloculina bosciana,3,5,data/train_images/S003_A240_Z0026_C00.tif,zstack_slice,26.0,data/train_images/Quinqueloculina bosciana_3_view5_zstack_slice_z0026.png,train
Quinqueloculina bosciana,3,5,data/train_images/S003_A240_Z0027_C00.tif,zstack_slice,27.0,data/train_images/Quinqueloculina bosciana_3_view5_zstack_slice_z0027.png,train
Quinqueloculina bosciana,3,5,data/train_images/S003_A240_Z0028_C00.tif,zstack_slice,28.0,data/train_images/Quinqueloculina bosciana_3_view5_zstack_slice_z0028.png,train
Quinqueloculina bosciana,3,5,data/train_images/S003_A240_Z0029_C00.tif,zstack_slice,29.0,data/train_images/Quinqueloculina bosciana_3_view5_zstack_slice_z0029.png,train
Quinqueloculina bosciana,3,5,data/train_images/S003_A240_Z0030_C00.tif,zstack_slice,30.0,data/train_images/Quinqueloculina bosciana_3_view5_zstack_slice_z0030.png,train
Quinqueloculina bosciana,3,5,data/train_images/S003_A240_Z0031_C00.tif,zstack_slice,31.0,data/train_images/Quinqueloculina bosciana_3_view5_zstack_slice_z0031.png,train
Quinqueloculina bosciana,3,5,data/train_images/S003_A240_Z0032_C00.tif,zstack_slice,32.0,data/train_images/Quinqueloculina bosciana_3_view5_zstack_slice_z0032.png,train
Quinqueloculina bosciana,3,6,data/train_images/Quinqueloculina bosciana_3_view6_gif_original.png,gif_original,,data/train_images/Quinqueloculina bosciana_3_view6_gif_original.png,train
Quinqueloculina bosciana,3,6,data/train_images/S003_A300_stacked.tif,stacked_tiff,,data/train_images/Quinqueloculina bosciana_3_view6_stacked_tiff.png,train
Quinqueloculina bosciana,3,6,data/train_images/S003_A300_Z0000_C00.tif,zstack_slice,0.0,data/train_images/Quinqueloculina bosciana_3_view6_zstack_slice_z0000.png,train
Quinqueloculina bosciana,3,6,data/train_images/S003_A300_Z0001_C00.tif,zstack_slice,1.0,data/train_images/Quinqueloculina bosciana_3_view6_zstack_slice_z0001.png,train
Quinqueloculina bosciana,3,6,data/train_images/S003_A300_Z0002_C00.tif,zstack_slice,2.0,data/train_images/Quinqueloculina bosciana_3_view6_zstack_slice_z0002.png,train
Quinqueloculina bosciana,3,6,data/train_images/S003_A300_Z0003_C00.tif,zstack_slice,3.0,data/train_images/Quinqueloculina bosciana_3_view6_zstack_slice_z0003.png,train
Quinqueloculina bosciana,3,6,data/train_images/S003_A300_Z0004_C00.tif,zstack_slice,4.0,data/train_images/Quinqueloculina bosciana_3_view6_zstack_slice_z0004.png,train
Quinqueloculina bosciana,3,6,data/train_images/S003_A300_Z0005_C00.tif,zstack_slice,5.0,data/train_images/Quinqueloculina bosciana_3_view6_zstack_slice_z0005.png,train
Quinqueloculina bosciana,3,6,data/train_images/S003_A300_Z0006_C00.tif,zstack_slice,6.0,data/train_images/Quinqueloculina bosciana_3_view6_zstack_slice_z0006.png,train
Quinqueloculina bosciana,3,6,data/train_images/S003_A300_Z0007_C00.tif,zstack_slice,7.0,data/train_images/Quinqueloculina bosciana_3_view6_zstack_slice_z0007.png,train
Quinqueloculina bosciana,3,6,data/train_images/S003_A300_Z0008_C00.tif,zstack_slice,8.0,data/train_images/Quinqueloculina bosciana_3_view6_zstack_slice_z0008.png,train
Quinqueloculina bosciana,3,6,data/train_images/S003_A300_Z0009_C00.tif,zstack_slice,9.0,data/train_images/Quinqueloculina bosciana_3_view6_zstack_slice_z0009.png,train
Quinqueloculina bosciana,3,6,data/train_images/S003_A300_Z0010_C00.tif,zstack_slice,10.0,data/train_images/Quinqueloculina bosciana_3_view6_zstack_slice_z0010.png,train
Quinqueloculina bosciana,3,6,data/train_images/S003_A300_Z0011_C00.tif,zstack_slice,11.0,data/train_images/Quinqueloculina bosciana_3_view6_zstack_slice_z0011.png,train
Quinqueloculina bosciana,3,6,data/train_images/S003_A300_Z0012_C00.tif,zstack_slice,12.0,data/train_images/Quinqueloculina bosciana_3_view6_zstack_slice_z0012.png,train
Quinqueloculina bosciana,3,6,data/train_images/S003_A300_Z0013_C00.tif,zstack_slice,13.0,data/train_images/Quinqueloculina bosciana_3_view6_zstack_slice_z0013.png,train
Quinqueloculina bosciana,3,6,data/train_images/S003_A300_Z0014_C00.tif,zstack_slice,14.0,data/train_images/Quinqueloculina bosciana_3_view6_zstack_slice_z0014.png,train
Quinqueloculina bosciana,3,6,data/train_images/S003_A300_Z0015_C00.tif,zstack_slice,15.0,data/train_images/Quinqueloculina bosciana_3_view6_zstack_slice_z0015.png,train
Quinqueloculina bosciana,3,6,data/train_images/S003_A300_Z0016_C00.tif,zstack_slice,16.0,data/train_images/Quinqueloculina bosciana_3_view6_zstack_slice_z0016.png,train
Quinqueloculina bosciana,3,6,data/train_images/S003_A300_Z0017_C00.tif,zstack_slice,17.0,data/train_images/Quinqueloculina bosciana_3_view6_zstack_slice_z0017.png,train
Quinqueloculina bosciana,3,6,data/train_images/S003_A300_Z0018_C00.tif,zstack_slice,18.0,data/train_images/Quinqueloculina bosciana_3_view6_zstack_slice_z0018.png,train
Quinqueloculina bosciana,3,6,data/train_images/S003_A300_Z0019_C00.tif,zstack_slice,19.0,data/train_images/Quinqueloculina bosciana_3_view6_zstack_slice_z0019.png,train
Quinqueloculina bosciana,3,6,data/train_images/S003_A300_Z0020_C00.tif,zstack_slice,20.0,data/train_images/Quinqueloculina bosciana_3_view6_zstack_slice_z0020.png,train
Quinqueloculina bosciana,3,6,data/train_images/S003_A300_Z0021_C00.tif,zstack_slice,21.0,data/train_images/Quinqueloculina bosciana_3_view6_zstack_slice_z0021.png,train
Quinqueloculina bosciana,3,6,data/train_images/S003_A300_Z0022_C00.tif,zstack_slice,22.0,data/train_images/Quinqueloculina bosciana_3_view6_zstack_slice_z0022.png,train
Quinqueloculina bosciana,3,6,data/train_images/S003_A300_Z0023_C00.tif,zstack_slice,23.0,data/train_images/Quinqueloculina bosciana_3_view6_zstack_slice_z0023.png,train
Quinqueloculina bosciana,3,6,data/train_images/S003_A300_Z0024_C00.tif,zstack_slice,24.0,data/train_images/Quinqueloculina bosciana_3_view6_zstack_slice_z0024.png,train
Quinqueloculina bosciana,3,6,data/train_images/S003_A300_Z0025_C00.tif,zstack_slice,25.0,data/train_images/Quinqueloculina bosciana_3_view6_zstack_slice_z0025.png,train
Quinqueloculina bosciana,3,6,data/train_images/S003_A300_Z0026_C00.tif,zstack_slice,26.0,data/train_images/Quinqueloculina bosciana_3_view6_zstack_slice_z0026.png,train
Quinqueloculina crassicarinata,4,2,data/train_images/Quinqueloculina crassicarinata_4_view2_gif_original.png,gif_original,,data/train_images/Quinqueloculina crassicarinata_4_view2_gif_original.png,train
Quinqueloculina crassicarinata,4,2,data/train_images/S004_A060_stacked.tif,stacked_tiff,,data/train_images/Quinqueloculina crassicarinata_4_view2_stacked_tiff.png,train
Quinqueloculina crassicarinata,4,2,data/train_images/S004_A060_Z0000_C00.tif,zstack_slice,0.0,data/train_images/Quinqueloculina crassicarinata_4_view2_zstack_slice_z0000.png,train
Quinqueloculina crassicarinata,4,2,data/train_images/S004_A060_Z0001_C00.tif,zstack_slice,1.0,data/train_images/Quinqueloculina crassicarinata_4_view2_zstack_slice_z0001.png,train
Quinqueloculina crassicarinata,4,2,data/train_images/S004_A060_Z0002_C00.tif,zstack_slice,2.0,data/train_images/Quinqueloculina crassicarinata_4_view2_zstack_slice_z0002.png,train
Quinqueloculina crassicarinata,4,2,data/train_images/S004_A060_Z0003_C00.tif,zstack_slice,3.0,data/train_images/Quinqueloculina crassicarinata_4_view2_zstack_slice_z0003.png,train
Quinqueloculina crassicarinata,4,2,data/train_images/S004_A060_Z0004_C00.tif,zstack_slice,4.0,data/train_images/Quinqueloculina crassicarinata_4_view2_zstack_slice_z0004.png,train
Quinqueloculina crassicarinata,4,2,data/train_images/S004_A060_Z0005_C00.tif,zstack_slice,5.0,data/train_images/Quinqueloculina crassicarinata_4_view2_zstack_slice_z0005.png,train
Quinqueloculina crassicarinata,4,2,data/train_images/S004_A060_Z0006_C00.tif,zstack_slice,6.0,data/train_images/Quinqueloculina crassicarinata_4_view2_zstack_slice_z0006.png,train
Quinqueloculina crassicarinata,4,2,data/train_images/S004_A060_Z0007_C00.tif,zstack_slice,7.0,data/train_images/Quinqueloculina crassicarinata_4_view2_zstack_slice_z0007.png,train
Quinqueloculina crassicarinata,4,2,data/train_images/S004_A060_Z0008_C00.tif,zstack_slice,8.0,data/train_images/Quinqueloculina crassicarinata_4_view2_zstack_slice_z0008.png,train
Quinqueloculina crassicarinata,4,2,data/train_images/S004_A060_Z0009_C00.tif,zstack_slice,9.0,data/train_images/Quinqueloculina crassicarinata_4_view2_zstack_slice_z0009.png,train
Quinqueloculina crassicarinata,4,2,data/train_images/S004_A060_Z0010_C00.tif,zstack_slice,10.0,data/train_images/Quinqueloculina crassicarinata_4_view2_zstack_slice_z0010.png,train
Quinqueloculina crassicarinata,4,2,data/train_images/S004_A060_Z0011_C00.tif,zstack_slice,11.0,data/train_images/Quinqueloculina crassicarinata_4_view2_zstack_slice_z0011.png,train
Quinqueloculina crassicarinata,4,2,data/train_images/S004_A060_Z0012_C00.tif,zstack_slice,12.0,data/train_images/Quinqueloculina crassicarinata_4_view2_zstack_slice_z0012.png,train
Quinqueloculina crassicarinata,4,2,data/train_images/S004_A060_Z0013_C00.tif,zstack_slice,13.0,data/train_images/Quinqueloculina crassicarinata_4_view2_zstack_slice_z0013.png,train
Quinqueloculina crassicarinata,4,2,data/train_images/S004_A060_Z0014_C00.tif,zstack_slice,14.0,data/train_images/Quinqueloculina crassicarinata_4_view2_zstack_slice_z0014.png,train
Quinqueloculina crassicarinata,4,2,data/train_images/S004_A060_Z0015_C00.tif,zstack_slice,15.0,data/train_images/Quinqueloculina crassicarinata_4_view2_zstack_slice_z0015.png,train
Quinqueloculina crassicarinata,4,2,data/train_images/S004_A060_Z0016_C00.tif,zstack_slice,16.0,data/train_images/Quinqueloculina crassicarinata_4_view2_zstack_slice_z0016.png,train
Quinqueloculina crassicarinata,4,2,data/train_images/S004_A060_Z0017_C00.tif,zstack_slice,17.0,data/train_images/Quinqueloculina crassicarinata_4_view2_zstack_slice_z0017.png,train
Quinqueloculina crassicarinata,4,2,data/train_images/S004_A060_Z0018_C00.tif,zstack_slice,18.0,data/train_images/Quinqueloculina crassicarinata_4_view2_zstack_slice_z0018.png,train
Quinqueloculina crassicarinata,4,2,data/train_images/S004_A060_Z0019_C00.tif,zstack_slice,19.0,data/train_images/Quinqueloculina crassicarinata_4_view2_zstack_slice_z0019.png,train
Quinqueloculina crassicarinata,4,2,data/train_images/S004_A060_Z0020_C00.tif,zstack_slice,20.0,data/train_images/Quinqueloculina crassicarinata_4_view2_zstack_slice_z0020.png,train
Quinqueloculina crassicarinata,4,2,data/train_images/S004_A060_Z0021_C00.tif,zstack_slice,21.0,data/train_images/Quinqueloculina crassicarinata_4_view2_zstack_slice_z0021.png,train
Quinqueloculina crassicarinata,4,2,data/train_images/S004_A060_Z0022_C00.tif,zstack_slice,22.0,data/train_images/Quinqueloculina crassicarinata_4_view2_zstack_slice_z0022.png,train
Quinqueloculina crassicarinata,4,2,data/train_images/S004_A060_Z0023_C00.tif,zstack_slice,23.0,data/train_images/Quinqueloculina crassicarinata_4_view2_zstack_slice_z0023.png,train
Quinqueloculina crassicarinata,4,2,data/train_images/S004_A060_Z0024_C00.tif,zstack_slice,24.0,data/train_images/Quinqueloculina crassicarinata_4_view2_zstack_slice_z0024.png,train
Quinqueloculina crassicarinata,4,2,data/train_images/S004_A060_Z0025_C00.tif,zstack_slice,25.0,data/train_images/Quinqueloculina crassicarinata_4_view2_zstack_slice_z0025.png,train
Quinqueloculina crassicarinata,4,3,data/train_images/Quinqueloculina crassicarinata_4_view3_gif_original.png,gif_original,,data/train_images/Quinqueloculina crassicarinata_4_view3_gif_original.png,train
Quinqueloculina crassicarinata,4,3,data/train_images/S004_A120_stacked.tif,stacked_tiff,,data/train_images/Quinqueloculina crassicarinata_4_view3_stacked_tiff.png,train
Quinqueloculina crassicarinata,4,3,data/train_images/S004_A120_Z0000_C00.tif,zstack_slice,0.0,data/train_images/Quinqueloculina crassicarinata_4_view3_zstack_slice_z0000.png,train
Quinqueloculina crassicarinata,4,3,data/train_images/S004_A120_Z0001_C00.tif,zstack_slice,1.0,data/train_images/Quinqueloculina crassicarinata_4_view3_zstack_slice_z0001.png,train
Quinqueloculina crassicarinata,4,3,data/train_images/S004_A120_Z0002_C00.tif,zstack_slice,2.0,data/train_images/Quinqueloculina crassicarinata_4_view3_zstack_slice_z0002.png,train
Quinqueloculina crassicarinata,4,3,data/train_images/S004_A120_Z0003_C00.tif,zstack_slice,3.0,data/train_images/Quinqueloculina crassicarinata_4_view3_zstack_slice_z0003.png,train
Quinqueloculina crassicarinata,4,3,data/train_images/S004_A120_Z0004_C00.tif,zstack_slice,4.0,data/train_images/Quinqueloculina crassicarinata_4_view3_zstack_slice_z0004.png,train
Quinqueloculina crassicarinata,4,3,data/train_images/S004_A120_Z0005_C00.tif,zstack_slice,5.0,data/train_images/Quinqueloculina crassicarinata_4_view3_zstack_slice_z0005.png,train
Quinqueloculina crassicarinata,4,3,data/train_images/S004_A120_Z0006_C00.tif,zstack_slice,6.0,data/train_images/Quinqueloculina crassicarinata_4_view3_zstack_slice_z0006.png,train
Quinqueloculina crassicarinata,4,3,data/train_images/S004_A120_Z0007_C00.tif,zstack_slice,7.0,data/train_images/Quinqueloculina crassicarinata_4_view3_zstack_slice_z0007.png,train
Quinqueloculina crassicarinata,4,3,data/train_images/S004_A120_Z0008_C00.tif,zstack_slice,8.0,data/train_images/Quinqueloculina crassicarinata_4_view3_zstack_slice_z0008.png,train
Quinqueloculina crassicarinata,4,3,data/train_images/S004_A120_Z0009_C00.tif,zstack_slice,9.0,data/train_images/Quinqueloculina crassicarinata_4_view3_zstack_slice_z0009.png,train
Quinqueloculina crassicarinata,4,3,data/train_images/S004_A120_Z0010_C00.tif,zstack_slice,10.0,data/train_images/Quinqueloculina crassicarinata_4_view3_zstack_slice_z0010.png,train
Quinqueloculina crassicarinata,4,3,data/train_images/S004_A120_Z0011_C00.tif,zstack_slice,11.0,data/train_images/Quinqueloculina crassicarinata_4_view3_zstack_slice_z0011.png,train
Quinqueloculina crassicarinata,4,3,data/train_images/S004_A120_Z0012_C00.tif,zstack_slice,12.0,data/train_images/Quinqueloculina crassicarinata_4_view3_zstack_slice_z0012.png,train
Quinqueloculina crassicarinata,4,3,data/train_images/S004_A120_Z0013_C00.tif,zstack_slice,13.0,data/train_images/Quinqueloculina crassicarinata_4_view3_zstack_slice_z0013.png,train
Quinqueloculina crassicarinata,4,3,data/train_images/S004_A120_Z0014_C00.tif,zstack_slice,14.0,data/train_images/Quinqueloculina crassicarinata_4_view3_zstack_slice_z0014.png,train
Quinqueloculina crassicarinata,4,3,data/train_images/S004_A120_Z0015_C00.tif,zstack_slice,15.0,data/train_images/Quinqueloculina crassicarinata_4_view3_zstack_slice_z0015.png,train
Quinqueloculina crassicarinata,4,3,data/train_images/S004_A120_Z0016_C00.tif,zstack_slice,16.0,data/train_images/Quinqueloculina crassicarinata_4_view3_zstack_slice_z0016.png,train
Quinqueloculina crassicarinata,4,3,data/train_images/S004_A120_Z0017_C00.tif,zstack_slice,17.0,data/train_images/Quinqueloculina crassicarinata_4_view3_zstack_slice_z0017.png,train
Quinqueloculina crassicarinata,4,3,data/train_images/S004_A120_Z0018_C00.tif,zstack_slice,18.0,data/train_images/Quinqueloculina crassicarinata_4_view3_zstack_slice_z0018.png,train
Quinqueloculina crassicarinata,4,3,data/train_images/S004_A120_Z0019_C00.tif,zstack_slice,19.0,data/train_images/Quinqueloculina crassicarinata_4_view3_zstack_slice_z0019.png,train
Quinqueloculina crassicarinata,4,3,data/train_images/S004_A120_Z0020_C00.tif,zstack_slice,20.0,data/train_images/Quinqueloculina crassicarinata_4_view3_zstack_slice_z0020.png,train
Quinqueloculina crassicarinata,4,3,data/train_images/S004_A120_Z0021_C00.tif,zstack_slice,21.0,data/train_images/Quinqueloculina crassicarinata_4_view3_zstack_slice_z0021.png,train
Quinqueloculina crassicarinata,4,3,data/train_images/S004_A120_Z0022_C00.tif,zstack_slice,22.0,data/train_images/Quinqueloculina crassicarinata_4_view3_zstack_slice_z0022.png,train
Quinqueloculina crassicarinata,4,3,data/train_images/S004_A120_Z0023_C00.tif,zstack_slice,23.0,data/train_images/Quinqueloculina crassicarinata_4_view3_zstack_slice_z0023.png,train
Quinqueloculina crassicarinata,4,3,data/train_images/S004_A120_Z0024_C00.tif,zstack_slice,24.0,data/train_images/Quinqueloculina crassicarinata_4_view3_zstack_slice_z0024.png,train
Quinqueloculina crassicarinata,4,3,data/train_images/S004_A120_Z0025_C00.tif,zstack_slice,25.0,data/train_images/Quinqueloculina crassicarinata_4_view3_zstack_slice_z0025.png,train
Quinqueloculina crassicarinata,4,3,data/train_images/S004_A120_Z0026_C00.tif,zstack_slice,26.0,data/train_images/Quinqueloculina crassicarinata_4_view3_zstack_slice_z0026.png,train
Quinqueloculina crassicarinata,4,3,data/train_images/S004_A120_Z0027_C00.tif,zstack_slice,27.0,data/train_images/Quinqueloculina crassicarinata_4_view3_zstack_slice_z0027.png,train
Quinqueloculina crassicarinata,4,3,data/train_images/S004_A120_Z0028_C00.tif,zstack_slice,28.0,data/train_images/Quinqueloculina crassicarinata_4_view3_zstack_slice_z0028.png,train
Quinqueloculina crassicarinata,4,3,data/train_images/S004_A120_Z0029_C00.tif,zstack_slice,29.0,data/train_images/Quinqueloculina crassicarinata_4_view3_zstack_slice_z0029.png,train
Quinqueloculina crassicarinata,4,3,data/train_images/S004_A120_Z0030_C00.tif,zstack_slice,30.0,data/train_images/Quinqueloculina crassicarinata_4_view3_zstack_slice_z0030.png,train
Quinqueloculina crassicarinata,4,3,data/train_images/S004_A120_Z0031_C00.tif,zstack_slice,31.0,data/train_images/Quinqueloculina crassicarinata_4_view3_zstack_slice_z0031.png,train
Quinqueloculina crassicarinata,4,3,data/train_images/S004_A120_Z0032_C00.tif,zstack_slice,32.0,data/train_images/Quinqueloculina crassicarinata_4_view3_zstack_slice_z0032.png,train
Quinqueloculina crassicarinata,4,3,data/train_images/S004_A120_Z0033_C00.tif,zstack_slice,33.0,data/train_images/Quinqueloculina crassicarinata_4_view3_zstack_slice_z0033.png,train
Quinqueloculina crassicarinata,4,3,data/train_images/S004_A120_Z0034_C00.tif,zstack_slice,34.0,data/train_images/Quinqueloculina crassicarinata_4_view3_zstack_slice_z0034.png,train
Quinqueloculina crassicarinata,4,3,data/train_images/S004_A120_Z0035_C00.tif,zstack_slice,35.0,data/train_images/Quinqueloculina crassicarinata_4_view3_zstack_slice_z0035.png,train
Quinqueloculina crassicarinata,4,3,data/train_images/S004_A120_Z0036_C00.tif,zstack_slice,36.0,data/train_images/Quinqueloculina crassicarinata_4_view3_zstack_slice_z0036.png,train
Quinqueloculina crassicarinata,4,3,data/train_images/S004_A120_Z0037_C00.tif,zstack_slice,37.0,data/train_images/Quinqueloculina crassicarinata_4_view3_zstack_slice_z0037.png,train
Quinqueloculina crassicarinata,4,3,data/train_images/S004_A120_Z0038_C00.tif,zstack_slice,38.0,data/train_images/Quinqueloculina crassicarinata_4_view3_zstack_slice_z0038.png,train
Quinqueloculina crassicarinata,4,3,data/train_images/S004_A120_Z0039_C00.tif,zstack_slice,39.0,data/train_images/Quinqueloculina crassicarinata_4_view3_zstack_slice_z0039.png,train
Quinqueloculina crassicarinata,4,3,data/train_images/S004_A120_Z0040_C00.tif,zstack_slice,40.0,data/train_images/Quinqueloculina crassicarinata_4_view3_zstack_slice_z0040.png,train
Quinqueloculina crassicarinata,4,3,data/train_images/S004_A120_Z0041_C00.tif,zstack_slice,41.0,data/train_images/Quinqueloculina crassicarinata_4_view3_zstack_slice_z0041.png,train
Quinqueloculina crassicarinata,4,3,data/train_images/S004_A120_Z0042_C00.tif,zstack_slice,42.0,data/train_images/Quinqueloculina crassicarinata_4_view3_zstack_slice_z0042.png,train
Quinqueloculina crassicarinata,4,3,data/train_images/S004_A120_Z0043_C00.tif,zstack_slice,43.0,data/train_images/Quinqueloculina crassicarinata_4_view3_zstack_slice_z0043.png,train
Quinqueloculina crassicarinata,4,3,data/train_images/S004_A120_Z0044_C00.tif,zstack_slice,44.0,data/train_images/Quinqueloculina crassicarinata_4_view3_zstack_slice_z0044.png,train
Quinqueloculina crassicarinata,4,3,data/train_images/S004_A120_Z0045_C00.tif,zstack_slice,45.0,data/train_images/Quinqueloculina crassicarinata_4_view3_zstack_slice_z0045.png,train
Quinqueloculina crassicarinata,4,3,data/train_images/S004_A120_Z0046_C00.tif,zstack_slice,46.0,data/train_images/Quinqueloculina crassicarinata_4_view3_zstack_slice_z0046.png,train
Quinqueloculina crassicarinata,4,3,data/train_images/S004_A120_Z0047_C00.tif,zstack_slice,47.0,data/train_images/Quinqueloculina crassicarinata_4_view3_zstack_slice_z0047.png,train
Quinqueloculina crassicarinata,4,3,data/train_images/S004_A120_Z0048_C00.tif,zstack_slice,48.0,data/train_images/Quinqueloculina crassicarinata_4_view3_zstack_slice_z0048.png,train
Quinqueloculina crassicarinata,4,4,data/train_images/Quinqueloculina crassicarinata_4_view4_gif_original.png,gif_original,,data/train_images/Quinqueloculina crassicarinata_4_view4_gif_original.png,train
Quinqueloculina crassicarinata,4,4,data/train_images/S004_A180_stacked.tif,stacked_tiff,,data/train_images/Quinqueloculina crassicarinata_4_view4_stacked_tiff.png,train
Quinqueloculina crassicarinata,4,4,data/train_images/S004_A180_Z0000_C00.tif,zstack_slice,0.0,data/train_images/Quinqueloculina crassicarinata_4_view4_zstack_slice_z0000.png,train
Quinqueloculina crassicarinata,4,4,data/train_images/S004_A180_Z0001_C00.tif,zstack_slice,1.0,data/train_images/Quinqueloculina crassicarinata_4_view4_zstack_slice_z0001.png,train
Quinqueloculina crassicarinata,4,4,data/train_images/S004_A180_Z0002_C00.tif,zstack_slice,2.0,data/train_images/Quinqueloculina crassicarinata_4_view4_zstack_slice_z0002.png,train
Quinqueloculina crassicarinata,4,4,data/train_images/S004_A180_Z0003_C00.tif,zstack_slice,3.0,data/train_images/Quinqueloculina crassicarinata_4_view4_zstack_slice_z0003.png,train
Quinqueloculina crassicarinata,4,4,data/train_images/S004_A180_Z0004_C00.tif,zstack_slice,4.0,data/train_images/Quinqueloculina crassicarinata_4_view4_zstack_slice_z0004.png,train
Quinqueloculina crassicarinata,4,4,data/train_images/S004_A180_Z0005_C00.tif,zstack_slice,5.0,data/train_images/Quinqueloculina crassicarinata_4_view4_zstack_slice_z0005.png,train
Quinqueloculina crassicarinata,4,4,data/train_images/S004_A180_Z0006_C00.tif,zstack_slice,6.0,data/train_images/Quinqueloculina crassicarinata_4_view4_zstack_slice_z0006.png,train
Quinqueloculina crassicarinata,4,4,data/train_images/S004_A180_Z0007_C00.tif,zstack_slice,7.0,data/train_images/Quinqueloculina crassicarinata_4_view4_zstack_slice_z0007.png,train
Quinqueloculina crassicarinata,4,4,data/train_images/S004_A180_Z0008_C00.tif,zstack_slice,8.0,data/train_images/Quinqueloculina crassicarinata_4_view4_zstack_slice_z0008.png,train
Quinqueloculina crassicarinata,4,4,data/train_images/S004_A180_Z0009_C00.tif,zstack_slice,9.0,data/train_images/Quinqueloculina crassicarinata_4_view4_zstack_slice_z0009.png,train
Quinqueloculina crassicarinata,4,4,data/train_images/S004_A180_Z0010_C00.tif,zstack_slice,10.0,data/train_images/Quinqueloculina crassicarinata_4_view4_zstack_slice_z0010.png,train
Quinqueloculina crassicarinata,4,4,data/train_images/S004_A180_Z0011_C00.tif,zstack_slice,11.0,data/train_images/Quinqueloculina crassicarinata_4_view4_zstack_slice_z0011.png,train
Quinqueloculina crassicarinata,4,4,data/train_images/S004_A180_Z0012_C00.tif,zstack_slice,12.0,data/train_images/Quinqueloculina crassicarinata_4_view4_zstack_slice_z0012.png,train
Quinqueloculina crassicarinata,4,4,data/train_images/S004_A180_Z0013_C00.tif,zstack_slice,13.0,data/train_images/Quinqueloculina crassicarinata_4_view4_zstack_slice_z0013.png,train
Quinqueloculina crassicarinata,4,4,data/train_images/S004_A180_Z0014_C00.tif,zstack_slice,14.0,data/train_images/Quinqueloculina crassicarinata_4_view4_zstack_slice_z0014.png,train
Quinqueloculina crassicarinata,4,4,data/train_images/S004_A180_Z0015_C00.tif,zstack_slice,15.0,data/train_images/Quinqueloculina crassicarinata_4_view4_zstack_slice_z0015.png,train
Quinqueloculina crassicarinata,4,4,data/train_images/S004_A180_Z0016_C00.tif,zstack_slice,16.0,data/train_images/Quinqueloculina crassicarinata_4_view4_zstack_slice_z0016.png,train
Quinqueloculina crassicarinata,4,4,data/train_images/S004_A180_Z0017_C00.tif,zstack_slice,17.0,data/train_images/Quinqueloculina crassicarinata_4_view4_zstack_slice_z0017.png,train
Quinqueloculina crassicarinata,4,4,data/train_images/S004_A180_Z0018_C00.tif,zstack_slice,18.0,data/train_images/Quinqueloculina crassicarinata_4_view4_zstack_slice_z0018.png,train
Quinqueloculina crassicarinata,4,4,data/train_images/S004_A180_Z0019_C00.tif,zstack_slice,19.0,data/train_images/Quinqueloculina crassicarinata_4_view4_zstack_slice_z0019.png,train
Quinqueloculina crassicarinata,4,4,data/train_images/S004_A180_Z0020_C00.tif,zstack_slice,20.0,data/train_images/Quinqueloculina crassicarinata_4_view4_zstack_slice_z0020.png,train
Quinqueloculina crassicarinata,4,4,data/train_images/S004_A180_Z0021_C00.tif,zstack_slice,21.0,data/train_images/Quinqueloculina crassicarinata_4_view4_zstack_slice_z0021.png,train
Quinqueloculina crassicarinata,4,4,data/train_images/S004_A180_Z0022_C00.tif,zstack_slice,22.0,data/train_images/Quinqueloculina crassicarinata_4_view4_zstack_slice_z0022.png,train
Quinqueloculina crassicarinata,4,4,data/train_images/S004_A180_Z0023_C00.tif,zstack_slice,23.0,data/train_images/Quinqueloculina crassicarinata_4_view4_zstack_slice_z0023.png,train
Quinqueloculina crassicarinata,4,4,data/train_images/S004_A180_Z0024_C00.tif,zstack_slice,24.0,data/train_images/Quinqueloculina crassicarinata_4_view4_zstack_slice_z0024.png,train
Quinqueloculina crassicarinata,4,4,data/train_images/S004_A180_Z0025_C00.tif,zstack_slice,25.0,data/train_images/Quinqueloculina crassicarinata_4_view4_zstack_slice_z0025.png,train
Quinqueloculina crassicarinata,4,4,data/train_images/S004_A180_Z0026_C00.tif,zstack_slice,26.0,data/train_images/Quinqueloculina crassicarinata_4_view4_zstack_slice_z0026.png,train
Quinqueloculina crassicarinata,4,4,data/train_images/S004_A180_Z0027_C00.tif,zstack_slice,27.0,data/train_images/Quinqueloculina crassicarinata_4_view4_zstack_slice_z0027.png,train
Quinqueloculina crassicarinata,4,4,data/train_images/S004_A180_Z0028_C00.tif,zstack_slice,28.0,data/train_images/Quinqueloculina crassicarinata_4_view4_zstack_slice_z0028.png,train
Quinqueloculina crassicarinata,4,4,data/train_images/S004_A180_Z0029_C00.tif,zstack_slice,29.0,data/train_images/Quinqueloculina crassicarinata_4_view4_zstack_slice_z0029.png,train
Quinqueloculina crassicarinata,4,4,data/train_images/S004_A180_Z0030_C00.tif,zstack_slice,30.0,data/train_images/Quinqueloculina crassicarinata_4_view4_zstack_slice_z0030.png,train
Quinqueloculina crassicarinata,4,4,data/train_images/S004_A180_Z0031_C00.tif,zstack_slice,31.0,data/train_images/Quinqueloculina crassicarinata_4_view4_zstack_slice_z0031.png,train
Quinqueloculina crassicarinata,4,4,data/train_images/S004_A180_Z0032_C00.tif,zstack_slice,32.0,data/train_images/Quinqueloculina crassicarinata_4_view4_zstack_slice_z0032.png,train
Quinqueloculina crassicarinata,4,4,data/train_images/S004_A180_Z0033_C00.tif,zstack_slice,33.0,data/train_images/Quinqueloculina crassicarinata_4_view4_zstack_slice_z0033.png,train
Quinqueloculina crassicarinata,4,4,data/train_images/S004_A180_Z0034_C00.tif,zstack_slice,34.0,data/train_images/Quinqueloculina crassicarinata_4_view4_zstack_slice_z0034.png,train
Quinqueloculina crassicarinata,4,4,data/train_images/S004_A180_Z0035_C00.tif,zstack_slice,35.0,data/train_images/Quinqueloculina crassicarinata_4_view4_zstack_slice_z0035.png,train
Quinqueloculina crassicarinata,4,4,data/train_images/S004_A180_Z0036_C00.tif,zstack_slice,36.0,data/train_images/Quinqueloculina crassicarinata_4_view4_zstack_slice_z0036.png,train
Quinqueloculina crassicarinata,4,4,data/train_images/S004_A180_Z0037_C00.tif,zstack_slice,37.0,data/train_images/Quinqueloculina crassicarinata_4_view4_zstack_slice_z0037.png,train
Quinqueloculina crassicarinata,4,4,data/train_images/S004_A180_Z0038_C00.tif,zstack_slice,38.0,data/train_images/Quinqueloculina crassicarinata_4_view4_zstack_slice_z0038.png,train
Quinqueloculina crassicarinata,4,4,data/train_images/S004_A180_Z0039_C00.tif,zstack_slice,39.0,data/train_images/Quinqueloculina crassicarinata_4_view4_zstack_slice_z0039.png,train
Quinqueloculina crassicarinata,4,4,data/train_images/S004_A180_Z0040_C00.tif,zstack_slice,40.0,data/train_images/Quinqueloculina crassicarinata_4_view4_zstack_slice_z0040.png,train
Quinqueloculina crassicarinata,4,4,data/train_images/S004_A180_Z0041_C00.tif,zstack_slice,41.0,data/train_images/Quinqueloculina crassicarinata_4_view4_zstack_slice_z0041.png,train
Quinqueloculina crassicarinata,4,4,data/train_images/S004_A180_Z0042_C00.tif,zstack_slice,42.0,data/train_images/Quinqueloculina crassicarinata_4_view4_zstack_slice_z0042.png,train
Quinqueloculina crassicarinata,4,4,data/train_images/S004_A180_Z0043_C00.tif,zstack_slice,43.0,data/train_images/Quinqueloculina crassicarinata_4_view4_zstack_slice_z0043.png,train
Quinqueloculina crassicarinata,4,6,data/train_images/Quinqueloculina crassicarinata_4_view6_gif_original.png,gif_original,,data/train_images/Quinqueloculina crassicarinata_4_view6_gif_original.png,train
Quinqueloculina crassicarinata,4,6,data/train_images/S004_A300_stacked.tif,stacked_tiff,,data/train_images/Quinqueloculina crassicarinata_4_view6_stacked_tiff.png,train
Quinqueloculina crassicarinata,4,6,data/train_images/S004_A300_Z0000_C00.tif,zstack_slice,0.0,data/train_images/Quinqueloculina crassicarinata_4_view6_zstack_slice_z0000.png,train
Quinqueloculina crassicarinata,4,6,data/train_images/S004_A300_Z0001_C00.tif,zstack_slice,1.0,data/train_images/Quinqueloculina crassicarinata_4_view6_zstack_slice_z0001.png,train
Quinqueloculina crassicarinata,4,6,data/train_images/S004_A300_Z0002_C00.tif,zstack_slice,2.0,data/train_images/Quinqueloculina crassicarinata_4_view6_zstack_slice_z0002.png,train
Quinqueloculina crassicarinata,4,6,data/train_images/S004_A300_Z0003_C00.tif,zstack_slice,3.0,data/train_images/Quinqueloculina crassicarinata_4_view6_zstack_slice_z0003.png,train
Quinqueloculina crassicarinata,4,6,data/train_images/S004_A300_Z0004_C00.tif,zstack_slice,4.0,data/train_images/Quinqueloculina crassicarinata_4_view6_zstack_slice_z0004.png,train
Quinqueloculina crassicarinata,4,6,data/train_images/S004_A300_Z0005_C00.tif,zstack_slice,5.0,data/train_images/Quinqueloculina crassicarinata_4_view6_zstack_slice_z0005.png,train
Quinqueloculina crassicarinata,4,6,data/train_images/S004_A300_Z0006_C00.tif,zstack_slice,6.0,data/train_images/Quinqueloculina crassicarinata_4_view6_zstack_slice_z0006.png,train
Quinqueloculina crassicarinata,4,6,data/train_images/S004_A300_Z0007_C00.tif,zstack_slice,7.0,data/train_images/Quinqueloculina crassicarinata_4_view6_zstack_slice_z0007.png,train
Quinqueloculina crassicarinata,4,6,data/train_images/S004_A300_Z0008_C00.tif,zstack_slice,8.0,data/train_images/Quinqueloculina crassicarinata_4_view6_zstack_slice_z0008.png,train
Quinqueloculina crassicarinata,4,6,data/train_images/S004_A300_Z0009_C00.tif,zstack_slice,9.0,data/train_images/Quinqueloculina crassicarinata_4_view6_zstack_slice_z0009.png,train
Quinqueloculina crassicarinata,4,6,data/train_images/S004_A300_Z0010_C00.tif,zstack_slice,10.0,data/train_images/Quinqueloculina crassicarinata_4_view6_zstack_slice_z0010.png,train
Quinqueloculina crassicarinata,4,6,data/train_images/S004_A300_Z0011_C00.tif,zstack_slice,11.0,data/train_images/Quinqueloculina crassicarinata_4_view6_zstack_slice_z0011.png,train
Quinqueloculina crassicarinata,4,6,data/train_images/S004_A300_Z0012_C00.tif,zstack_slice,12.0,data/train_images/Quinqueloculina crassicarinata_4_view6_zstack_slice_z0012.png,train
Quinqueloculina crassicarinata,4,6,data/train_images/S004_A300_Z0013_C00.tif,zstack_slice,13.0,data/train_images/Quinqueloculina crassicarinata_4_view6_zstack_slice_z0013.png,train
Quinqueloculina crassicarinata,4,6,data/train_images/S004_A300_Z0014_C00.tif,zstack_slice,14.0,data/train_images/Quinqueloculina crassicarinata_4_view6_zstack_slice_z0014.png,train
Quinqueloculina crassicarinata,4,6,data/train_images/S004_A300_Z0015_C00.tif,zstack_slice,15.0,data/train_images/Quinqueloculina crassicarinata_4_view6_zstack_slice_z0015.png,train
Quinqueloculina crassicarinata,4,6,data/train_images/S004_A300_Z0016_C00.tif,zstack_slice,16.0,data/train_images/Quinqueloculina crassicarinata_4_view6_zstack_slice_z0016.png,train
Quinqueloculina crassicarinata,4,6,data/train_images/S004_A300_Z0017_C00.tif,zstack_slice,17.0,data/train_images/Quinqueloculina crassicarinata_4_view6_zstack_slice_z0017.png,train
Quinqueloculina crassicarinata,4,6,data/train_images/S004_A300_Z0018_C00.tif,zstack_slice,18.0,data/train_images/Quinqueloculina crassicarinata_4_view6_zstack_slice_z0018.png,train
Quinqueloculina crassicarinata,4,6,data/train_images/S004_A300_Z0019_C00.tif,zstack_slice,19.0,data/train_images/Quinqueloculina crassicarinata_4_view6_zstack_slice_z0019.png,train
Quinqueloculina crassicarinata,4,6,data/train_images/S004_A300_Z0020_C00.tif,zstack_slice,20.0,data/train_images/Quinqueloculina crassicarinata_4_view6_zstack_slice_z0020.png,train
Quinqueloculina crassicarinata,4,6,data/train_images/S004_A300_Z0021_C00.tif,zstack_slice,21.0,data/train_images/Quinqueloculina crassicarinata_4_view6_zstack_slice_z0021.png,train
Quinqueloculina crassicarinata,4,6,data/train_images/S004_A300_Z0022_C00.tif,zstack_slice,22.0,data/train_images/Quinqueloculina crassicarinata_4_view6_zstack_slice_z0022.png,train
Quinqueloculina crassicarinata,4,6,data/train_images/S004_A300_Z0023_C00.tif,zstack_slice,23.0,data/train_images/Quinqueloculina crassicarinata_4_view6_zstack_slice_z0023.png,train
Quinqueloculina crassicarinata,4,6,data/train_images/S004_A300_Z0024_C00.tif,zstack_slice,24.0,data/train_images/Quinqueloculina crassicarinata_4_view6_zstack_slice_z0024.png,train
Quinqueloculina crassicarinata,4,6,data/train_images/S004_A300_Z0025_C00.tif,zstack_slice,25.0,data/train_images/Quinqueloculina crassicarinata_4_view6_zstack_slice_z0025.png,train
Quinqueloculina crassicarinata,4,6,data/train_images/S004_A300_Z0026_C00.tif,zstack_slice,26.0,data/train_images/Quinqueloculina crassicarinata_4_view6_zstack_slice_z0026.png,train
Quinqueloculina crassicarinata,4,6,data/train_images/S004_A300_Z0027_C00.tif,zstack_slice,27.0,data/train_images/Quinqueloculina crassicarinata_4_view6_zstack_slice_z0027.png,train
Quinqueloculina crassicarinata,4,6,data/train_images/S004_A300_Z0028_C00.tif,zstack_slice,28.0,data/train_images/Quinqueloculina crassicarinata_4_view6_zstack_slice_z0028.png,train
Quinqueloculina crassicarinata,4,6,data/train_images/S004_A300_Z0029_C00.tif,zstack_slice,29.0,data/train_images/Quinqueloculina crassicarinata_4_view6_zstack_slice_z0029.png,train
Quinqueloculina crassicarinata,4,6,data/train_images/S004_A300_Z0030_C00.tif,zstack_slice,30.0,data/train_images/Quinqueloculina crassicarinata_4_view6_zstack_slice_z0030.png,train
Quinqueloculina crassicarinata,4,6,data/train_images/S004_A300_Z0031_C00.tif,zstack_slice,31.0,data/train_images/Quinqueloculina crassicarinata_4_view6_zstack_slice_z0031.png,train
Quinqueloculina crassicarinata,4,6,data/train_images/S004_A300_Z0032_C00.tif,zstack_slice,32.0,data/train_images/Quinqueloculina crassicarinata_4_view6_zstack_slice_z0032.png,train
Quinqueloculina crassicarinata,4,6,data/train_images/S004_A300_Z0033_C00.tif,zstack_slice,33.0,data/train_images/Quinqueloculina crassicarinata_4_view6_zstack_slice_z0033.png,train
Quinqueloculina crassicarinata,4,6,data/train_images/S004_A300_Z0034_C00.tif,zstack_slice,34.0,data/train_images/Quinqueloculina crassicarinata_4_view6_zstack_slice_z0034.png,train
Quinqueloculina crassicarinata,4,6,data/train_images/S004_A300_Z0035_C00.tif,zstack_slice,35.0,data/train_images/Quinqueloculina crassicarinata_4_view6_zstack_slice_z0035.png,train
Quinqueloculina crassicarinata,4,6,data/train_images/S004_A300_Z0036_C00.tif,zstack_slice,36.0,data/train_images/Quinqueloculina crassicarinata_4_view6_zstack_slice_z0036.png,train
Quinqueloculina crassicarinata,4,6,data/train_images/S004_A300_Z0037_C00.tif,zstack_slice,37.0,data/train_images/Quinqueloculina crassicarinata_4_view6_zstack_slice_z0037.png,train
Quinqueloculina crassicarinata,4,6,data/train_images/S004_A300_Z0038_C00.tif,zstack_slice,38.0,data/train_images/Quinqueloculina crassicarinata_4_view6_zstack_slice_z0038.png,train
Quinqueloculina crassicarinata,4,6,data/train_images/S004_A300_Z0039_C00.tif,zstack_slice,39.0,data/train_images/Quinqueloculina crassicarinata_4_view6_zstack_slice_z0039.png,train
Quinqueloculina crassicarinata,4,6,data/train_images/S004_A300_Z0040_C00.tif,zstack_slice,40.0,data/train_images/Quinqueloculina crassicarinata_4_view6_zstack_slice_z0040.png,train
Quinqueloculina crassicarinata,4,6,data/train_images/S004_A300_Z0041_C00.tif,zstack_slice,41.0,data/train_images/Quinqueloculina crassicarinata_4_view6_zstack_slice_z0041.png,train
Quinqueloculina crassicarinata,4,6,data/train_images/S004_A300_Z0042_C00.tif,zstack_slice,42.0,data/train_images/Quinqueloculina crassicarinata_4_view6_zstack_slice_z0042.png,train
Quinqueloculina crassicarinata,4,6,data/train_images/S004_A300_Z0043_C00.tif,zstack_slice,43.0,data/train_images/Quinqueloculina crassicarinata_4_view6_zstack_slice_z0043.png,train
Quinqueloculina crassicarinata,4,6,data/train_images/S004_A300_Z0044_C00.tif,zstack_slice,44.0,data/train_images/Quinqueloculina crassicarinata_4_view6_zstack_slice_z0044.png,train
Quinqueloculina crassicarinata,4,6,data/train_images/S004_A300_Z0045_C00.tif,zstack_slice,45.0,data/train_images/Quinqueloculina crassicarinata_4_view6_zstack_slice_z0045.png,train
Quinqueloculina crassicarinata,4,6,data/train_images/S004_A300_Z0046_C00.tif,zstack_slice,46.0,data/train_images/Quinqueloculina crassicarinata_4_view6_zstack_slice_z0046.png,train
Quinqueloculina crassicarinata,4,6,data/train_images/S004_A300_Z0047_C00.tif,zstack_slice,47.0,data/train_images/Quinqueloculina crassicarinata_4_view6_zstack_slice_z0047.png,train
Quinqueloculina crassicarinata,4,6,data/train_images/S004_A300_Z0048_C00.tif,zstack_slice,48.0,data/train_images/Quinqueloculina crassicarinata_4_view6_zstack_slice_z0048.png,train
Quinqueloculina crassicarinata,4,6,data/train_images/S004_A300_Z0049_C00.tif,zstack_slice,49.0,data/train_images/Quinqueloculina crassicarinata_4_view6_zstack_slice_z0049.png,train
Quinqueloculina crassicarinata,4,6,data/train_images/S004_A300_Z0050_C00.tif,zstack_slice,50.0,data/train_images/Quinqueloculina crassicarinata_4_view6_zstack_slice_z0050.png,train
Quinqueloculina crassicarinata,4,6,data/train_images/S004_A300_Z0051_C00.tif,zstack_slice,51.0,data/train_images/Quinqueloculina crassicarinata_4_view6_zstack_slice_z0051.png,train
Quinqueloculina crassicarinata,4,6,data/train_images/S004_A300_Z0052_C00.tif,zstack_slice,52.0,data/train_images/Quinqueloculina crassicarinata_4_view6_zstack_slice_z0052.png,train
Quinqueloculina pulchella,5,1,data/train_images/Quinqueloculina pulchella_5_view1_gif_original.png,gif_original,,data/train_images/Quinqueloculina pulchella_5_view1_gif_original.png,train
Quinqueloculina pulchella,5,1,data/train_images/S005_A000_stacked.tif,stacked_tiff,,data/train_images/Quinqueloculina pulchella_5_view1_stacked_tiff.png,train
Quinqueloculina pulchella,5,1,data/train_images/S005_A000_Z0000_C00.tif,zstack_slice,0.0,data/train_images/Quinqueloculina pulchella_5_view1_zstack_slice_z0000.png,train
Quinqueloculina pulchella,5,1,data/train_images/S005_A000_Z0001_C00.tif,zstack_slice,1.0,data/train_images/Quinqueloculina pulchella_5_view1_zstack_slice_z0001.png,train
Quinqueloculina pulchella,5,1,data/train_images/S005_A000_Z0002_C00.tif,zstack_slice,2.0,data/train_images/Quinqueloculina pulchella_5_view1_zstack_slice_z0002.png,train
Quinqueloculina pulchella,5,1,data/train_images/S005_A000_Z0003_C00.tif,zstack_slice,3.0,data/train_images/Quinqueloculina pulchella_5_view1_zstack_slice_z0003.png,train
Quinqueloculina pulchella,5,1,data/train_images/S005_A000_Z0004_C00.tif,zstack_slice,4.0,data/train_images/Quinqueloculina pulchella_5_view1_zstack_slice_z0004.png,train
Quinqueloculina pulchella,5,1,data/train_images/S005_A000_Z0005_C00.tif,zstack_slice,5.0,data/train_images/Quinqueloculina pulchella_5_view1_zstack_slice_z0005.png,train
Quinqueloculina pulchella,5,1,data/train_images/S005_A000_Z0006_C00.tif,zstack_slice,6.0,data/train_images/Quinqueloculina pulchella_5_view1_zstack_slice_z0006.png,train
Quinqueloculina pulchella,5,1,data/train_images/S005_A000_Z0007_C00.tif,zstack_slice,7.0,data/train_images/Quinqueloculina pulchella_5_view1_zstack_slice_z0007.png,train
Quinqueloculina pulchella,5,1,data/train_images/S005_A000_Z0008_C00.tif,zstack_slice,8.0,data/train_images/Quinqueloculina pulchella_5_view1_zstack_slice_z0008.png,train
Quinqueloculina pulchella,5,1,data/train_images/S005_A000_Z0009_C00.tif,zstack_slice,9.0,data/train_images/Quinqueloculina pulchella_5_view1_zstack_slice_z0009.png,train
Quinqueloculina pulchella,5,1,data/train_images/S005_A000_Z0010_C00.tif,zstack_slice,10.0,data/train_images/Quinqueloculina pulchella_5_view1_zstack_slice_z0010.png,train
Quinqueloculina pulchella,5,1,data/train_images/S005_A000_Z0011_C00.tif,zstack_slice,11.0,data/train_images/Quinqueloculina pulchella_5_view1_zstack_slice_z0011.png,train
Quinqueloculina pulchella,5,1,data/train_images/S005_A000_Z0012_C00.tif,zstack_slice,12.0,data/train_images/Quinqueloculina pulchella_5_view1_zstack_slice_z0012.png,train
Quinqueloculina pulchella,5,1,data/train_images/S005_A000_Z0013_C00.tif,zstack_slice,13.0,data/train_images/Quinqueloculina pulchella_5_view1_zstack_slice_z0013.png,train
Quinqueloculina pulchella,5,1,data/train_images/S005_A000_Z0014_C00.tif,zstack_slice,14.0,data/train_images/Quinqueloculina pulchella_5_view1_zstack_slice_z0014.png,train
Quinqueloculina pulchella,5,1,data/train_images/S005_A000_Z0015_C00.tif,zstack_slice,15.0,data/train_images/Quinqueloculina pulchella_5_view1_zstack_slice_z0015.png,train
Quinqueloculina pulchella,5,1,data/train_images/S005_A000_Z0016_C00.tif,zstack_slice,16.0,data/train_images/Quinqueloculina pulchella_5_view1_zstack_slice_z0016.png,train
Quinqueloculina pulchella,5,1,data/train_images/S005_A000_Z0017_C00.tif,zstack_slice,17.0,data/train_images/Quinqueloculina pulchella_5_view1_zstack_slice_z0017.png,train
Quinqueloculina pulchella,5,1,data/train_images/S005_A000_Z0018_C00.tif,zstack_slice,18.0,data/train_images/Quinqueloculina pulchella_5_view1_zstack_slice_z0018.png,train
Quinqueloculina pulchella,5,1,data/train_images/S005_A000_Z0019_C00.tif,zstack_slice,19.0,data/train_images/Quinqueloculina pulchella_5_view1_zstack_slice_z0019.png,train
Quinqueloculina pulchella,5,1,data/train_images/S005_A000_Z0020_C00.tif,zstack_slice,20.0,data/train_images/Quinqueloculina pulchella_5_view1_zstack_slice_z0020.png,train
Quinqueloculina pulchella,5,1,data/train_images/S005_A000_Z0021_C00.tif,zstack_slice,21.0,data/train_images/Quinqueloculina pulchella_5_view1_zstack_slice_z0021.png,train
Quinqueloculina pulchella,5,1,data/train_images/S005_A000_Z0022_C00.tif,zstack_slice,22.0,data/train_images/Quinqueloculina pulchella_5_view1_zstack_slice_z0022.png,train
Quinqueloculina pulchella,5,1,data/train_images/S005_A000_Z0023_C00.tif,zstack_slice,23.0,data/train_images/Quinqueloculina pulchella_5_view1_zstack_slice_z0023.png,train
Quinqueloculina pulchella,5,1,data/train_images/S005_A000_Z0024_C00.tif,zstack_slice,24.0,data/train_images/Quinqueloculina pulchella_5_view1_zstack_slice_z0024.png,train
Quinqueloculina pulchella,5,1,data/train_images/S005_A000_Z0025_C00.tif,zstack_slice,25.0,data/train_images/Quinqueloculina pulchella_5_view1_zstack_slice_z0025.png,train
Quinqueloculina pulchella,5,1,data/train_images/S005_A000_Z0026_C00.tif,zstack_slice,26.0,data/train_images/Quinqueloculina pulchella_5_view1_zstack_slice_z0026.png,train
Quinqueloculina pulchella,5,1,data/train_images/S005_A000_Z0027_C00.tif,zstack_slice,27.0,data/train_images/Quinqueloculina pulchella_5_view1_zstack_slice_z0027.png,train
Quinqueloculina pulchella,5,1,data/train_images/S005_A000_Z0028_C00.tif,zstack_slice,28.0,data/train_images/Quinqueloculina pulchella_5_view1_zstack_slice_z0028.png,train
Quinqueloculina pulchella,5,1,data/train_images/S005_A000_Z0029_C00.tif,zstack_slice,29.0,data/train_images/Quinqueloculina pulchella_5_view1_zstack_slice_z0029.png,train
Quinqueloculina pulchella,5,1,data/train_images/S005_A000_Z0030_C00.tif,zstack_slice,30.0,data/train_images/Quinqueloculina pulchella_5_view1_zstack_slice_z0030.png,train
Quinqueloculina pulchella,5,1,data/train_images/S005_A000_Z0031_C00.tif,zstack_slice,31.0,data/train_images/Quinqueloculina pulchella_5_view1_zstack_slice_z0031.png,train
Quinqueloculina pulchella,5,1,data/train_images/S005_A000_Z0032_C00.tif,zstack_slice,32.0,data/train_images/Quinqueloculina pulchella_5_view1_zstack_slice_z0032.png,train
Quinqueloculina pulchella,5,1,data/train_images/S005_A000_Z0033_C00.tif,zstack_slice,33.0,data/train_images/Quinqueloculina pulchella_5_view1_zstack_slice_z0033.png,train
Quinqueloculina pulchella,5,1,data/train_images/S005_A000_Z0034_C00.tif,zstack_slice,34.0,data/train_images/Quinqueloculina pulchella_5_view1_zstack_slice_z0034.png,train
Quinqueloculina pulchella,5,1,data/train_images/S005_A000_Z0035_C00.tif,zstack_slice,35.0,data/train_images/Quinqueloculina pulchella_5_view1_zstack_slice_z0035.png,train
Quinqueloculina pulchella,5,1,data/train_images/S005_A000_Z0036_C00.tif,zstack_slice,36.0,data/train_images/Quinqueloculina pulchella_5_view1_zstack_slice_z0036.png,train
Quinqueloculina pulchella,5,1,data/train_images/S005_A000_Z0037_C00.tif,zstack_slice,37.0,data/train_images/Quinqueloculina pulchella_5_view1_zstack_slice_z0037.png,train
Quinqueloculina pulchella,5,1,data/train_images/S005_A000_Z0038_C00.tif,zstack_slice,38.0,data/train_images/Quinqueloculina pulchella_5_view1_zstack_slice_z0038.png,train
Quinqueloculina pulchella,5,1,data/train_images/S005_A000_Z0039_C00.tif,zstack_slice,39.0,data/train_images/Quinqueloculina pulchella_5_view1_zstack_slice_z0039.png,train
Quinqueloculina pulchella,5,1,data/train_images/S005_A000_Z0040_C00.tif,zstack_slice,40.0,data/train_images/Quinqueloculina pulchella_5_view1_zstack_slice_z0040.png,train
Quinqueloculina pulchella,5,1,data/train_images/S005_A000_Z0041_C00.tif,zstack_slice,41.0,data/train_images/Quinqueloculina pulchella_5_view1_zstack_slice_z0041.png,train
Quinqueloculina pulchella,5,1,data/train_images/S005_A000_Z0042_C00.tif,zstack_slice,42.0,data/train_images/Quinqueloculina pulchella_5_view1_zstack_slice_z0042.png,train
Quinqueloculina pulchella,5,1,data/train_images/S005_A000_Z0043_C00.tif,zstack_slice,43.0,data/train_images/Quinqueloculina pulchella_5_view1_zstack_slice_z0043.png,train
Quinqueloculina pulchella,5,3,data/train_images/Quinqueloculina pulchella_5_view3_gif_original.png,gif_original,,data/train_images/Quinqueloculina pulchella_5_view3_gif_original.png,train
Quinqueloculina pulchella,5,3,data/train_images/S005_A120_stacked.tif,stacked_tiff,,data/train_images/Quinqueloculina pulchella_5_view3_stacked_tiff.png,train
Quinqueloculina pulchella,5,3,data/train_images/S005_A120_Z0000_C00.tif,zstack_slice,0.0,data/train_images/Quinqueloculina pulchella_5_view3_zstack_slice_z0000.png,train
Quinqueloculina pulchella,5,3,data/train_images/S005_A120_Z0001_C00.tif,zstack_slice,1.0,data/train_images/Quinqueloculina pulchella_5_view3_zstack_slice_z0001.png,train
Quinqueloculina pulchella,5,3,data/train_images/S005_A120_Z0002_C00.tif,zstack_slice,2.0,data/train_images/Quinqueloculina pulchella_5_view3_zstack_slice_z0002.png,train
Quinqueloculina pulchella,5,3,data/train_images/S005_A120_Z0003_C00.tif,zstack_slice,3.0,data/train_images/Quinqueloculina pulchella_5_view3_zstack_slice_z0003.png,train
Quinqueloculina pulchella,5,3,data/train_images/S005_A120_Z0004_C00.tif,zstack_slice,4.0,data/train_images/Quinqueloculina pulchella_5_view3_zstack_slice_z0004.png,train
Quinqueloculina pulchella,5,3,data/train_images/S005_A120_Z0005_C00.tif,zstack_slice,5.0,data/train_images/Quinqueloculina pulchella_5_view3_zstack_slice_z0005.png,train
Quinqueloculina pulchella,5,3,data/train_images/S005_A120_Z0006_C00.tif,zstack_slice,6.0,data/train_images/Quinqueloculina pulchella_5_view3_zstack_slice_z0006.png,train
Quinqueloculina pulchella,5,3,data/train_images/S005_A120_Z0007_C00.tif,zstack_slice,7.0,data/train_images/Quinqueloculina pulchella_5_view3_zstack_slice_z0007.png,train
Quinqueloculina pulchella,5,3,data/train_images/S005_A120_Z0008_C00.tif,zstack_slice,8.0,data/train_images/Quinqueloculina pulchella_5_view3_zstack_slice_z0008.png,train
Quinqueloculina pulchella,5,3,data/train_images/S005_A120_Z0009_C00.tif,zstack_slice,9.0,data/train_images/Quinqueloculina pulchella_5_view3_zstack_slice_z0009.png,train
Quinqueloculina pulchella,5,3,data/train_images/S005_A120_Z0010_C00.tif,zstack_slice,10.0,data/train_images/Quinqueloculina pulchella_5_view3_zstack_slice_z0010.png,train
Quinqueloculina pulchella,5,3,data/train_images/S005_A120_Z0011_C00.tif,zstack_slice,11.0,data/train_images/Quinqueloculina pulchella_5_view3_zstack_slice_z0011.png,train
Quinqueloculina pulchella,5,3,data/train_images/S005_A120_Z0012_C00.tif,zstack_slice,12.0,data/train_images/Quinqueloculina pulchella_5_view3_zstack_slice_z0012.png,train
Quinqueloculina pulchella,5,3,data/train_images/S005_A120_Z0013_C00.tif,zstack_slice,13.0,data/train_images/Quinqueloculina pulchella_5_view3_zstack_slice_z0013.png,train
Quinqueloculina pulchella,5,3,data/train_images/S005_A120_Z0014_C00.tif,zstack_slice,14.0,data/train_images/Quinqueloculina pulchella_5_view3_zstack_slice_z0014.png,train
Quinqueloculina pulchella,5,3,data/train_images/S005_A120_Z0015_C00.tif,zstack_slice,15.0,data/train_images/Quinqueloculina pulchella_5_view3_zstack_slice_z0015.png,train
Quinqueloculina pulchella,5,3,data/train_images/S005_A120_Z0016_C00.tif,zstack_slice,16.0,data/train_images/Quinqueloculina pulchella_5_view3_zstack_slice_z0016.png,train
Quinqueloculina pulchella,5,3,data/train_images/S005_A120_Z0017_C00.tif,zstack_slice,17.0,data/train_images/Quinqueloculina pulchella_5_view3_zstack_slice_z0017.png,train
Quinqueloculina pulchella,5,3,data/train_images/S005_A120_Z0018_C00.tif,zstack_slice,18.0,data/train_images/Quinqueloculina pulchella_5_view3_zstack_slice_z0018.png,train
Quinqueloculina pulchella,5,3,data/train_images/S005_A120_Z0019_C00.tif,zstack_slice,19.0,data/train_images/Quinqueloculina pulchella_5_view3_zstack_slice_z0019.png,train
Quinqueloculina pulchella,5,3,data/train_images/S005_A120_Z0020_C00.tif,zstack_slice,20.0,data/train_images/Quinqueloculina pulchella_5_view3_zstack_slice_z0020.png,train
Quinqueloculina pulchella,5,3,data/train_images/S005_A120_Z0021_C00.tif,zstack_slice,21.0,data/train_images/Quinqueloculina pulchella_5_view3_zstack_slice_z0021.png,train
Quinqueloculina pulchella,5,3,data/train_images/S005_A120_Z0022_C00.tif,zstack_slice,22.0,data/train_images/Quinqueloculina pulchella_5_view3_zstack_slice_z0022.png,train
Quinqueloculina pulchella,5,3,data/train_images/S005_A120_Z0023_C00.tif,zstack_slice,23.0,data/train_images/Quinqueloculina pulchella_5_view3_zstack_slice_z0023.png,train
Quinqueloculina pulchella,5,3,data/train_images/S005_A120_Z0024_C00.tif,zstack_slice,24.0,data/train_images/Quinqueloculina pulchella_5_view3_zstack_slice_z0024.png,train
Quinqueloculina pulchella,5,3,data/train_images/S005_A120_Z0025_C00.tif,zstack_slice,25.0,data/train_images/Quinqueloculina pulchella_5_view3_zstack_slice_z0025.png,train
Quinqueloculina pulchella,5,3,data/train_images/S005_A120_Z0026_C00.tif,zstack_slice,26.0,data/train_images/Quinqueloculina pulchella_5_view3_zstack_slice_z0026.png,train
Quinqueloculina pulchella,5,3,data/train_images/S005_A120_Z0027_C00.tif,zstack_slice,27.0,data/train_images/Quinqueloculina pulchella_5_view3_zstack_slice_z0027.png,train
Quinqueloculina pulchella,5,3,data/train_images/S005_A120_Z0028_C00.tif,zstack_slice,28.0,data/train_images/Quinqueloculina pulchella_5_view3_zstack_slice_z0028.png,train
Quinqueloculina pulchella,5,3,data/train_images/S005_A120_Z0029_C00.tif,zstack_slice,29.0,data/train_images/Quinqueloculina pulchella_5_view3_zstack_slice_z0029.png,train
Quinqueloculina pulchella,5,3,data/train_images/S005_A120_Z0030_C00.tif,zstack_slice,30.0,data/train_images/Quinqueloculina pulchella_5_view3_zstack_slice_z0030.png,train
Quinqueloculina pulchella,5,3,data/train_images/S005_A120_Z0031_C00.tif,zstack_slice,31.0,data/train_images/Quinqueloculina pulchella_5_view3_zstack_slice_z0031.png,train
Quinqueloculina pulchella,5,3,data/train_images/S005_A120_Z0032_C00.tif,zstack_slice,32.0,data/train_images/Quinqueloculina pulchella_5_view3_zstack_slice_z0032.png,train
Quinqueloculina pulchella,5,3,data/train_images/S005_A120_Z0033_C00.tif,zstack_slice,33.0,data/train_images/Quinqueloculina pulchella_5_view3_zstack_slice_z0033.png,train
Quinqueloculina pulchella,5,3,data/train_images/S005_A120_Z0034_C00.tif,zstack_slice,34.0,data/train_images/Quinqueloculina pulchella_5_view3_zstack_slice_z0034.png,train
Quinqueloculina pulchella,5,3,data/train_images/S005_A120_Z0035_C00.tif,zstack_slice,35.0,data/train_images/Quinqueloculina pulchella_5_view3_zstack_slice_z0035.png,train
Quinqueloculina pulchella,5,3,data/train_images/S005_A120_Z0036_C00.tif,zstack_slice,36.0,data/train_images/Quinqueloculina pulchella_5_view3_zstack_slice_z0036.png,train
Quinqueloculina pulchella,5,3,data/train_images/S005_A120_Z0037_C00.tif,zstack_slice,37.0,data/train_images/Quinqueloculina pulchella_5_view3_zstack_slice_z0037.png,train
Quinqueloculina pulchella,5,3,data/train_images/S005_A120_Z0038_C00.tif,zstack_slice,38.0,data/train_images/Quinqueloculina pulchella_5_view3_zstack_slice_z0038.png,train
Quinqueloculina pulchella,5,3,data/train_images/S005_A120_Z0039_C00.tif,zstack_slice,39.0,data/train_images/Quinqueloculina pulchella_5_view3_zstack_slice_z0039.png,train
Quinqueloculina pulchella,5,3,data/train_images/S005_A120_Z0040_C00.tif,zstack_slice,40.0,data/train_images/Quinqueloculina pulchella_5_view3_zstack_slice_z0040.png,train
Quinqueloculina pulchella,5,3,data/train_images/S005_A120_Z0041_C00.tif,zstack_slice,41.0,data/train_images/Quinqueloculina pulchella_5_view3_zstack_slice_z0041.png,train
Quinqueloculina pulchella,5,3,data/train_images/S005_A120_Z0042_C00.tif,zstack_slice,42.0,data/train_images/Quinqueloculina pulchella_5_view3_zstack_slice_z0042.png,train
Quinqueloculina pulchella,5,3,data/train_images/S005_A120_Z0043_C00.tif,zstack_slice,43.0,data/train_images/Quinqueloculina pulchella_5_view3_zstack_slice_z0043.png,train
Quinqueloculina pulchella,5,3,data/train_images/S005_A120_Z0044_C00.tif,zstack_slice,44.0,data/train_images/Quinqueloculina pulchella_5_view3_zstack_slice_z0044.png,train
Quinqueloculina pulchella,5,3,data/train_images/S005_A120_Z0045_C00.tif,zstack_slice,45.0,data/train_images/Quinqueloculina pulchella_5_view3_zstack_slice_z0045.png,train
Quinqueloculina pulchella,5,3,data/train_images/S005_A120_Z0046_C00.tif,zstack_slice,46.0,data/train_images/Quinqueloculina pulchella_5_view3_zstack_slice_z0046.png,train
Quinqueloculina pulchella,5,3,data/train_images/S005_A120_Z0047_C00.tif,zstack_slice,47.0,data/train_images/Quinqueloculina pulchella_5_view3_zstack_slice_z0047.png,train
Quinqueloculina pulchella,5,3,data/train_images/S005_A120_Z0048_C00.tif,zstack_slice,48.0,data/train_images/Quinqueloculina pulchella_5_view3_zstack_slice_z0048.png,train
Quinqueloculina pulchella,5,3,data/train_images/S005_A120_Z0049_C00.tif,zstack_slice,49.0,data/train_images/Quinqueloculina pulchella_5_view3_zstack_slice_z0049.png,train
Quinqueloculina pulchella,5,3,data/train_images/S005_A120_Z0050_C00.tif,zstack_slice,50.0,data/train_images/Quinqueloculina pulchella_5_view3_zstack_slice_z0050.png,train
Quinqueloculina pulchella,5,3,data/train_images/S005_A120_Z0051_C00.tif,zstack_slice,51.0,data/train_images/Quinqueloculina pulchella_5_view3_zstack_slice_z0051.png,train
Quinqueloculina pulchella,5,3,data/train_images/S005_A120_Z0052_C00.tif,zstack_slice,52.0,data/train_images/Quinqueloculina pulchella_5_view3_zstack_slice_z0052.png,train
Quinqueloculina pulchella,5,3,data/train_images/S005_A120_Z0053_C00.tif,zstack_slice,53.0,data/train_images/Quinqueloculina pulchella_5_view3_zstack_slice_z0053.png,train
Quinqueloculina pulchella,5,3,data/train_images/S005_A120_Z0054_C00.tif,zstack_slice,54.0,data/train_images/Quinqueloculina pulchella_5_view3_zstack_slice_z0054.png,train
Quinqueloculina pulchella,5,3,data/train_images/S005_A120_Z0055_C00.tif,zstack_slice,55.0,data/train_images/Quinqueloculina pulchella_5_view3_zstack_slice_z0055.png,train
Quinqueloculina pulchella,5,3,data/train_images/S005_A120_Z0056_C00.tif,zstack_slice,56.0,data/train_images/Quinqueloculina pulchella_5_view3_zstack_slice_z0056.png,train
Quinqueloculina pulchella,5,3,data/train_images/S005_A120_Z0057_C00.tif,zstack_slice,57.0,data/train_images/Quinqueloculina pulchella_5_view3_zstack_slice_z0057.png,train
Quinqueloculina pulchella,5,3,data/train_images/S005_A120_Z0058_C00.tif,zstack_slice,58.0,data/train_images/Quinqueloculina pulchella_5_view3_zstack_slice_z0058.png,train
Quinqueloculina pulchella,5,3,data/train_images/S005_A120_Z0059_C00.tif,zstack_slice,59.0,data/train_images/Quinqueloculina pulchella_5_view3_zstack_slice_z0059.png,train
Quinqueloculina pulchella,5,3,data/train_images/S005_A120_Z0060_C00.tif,zstack_slice,60.0,data/train_images/Quinqueloculina pulchella_5_view3_zstack_slice_z0060.png,train
Quinqueloculina pulchella,5,3,data/train_images/S005_A120_Z0061_C00.tif,zstack_slice,61.0,data/train_images/Quinqueloculina pulchella_5_view3_zstack_slice_z0061.png,train
Quinqueloculina pulchella,5,4,data/train_images/Quinqueloculina pulchella_5_view4_gif_original.png,gif_original,,data/train_images/Quinqueloculina pulchella_5_view4_gif_original.png,train
Quinqueloculina pulchella,5,4,data/train_images/S005_A180_stacked.tif,stacked_tiff,,data/train_images/Quinqueloculina pulchella_5_view4_stacked_tiff.png,train
Quinqueloculina pulchella,5,4,data/train_images/S005_A180_Z0000_C00.tif,zstack_slice,0.0,data/train_images/Quinqueloculina pulchella_5_view4_zstack_slice_z0000.png,train
Quinqueloculina pulchella,5,4,data/train_images/S005_A180_Z0001_C00.tif,zstack_slice,1.0,data/train_images/Quinqueloculina pulchella_5_view4_zstack_slice_z0001.png,train
Quinqueloculina pulchella,5,4,data/train_images/S005_A180_Z0002_C00.tif,zstack_slice,2.0,data/train_images/Quinqueloculina pulchella_5_view4_zstack_slice_z0002.png,train
Quinqueloculina pulchella,5,4,data/train_images/S005_A180_Z0003_C00.tif,zstack_slice,3.0,data/train_images/Quinqueloculina pulchella_5_view4_zstack_slice_z0003.png,train
Quinqueloculina pulchella,5,4,data/train_images/S005_A180_Z0004_C00.tif,zstack_slice,4.0,data/train_images/Quinqueloculina pulchella_5_view4_zstack_slice_z0004.png,train
Quinqueloculina pulchella,5,4,data/train_images/S005_A180_Z0005_C00.tif,zstack_slice,5.0,data/train_images/Quinqueloculina pulchella_5_view4_zstack_slice_z0005.png,train
Quinqueloculina pulchella,5,4,data/train_images/S005_A180_Z0006_C00.tif,zstack_slice,6.0,data/train_images/Quinqueloculina pulchella_5_view4_zstack_slice_z0006.png,train
Quinqueloculina pulchella,5,4,data/train_images/S005_A180_Z0007_C00.tif,zstack_slice,7.0,data/train_images/Quinqueloculina pulchella_5_view4_zstack_slice_z0007.png,train
Quinqueloculina pulchella,5,4,data/train_images/S005_A180_Z0008_C00.tif,zstack_slice,8.0,data/train_images/Quinqueloculina pulchella_5_view4_zstack_slice_z0008.png,train
Quinqueloculina pulchella,5,4,data/train_images/S005_A180_Z0009_C00.tif,zstack_slice,9.0,data/train_images/Quinqueloculina pulchella_5_view4_zstack_slice_z0009.png,train
Quinqueloculina pulchella,5,4,data/train_images/S005_A180_Z0010_C00.tif,zstack_slice,10.0,data/train_images/Quinqueloculina pulchella_5_view4_zstack_slice_z0010.png,train
Quinqueloculina pulchella,5,4,data/train_images/S005_A180_Z0011_C00.tif,zstack_slice,11.0,data/train_images/Quinqueloculina pulchella_5_view4_zstack_slice_z0011.png,train
Quinqueloculina pulchella,5,4,data/train_images/S005_A180_Z0012_C00.tif,zstack_slice,12.0,data/train_images/Quinqueloculina pulchella_5_view4_zstack_slice_z0012.png,train
Quinqueloculina pulchella,5,4,data/train_images/S005_A180_Z0013_C00.tif,zstack_slice,13.0,data/train_images/Quinqueloculina pulchella_5_view4_zstack_slice_z0013.png,train
Quinqueloculina pulchella,5,4,data/train_images/S005_A180_Z0014_C00.tif,zstack_slice,14.0,data/train_images/Quinqueloculina pulchella_5_view4_zstack_slice_z0014.png,train
Quinqueloculina pulchella,5,4,data/train_images/S005_A180_Z0015_C00.tif,zstack_slice,15.0,data/train_images/Quinqueloculina pulchella_5_view4_zstack_slice_z0015.png,train
Quinqueloculina pulchella,5,4,data/train_images/S005_A180_Z0016_C00.tif,zstack_slice,16.0,data/train_images/Quinqueloculina pulchella_5_view4_zstack_slice_z0016.png,train
Quinqueloculina pulchella,5,4,data/train_images/S005_A180_Z0017_C00.tif,zstack_slice,17.0,data/train_images/Quinqueloculina pulchella_5_view4_zstack_slice_z0017.png,train
Quinqueloculina pulchella,5,4,data/train_images/S005_A180_Z0018_C00.tif,zstack_slice,18.0,data/train_images/Quinqueloculina pulchella_5_view4_zstack_slice_z0018.png,train
Quinqueloculina pulchella,5,4,data/train_images/S005_A180_Z0019_C00.tif,zstack_slice,19.0,data/train_images/Quinqueloculina pulchella_5_view4_zstack_slice_z0019.png,train
Quinqueloculina pulchella,5,4,data/train_images/S005_A180_Z0020_C00.tif,zstack_slice,20.0,data/train_images/Quinqueloculina pulchella_5_view4_zstack_slice_z0020.png,train
Quinqueloculina pulchella,5,4,data/train_images/S005_A180_Z0021_C00.tif,zstack_slice,21.0,data/train_images/Quinqueloculina pulchella_5_view4_zstack_slice_z0021.png,train
Quinqueloculina pulchella,5,4,data/train_images/S005_A180_Z0022_C00.tif,zstack_slice,22.0,data/train_images/Quinqueloculina pulchella_5_view4_zstack_slice_z0022.png,train
Quinqueloculina pulchella,5,4,data/train_images/S005_A180_Z0023_C00.tif,zstack_slice,23.0,data/train_images/Quinqueloculina pulchella_5_view4_zstack_slice_z0023.png,train
Quinqueloculina pulchella,5,4,data/train_images/S005_A180_Z0024_C00.tif,zstack_slice,24.0,data/train_images/Quinqueloculina pulchella_5_view4_zstack_slice_z0024.png,train
Quinqueloculina pulchella,5,4,data/train_images/S005_A180_Z0025_C00.tif,zstack_slice,25.0,data/train_images/Quinqueloculina pulchella_5_view4_zstack_slice_z0025.png,train
Quinqueloculina pulchella,5,4,data/train_images/S005_A180_Z0026_C00.tif,zstack_slice,26.0,data/train_images/Quinqueloculina pulchella_5_view4_zstack_slice_z0026.png,train
Quinqueloculina pulchella,5,4,data/train_images/S005_A180_Z0027_C00.tif,zstack_slice,27.0,data/train_images/Quinqueloculina pulchella_5_view4_zstack_slice_z0027.png,train
Quinqueloculina pulchella,5,4,data/train_images/S005_A180_Z0028_C00.tif,zstack_slice,28.0,data/train_images/Quinqueloculina pulchella_5_view4_zstack_slice_z0028.png,train
Quinqueloculina pulchella,5,4,data/train_images/S005_A180_Z0029_C00.tif,zstack_slice,29.0,data/train_images/Quinqueloculina pulchella_5_view4_zstack_slice_z0029.png,train
Quinqueloculina pulchella,5,4,data/train_images/S005_A180_Z0030_C00.tif,zstack_slice,30.0,data/train_images/Quinqueloculina pulchella_5_view4_zstack_slice_z0030.png,train
Quinqueloculina pulchella,5,4,data/train_images/S005_A180_Z0031_C00.tif,zstack_slice,31.0,data/train_images/Quinqueloculina pulchella_5_view4_zstack_slice_z0031.png,train
Quinqueloculina pulchella,5,4,data/train_images/S005_A180_Z0032_C00.tif,zstack_slice,32.0,data/train_images/Quinqueloculina pulchella_5_view4_zstack_slice_z0032.png,train
Quinqueloculina pulchella,5,4,data/train_images/S005_A180_Z0033_C00.tif,zstack_slice,33.0,data/train_images/Quinqueloculina pulchella_5_view4_zstack_slice_z0033.png,train
Quinqueloculina pulchella,5,4,data/train_images/S005_A180_Z0034_C00.tif,zstack_slice,34.0,data/train_images/Quinqueloculina pulchella_5_view4_zstack_slice_z0034.png,train
Quinqueloculina pulchella,5,4,data/train_images/S005_A180_Z0035_C00.tif,zstack_slice,35.0,data/train_images/Quinqueloculina pulchella_5_view4_zstack_slice_z0035.png,train
Quinqueloculina pulchella,5,4,data/train_images/S005_A180_Z0036_C00.tif,zstack_slice,36.0,data/train_images/Quinqueloculina pulchella_5_view4_zstack_slice_z0036.png,train
Quinqueloculina pulchella,5,4,data/train_images/S005_A180_Z0037_C00.tif,zstack_slice,37.0,data/train_images/Quinqueloculina pulchella_5_view4_zstack_slice_z0037.png,train
Quinqueloculina pulchella,5,4,data/train_images/S005_A180_Z0038_C00.tif,zstack_slice,38.0,data/train_images/Quinqueloculina pulchella_5_view4_zstack_slice_z0038.png,train
Quinqueloculina pulchella,5,4,data/train_images/S005_A180_Z0039_C00.tif,zstack_slice,39.0,data/train_images/Quinqueloculina pulchella_5_view4_zstack_slice_z0039.png,train
Quinqueloculina pulchella,5,4,data/train_images/S005_A180_Z0040_C00.tif,zstack_slice,40.0,data/train_images/Quinqueloculina pulchella_5_view4_zstack_slice_z0040.png,train
Quinqueloculina pulchella,5,4,data/train_images/S005_A180_Z0041_C00.tif,zstack_slice,41.0,data/train_images/Quinqueloculina pulchella_5_view4_zstack_slice_z0041.png,train
Quinqueloculina pulchella,5,4,data/train_images/S005_A180_Z0042_C00.tif,zstack_slice,42.0,data/train_images/Quinqueloculina pulchella_5_view4_zstack_slice_z0042.png,train
Quinqueloculina pulchella,5,4,data/train_images/S005_A180_Z0043_C00.tif,zstack_slice,43.0,data/train_images/Quinqueloculina pulchella_5_view4_zstack_slice_z0043.png,train
Quinqueloculina pulchella,5,5,data/train_images/Quinqueloculina pulchella_5_view5_gif_original.png,gif_original,,data/train_images/Quinqueloculina pulchella_5_view5_gif_original.png,train
Quinqueloculina pulchella,5,5,data/train_images/S005_A240_stacked.tif,stacked_tiff,,data/train_images/Quinqueloculina pulchella_5_view5_stacked_tiff.png,train
Quinqueloculina pulchella,5,5,data/train_images/S005_A240_Z0000_C00.tif,zstack_slice,0.0,data/train_images/Quinqueloculina pulchella_5_view5_zstack_slice_z0000.png,train
Quinqueloculina pulchella,5,5,data/train_images/S005_A240_Z0001_C00.tif,zstack_slice,1.0,data/train_images/Quinqueloculina pulchella_5_view5_zstack_slice_z0001.png,train
Quinqueloculina pulchella,5,5,data/train_images/S005_A240_Z0002_C00.tif,zstack_slice,2.0,data/train_images/Quinqueloculina pulchella_5_view5_zstack_slice_z0002.png,train
Quinqueloculina pulchella,5,5,data/train_images/S005_A240_Z0003_C00.tif,zstack_slice,3.0,data/train_images/Quinqueloculina pulchella_5_view5_zstack_slice_z0003.png,train
Quinqueloculina pulchella,5,5,data/train_images/S005_A240_Z0004_C00.tif,zstack_slice,4.0,data/train_images/Quinqueloculina pulchella_5_view5_zstack_slice_z0004.png,train
Quinqueloculina pulchella,5,5,data/train_images/S005_A240_Z0005_C00.tif,zstack_slice,5.0,data/train_images/Quinqueloculina pulchella_5_view5_zstack_slice_z0005.png,train
Quinqueloculina pulchella,5,5,data/train_images/S005_A240_Z0006_C00.tif,zstack_slice,6.0,data/train_images/Quinqueloculina pulchella_5_view5_zstack_slice_z0006.png,train
Quinqueloculina pulchella,5,5,data/train_images/S005_A240_Z0007_C00.tif,zstack_slice,7.0,data/train_images/Quinqueloculina pulchella_5_view5_zstack_slice_z0007.png,train
Quinqueloculina pulchella,5,5,data/train_images/S005_A240_Z0008_C00.tif,zstack_slice,8.0,data/train_images/Quinqueloculina pulchella_5_view5_zstack_slice_z0008.png,train
Quinqueloculina pulchella,5,5,data/train_images/S005_A240_Z0009_C00.tif,zstack_slice,9.0,data/train_images/Quinqueloculina pulchella_5_view5_zstack_slice_z0009.png,train
Quinqueloculina pulchella,5,5,data/train_images/S005_A240_Z0010_C00.tif,zstack_slice,10.0,data/train_images/Quinqueloculina pulchella_5_view5_zstack_slice_z0010.png,train
Quinqueloculina pulchella,5,5,data/train_images/S005_A240_Z0011_C00.tif,zstack_slice,11.0,data/train_images/Quinqueloculina pulchella_5_view5_zstack_slice_z0011.png,train
Quinqueloculina pulchella,5,5,data/train_images/S005_A240_Z0012_C00.tif,zstack_slice,12.0,data/train_images/Quinqueloculina pulchella_5_view5_zstack_slice_z0012.png,train
Quinqueloculina pulchella,5,5,data/train_images/S005_A240_Z0013_C00.tif,zstack_slice,13.0,data/train_images/Quinqueloculina pulchella_5_view5_zstack_slice_z0013.png,train
Quinqueloculina pulchella,5,5,data/train_images/S005_A240_Z0014_C00.tif,zstack_slice,14.0,data/train_images/Quinqueloculina pulchella_5_view5_zstack_slice_z0014.png,train
Quinqueloculina pulchella,5,5,data/train_images/S005_A240_Z0015_C00.tif,zstack_slice,15.0,data/train_images/Quinqueloculina pulchella_5_view5_zstack_slice_z0015.png,train
Quinqueloculina pulchella,5,5,data/train_images/S005_A240_Z0016_C00.tif,zstack_slice,16.0,data/train_images/Quinqueloculina pulchella_5_view5_zstack_slice_z0016.png,train
Quinqueloculina pulchella,5,5,data/train_images/S005_A240_Z0017_C00.tif,zstack_slice,17.0,data/train_images/Quinqueloculina pulchella_5_view5_zstack_slice_z0017.png,train
Quinqueloculina pulchella,5,5,data/train_images/S005_A240_Z0018_C00.tif,zstack_slice,18.0,data/train_images/Quinqueloculina pulchella_5_view5_zstack_slice_z0018.png,train
Quinqueloculina pulchella,5,5,data/train_images/S005_A240_Z0019_C00.tif,zstack_slice,19.0,data/train_images/Quinqueloculina pulchella_5_view5_zstack_slice_z0019.png,train
Quinqueloculina pulchella,5,5,data/train_images/S005_A240_Z0020_C00.tif,zstack_slice,20.0,data/train_images/Quinqueloculina pulchella_5_view5_zstack_slice_z0020.png,train
Quinqueloculina pulchella,5,5,data/train_images/S005_A240_Z0021_C00.tif,zstack_slice,21.0,data/train_images/Quinqueloculina pulchella_5_view5_zstack_slice_z0021.png,train
Quinqueloculina pulchella,5,5,data/train_images/S005_A240_Z0022_C00.tif,zstack_slice,22.0,data/train_images/Quinqueloculina pulchella_5_view5_zstack_slice_z0022.png,train
Quinqueloculina pulchella,5,5,data/train_images/S005_A240_Z0023_C00.tif,zstack_slice,23.0,data/train_images/Quinqueloculina pulchella_5_view5_zstack_slice_z0023.png,train
Quinqueloculina pulchella,5,5,data/train_images/S005_A240_Z0024_C00.tif,zstack_slice,24.0,data/train_images/Quinqueloculina pulchella_5_view5_zstack_slice_z0024.png,train
Quinqueloculina pulchella,5,5,data/train_images/S005_A240_Z0025_C00.tif,zstack_slice,25.0,data/train_images/Quinqueloculina pulchella_5_view5_zstack_slice_z0025.png,train
Quinqueloculina pulchella,5,5,data/train_images/S005_A240_Z0026_C00.tif,zstack_slice,26.0,data/train_images/Quinqueloculina pulchella_5_view5_zstack_slice_z0026.png,train
Quinqueloculina pulchella,5,5,data/train_images/S005_A240_Z0027_C00.tif,zstack_slice,27.0,data/train_images/Quinqueloculina pulchella_5_view5_zstack_slice_z0027.png,train
Quinqueloculina pulchella,5,5,data/train_images/S005_A240_Z0028_C00.tif,zstack_slice,28.0,data/train_images/Quinqueloculina pulchella_5_view5_zstack_slice_z0028.png,train
Quinqueloculina pulchella,5,5,data/train_images/S005_A240_Z0029_C00.tif,zstack_slice,29.0,data/train_images/Quinqueloculina pulchella_5_view5_zstack_slice_z0029.png,train
Quinqueloculina pulchella,5,5,data/train_images/S005_A240_Z0030_C00.tif,zstack_slice,30.0,data/train_images/Quinqueloculina pulchella_5_view5_zstack_slice_z0030.png,train
Quinqueloculina pulchella,5,5,data/train_images/S005_A240_Z0031_C00.tif,zstack_slice,31.0,data/train_images/Quinqueloculina pulchella_5_view5_zstack_slice_z0031.png,train
Quinqueloculina pulchella,5,5,data/train_images/S005_A240_Z0032_C00.tif,zstack_slice,32.0,data/train_images/Quinqueloculina pulchella_5_view5_zstack_slice_z0032.png,train
Quinqueloculina pulchella,5,5,data/train_images/S005_A240_Z0033_C00.tif,zstack_slice,33.0,data/train_images/Quinqueloculina pulchella_5_view5_zstack_slice_z0033.png,train
Quinqueloculina pulchella,5,5,data/train_images/S005_A240_Z0034_C00.tif,zstack_slice,34.0,data/train_images/Quinqueloculina pulchella_5_view5_zstack_slice_z0034.png,train
Quinqueloculina pulchella,5,5,data/train_images/S005_A240_Z0035_C00.tif,zstack_slice,35.0,data/train_images/Quinqueloculina pulchella_5_view5_zstack_slice_z0035.png,train
Quinqueloculina pulchella,5,5,data/train_images/S005_A240_Z0036_C00.tif,zstack_slice,36.0,data/train_images/Quinqueloculina pulchella_5_view5_zstack_slice_z0036.png,train
Quinqueloculina pulchella,5,5,data/train_images/S005_A240_Z0037_C00.tif,zstack_slice,37.0,data/train_images/Quinqueloculina pulchella_5_view5_zstack_slice_z0037.png,train
Quinqueloculina pulchella,5,5,data/train_images/S005_A240_Z0038_C00.tif,zstack_slice,38.0,data/train_images/Quinqueloculina pulchella_5_view5_zstack_slice_z0038.png,train
Quinqueloculina pulchella,5,5,data/train_images/S005_A240_Z0039_C00.tif,zstack_slice,39.0,data/train_images/Quinqueloculina pulchella_5_view5_zstack_slice_z0039.png,train
Quinqueloculina pulchella,5,5,data/train_images/S005_A240_Z0040_C00.tif,zstack_slice,40.0,data/train_images/Quinqueloculina pulchella_5_view5_zstack_slice_z0040.png,train
Quinqueloculina pulchella,5,5,data/train_images/S005_A240_Z0041_C00.tif,zstack_slice,41.0,data/train_images/Quinqueloculina pulchella_5_view5_zstack_slice_z0041.png,train
Quinqueloculina pulchella,5,5,data/train_images/S005_A240_Z0042_C00.tif,zstack_slice,42.0,data/train_images/Quinqueloculina pulchella_5_view5_zstack_slice_z0042.png,train
Quinqueloculina pulchella,5,5,data/train_images/S005_A240_Z0043_C00.tif,zstack_slice,43.0,data/train_images/Quinqueloculina pulchella_5_view5_zstack_slice_z0043.png,train
Quinqueloculina pulchella,5,5,data/train_images/S005_A240_Z0044_C00.tif,zstack_slice,44.0,data/train_images/Quinqueloculina pulchella_5_view5_zstack_slice_z0044.png,train
Quinqueloculina pulchella,5,5,data/train_images/S005_A240_Z0045_C00.tif,zstack_slice,45.0,data/train_images/Quinqueloculina pulchella_5_view5_zstack_slice_z0045.png,train
Quinqueloculina pulchella,5,5,data/train_images/S005_A240_Z0046_C00.tif,zstack_slice,46.0,data/train_images/Quinqueloculina pulchella_5_view5_zstack_slice_z0046.png,train
Quinqueloculina pulchella,5,5,data/train_images/S005_A240_Z0047_C00.tif,zstack_slice,47.0,data/train_images/Quinqueloculina pulchella_5_view5_zstack_slice_z0047.png,train
Quinqueloculina pulchella,5,5,data/train_images/S005_A240_Z0048_C00.tif,zstack_slice,48.0,data/train_images/Quinqueloculina pulchella_5_view5_zstack_slice_z0048.png,train
Quinqueloculina pulchella,5,5,data/train_images/S005_A240_Z0049_C00.tif,zstack_slice,49.0,data/train_images/Quinqueloculina pulchella_5_view5_zstack_slice_z0049.png,train
Quinqueloculina pulchella,5,5,data/train_images/S005_A240_Z0050_C00.tif,zstack_slice,50.0,data/train_images/Quinqueloculina pulchella_5_view5_zstack_slice_z0050.png,train
Quinqueloculina pulchella,5,5,data/train_images/S005_A240_Z0051_C00.tif,zstack_slice,51.0,data/train_images/Quinqueloculina pulchella_5_view5_zstack_slice_z0051.png,train
Quinqueloculina pulchella,5,5,data/train_images/S005_A240_Z0052_C00.tif,zstack_slice,52.0,data/train_images/Quinqueloculina pulchella_5_view5_zstack_slice_z0052.png,train
Quinqueloculina pulchella,5,5,data/train_images/S005_A240_Z0053_C00.tif,zstack_slice,53.0,data/train_images/Quinqueloculina pulchella_5_view5_zstack_slice_z0053.png,train
Quinqueloculina pulchella,5,5,data/train_images/S005_A240_Z0054_C00.tif,zstack_slice,54.0,data/train_images/Quinqueloculina pulchella_5_view5_zstack_slice_z0054.png,train
Quinqueloculina pulchella,5,5,data/train_images/S005_A240_Z0055_C00.tif,zstack_slice,55.0,data/train_images/Quinqueloculina pulchella_5_view5_zstack_slice_z0055.png,train
Quinqueloculina pulchella,5,5,data/train_images/S005_A240_Z0056_C00.tif,zstack_slice,56.0,data/train_images/Quinqueloculina pulchella_5_view5_zstack_slice_z0056.png,train
Quinqueloculina pulchella,5,5,data/train_images/S005_A240_Z0057_C00.tif,zstack_slice,57.0,data/train_images/Quinqueloculina pulchella_5_view5_zstack_slice_z0057.png,train
Quinqueloculina pulchella,5,5,data/train_images/S005_A240_Z0058_C00.tif,zstack_slice,58.0,data/train_images/Quinqueloculina pulchella_5_view5_zstack_slice_z0058.png,train
Quinqueloculina pulchella,5,5,data/train_images/S005_A240_Z0059_C00.tif,zstack_slice,59.0,data/train_images/Quinqueloculina pulchella_5_view5_zstack_slice_z0059.png,train
Quinqueloculina pulchella,5,5,data/train_images/S005_A240_Z0060_C00.tif,zstack_slice,60.0,data/train_images/Quinqueloculina pulchella_5_view5_zstack_slice_z0060.png,train
Quinqueloculina pulchella,5,5,data/train_images/S005_A240_Z0061_C00.tif,zstack_slice,61.0,data/train_images/Quinqueloculina pulchella_5_view5_zstack_slice_z0061.png,train
Quinqueloculina pulchella,5,5,data/train_images/S005_A240_Z0062_C00.tif,zstack_slice,62.0,data/train_images/Quinqueloculina pulchella_5_view5_zstack_slice_z0062.png,train
Quinqueloculina pulchella,5,5,data/train_images/S005_A240_Z0063_C00.tif,zstack_slice,63.0,data/train_images/Quinqueloculina pulchella_5_view5_zstack_slice_z0063.png,train
Quinqueloculina pulchella,5,5,data/train_images/S005_A240_Z0064_C00.tif,zstack_slice,64.0,data/train_images/Quinqueloculina pulchella_5_view5_zstack_slice_z0064.png,train
Quinqueloculina pulchella,5,5,data/train_images/S005_A240_Z0065_C00.tif,zstack_slice,65.0,data/train_images/Quinqueloculina pulchella_5_view5_zstack_slice_z0065.png,train
Quinqueloculina pulchella,5,5,data/train_images/S005_A240_Z0066_C00.tif,zstack_slice,66.0,data/train_images/Quinqueloculina pulchella_5_view5_zstack_slice_z0066.png,train
Quinqueloculina pulchella,5,5,data/train_images/S005_A240_Z0067_C00.tif,zstack_slice,67.0,data/train_images/Quinqueloculina pulchella_5_view5_zstack_slice_z0067.png,train
Quinqueloculina pulchella,5,5,data/train_images/S005_A240_Z0068_C00.tif,zstack_slice,68.0,data/train_images/Quinqueloculina pulchella_5_view5_zstack_slice_z0068.png,train
Quinqueloculina pulchella,5,5,data/train_images/S005_A240_Z0069_C00.tif,zstack_slice,69.0,data/train_images/Quinqueloculina pulchella_5_view5_zstack_slice_z0069.png,train
Quinqueloculina pulchella,5,5,data/train_images/S005_A240_Z0070_C00.tif,zstack_slice,70.0,data/train_images/Quinqueloculina pulchella_5_view5_zstack_slice_z0070.png,train
Quinqueloculina pulchella,5,5,data/train_images/S005_A240_Z0071_C00.tif,zstack_slice,71.0,data/train_images/Quinqueloculina pulchella_5_view5_zstack_slice_z0071.png,train
Quinqueloculina pulchella,5,5,data/train_images/S005_A240_Z0072_C00.tif,zstack_slice,72.0,data/train_images/Quinqueloculina pulchella_5_view5_zstack_slice_z0072.png,train
Quinqueloculina pulchella,5,5,data/train_images/S005_A240_Z0073_C00.tif,zstack_slice,73.0,data/train_images/Quinqueloculina pulchella_5_view5_zstack_slice_z0073.png,train
Quinqueloculina pulchella,5,5,data/train_images/S005_A240_Z0074_C00.tif,zstack_slice,74.0,data/train_images/Quinqueloculina pulchella_5_view5_zstack_slice_z0074.png,train
Quinqueloculina pulchella,5,5,data/train_images/S005_A240_Z0075_C00.tif,zstack_slice,75.0,data/train_images/Quinqueloculina pulchella_5_view5_zstack_slice_z0075.png,train
Quinqueloculina pulchella,5,5,data/train_images/S005_A240_Z0076_C00.tif,zstack_slice,76.0,data/train_images/Quinqueloculina pulchella_5_view5_zstack_slice_z0076.png,train
Sahulia kerimbaensis,19,2,data/train_images/Sahulia kerimbaensis_19_view2_gif_original.png,gif_original,,data/train_images/Sahulia kerimbaensis_19_view2_gif_original.png,train
Sahulia kerimbaensis,19,2,data/train_images/S019_A060_stacked.tif,stacked_tiff,,data/train_images/Sahulia kerimbaensis_19_view2_stacked_tiff.png,train
Sahulia kerimbaensis,19,2,data/train_images/S019_A060_Z0000_C00.tif,zstack_slice,0.0,data/train_images/Sahulia kerimbaensis_19_view2_zstack_slice_z0000.png,train
Sahulia kerimbaensis,19,2,data/train_images/S019_A060_Z0001_C00.tif,zstack_slice,1.0,data/train_images/Sahulia kerimbaensis_19_view2_zstack_slice_z0001.png,train
Sahulia kerimbaensis,19,2,data/train_images/S019_A060_Z0002_C00.tif,zstack_slice,2.0,data/train_images/Sahulia kerimbaensis_19_view2_zstack_slice_z0002.png,train
Sahulia kerimbaensis,19,2,data/train_images/S019_A060_Z0003_C00.tif,zstack_slice,3.0,data/train_images/Sahulia kerimbaensis_19_view2_zstack_slice_z0003.png,train
Sahulia kerimbaensis,19,2,data/train_images/S019_A060_Z0004_C00.tif,zstack_slice,4.0,data/train_images/Sahulia kerimbaensis_19_view2_zstack_slice_z0004.png,train
Sahulia kerimbaensis,19,2,data/train_images/S019_A060_Z0005_C00.tif,zstack_slice,5.0,data/train_images/Sahulia kerimbaensis_19_view2_zstack_slice_z0005.png,train
Sahulia kerimbaensis,19,2,data/train_images/S019_A060_Z0006_C00.tif,zstack_slice,6.0,data/train_images/Sahulia kerimbaensis_19_view2_zstack_slice_z0006.png,train
Sahulia kerimbaensis,19,2,data/train_images/S019_A060_Z0007_C00.tif,zstack_slice,7.0,data/train_images/Sahulia kerimbaensis_19_view2_zstack_slice_z0007.png,train
Sahulia kerimbaensis,19,2,data/train_images/S019_A060_Z0008_C00.tif,zstack_slice,8.0,data/train_images/Sahulia kerimbaensis_19_view2_zstack_slice_z0008.png,train
Sahulia kerimbaensis,19,2,data/train_images/S019_A060_Z0009_C00.tif,zstack_slice,9.0,data/train_images/Sahulia kerimbaensis_19_view2_zstack_slice_z0009.png,train
Sahulia kerimbaensis,19,2,data/train_images/S019_A060_Z0010_C00.tif,zstack_slice,10.0,data/train_images/Sahulia kerimbaensis_19_view2_zstack_slice_z0010.png,train
Sahulia kerimbaensis,19,2,data/train_images/S019_A060_Z0011_C00.tif,zstack_slice,11.0,data/train_images/Sahulia kerimbaensis_19_view2_zstack_slice_z0011.png,train
Sahulia kerimbaensis,19,2,data/train_images/S019_A060_Z0012_C00.tif,zstack_slice,12.0,data/train_images/Sahulia kerimbaensis_19_view2_zstack_slice_z0012.png,train
Sahulia kerimbaensis,19,2,data/train_images/S019_A060_Z0013_C00.tif,zstack_slice,13.0,data/train_images/Sahulia kerimbaensis_19_view2_zstack_slice_z0013.png,train
Sahulia kerimbaensis,19,2,data/train_images/S019_A060_Z0014_C00.tif,zstack_slice,14.0,data/train_images/Sahulia kerimbaensis_19_view2_zstack_slice_z0014.png,train
Sahulia kerimbaensis,19,2,data/train_images/S019_A060_Z0015_C00.tif,zstack_slice,15.0,data/train_images/Sahulia kerimbaensis_19_view2_zstack_slice_z0015.png,train
Sahulia kerimbaensis,19,2,data/train_images/S019_A060_Z0016_C00.tif,zstack_slice,16.0,data/train_images/Sahulia kerimbaensis_19_view2_zstack_slice_z0016.png,train
Sahulia kerimbaensis,19,2,data/train_images/S019_A060_Z0017_C00.tif,zstack_slice,17.0,data/train_images/Sahulia kerimbaensis_19_view2_zstack_slice_z0017.png,train
Sahulia kerimbaensis,19,2,data/train_images/S019_A060_Z0018_C00.tif,zstack_slice,18.0,data/train_images/Sahulia kerimbaensis_19_view2_zstack_slice_z0018.png,train
Sahulia kerimbaensis,19,2,data/train_images/S019_A060_Z0019_C00.tif,zstack_slice,19.0,data/train_images/Sahulia kerimbaensis_19_view2_zstack_slice_z0019.png,train
Sahulia kerimbaensis,19,2,data/train_images/S019_A060_Z0020_C00.tif,zstack_slice,20.0,data/train_images/Sahulia kerimbaensis_19_view2_zstack_slice_z0020.png,train
Sahulia kerimbaensis,19,2,data/train_images/S019_A060_Z0021_C00.tif,zstack_slice,21.0,data/train_images/Sahulia kerimbaensis_19_view2_zstack_slice_z0021.png,train
Sahulia kerimbaensis,19,2,data/train_images/S019_A060_Z0022_C00.tif,zstack_slice,22.0,data/train_images/Sahulia kerimbaensis_19_view2_zstack_slice_z0022.png,train
Sahulia kerimbaensis,19,2,data/train_images/S019_A060_Z0023_C00.tif,zstack_slice,23.0,data/train_images/Sahulia kerimbaensis_19_view2_zstack_slice_z0023.png,train
Sahulia kerimbaensis,19,2,data/train_images/S019_A060_Z0024_C00.tif,zstack_slice,24.0,data/train_images/Sahulia kerimbaensis_19_view2_zstack_slice_z0024.png,train
Sahulia kerimbaensis,19,2,data/train_images/S019_A060_Z0025_C00.tif,zstack_slice,25.0,data/train_images/Sahulia kerimbaensis_19_view2_zstack_slice_z0025.png,train
Sahulia kerimbaensis,19,2,data/train_images/S019_A060_Z0026_C00.tif,zstack_slice,26.0,data/train_images/Sahulia kerimbaensis_19_view2_zstack_slice_z0026.png,train
Sahulia kerimbaensis,19,2,data/train_images/S019_A060_Z0027_C00.tif,zstack_slice,27.0,data/train_images/Sahulia kerimbaensis_19_view2_zstack_slice_z0027.png,train
Sahulia kerimbaensis,19,2,data/train_images/S019_A060_Z0028_C00.tif,zstack_slice,28.0,data/train_images/Sahulia kerimbaensis_19_view2_zstack_slice_z0028.png,train
Sahulia kerimbaensis,19,2,data/train_images/S019_A060_Z0029_C00.tif,zstack_slice,29.0,data/train_images/Sahulia kerimbaensis_19_view2_zstack_slice_z0029.png,train
Sahulia kerimbaensis,19,2,data/train_images/S019_A060_Z0030_C00.tif,zstack_slice,30.0,data/train_images/Sahulia kerimbaensis_19_view2_zstack_slice_z0030.png,train
Sahulia kerimbaensis,19,2,data/train_images/S019_A060_Z0031_C00.tif,zstack_slice,31.0,data/train_images/Sahulia kerimbaensis_19_view2_zstack_slice_z0031.png,train
Sahulia kerimbaensis,19,2,data/train_images/S019_A060_Z0032_C00.tif,zstack_slice,32.0,data/train_images/Sahulia kerimbaensis_19_view2_zstack_slice_z0032.png,train
Sahulia kerimbaensis,19,2,data/train_images/S019_A060_Z0033_C00.tif,zstack_slice,33.0,data/train_images/Sahulia kerimbaensis_19_view2_zstack_slice_z0033.png,train
Sahulia kerimbaensis,19,2,data/train_images/S019_A060_Z0034_C00.tif,zstack_slice,34.0,data/train_images/Sahulia kerimbaensis_19_view2_zstack_slice_z0034.png,train
Sahulia kerimbaensis,19,2,data/train_images/S019_A060_Z0035_C00.tif,zstack_slice,35.0,data/train_images/Sahulia kerimbaensis_19_view2_zstack_slice_z0035.png,train
Sahulia kerimbaensis,19,2,data/train_images/S019_A060_Z0036_C00.tif,zstack_slice,36.0,data/train_images/Sahulia kerimbaensis_19_view2_zstack_slice_z0036.png,train
Sahulia kerimbaensis,19,2,data/train_images/S019_A060_Z0037_C00.tif,zstack_slice,37.0,data/train_images/Sahulia kerimbaensis_19_view2_zstack_slice_z0037.png,train
Sahulia kerimbaensis,19,2,data/train_images/S019_A060_Z0038_C00.tif,zstack_slice,38.0,data/train_images/Sahulia kerimbaensis_19_view2_zstack_slice_z0038.png,train
Sahulia kerimbaensis,19,2,data/train_images/S019_A060_Z0039_C00.tif,zstack_slice,39.0,data/train_images/Sahulia kerimbaensis_19_view2_zstack_slice_z0039.png,train
Sahulia kerimbaensis,19,2,data/train_images/S019_A060_Z0040_C00.tif,zstack_slice,40.0,data/train_images/Sahulia kerimbaensis_19_view2_zstack_slice_z0040.png,train
Sahulia kerimbaensis,19,2,data/train_images/S019_A060_Z0041_C00.tif,zstack_slice,41.0,data/train_images/Sahulia kerimbaensis_19_view2_zstack_slice_z0041.png,train
Sahulia kerimbaensis,19,2,data/train_images/S019_A060_Z0042_C00.tif,zstack_slice,42.0,data/train_images/Sahulia kerimbaensis_19_view2_zstack_slice_z0042.png,train
Sahulia kerimbaensis,19,2,data/train_images/S019_A060_Z0043_C00.tif,zstack_slice,43.0,data/train_images/Sahulia kerimbaensis_19_view2_zstack_slice_z0043.png,train
Sahulia kerimbaensis,19,2,data/train_images/S019_A060_Z0044_C00.tif,zstack_slice,44.0,data/train_images/Sahulia kerimbaensis_19_view2_zstack_slice_z0044.png,train
Sahulia kerimbaensis,19,2,data/train_images/S019_A060_Z0045_C00.tif,zstack_slice,45.0,data/train_images/Sahulia kerimbaensis_19_view2_zstack_slice_z0045.png,train
Sahulia kerimbaensis,19,2,data/train_images/S019_A060_Z0046_C00.tif,zstack_slice,46.0,data/train_images/Sahulia kerimbaensis_19_view2_zstack_slice_z0046.png,train
Sahulia kerimbaensis,19,2,data/train_images/S019_A060_Z0047_C00.tif,zstack_slice,47.0,data/train_images/Sahulia kerimbaensis_19_view2_zstack_slice_z0047.png,train
Sahulia kerimbaensis,19,2,data/train_images/S019_A060_Z0048_C00.tif,zstack_slice,48.0,data/train_images/Sahulia kerimbaensis_19_view2_zstack_slice_z0048.png,train
Sahulia kerimbaensis,19,2,data/train_images/S019_A060_Z0049_C00.tif,zstack_slice,49.0,data/train_images/Sahulia kerimbaensis_19_view2_zstack_slice_z0049.png,train
Sahulia kerimbaensis,19,2,data/train_images/S019_A060_Z0050_C00.tif,zstack_slice,50.0,data/train_images/Sahulia kerimbaensis_19_view2_zstack_slice_z0050.png,train
Sahulia kerimbaensis,19,2,data/train_images/S019_A060_Z0051_C00.tif,zstack_slice,51.0,data/train_images/Sahulia kerimbaensis_19_view2_zstack_slice_z0051.png,train
Sahulia kerimbaensis,19,2,data/train_images/S019_A060_Z0052_C00.tif,zstack_slice,52.0,data/train_images/Sahulia kerimbaensis_19_view2_zstack_slice_z0052.png,train
Sahulia kerimbaensis,19,2,data/train_images/S019_A060_Z0053_C00.tif,zstack_slice,53.0,data/train_images/Sahulia kerimbaensis_19_view2_zstack_slice_z0053.png,train
Sahulia kerimbaensis,19,2,data/train_images/S019_A060_Z0054_C00.tif,zstack_slice,54.0,data/train_images/Sahulia kerimbaensis_19_view2_zstack_slice_z0054.png,train
Sahulia kerimbaensis,19,2,data/train_images/S019_A060_Z0055_C00.tif,zstack_slice,55.0,data/train_images/Sahulia kerimbaensis_19_view2_zstack_slice_z0055.png,train
Sahulia kerimbaensis,19,2,data/train_images/S019_A060_Z0056_C00.tif,zstack_slice,56.0,data/train_images/Sahulia kerimbaensis_19_view2_zstack_slice_z0056.png,train
Sahulia kerimbaensis,19,2,data/train_images/S019_A060_Z0057_C00.tif,zstack_slice,57.0,data/train_images/Sahulia kerimbaensis_19_view2_zstack_slice_z0057.png,train
Sahulia kerimbaensis,19,2,data/train_images/S019_A060_Z0058_C00.tif,zstack_slice,58.0,data/train_images/Sahulia kerimbaensis_19_view2_zstack_slice_z0058.png,train
Sahulia kerimbaensis,19,2,data/train_images/S019_A060_Z0059_C00.tif,zstack_slice,59.0,data/train_images/Sahulia kerimbaensis_19_view2_zstack_slice_z0059.png,train
Sahulia kerimbaensis,19,2,data/train_images/S019_A060_Z0060_C00.tif,zstack_slice,60.0,data/train_images/Sahulia kerimbaensis_19_view2_zstack_slice_z0060.png,train
Sahulia kerimbaensis,19,2,data/train_images/S019_A060_Z0061_C00.tif,zstack_slice,61.0,data/train_images/Sahulia kerimbaensis_19_view2_zstack_slice_z0061.png,train
Sahulia kerimbaensis,19,2,data/train_images/S019_A060_Z0062_C00.tif,zstack_slice,62.0,data/train_images/Sahulia kerimbaensis_19_view2_zstack_slice_z0062.png,train
Sahulia kerimbaensis,19,2,data/train_images/S019_A060_Z0063_C00.tif,zstack_slice,63.0,data/train_images/Sahulia kerimbaensis_19_view2_zstack_slice_z0063.png,train
Sahulia kerimbaensis,19,2,data/train_images/S019_A060_Z0064_C00.tif,zstack_slice,64.0,data/train_images/Sahulia kerimbaensis_19_view2_zstack_slice_z0064.png,train
Sahulia kerimbaensis,19,2,data/train_images/S019_A060_Z0065_C00.tif,zstack_slice,65.0,data/train_images/Sahulia kerimbaensis_19_view2_zstack_slice_z0065.png,train
Sahulia kerimbaensis,19,3,data/train_images/Sahulia kerimbaensis_19_view3_gif_original.png,gif_original,,data/train_images/Sahulia kerimbaensis_19_view3_gif_original.png,train
Sahulia kerimbaensis,19,3,data/train_images/S019_A120_stacked.tif,stacked_tiff,,data/train_images/Sahulia kerimbaensis_19_view3_stacked_tiff.png,train
Sahulia kerimbaensis,19,3,data/train_images/S019_A120_Z0000_C00.tif,zstack_slice,0.0,data/train_images/Sahulia kerimbaensis_19_view3_zstack_slice_z0000.png,train
Sahulia kerimbaensis,19,3,data/train_images/S019_A120_Z0001_C00.tif,zstack_slice,1.0,data/train_images/Sahulia kerimbaensis_19_view3_zstack_slice_z0001.png,train
Sahulia kerimbaensis,19,3,data/train_images/S019_A120_Z0002_C00.tif,zstack_slice,2.0,data/train_images/Sahulia kerimbaensis_19_view3_zstack_slice_z0002.png,train
Sahulia kerimbaensis,19,3,data/train_images/S019_A120_Z0003_C00.tif,zstack_slice,3.0,data/train_images/Sahulia kerimbaensis_19_view3_zstack_slice_z0003.png,train
Sahulia kerimbaensis,19,3,data/train_images/S019_A120_Z0004_C00.tif,zstack_slice,4.0,data/train_images/Sahulia kerimbaensis_19_view3_zstack_slice_z0004.png,train
Sahulia kerimbaensis,19,3,data/train_images/S019_A120_Z0005_C00.tif,zstack_slice,5.0,data/train_images/Sahulia kerimbaensis_19_view3_zstack_slice_z0005.png,train
Sahulia kerimbaensis,19,3,data/train_images/S019_A120_Z0006_C00.tif,zstack_slice,6.0,data/train_images/Sahulia kerimbaensis_19_view3_zstack_slice_z0006.png,train
Sahulia kerimbaensis,19,3,data/train_images/S019_A120_Z0007_C00.tif,zstack_slice,7.0,data/train_images/Sahulia kerimbaensis_19_view3_zstack_slice_z0007.png,train
Sahulia kerimbaensis,19,3,data/train_images/S019_A120_Z0008_C00.tif,zstack_slice,8.0,data/train_images/Sahulia kerimbaensis_19_view3_zstack_slice_z0008.png,train
Sahulia kerimbaensis,19,3,data/train_images/S019_A120_Z0009_C00.tif,zstack_slice,9.0,data/train_images/Sahulia kerimbaensis_19_view3_zstack_slice_z0009.png,train
Sahulia kerimbaensis,19,3,data/train_images/S019_A120_Z0010_C00.tif,zstack_slice,10.0,data/train_images/Sahulia kerimbaensis_19_view3_zstack_slice_z0010.png,train
Sahulia kerimbaensis,19,3,data/train_images/S019_A120_Z0011_C00.tif,zstack_slice,11.0,data/train_images/Sahulia kerimbaensis_19_view3_zstack_slice_z0011.png,train
Sahulia kerimbaensis,19,3,data/train_images/S019_A120_Z0012_C00.tif,zstack_slice,12.0,data/train_images/Sahulia kerimbaensis_19_view3_zstack_slice_z0012.png,train
Sahulia kerimbaensis,19,3,data/train_images/S019_A120_Z0013_C00.tif,zstack_slice,13.0,data/train_images/Sahulia kerimbaensis_19_view3_zstack_slice_z0013.png,train
Sahulia kerimbaensis,19,3,data/train_images/S019_A120_Z0014_C00.tif,zstack_slice,14.0,data/train_images/Sahulia kerimbaensis_19_view3_zstack_slice_z0014.png,train
Sahulia kerimbaensis,19,3,data/train_images/S019_A120_Z0015_C00.tif,zstack_slice,15.0,data/train_images/Sahulia kerimbaensis_19_view3_zstack_slice_z0015.png,train
Sahulia kerimbaensis,19,3,data/train_images/S019_A120_Z0016_C00.tif,zstack_slice,16.0,data/train_images/Sahulia kerimbaensis_19_view3_zstack_slice_z0016.png,train
Sahulia kerimbaensis,19,3,data/train_images/S019_A120_Z0017_C00.tif,zstack_slice,17.0,data/train_images/Sahulia kerimbaensis_19_view3_zstack_slice_z0017.png,train
Sahulia kerimbaensis,19,3,data/train_images/S019_A120_Z0018_C00.tif,zstack_slice,18.0,data/train_images/Sahulia kerimbaensis_19_view3_zstack_slice_z0018.png,train
Sahulia kerimbaensis,19,3,data/train_images/S019_A120_Z0019_C00.tif,zstack_slice,19.0,data/train_images/Sahulia kerimbaensis_19_view3_zstack_slice_z0019.png,train
Sahulia kerimbaensis,19,3,data/train_images/S019_A120_Z0020_C00.tif,zstack_slice,20.0,data/train_images/Sahulia kerimbaensis_19_view3_zstack_slice_z0020.png,train
Sahulia kerimbaensis,19,3,data/train_images/S019_A120_Z0021_C00.tif,zstack_slice,21.0,data/train_images/Sahulia kerimbaensis_19_view3_zstack_slice_z0021.png,train
Sahulia kerimbaensis,19,3,data/train_images/S019_A120_Z0022_C00.tif,zstack_slice,22.0,data/train_images/Sahulia kerimbaensis_19_view3_zstack_slice_z0022.png,train
Sahulia kerimbaensis,19,3,data/train_images/S019_A120_Z0023_C00.tif,zstack_slice,23.0,data/train_images/Sahulia kerimbaensis_19_view3_zstack_slice_z0023.png,train
Sahulia kerimbaensis,19,3,data/train_images/S019_A120_Z0024_C00.tif,zstack_slice,24.0,data/train_images/Sahulia kerimbaensis_19_view3_zstack_slice_z0024.png,train
Sahulia kerimbaensis,19,3,data/train_images/S019_A120_Z0025_C00.tif,zstack_slice,25.0,data/train_images/Sahulia kerimbaensis_19_view3_zstack_slice_z0025.png,train
Sahulia kerimbaensis,19,3,data/train_images/S019_A120_Z0026_C00.tif,zstack_slice,26.0,data/train_images/Sahulia kerimbaensis_19_view3_zstack_slice_z0026.png,train
Sahulia kerimbaensis,19,3,data/train_images/S019_A120_Z0027_C00.tif,zstack_slice,27.0,data/train_images/Sahulia kerimbaensis_19_view3_zstack_slice_z0027.png,train
Sahulia kerimbaensis,19,3,data/train_images/S019_A120_Z0028_C00.tif,zstack_slice,28.0,data/train_images/Sahulia kerimbaensis_19_view3_zstack_slice_z0028.png,train
Sahulia kerimbaensis,19,3,data/train_images/S019_A120_Z0029_C00.tif,zstack_slice,29.0,data/train_images/Sahulia kerimbaensis_19_view3_zstack_slice_z0029.png,train
Sahulia kerimbaensis,19,3,data/train_images/S019_A120_Z0030_C00.tif,zstack_slice,30.0,data/train_images/Sahulia kerimbaensis_19_view3_zstack_slice_z0030.png,train
Sahulia kerimbaensis,19,3,data/train_images/S019_A120_Z0031_C00.tif,zstack_slice,31.0,data/train_images/Sahulia kerimbaensis_19_view3_zstack_slice_z0031.png,train
Sahulia kerimbaensis,19,3,data/train_images/S019_A120_Z0032_C00.tif,zstack_slice,32.0,data/train_images/Sahulia kerimbaensis_19_view3_zstack_slice_z0032.png,train
Sahulia kerimbaensis,19,3,data/train_images/S019_A120_Z0033_C00.tif,zstack_slice,33.0,data/train_images/Sahulia kerimbaensis_19_view3_zstack_slice_z0033.png,train
Sahulia kerimbaensis,19,3,data/train_images/S019_A120_Z0034_C00.tif,zstack_slice,34.0,data/train_images/Sahulia kerimbaensis_19_view3_zstack_slice_z0034.png,train
Sahulia kerimbaensis,19,3,data/train_images/S019_A120_Z0035_C00.tif,zstack_slice,35.0,data/train_images/Sahulia kerimbaensis_19_view3_zstack_slice_z0035.png,train
Sahulia kerimbaensis,19,3,data/train_images/S019_A120_Z0036_C00.tif,zstack_slice,36.0,data/train_images/Sahulia kerimbaensis_19_view3_zstack_slice_z0036.png,train
Sahulia kerimbaensis,19,3,data/train_images/S019_A120_Z0037_C00.tif,zstack_slice,37.0,data/train_images/Sahulia kerimbaensis_19_view3_zstack_slice_z0037.png,train
Sahulia kerimbaensis,19,3,data/train_images/S019_A120_Z0038_C00.tif,zstack_slice,38.0,data/train_images/Sahulia kerimbaensis_19_view3_zstack_slice_z0038.png,train
Sahulia kerimbaensis,19,3,data/train_images/S019_A120_Z0039_C00.tif,zstack_slice,39.0,data/train_images/Sahulia kerimbaensis_19_view3_zstack_slice_z0039.png,train
Sahulia kerimbaensis,19,3,data/train_images/S019_A120_Z0040_C00.tif,zstack_slice,40.0,data/train_images/Sahulia kerimbaensis_19_view3_zstack_slice_z0040.png,train
Sahulia kerimbaensis,19,3,data/train_images/S019_A120_Z0041_C00.tif,zstack_slice,41.0,data/train_images/Sahulia kerimbaensis_19_view3_zstack_slice_z0041.png,train
Sahulia kerimbaensis,19,3,data/train_images/S019_A120_Z0042_C00.tif,zstack_slice,42.0,data/train_images/Sahulia kerimbaensis_19_view3_zstack_slice_z0042.png,train
Sahulia kerimbaensis,19,3,data/train_images/S019_A120_Z0043_C00.tif,zstack_slice,43.0,data/train_images/Sahulia kerimbaensis_19_view3_zstack_slice_z0043.png,train
Sahulia kerimbaensis,19,5,data/train_images/Sahulia kerimbaensis_19_view5_gif_original.png,gif_original,,data/train_images/Sahulia kerimbaensis_19_view5_gif_original.png,train
Sahulia kerimbaensis,19,5,data/train_images/S019_A240_stacked.tif,stacked_tiff,,data/train_images/Sahulia kerimbaensis_19_view5_stacked_tiff.png,train
Sahulia kerimbaensis,19,5,data/train_images/S019_A240_Z0000_C00.tif,zstack_slice,0.0,data/train_images/Sahulia kerimbaensis_19_view5_zstack_slice_z0000.png,train
Sahulia kerimbaensis,19,5,data/train_images/S019_A240_Z0001_C00.tif,zstack_slice,1.0,data/train_images/Sahulia kerimbaensis_19_view5_zstack_slice_z0001.png,train
Sahulia kerimbaensis,19,5,data/train_images/S019_A240_Z0002_C00.tif,zstack_slice,2.0,data/train_images/Sahulia kerimbaensis_19_view5_zstack_slice_z0002.png,train
Sahulia kerimbaensis,19,5,data/train_images/S019_A240_Z0003_C00.tif,zstack_slice,3.0,data/train_images/Sahulia kerimbaensis_19_view5_zstack_slice_z0003.png,train
Sahulia kerimbaensis,19,5,data/train_images/S019_A240_Z0004_C00.tif,zstack_slice,4.0,data/train_images/Sahulia kerimbaensis_19_view5_zstack_slice_z0004.png,train
Sahulia kerimbaensis,19,5,data/train_images/S019_A240_Z0005_C00.tif,zstack_slice,5.0,data/train_images/Sahulia kerimbaensis_19_view5_zstack_slice_z0005.png,train
Sahulia kerimbaensis,19,5,data/train_images/S019_A240_Z0006_C00.tif,zstack_slice,6.0,data/train_images/Sahulia kerimbaensis_19_view5_zstack_slice_z0006.png,train
Sahulia kerimbaensis,19,5,data/train_images/S019_A240_Z0007_C00.tif,zstack_slice,7.0,data/train_images/Sahulia kerimbaensis_19_view5_zstack_slice_z0007.png,train
Sahulia kerimbaensis,19,5,data/train_images/S019_A240_Z0008_C00.tif,zstack_slice,8.0,data/train_images/Sahulia kerimbaensis_19_view5_zstack_slice_z0008.png,train
Sahulia kerimbaensis,19,5,data/train_images/S019_A240_Z0009_C00.tif,zstack_slice,9.0,data/train_images/Sahulia kerimbaensis_19_view5_zstack_slice_z0009.png,train
Sahulia kerimbaensis,19,5,data/train_images/S019_A240_Z0010_C00.tif,zstack_slice,10.0,data/train_images/Sahulia kerimbaensis_19_view5_zstack_slice_z0010.png,train
Sahulia kerimbaensis,19,5,data/train_images/S019_A240_Z0011_C00.tif,zstack_slice,11.0,data/train_images/Sahulia kerimbaensis_19_view5_zstack_slice_z0011.png,train
Sahulia kerimbaensis,19,5,data/train_images/S019_A240_Z0012_C00.tif,zstack_slice,12.0,data/train_images/Sahulia kerimbaensis_19_view5_zstack_slice_z0012.png,train
Sahulia kerimbaensis,19,5,data/train_images/S019_A240_Z0013_C00.tif,zstack_slice,13.0,data/train_images/Sahulia kerimbaensis_19_view5_zstack_slice_z0013.png,train
Sahulia kerimbaensis,19,5,data/train_images/S019_A240_Z0014_C00.tif,zstack_slice,14.0,data/train_images/Sahulia kerimbaensis_19_view5_zstack_slice_z0014.png,train
Sahulia kerimbaensis,19,5,data/train_images/S019_A240_Z0015_C00.tif,zstack_slice,15.0,data/train_images/Sahulia kerimbaensis_19_view5_zstack_slice_z0015.png,train
Sahulia kerimbaensis,19,5,data/train_images/S019_A240_Z0016_C00.tif,zstack_slice,16.0,data/train_images/Sahulia kerimbaensis_19_view5_zstack_slice_z0016.png,train
Sahulia kerimbaensis,19,5,data/train_images/S019_A240_Z0017_C00.tif,zstack_slice,17.0,data/train_images/Sahulia kerimbaensis_19_view5_zstack_slice_z0017.png,train
Sahulia kerimbaensis,19,5,data/train_images/S019_A240_Z0018_C00.tif,zstack_slice,18.0,data/train_images/Sahulia kerimbaensis_19_view5_zstack_slice_z0018.png,train
Sahulia kerimbaensis,19,5,data/train_images/S019_A240_Z0019_C00.tif,zstack_slice,19.0,data/train_images/Sahulia kerimbaensis_19_view5_zstack_slice_z0019.png,train
Sahulia kerimbaensis,19,5,data/train_images/S019_A240_Z0020_C00.tif,zstack_slice,20.0,data/train_images/Sahulia kerimbaensis_19_view5_zstack_slice_z0020.png,train
Sahulia kerimbaensis,19,5,data/train_images/S019_A240_Z0021_C00.tif,zstack_slice,21.0,data/train_images/Sahulia kerimbaensis_19_view5_zstack_slice_z0021.png,train
Sahulia kerimbaensis,19,5,data/train_images/S019_A240_Z0022_C00.tif,zstack_slice,22.0,data/train_images/Sahulia kerimbaensis_19_view5_zstack_slice_z0022.png,train
Sahulia kerimbaensis,19,5,data/train_images/S019_A240_Z0023_C00.tif,zstack_slice,23.0,data/train_images/Sahulia kerimbaensis_19_view5_zstack_slice_z0023.png,train
Sahulia kerimbaensis,19,5,data/train_images/S019_A240_Z0024_C00.tif,zstack_slice,24.0,data/train_images/Sahulia kerimbaensis_19_view5_zstack_slice_z0024.png,train
Sahulia kerimbaensis,19,5,data/train_images/S019_A240_Z0025_C00.tif,zstack_slice,25.0,data/train_images/Sahulia kerimbaensis_19_view5_zstack_slice_z0025.png,train
Sahulia kerimbaensis,19,5,data/train_images/S019_A240_Z0026_C00.tif,zstack_slice,26.0,data/train_images/Sahulia kerimbaensis_19_view5_zstack_slice_z0026.png,train
Sahulia kerimbaensis,19,5,data/train_images/S019_A240_Z0027_C00.tif,zstack_slice,27.0,data/train_images/Sahulia kerimbaensis_19_view5_zstack_slice_z0027.png,train
Sahulia kerimbaensis,19,5,data/train_images/S019_A240_Z0028_C00.tif,zstack_slice,28.0,data/train_images/Sahulia kerimbaensis_19_view5_zstack_slice_z0028.png,train
Sahulia kerimbaensis,19,5,data/train_images/S019_A240_Z0029_C00.tif,zstack_slice,29.0,data/train_images/Sahulia kerimbaensis_19_view5_zstack_slice_z0029.png,train
Sahulia kerimbaensis,19,5,data/train_images/S019_A240_Z0030_C00.tif,zstack_slice,30.0,data/train_images/Sahulia kerimbaensis_19_view5_zstack_slice_z0030.png,train
Sahulia kerimbaensis,19,5,data/train_images/S019_A240_Z0031_C00.tif,zstack_slice,31.0,data/train_images/Sahulia kerimbaensis_19_view5_zstack_slice_z0031.png,train
Sahulia kerimbaensis,19,5,data/train_images/S019_A240_Z0032_C00.tif,zstack_slice,32.0,data/train_images/Sahulia kerimbaensis_19_view5_zstack_slice_z0032.png,train
Sahulia kerimbaensis,19,5,data/train_images/S019_A240_Z0033_C00.tif,zstack_slice,33.0,data/train_images/Sahulia kerimbaensis_19_view5_zstack_slice_z0033.png,train
Sahulia kerimbaensis,19,5,data/train_images/S019_A240_Z0034_C00.tif,zstack_slice,34.0,data/train_images/Sahulia kerimbaensis_19_view5_zstack_slice_z0034.png,train
Sahulia kerimbaensis,19,5,data/train_images/S019_A240_Z0035_C00.tif,zstack_slice,35.0,data/train_images/Sahulia kerimbaensis_19_view5_zstack_slice_z0035.png,train
Sahulia kerimbaensis,19,5,data/train_images/S019_A240_Z0036_C00.tif,zstack_slice,36.0,data/train_images/Sahulia kerimbaensis_19_view5_zstack_slice_z0036.png,train
Sahulia kerimbaensis,19,5,data/train_images/S019_A240_Z0037_C00.tif,zstack_slice,37.0,data/train_images/Sahulia kerimbaensis_19_view5_zstack_slice_z0037.png,train
Sahulia kerimbaensis,19,5,data/train_images/S019_A240_Z0038_C00.tif,zstack_slice,38.0,data/train_images/Sahulia kerimbaensis_19_view5_zstack_slice_z0038.png,train
Sahulia kerimbaensis,19,5,data/train_images/S019_A240_Z0039_C00.tif,zstack_slice,39.0,data/train_images/Sahulia kerimbaensis_19_view5_zstack_slice_z0039.png,train
Sahulia kerimbaensis,19,5,data/train_images/S019_A240_Z0040_C00.tif,zstack_slice,40.0,data/train_images/Sahulia kerimbaensis_19_view5_zstack_slice_z0040.png,train
Sahulia kerimbaensis,19,5,data/train_images/S019_A240_Z0041_C00.tif,zstack_slice,41.0,data/train_images/Sahulia kerimbaensis_19_view5_zstack_slice_z0041.png,train
Sahulia kerimbaensis,19,5,data/train_images/S019_A240_Z0042_C00.tif,zstack_slice,42.0,data/train_images/Sahulia kerimbaensis_19_view5_zstack_slice_z0042.png,train
Sahulia kerimbaensis,19,5,data/train_images/S019_A240_Z0043_C00.tif,zstack_slice,43.0,data/train_images/Sahulia kerimbaensis_19_view5_zstack_slice_z0043.png,train
Sahulia kerimbaensis,19,5,data/train_images/S019_A240_Z0044_C00.tif,zstack_slice,44.0,data/train_images/Sahulia kerimbaensis_19_view5_zstack_slice_z0044.png,train
Sahulia kerimbaensis,19,5,data/train_images/S019_A240_Z0045_C00.tif,zstack_slice,45.0,data/train_images/Sahulia kerimbaensis_19_view5_zstack_slice_z0045.png,train
Sahulia kerimbaensis,19,5,data/train_images/S019_A240_Z0046_C00.tif,zstack_slice,46.0,data/train_images/Sahulia kerimbaensis_19_view5_zstack_slice_z0046.png,train
Sahulia kerimbaensis,19,5,data/train_images/S019_A240_Z0047_C00.tif,zstack_slice,47.0,data/train_images/Sahulia kerimbaensis_19_view5_zstack_slice_z0047.png,train
Sahulia kerimbaensis,19,5,data/train_images/S019_A240_Z0048_C00.tif,zstack_slice,48.0,data/train_images/Sahulia kerimbaensis_19_view5_zstack_slice_z0048.png,train
Sahulia kerimbaensis,19,5,data/train_images/S019_A240_Z0049_C00.tif,zstack_slice,49.0,data/train_images/Sahulia kerimbaensis_19_view5_zstack_slice_z0049.png,train
Sahulia kerimbaensis,19,5,data/train_images/S019_A240_Z0050_C00.tif,zstack_slice,50.0,data/train_images/Sahulia kerimbaensis_19_view5_zstack_slice_z0050.png,train
Sahulia kerimbaensis,19,5,data/train_images/S019_A240_Z0051_C00.tif,zstack_slice,51.0,data/train_images/Sahulia kerimbaensis_19_view5_zstack_slice_z0051.png,train
Sahulia kerimbaensis,19,5,data/train_images/S019_A240_Z0052_C00.tif,zstack_slice,52.0,data/train_images/Sahulia kerimbaensis_19_view5_zstack_slice_z0052.png,train
Sahulia kerimbaensis,19,5,data/train_images/S019_A240_Z0053_C00.tif,zstack_slice,53.0,data/train_images/Sahulia kerimbaensis_19_view5_zstack_slice_z0053.png,train
Sahulia kerimbaensis,19,5,data/train_images/S019_A240_Z0054_C00.tif,zstack_slice,54.0,data/train_images/Sahulia kerimbaensis_19_view5_zstack_slice_z0054.png,train
Sahulia kerimbaensis,19,5,data/train_images/S019_A240_Z0055_C00.tif,zstack_slice,55.0,data/train_images/Sahulia kerimbaensis_19_view5_zstack_slice_z0055.png,train
Sahulia kerimbaensis,19,5,data/train_images/S019_A240_Z0056_C00.tif,zstack_slice,56.0,data/train_images/Sahulia kerimbaensis_19_view5_zstack_slice_z0056.png,train
Sahulia kerimbaensis,19,5,data/train_images/S019_A240_Z0057_C00.tif,zstack_slice,57.0,data/train_images/Sahulia kerimbaensis_19_view5_zstack_slice_z0057.png,train
Sahulia kerimbaensis,19,5,data/train_images/S019_A240_Z0058_C00.tif,zstack_slice,58.0,data/train_images/Sahulia kerimbaensis_19_view5_zstack_slice_z0058.png,train
Sahulia kerimbaensis,19,6,data/train_images/Sahulia kerimbaensis_19_view6_gif_original.png,gif_original,,data/train_images/Sahulia kerimbaensis_19_view6_gif_original.png,train
Sahulia kerimbaensis,19,6,data/train_images/S019_A300_stacked.tif,stacked_tiff,,data/train_images/Sahulia kerimbaensis_19_view6_stacked_tiff.png,train
Sahulia kerimbaensis,19,6,data/train_images/S019_A300_Z0000_C00.tif,zstack_slice,0.0,data/train_images/Sahulia kerimbaensis_19_view6_zstack_slice_z0000.png,train
Sahulia kerimbaensis,19,6,data/train_images/S019_A300_Z0001_C00.tif,zstack_slice,1.0,data/train_images/Sahulia kerimbaensis_19_view6_zstack_slice_z0001.png,train
Sahulia kerimbaensis,19,6,data/train_images/S019_A300_Z0002_C00.tif,zstack_slice,2.0,data/train_images/Sahulia kerimbaensis_19_view6_zstack_slice_z0002.png,train
Sahulia kerimbaensis,19,6,data/train_images/S019_A300_Z0003_C00.tif,zstack_slice,3.0,data/train_images/Sahulia kerimbaensis_19_view6_zstack_slice_z0003.png,train
Sahulia kerimbaensis,19,6,data/train_images/S019_A300_Z0004_C00.tif,zstack_slice,4.0,data/train_images/Sahulia kerimbaensis_19_view6_zstack_slice_z0004.png,train
Sahulia kerimbaensis,19,6,data/train_images/S019_A300_Z0005_C00.tif,zstack_slice,5.0,data/train_images/Sahulia kerimbaensis_19_view6_zstack_slice_z0005.png,train
Sahulia kerimbaensis,19,6,data/train_images/S019_A300_Z0006_C00.tif,zstack_slice,6.0,data/train_images/Sahulia kerimbaensis_19_view6_zstack_slice_z0006.png,train
Sahulia kerimbaensis,19,6,data/train_images/S019_A300_Z0007_C00.tif,zstack_slice,7.0,data/train_images/Sahulia kerimbaensis_19_view6_zstack_slice_z0007.png,train
Sahulia kerimbaensis,19,6,data/train_images/S019_A300_Z0008_C00.tif,zstack_slice,8.0,data/train_images/Sahulia kerimbaensis_19_view6_zstack_slice_z0008.png,train
Sahulia kerimbaensis,19,6,data/train_images/S019_A300_Z0009_C00.tif,zstack_slice,9.0,data/train_images/Sahulia kerimbaensis_19_view6_zstack_slice_z0009.png,train
Sahulia kerimbaensis,19,6,data/train_images/S019_A300_Z0010_C00.tif,zstack_slice,10.0,data/train_images/Sahulia kerimbaensis_19_view6_zstack_slice_z0010.png,train
Sahulia kerimbaensis,19,6,data/train_images/S019_A300_Z0011_C00.tif,zstack_slice,11.0,data/train_images/Sahulia kerimbaensis_19_view6_zstack_slice_z0011.png,train
Sahulia kerimbaensis,19,6,data/train_images/S019_A300_Z0012_C00.tif,zstack_slice,12.0,data/train_images/Sahulia kerimbaensis_19_view6_zstack_slice_z0012.png,train
Sahulia kerimbaensis,19,6,data/train_images/S019_A300_Z0013_C00.tif,zstack_slice,13.0,data/train_images/Sahulia kerimbaensis_19_view6_zstack_slice_z0013.png,train
Sahulia kerimbaensis,19,6,data/train_images/S019_A300_Z0014_C00.tif,zstack_slice,14.0,data/train_images/Sahulia kerimbaensis_19_view6_zstack_slice_z0014.png,train
Sahulia kerimbaensis,19,6,data/train_images/S019_A300_Z0015_C00.tif,zstack_slice,15.0,data/train_images/Sahulia kerimbaensis_19_view6_zstack_slice_z0015.png,train
Sahulia kerimbaensis,19,6,data/train_images/S019_A300_Z0016_C00.tif,zstack_slice,16.0,data/train_images/Sahulia kerimbaensis_19_view6_zstack_slice_z0016.png,train
Sahulia kerimbaensis,19,6,data/train_images/S019_A300_Z0017_C00.tif,zstack_slice,17.0,data/train_images/Sahulia kerimbaensis_19_view6_zstack_slice_z0017.png,train
Sahulia kerimbaensis,19,6,data/train_images/S019_A300_Z0018_C00.tif,zstack_slice,18.0,data/train_images/Sahulia kerimbaensis_19_view6_zstack_slice_z0018.png,train
Sahulia kerimbaensis,19,6,data/train_images/S019_A300_Z0019_C00.tif,zstack_slice,19.0,data/train_images/Sahulia kerimbaensis_19_view6_zstack_slice_z0019.png,train
Sahulia kerimbaensis,19,6,data/train_images/S019_A300_Z0020_C00.tif,zstack_slice,20.0,data/train_images/Sahulia kerimbaensis_19_view6_zstack_slice_z0020.png,train
Sahulia kerimbaensis,19,6,data/train_images/S019_A300_Z0021_C00.tif,zstack_slice,21.0,data/train_images/Sahulia kerimbaensis_19_view6_zstack_slice_z0021.png,train
Sahulia kerimbaensis,19,6,data/train_images/S019_A300_Z0022_C00.tif,zstack_slice,22.0,data/train_images/Sahulia kerimbaensis_19_view6_zstack_slice_z0022.png,train
Sahulia kerimbaensis,19,6,data/train_images/S019_A300_Z0023_C00.tif,zstack_slice,23.0,data/train_images/Sahulia kerimbaensis_19_view6_zstack_slice_z0023.png,train
Sahulia kerimbaensis,19,6,data/train_images/S019_A300_Z0024_C00.tif,zstack_slice,24.0,data/train_images/Sahulia kerimbaensis_19_view6_zstack_slice_z0024.png,train
Sahulia kerimbaensis,19,6,data/train_images/S019_A300_Z0025_C00.tif,zstack_slice,25.0,data/train_images/Sahulia kerimbaensis_19_view6_zstack_slice_z0025.png,train
Sahulia kerimbaensis,19,6,data/train_images/S019_A300_Z0026_C00.tif,zstack_slice,26.0,data/train_images/Sahulia kerimbaensis_19_view6_zstack_slice_z0026.png,train
Sahulia kerimbaensis,19,6,data/train_images/S019_A300_Z0027_C00.tif,zstack_slice,27.0,data/train_images/Sahulia kerimbaensis_19_view6_zstack_slice_z0027.png,train
Sahulia kerimbaensis,19,6,data/train_images/S019_A300_Z0028_C00.tif,zstack_slice,28.0,data/train_images/Sahulia kerimbaensis_19_view6_zstack_slice_z0028.png,train
Sahulia kerimbaensis,19,6,data/train_images/S019_A300_Z0029_C00.tif,zstack_slice,29.0,data/train_images/Sahulia kerimbaensis_19_view6_zstack_slice_z0029.png,train
Sahulia kerimbaensis,19,6,data/train_images/S019_A300_Z0030_C00.tif,zstack_slice,30.0,data/train_images/Sahulia kerimbaensis_19_view6_zstack_slice_z0030.png,train
Sahulia kerimbaensis,19,6,data/train_images/S019_A300_Z0031_C00.tif,zstack_slice,31.0,data/train_images/Sahulia kerimbaensis_19_view6_zstack_slice_z0031.png,train
Sahulia kerimbaensis,19,6,data/train_images/S019_A300_Z0032_C00.tif,zstack_slice,32.0,data/train_images/Sahulia kerimbaensis_19_view6_zstack_slice_z0032.png,train
Sahulia kerimbaensis,19,6,data/train_images/S019_A300_Z0033_C00.tif,zstack_slice,33.0,data/train_images/Sahulia kerimbaensis_19_view6_zstack_slice_z0033.png,train
Sahulia kerimbaensis,19,6,data/train_images/S019_A300_Z0034_C00.tif,zstack_slice,34.0,data/train_images/Sahulia kerimbaensis_19_view6_zstack_slice_z0034.png,train
Sahulia kerimbaensis,19,6,data/train_images/S019_A300_Z0035_C00.tif,zstack_slice,35.0,data/train_images/Sahulia kerimbaensis_19_view6_zstack_slice_z0035.png,train
Sahulia kerimbaensis,19,6,data/train_images/S019_A300_Z0036_C00.tif,zstack_slice,36.0,data/train_images/Sahulia kerimbaensis_19_view6_zstack_slice_z0036.png,train
Sahulia kerimbaensis,19,6,data/train_images/S019_A300_Z0037_C00.tif,zstack_slice,37.0,data/train_images/Sahulia kerimbaensis_19_view6_zstack_slice_z0037.png,train
Sahulia kerimbaensis,19,6,data/train_images/S019_A300_Z0038_C00.tif,zstack_slice,38.0,data/train_images/Sahulia kerimbaensis_19_view6_zstack_slice_z0038.png,train
Sahulia kerimbaensis,19,6,data/train_images/S019_A300_Z0039_C00.tif,zstack_slice,39.0,data/train_images/Sahulia kerimbaensis_19_view6_zstack_slice_z0039.png,train
Sahulia kerimbaensis,19,6,data/train_images/S019_A300_Z0040_C00.tif,zstack_slice,40.0,data/train_images/Sahulia kerimbaensis_19_view6_zstack_slice_z0040.png,train
Sahulia kerimbaensis,19,6,data/train_images/S019_A300_Z0041_C00.tif,zstack_slice,41.0,data/train_images/Sahulia kerimbaensis_19_view6_zstack_slice_z0041.png,train
Sahulia kerimbaensis,19,6,data/train_images/S019_A300_Z0042_C00.tif,zstack_slice,42.0,data/train_images/Sahulia kerimbaensis_19_view6_zstack_slice_z0042.png,train
Sahulia kerimbaensis,19,6,data/train_images/S019_A300_Z0043_C00.tif,zstack_slice,43.0,data/train_images/Sahulia kerimbaensis_19_view6_zstack_slice_z0043.png,train
Sahulia kerimbaensis,19,6,data/train_images/S019_A300_Z0044_C00.tif,zstack_slice,44.0,data/train_images/Sahulia kerimbaensis_19_view6_zstack_slice_z0044.png,train
Sahulia kerimbaensis,19,6,data/train_images/S019_A300_Z0045_C00.tif,zstack_slice,45.0,data/train_images/Sahulia kerimbaensis_19_view6_zstack_slice_z0045.png,train
Sahulia kerimbaensis,19,6,data/train_images/S019_A300_Z0046_C00.tif,zstack_slice,46.0,data/train_images/Sahulia kerimbaensis_19_view6_zstack_slice_z0046.png,train
Sahulia kerimbaensis,19,6,data/train_images/S019_A300_Z0047_C00.tif,zstack_slice,47.0,data/train_images/Sahulia kerimbaensis_19_view6_zstack_slice_z0047.png,train
Sahulia kerimbaensis,19,6,data/train_images/S019_A300_Z0048_C00.tif,zstack_slice,48.0,data/train_images/Sahulia kerimbaensis_19_view6_zstack_slice_z0048.png,train
Siphonaperta arenata,21,1,data/train_images/Siphonaperta arenata_21_view1_gif_original.png,gif_original,,data/train_images/Siphonaperta arenata_21_view1_gif_original.png,train
Siphonaperta arenata,21,1,data/train_images/S021_A000_stacked.tif,stacked_tiff,,data/train_images/Siphonaperta arenata_21_view1_stacked_tiff.png,train
Siphonaperta arenata,21,1,data/train_images/S021_A000_Z0000_C00.tif,zstack_slice,0.0,data/train_images/Siphonaperta arenata_21_view1_zstack_slice_z0000.png,train
Siphonaperta arenata,21,1,data/train_images/S021_A000_Z0001_C00.tif,zstack_slice,1.0,data/train_images/Siphonaperta arenata_21_view1_zstack_slice_z0001.png,train
Siphonaperta arenata,21,1,data/train_images/S021_A000_Z0002_C00.tif,zstack_slice,2.0,data/train_images/Siphonaperta arenata_21_view1_zstack_slice_z0002.png,train
Siphonaperta arenata,21,1,data/train_images/S021_A000_Z0003_C00.tif,zstack_slice,3.0,data/train_images/Siphonaperta arenata_21_view1_zstack_slice_z0003.png,train
Siphonaperta arenata,21,1,data/train_images/S021_A000_Z0004_C00.tif,zstack_slice,4.0,data/train_images/Siphonaperta arenata_21_view1_zstack_slice_z0004.png,train
Siphonaperta arenata,21,1,data/train_images/S021_A000_Z0005_C00.tif,zstack_slice,5.0,data/train_images/Siphonaperta arenata_21_view1_zstack_slice_z0005.png,train
Siphonaperta arenata,21,1,data/train_images/S021_A000_Z0006_C00.tif,zstack_slice,6.0,data/train_images/Siphonaperta arenata_21_view1_zstack_slice_z0006.png,train
Siphonaperta arenata,21,1,data/train_images/S021_A000_Z0007_C00.tif,zstack_slice,7.0,data/train_images/Siphonaperta arenata_21_view1_zstack_slice_z0007.png,train
Siphonaperta arenata,21,1,data/train_images/S021_A000_Z0008_C00.tif,zstack_slice,8.0,data/train_images/Siphonaperta arenata_21_view1_zstack_slice_z0008.png,train
Siphonaperta arenata,21,1,data/train_images/S021_A000_Z0009_C00.tif,zstack_slice,9.0,data/train_images/Siphonaperta arenata_21_view1_zstack_slice_z0009.png,train
Siphonaperta arenata,21,1,data/train_images/S021_A000_Z0010_C00.tif,zstack_slice,10.0,data/train_images/Siphonaperta arenata_21_view1_zstack_slice_z0010.png,train
Siphonaperta arenata,21,1,data/train_images/S021_A000_Z0011_C00.tif,zstack_slice,11.0,data/train_images/Siphonaperta arenata_21_view1_zstack_slice_z0011.png,train
Siphonaperta arenata,21,1,data/train_images/S021_A000_Z0012_C00.tif,zstack_slice,12.0,data/train_images/Siphonaperta arenata_21_view1_zstack_slice_z0012.png,train
Siphonaperta arenata,21,2,data/train_images/Siphonaperta arenata_21_view2_gif_original.png,gif_original,,data/train_images/Siphonaperta arenata_21_view2_gif_original.png,train
Siphonaperta arenata,21,2,data/train_images/S021_A060_stacked.tif,stacked_tiff,,data/train_images/Siphonaperta arenata_21_view2_stacked_tiff.png,train
Siphonaperta arenata,21,2,data/train_images/S021_A060_Z0000_C00.tif,zstack_slice,0.0,data/train_images/Siphonaperta arenata_21_view2_zstack_slice_z0000.png,train
Siphonaperta arenata,21,2,data/train_images/S021_A060_Z0001_C00.tif,zstack_slice,1.0,data/train_images/Siphonaperta arenata_21_view2_zstack_slice_z0001.png,train
Siphonaperta arenata,21,2,data/train_images/S021_A060_Z0002_C00.tif,zstack_slice,2.0,data/train_images/Siphonaperta arenata_21_view2_zstack_slice_z0002.png,train
Siphonaperta arenata,21,2,data/train_images/S021_A060_Z0003_C00.tif,zstack_slice,3.0,data/train_images/Siphonaperta arenata_21_view2_zstack_slice_z0003.png,train
Siphonaperta arenata,21,2,data/train_images/S021_A060_Z0004_C00.tif,zstack_slice,4.0,data/train_images/Siphonaperta arenata_21_view2_zstack_slice_z0004.png,train
Siphonaperta arenata,21,2,data/train_images/S021_A060_Z0005_C00.tif,zstack_slice,5.0,data/train_images/Siphonaperta arenata_21_view2_zstack_slice_z0005.png,train
Siphonaperta arenata,21,2,data/train_images/S021_A060_Z0006_C00.tif,zstack_slice,6.0,data/train_images/Siphonaperta arenata_21_view2_zstack_slice_z0006.png,train
Siphonaperta arenata,21,2,data/train_images/S021_A060_Z0007_C00.tif,zstack_slice,7.0,data/train_images/Siphonaperta arenata_21_view2_zstack_slice_z0007.png,train
Siphonaperta arenata,21,2,data/train_images/S021_A060_Z0008_C00.tif,zstack_slice,8.0,data/train_images/Siphonaperta arenata_21_view2_zstack_slice_z0008.png,train
Siphonaperta arenata,21,2,data/train_images/S021_A060_Z0009_C00.tif,zstack_slice,9.0,data/train_images/Siphonaperta arenata_21_view2_zstack_slice_z0009.png,train
Siphonaperta arenata,21,2,data/train_images/S021_A060_Z0010_C00.tif,zstack_slice,10.0,data/train_images/Siphonaperta arenata_21_view2_zstack_slice_z0010.png,train
Siphonaperta arenata,21,2,data/train_images/S021_A060_Z0011_C00.tif,zstack_slice,11.0,data/train_images/Siphonaperta arenata_21_view2_zstack_slice_z0011.png,train
Siphonaperta arenata,21,2,data/train_images/S021_A060_Z0012_C00.tif,zstack_slice,12.0,data/train_images/Siphonaperta arenata_21_view2_zstack_slice_z0012.png,train
Siphonaperta arenata,21,2,data/train_images/S021_A060_Z0013_C00.tif,zstack_slice,13.0,data/train_images/Siphonaperta arenata_21_view2_zstack_slice_z0013.png,train
Siphonaperta arenata,21,2,data/train_images/S021_A060_Z0014_C00.tif,zstack_slice,14.0,data/train_images/Siphonaperta arenata_21_view2_zstack_slice_z0014.png,train
Siphonaperta arenata,21,2,data/train_images/S021_A060_Z0015_C00.tif,zstack_slice,15.0,data/train_images/Siphonaperta arenata_21_view2_zstack_slice_z0015.png,train
Siphonaperta arenata,21,2,data/train_images/S021_A060_Z0016_C00.tif,zstack_slice,16.0,data/train_images/Siphonaperta arenata_21_view2_zstack_slice_z0016.png,train
Siphonaperta arenata,21,2,data/train_images/S021_A060_Z0017_C00.tif,zstack_slice,17.0,data/train_images/Siphonaperta arenata_21_view2_zstack_slice_z0017.png,train
Siphonaperta arenata,21,2,data/train_images/S021_A060_Z0018_C00.tif,zstack_slice,18.0,data/train_images/Siphonaperta arenata_21_view2_zstack_slice_z0018.png,train
Siphonaperta arenata,21,2,data/train_images/S021_A060_Z0019_C00.tif,zstack_slice,19.0,data/train_images/Siphonaperta arenata_21_view2_zstack_slice_z0019.png,train
Siphonaperta arenata,21,4,data/train_images/Siphonaperta arenata_21_view4_gif_original.png,gif_original,,data/train_images/Siphonaperta arenata_21_view4_gif_original.png,train
Siphonaperta arenata,21,4,data/train_images/S021_A180_stacked.tif,stacked_tiff,,data/train_images/Siphonaperta arenata_21_view4_stacked_tiff.png,train
Siphonaperta arenata,21,4,data/train_images/S021_A180_Z0000_C00.tif,zstack_slice,0.0,data/train_images/Siphonaperta arenata_21_view4_zstack_slice_z0000.png,train
Siphonaperta arenata,21,4,data/train_images/S021_A180_Z0001_C00.tif,zstack_slice,1.0,data/train_images/Siphonaperta arenata_21_view4_zstack_slice_z0001.png,train
Siphonaperta arenata,21,4,data/train_images/S021_A180_Z0002_C00.tif,zstack_slice,2.0,data/train_images/Siphonaperta arenata_21_view4_zstack_slice_z0002.png,train
Siphonaperta arenata,21,4,data/train_images/S021_A180_Z0003_C00.tif,zstack_slice,3.0,data/train_images/Siphonaperta arenata_21_view4_zstack_slice_z0003.png,train
Siphonaperta arenata,21,4,data/train_images/S021_A180_Z0004_C00.tif,zstack_slice,4.0,data/train_images/Siphonaperta arenata_21_view4_zstack_slice_z0004.png,train
Siphonaperta arenata,21,4,data/train_images/S021_A180_Z0005_C00.tif,zstack_slice,5.0,data/train_images/Siphonaperta arenata_21_view4_zstack_slice_z0005.png,train
Siphonaperta arenata,21,4,data/train_images/S021_A180_Z0006_C00.tif,zstack_slice,6.0,data/train_images/Siphonaperta arenata_21_view4_zstack_slice_z0006.png,train
Siphonaperta arenata,21,4,data/train_images/S021_A180_Z0007_C00.tif,zstack_slice,7.0,data/train_images/Siphonaperta arenata_21_view4_zstack_slice_z0007.png,train
Siphonaperta arenata,21,4,data/train_images/S021_A180_Z0008_C00.tif,zstack_slice,8.0,data/train_images/Siphonaperta arenata_21_view4_zstack_slice_z0008.png,train
Siphonaperta arenata,21,4,data/train_images/S021_A180_Z0009_C00.tif,zstack_slice,9.0,data/train_images/Siphonaperta arenata_21_view4_zstack_slice_z0009.png,train
Siphonaperta arenata,21,4,data/train_images/S021_A180_Z0010_C00.tif,zstack_slice,10.0,data/train_images/Siphonaperta arenata_21_view4_zstack_slice_z0010.png,train
Siphonaperta arenata,21,5,data/train_images/Siphonaperta arenata_21_view5_gif_original.png,gif_original,,data/train_images/Siphonaperta arenata_21_view5_gif_original.png,train
Siphonaperta arenata,21,5,data/train_images/S021_A240_stacked.tif,stacked_tiff,,data/train_images/Siphonaperta arenata_21_view5_stacked_tiff.png,train
Siphonaperta arenata,21,5,data/train_images/S021_A240_Z0000_C00.tif,zstack_slice,0.0,data/train_images/Siphonaperta arenata_21_view5_zstack_slice_z0000.png,train
Siphonaperta arenata,21,5,data/train_images/S021_A240_Z0001_C00.tif,zstack_slice,1.0,data/train_images/Siphonaperta arenata_21_view5_zstack_slice_z0001.png,train
Siphonaperta arenata,21,5,data/train_images/S021_A240_Z0002_C00.tif,zstack_slice,2.0,data/train_images/Siphonaperta arenata_21_view5_zstack_slice_z0002.png,train
Siphonaperta arenata,21,5,data/train_images/S021_A240_Z0003_C00.tif,zstack_slice,3.0,data/train_images/Siphonaperta arenata_21_view5_zstack_slice_z0003.png,train
Siphonaperta arenata,21,5,data/train_images/S021_A240_Z0004_C00.tif,zstack_slice,4.0,data/train_images/Siphonaperta arenata_21_view5_zstack_slice_z0004.png,train
Siphonaperta arenata,21,5,data/train_images/S021_A240_Z0005_C00.tif,zstack_slice,5.0,data/train_images/Siphonaperta arenata_21_view5_zstack_slice_z0005.png,train
Siphonaperta arenata,21,5,data/train_images/S021_A240_Z0006_C00.tif,zstack_slice,6.0,data/train_images/Siphonaperta arenata_21_view5_zstack_slice_z0006.png,train
Siphonaperta arenata,21,5,data/train_images/S021_A240_Z0007_C00.tif,zstack_slice,7.0,data/train_images/Siphonaperta arenata_21_view5_zstack_slice_z0007.png,train
Siphonaperta arenata,21,5,data/train_images/S021_A240_Z0008_C00.tif,zstack_slice,8.0,data/train_images/Siphonaperta arenata_21_view5_zstack_slice_z0008.png,train
Siphonaperta arenata,21,5,data/train_images/S021_A240_Z0009_C00.tif,zstack_slice,9.0,data/train_images/Siphonaperta arenata_21_view5_zstack_slice_z0009.png,train
Siphonaperta arenata,21,5,data/train_images/S021_A240_Z0010_C00.tif,zstack_slice,10.0,data/train_images/Siphonaperta arenata_21_view5_zstack_slice_z0010.png,train
Siphonaperta arenata,21,5,data/train_images/S021_A240_Z0011_C00.tif,zstack_slice,11.0,data/train_images/Siphonaperta arenata_21_view5_zstack_slice_z0011.png,train
Siphonaperta arenata,21,5,data/train_images/S021_A240_Z0012_C00.tif,zstack_slice,12.0,data/train_images/Siphonaperta arenata_21_view5_zstack_slice_z0012.png,train
Siphonaperta arenata,21,5,data/train_images/S021_A240_Z0013_C00.tif,zstack_slice,13.0,data/train_images/Siphonaperta arenata_21_view5_zstack_slice_z0013.png,train
Siphonaperta arenata,21,5,data/train_images/S021_A240_Z0014_C00.tif,zstack_slice,14.0,data/train_images/Siphonaperta arenata_21_view5_zstack_slice_z0014.png,train
Siphonaperta arenata,21,5,data/train_images/S021_A240_Z0015_C00.tif,zstack_slice,15.0,data/train_images/Siphonaperta arenata_21_view5_zstack_slice_z0015.png,train
Siphonaperta arenata,21,5,data/train_images/S021_A240_Z0016_C00.tif,zstack_slice,16.0,data/train_images/Siphonaperta arenata_21_view5_zstack_slice_z0016.png,train
Siphonaperta arenata,21,5,data/train_images/S021_A240_Z0017_C00.tif,zstack_slice,17.0,data/train_images/Siphonaperta arenata_21_view5_zstack_slice_z0017.png,train
Siphonaperta arenata,21,5,data/train_images/S021_A240_Z0018_C00.tif,zstack_slice,18.0,data/train_images/Siphonaperta arenata_21_view5_zstack_slice_z0018.png,train
Siphonaperta arenata,21,5,data/train_images/S021_A240_Z0019_C00.tif,zstack_slice,19.0,data/train_images/Siphonaperta arenata_21_view5_zstack_slice_z0019.png,train
Siphonaperta arenata,21,5,data/train_images/S021_A240_Z0020_C00.tif,zstack_slice,20.0,data/train_images/Siphonaperta arenata_21_view5_zstack_slice_z0020.png,train
Siphonaperta arenata,21,5,data/train_images/S021_A240_Z0021_C00.tif,zstack_slice,21.0,data/train_images/Siphonaperta arenata_21_view5_zstack_slice_z0021.png,train
Siphonaperta arenata,21,5,data/train_images/S021_A240_Z0022_C00.tif,zstack_slice,22.0,data/train_images/Siphonaperta arenata_21_view5_zstack_slice_z0022.png,train
Siphonaperta arenata,21,5,data/train_images/S021_A240_Z0023_C00.tif,zstack_slice,23.0,data/train_images/Siphonaperta arenata_21_view5_zstack_slice_z0023.png,train
Siphonaperta arenata,21,5,data/train_images/S021_A240_Z0024_C00.tif,zstack_slice,24.0,data/train_images/Siphonaperta arenata_21_view5_zstack_slice_z0024.png,train
Siphonaperta arenata,21,5,data/train_images/S021_A240_Z0025_C00.tif,zstack_slice,25.0,data/train_images/Siphonaperta arenata_21_view5_zstack_slice_z0025.png,train
Siphonaperta arenata,21,5,data/train_images/S021_A240_Z0026_C00.tif,zstack_slice,26.0,data/train_images/Siphonaperta arenata_21_view5_zstack_slice_z0026.png,train
Siphonaperta arenata,21,5,data/train_images/S021_A240_Z0027_C00.tif,zstack_slice,27.0,data/train_images/Siphonaperta arenata_21_view5_zstack_slice_z0027.png,train
Siphouvigerina proboscidea,32,1,data/train_images/Siphouvigerina proboscidea_32_view1_gif_original.png,gif_original,,data/train_images/Siphouvigerina proboscidea_32_view1_gif_original.png,train
Siphouvigerina proboscidea,32,1,data/train_images/S032_A000_Z0000_C00.tif,zstack_slice,0.0,data/train_images/Siphouvigerina proboscidea_32_view1_zstack_slice_z0000.png,train
Siphouvigerina proboscidea,32,1,data/train_images/S032_A000_Z0001_C00.tif,zstack_slice,1.0,data/train_images/Siphouvigerina proboscidea_32_view1_zstack_slice_z0001.png,train
Siphouvigerina proboscidea,32,1,data/train_images/S032_A000_Z0002_C00.tif,zstack_slice,2.0,data/train_images/Siphouvigerina proboscidea_32_view1_zstack_slice_z0002.png,train
Siphouvigerina proboscidea,32,1,data/train_images/S032_A000_Z0003_C00.tif,zstack_slice,3.0,data/train_images/Siphouvigerina proboscidea_32_view1_zstack_slice_z0003.png,train
Siphouvigerina proboscidea,32,1,data/train_images/S032_A000_Z0004_C00.tif,zstack_slice,4.0,data/train_images/Siphouvigerina proboscidea_32_view1_zstack_slice_z0004.png,train
Siphouvigerina proboscidea,32,1,data/train_images/S032_A000_Z0005_C00.tif,zstack_slice,5.0,data/train_images/Siphouvigerina proboscidea_32_view1_zstack_slice_z0005.png,train
Siphouvigerina proboscidea,32,1,data/train_images/S032_A000_Z0006_C00.tif,zstack_slice,6.0,data/train_images/Siphouvigerina proboscidea_32_view1_zstack_slice_z0006.png,train
Siphouvigerina proboscidea,32,1,data/train_images/S032_A000_Z0007_C00.tif,zstack_slice,7.0,data/train_images/Siphouvigerina proboscidea_32_view1_zstack_slice_z0007.png,train
Siphouvigerina proboscidea,32,1,data/train_images/S032_A000_Z0008_C00.tif,zstack_slice,8.0,data/train_images/Siphouvigerina proboscidea_32_view1_zstack_slice_z0008.png,train
Siphouvigerina proboscidea,32,1,data/train_images/S032_A000_Z0009_C00.tif,zstack_slice,9.0,data/train_images/Siphouvigerina proboscidea_32_view1_zstack_slice_z0009.png,train
Siphouvigerina proboscidea,32,1,data/train_images/S032_A000_Z0010_C00.tif,zstack_slice,10.0,data/train_images/Siphouvigerina proboscidea_32_view1_zstack_slice_z0010.png,train
Siphouvigerina proboscidea,32,1,data/train_images/S032_A000_Z0011_C00.tif,zstack_slice,11.0,data/train_images/Siphouvigerina proboscidea_32_view1_zstack_slice_z0011.png,train
Siphouvigerina proboscidea,32,1,data/train_images/S032_A000_Z0012_C00.tif,zstack_slice,12.0,data/train_images/Siphouvigerina proboscidea_32_view1_zstack_slice_z0012.png,train
Siphouvigerina proboscidea,32,1,data/train_images/S032_A000_Z0013_C00.tif,zstack_slice,13.0,data/train_images/Siphouvigerina proboscidea_32_view1_zstack_slice_z0013.png,train
Siphouvigerina proboscidea,32,1,data/train_images/S032_A000_Z0014_C00.tif,zstack_slice,14.0,data/train_images/Siphouvigerina proboscidea_32_view1_zstack_slice_z0014.png,train
Siphouvigerina proboscidea,32,1,data/train_images/S032_A000_Z0015_C00.tif,zstack_slice,15.0,data/train_images/Siphouvigerina proboscidea_32_view1_zstack_slice_z0015.png,train
Siphouvigerina proboscidea,32,1,data/train_images/S032_A000_Z0016_C00.tif,zstack_slice,16.0,data/train_images/Siphouvigerina proboscidea_32_view1_zstack_slice_z0016.png,train
Siphouvigerina proboscidea,32,1,data/train_images/S032_A000_Z0017_C00.tif,zstack_slice,17.0,data/train_images/Siphouvigerina proboscidea_32_view1_zstack_slice_z0017.png,train
Siphouvigerina proboscidea,32,1,data/train_images/S032_A000_Z0018_C00.tif,zstack_slice,18.0,data/train_images/Siphouvigerina proboscidea_32_view1_zstack_slice_z0018.png,train
Siphouvigerina proboscidea,32,1,data/train_images/S032_A000_Z0019_C00.tif,zstack_slice,19.0,data/train_images/Siphouvigerina proboscidea_32_view1_zstack_slice_z0019.png,train
Siphouvigerina proboscidea,32,1,data/train_images/S032_A000_Z0020_C00.tif,zstack_slice,20.0,data/train_images/Siphouvigerina proboscidea_32_view1_zstack_slice_z0020.png,train
Siphouvigerina proboscidea,32,1,data/train_images/S032_A000_Z0021_C00.tif,zstack_slice,21.0,data/train_images/Siphouvigerina proboscidea_32_view1_zstack_slice_z0021.png,train
Siphouvigerina proboscidea,32,1,data/train_images/S032_A000_Z0022_C00.tif,zstack_slice,22.0,data/train_images/Siphouvigerina proboscidea_32_view1_zstack_slice_z0022.png,train
Siphouvigerina proboscidea,32,1,data/train_images/S032_A000_Z0023_C00.tif,zstack_slice,23.0,data/train_images/Siphouvigerina proboscidea_32_view1_zstack_slice_z0023.png,train
Siphouvigerina proboscidea,32,1,data/train_images/S032_A000_Z0024_C00.tif,zstack_slice,24.0,data/train_images/Siphouvigerina proboscidea_32_view1_zstack_slice_z0024.png,train
Siphouvigerina proboscidea,32,1,data/train_images/S032_A000_Z0025_C00.tif,zstack_slice,25.0,data/train_images/Siphouvigerina proboscidea_32_view1_zstack_slice_z0025.png,train
Siphouvigerina proboscidea,32,1,data/train_images/S032_A000_Z0026_C00.tif,zstack_slice,26.0,data/train_images/Siphouvigerina proboscidea_32_view1_zstack_slice_z0026.png,train
Siphouvigerina proboscidea,32,1,data/train_images/S032_A000_Z0027_C00.tif,zstack_slice,27.0,data/train_images/Siphouvigerina proboscidea_32_view1_zstack_slice_z0027.png,train
Siphouvigerina proboscidea,32,1,data/train_images/S032_A000_Z0028_C00.tif,zstack_slice,28.0,data/train_images/Siphouvigerina proboscidea_32_view1_zstack_slice_z0028.png,train
Siphouvigerina proboscidea,32,1,data/train_images/S032_A000_Z0029_C00.tif,zstack_slice,29.0,data/train_images/Siphouvigerina proboscidea_32_view1_zstack_slice_z0029.png,train
Siphouvigerina proboscidea,32,1,data/train_images/S032_A000_Z0030_C00.tif,zstack_slice,30.0,data/train_images/Siphouvigerina proboscidea_32_view1_zstack_slice_z0030.png,train
Siphouvigerina proboscidea,32,1,data/train_images/S032_A000_Z0031_C00.tif,zstack_slice,31.0,data/train_images/Siphouvigerina proboscidea_32_view1_zstack_slice_z0031.png,train
Siphouvigerina proboscidea,32,1,data/train_images/S032_A000_Z0032_C00.tif,zstack_slice,32.0,data/train_images/Siphouvigerina proboscidea_32_view1_zstack_slice_z0032.png,train
Siphouvigerina proboscidea,32,1,data/train_images/S032_A000_Z0033_C00.tif,zstack_slice,33.0,data/train_images/Siphouvigerina proboscidea_32_view1_zstack_slice_z0033.png,train
Siphouvigerina proboscidea,32,1,data/train_images/S032_A000_Z0034_C00.tif,zstack_slice,34.0,data/train_images/Siphouvigerina proboscidea_32_view1_zstack_slice_z0034.png,train
Siphouvigerina proboscidea,32,1,data/train_images/S032_A000_Z0035_C00.tif,zstack_slice,35.0,data/train_images/Siphouvigerina proboscidea_32_view1_zstack_slice_z0035.png,train
Siphouvigerina proboscidea,32,2,data/train_images/Siphouvigerina proboscidea_32_view2_gif_original.png,gif_original,,data/train_images/Siphouvigerina proboscidea_32_view2_gif_original.png,train
Siphouvigerina proboscidea,32,2,data/train_images/S032_A060_Z0000_C00.tif,zstack_slice,0.0,data/train_images/Siphouvigerina proboscidea_32_view2_zstack_slice_z0000.png,train
Siphouvigerina proboscidea,32,2,data/train_images/S032_A060_Z0001_C00.tif,zstack_slice,1.0,data/train_images/Siphouvigerina proboscidea_32_view2_zstack_slice_z0001.png,train
Siphouvigerina proboscidea,32,2,data/train_images/S032_A060_Z0002_C00.tif,zstack_slice,2.0,data/train_images/Siphouvigerina proboscidea_32_view2_zstack_slice_z0002.png,train
Siphouvigerina proboscidea,32,2,data/train_images/S032_A060_Z0003_C00.tif,zstack_slice,3.0,data/train_images/Siphouvigerina proboscidea_32_view2_zstack_slice_z0003.png,train
Siphouvigerina proboscidea,32,2,data/train_images/S032_A060_Z0004_C00.tif,zstack_slice,4.0,data/train_images/Siphouvigerina proboscidea_32_view2_zstack_slice_z0004.png,train
Siphouvigerina proboscidea,32,2,data/train_images/S032_A060_Z0005_C00.tif,zstack_slice,5.0,data/train_images/Siphouvigerina proboscidea_32_view2_zstack_slice_z0005.png,train
Siphouvigerina proboscidea,32,2,data/train_images/S032_A060_Z0006_C00.tif,zstack_slice,6.0,data/train_images/Siphouvigerina proboscidea_32_view2_zstack_slice_z0006.png,train
Siphouvigerina proboscidea,32,2,data/train_images/S032_A060_Z0007_C00.tif,zstack_slice,7.0,data/train_images/Siphouvigerina proboscidea_32_view2_zstack_slice_z0007.png,train
Siphouvigerina proboscidea,32,2,data/train_images/S032_A060_Z0008_C00.tif,zstack_slice,8.0,data/train_images/Siphouvigerina proboscidea_32_view2_zstack_slice_z0008.png,train
Siphouvigerina proboscidea,32,2,data/train_images/S032_A060_Z0009_C00.tif,zstack_slice,9.0,data/train_images/Siphouvigerina proboscidea_32_view2_zstack_slice_z0009.png,train
Siphouvigerina proboscidea,32,2,data/train_images/S032_A060_Z0010_C00.tif,zstack_slice,10.0,data/train_images/Siphouvigerina proboscidea_32_view2_zstack_slice_z0010.png,train
Siphouvigerina proboscidea,32,2,data/train_images/S032_A060_Z0011_C00.tif,zstack_slice,11.0,data/train_images/Siphouvigerina proboscidea_32_view2_zstack_slice_z0011.png,train
Siphouvigerina proboscidea,32,2,data/train_images/S032_A060_Z0012_C00.tif,zstack_slice,12.0,data/train_images/Siphouvigerina proboscidea_32_view2_zstack_slice_z0012.png,train
Siphouvigerina proboscidea,32,2,data/train_images/S032_A060_Z0013_C00.tif,zstack_slice,13.0,data/train_images/Siphouvigerina proboscidea_32_view2_zstack_slice_z0013.png,train
Siphouvigerina proboscidea,32,2,data/train_images/S032_A060_Z0014_C00.tif,zstack_slice,14.0,data/train_images/Siphouvigerina proboscidea_32_view2_zstack_slice_z0014.png,train
Siphouvigerina proboscidea,32,2,data/train_images/S032_A060_Z0015_C00.tif,zstack_slice,15.0,data/train_images/Siphouvigerina proboscidea_32_view2_zstack_slice_z0015.png,train
Siphouvigerina proboscidea,32,2,data/train_images/S032_A060_Z0016_C00.tif,zstack_slice,16.0,data/train_images/Siphouvigerina proboscidea_32_view2_zstack_slice_z0016.png,train
Siphouvigerina proboscidea,32,2,data/train_images/S032_A060_Z0017_C00.tif,zstack_slice,17.0,data/train_images/Siphouvigerina proboscidea_32_view2_zstack_slice_z0017.png,train
Siphouvigerina proboscidea,32,2,data/train_images/S032_A060_Z0018_C00.tif,zstack_slice,18.0,data/train_images/Siphouvigerina proboscidea_32_view2_zstack_slice_z0018.png,train
Siphouvigerina proboscidea,32,2,data/train_images/S032_A060_Z0019_C00.tif,zstack_slice,19.0,data/train_images/Siphouvigerina proboscidea_32_view2_zstack_slice_z0019.png,train
Siphouvigerina proboscidea,32,2,data/train_images/S032_A060_Z0020_C00.tif,zstack_slice,20.0,data/train_images/Siphouvigerina proboscidea_32_view2_zstack_slice_z0020.png,train
Siphouvigerina proboscidea,32,2,data/train_images/S032_A060_Z0021_C00.tif,zstack_slice,21.0,data/train_images/Siphouvigerina proboscidea_32_view2_zstack_slice_z0021.png,train
Siphouvigerina proboscidea,32,2,data/train_images/S032_A060_Z0022_C00.tif,zstack_slice,22.0,data/train_images/Siphouvigerina proboscidea_32_view2_zstack_slice_z0022.png,train
Siphouvigerina proboscidea,32,2,data/train_images/S032_A060_Z0023_C00.tif,zstack_slice,23.0,data/train_images/Siphouvigerina proboscidea_32_view2_zstack_slice_z0023.png,train
Siphouvigerina proboscidea,32,5,data/train_images/Siphouvigerina proboscidea_32_view5_gif_original.png,gif_original,,data/train_images/Siphouvigerina proboscidea_32_view5_gif_original.png,train
Siphouvigerina proboscidea,32,5,data/train_images/S032_A240_Z0000_C00.tif,zstack_slice,0.0,data/train_images/Siphouvigerina proboscidea_32_view5_zstack_slice_z0000.png,train
Siphouvigerina proboscidea,32,5,data/train_images/S032_A240_Z0001_C00.tif,zstack_slice,1.0,data/train_images/Siphouvigerina proboscidea_32_view5_zstack_slice_z0001.png,train
Siphouvigerina proboscidea,32,5,data/train_images/S032_A240_Z0002_C00.tif,zstack_slice,2.0,data/train_images/Siphouvigerina proboscidea_32_view5_zstack_slice_z0002.png,train
Siphouvigerina proboscidea,32,5,data/train_images/S032_A240_Z0003_C00.tif,zstack_slice,3.0,data/train_images/Siphouvigerina proboscidea_32_view5_zstack_slice_z0003.png,train
Siphouvigerina proboscidea,32,5,data/train_images/S032_A240_Z0004_C00.tif,zstack_slice,4.0,data/train_images/Siphouvigerina proboscidea_32_view5_zstack_slice_z0004.png,train
Siphouvigerina proboscidea,32,5,data/train_images/S032_A240_Z0005_C00.tif,zstack_slice,5.0,data/train_images/Siphouvigerina proboscidea_32_view5_zstack_slice_z0005.png,train
Siphouvigerina proboscidea,32,5,data/train_images/S032_A240_Z0006_C00.tif,zstack_slice,6.0,data/train_images/Siphouvigerina proboscidea_32_view5_zstack_slice_z0006.png,train
Siphouvigerina proboscidea,32,5,data/train_images/S032_A240_Z0007_C00.tif,zstack_slice,7.0,data/train_images/Siphouvigerina proboscidea_32_view5_zstack_slice_z0007.png,train
Siphouvigerina proboscidea,32,5,data/train_images/S032_A240_Z0008_C00.tif,zstack_slice,8.0,data/train_images/Siphouvigerina proboscidea_32_view5_zstack_slice_z0008.png,train
Siphouvigerina proboscidea,32,5,data/train_images/S032_A240_Z0009_C00.tif,zstack_slice,9.0,data/train_images/Siphouvigerina proboscidea_32_view5_zstack_slice_z0009.png,train
Siphouvigerina proboscidea,32,5,data/train_images/S032_A240_Z0010_C00.tif,zstack_slice,10.0,data/train_images/Siphouvigerina proboscidea_32_view5_zstack_slice_z0010.png,train
Siphouvigerina proboscidea,32,5,data/train_images/S032_A240_Z0011_C00.tif,zstack_slice,11.0,data/train_images/Siphouvigerina proboscidea_32_view5_zstack_slice_z0011.png,train
Siphouvigerina proboscidea,32,5,data/train_images/S032_A240_Z0012_C00.tif,zstack_slice,12.0,data/train_images/Siphouvigerina proboscidea_32_view5_zstack_slice_z0012.png,train
Siphouvigerina proboscidea,32,5,data/train_images/S032_A240_Z0013_C00.tif,zstack_slice,13.0,data/train_images/Siphouvigerina proboscidea_32_view5_zstack_slice_z0013.png,train
Siphouvigerina proboscidea,32,5,data/train_images/S032_A240_Z0014_C00.tif,zstack_slice,14.0,data/train_images/Siphouvigerina proboscidea_32_view5_zstack_slice_z0014.png,train
Siphouvigerina proboscidea,32,5,data/train_images/S032_A240_Z0015_C00.tif,zstack_slice,15.0,data/train_images/Siphouvigerina proboscidea_32_view5_zstack_slice_z0015.png,train
Siphouvigerina proboscidea,32,5,data/train_images/S032_A240_Z0016_C00.tif,zstack_slice,16.0,data/train_images/Siphouvigerina proboscidea_32_view5_zstack_slice_z0016.png,train
Siphouvigerina proboscidea,32,5,data/train_images/S032_A240_Z0017_C00.tif,zstack_slice,17.0,data/train_images/Siphouvigerina proboscidea_32_view5_zstack_slice_z0017.png,train
Siphouvigerina proboscidea,32,5,data/train_images/S032_A240_Z0018_C00.tif,zstack_slice,18.0,data/train_images/Siphouvigerina proboscidea_32_view5_zstack_slice_z0018.png,train
Siphouvigerina proboscidea,32,5,data/train_images/S032_A240_Z0019_C00.tif,zstack_slice,19.0,data/train_images/Siphouvigerina proboscidea_32_view5_zstack_slice_z0019.png,train
Siphouvigerina proboscidea,32,5,data/train_images/S032_A240_Z0020_C00.tif,zstack_slice,20.0,data/train_images/Siphouvigerina proboscidea_32_view5_zstack_slice_z0020.png,train
Siphouvigerina proboscidea,32,5,data/train_images/S032_A240_Z0021_C00.tif,zstack_slice,21.0,data/train_images/Siphouvigerina proboscidea_32_view5_zstack_slice_z0021.png,train
Siphouvigerina proboscidea,32,5,data/train_images/S032_A240_Z0022_C00.tif,zstack_slice,22.0,data/train_images/Siphouvigerina proboscidea_32_view5_zstack_slice_z0022.png,train
Siphouvigerina proboscidea,32,6,data/train_images/Siphouvigerina proboscidea_32_view6_gif_original.png,gif_original,,data/train_images/Siphouvigerina proboscidea_32_view6_gif_original.png,train
Siphouvigerina proboscidea,32,6,data/train_images/S032_A300_Z0000_C00.tif,zstack_slice,0.0,data/train_images/Siphouvigerina proboscidea_32_view6_zstack_slice_z0000.png,train
Siphouvigerina proboscidea,32,6,data/train_images/S032_A300_Z0001_C00.tif,zstack_slice,1.0,data/train_images/Siphouvigerina proboscidea_32_view6_zstack_slice_z0001.png,train
Siphouvigerina proboscidea,32,6,data/train_images/S032_A300_Z0002_C00.tif,zstack_slice,2.0,data/train_images/Siphouvigerina proboscidea_32_view6_zstack_slice_z0002.png,train
Siphouvigerina proboscidea,32,6,data/train_images/S032_A300_Z0003_C00.tif,zstack_slice,3.0,data/train_images/Siphouvigerina proboscidea_32_view6_zstack_slice_z0003.png,train
Siphouvigerina proboscidea,32,6,data/train_images/S032_A300_Z0004_C00.tif,zstack_slice,4.0,data/train_images/Siphouvigerina proboscidea_32_view6_zstack_slice_z0004.png,train
Siphouvigerina proboscidea,32,6,data/train_images/S032_A300_Z0005_C00.tif,zstack_slice,5.0,data/train_images/Siphouvigerina proboscidea_32_view6_zstack_slice_z0005.png,train
Siphouvigerina proboscidea,32,6,data/train_images/S032_A300_Z0006_C00.tif,zstack_slice,6.0,data/train_images/Siphouvigerina proboscidea_32_view6_zstack_slice_z0006.png,train
Siphouvigerina proboscidea,32,6,data/train_images/S032_A300_Z0007_C00.tif,zstack_slice,7.0,data/train_images/Siphouvigerina proboscidea_32_view6_zstack_slice_z0007.png,train
Siphouvigerina proboscidea,32,6,data/train_images/S032_A300_Z0008_C00.tif,zstack_slice,8.0,data/train_images/Siphouvigerina proboscidea_32_view6_zstack_slice_z0008.png,train
Siphouvigerina proboscidea,32,6,data/train_images/S032_A300_Z0009_C00.tif,zstack_slice,9.0,data/train_images/Siphouvigerina proboscidea_32_view6_zstack_slice_z0009.png,train
Siphouvigerina proboscidea,32,6,data/train_images/S032_A300_Z0010_C00.tif,zstack_slice,10.0,data/train_images/Siphouvigerina proboscidea_32_view6_zstack_slice_z0010.png,train
Siphouvigerina proboscidea,32,6,data/train_images/S032_A300_Z0011_C00.tif,zstack_slice,11.0,data/train_images/Siphouvigerina proboscidea_32_view6_zstack_slice_z0011.png,train
Siphouvigerina proboscidea,32,6,data/train_images/S032_A300_Z0012_C00.tif,zstack_slice,12.0,data/train_images/Siphouvigerina proboscidea_32_view6_zstack_slice_z0012.png,train
Siphouvigerina proboscidea,32,6,data/train_images/S032_A300_Z0013_C00.tif,zstack_slice,13.0,data/train_images/Siphouvigerina proboscidea_32_view6_zstack_slice_z0013.png,train
Siphouvigerina proboscidea,32,6,data/train_images/S032_A300_Z0014_C00.tif,zstack_slice,14.0,data/train_images/Siphouvigerina proboscidea_32_view6_zstack_slice_z0014.png,train
Siphouvigerina proboscidea,32,6,data/train_images/S032_A300_Z0015_C00.tif,zstack_slice,15.0,data/train_images/Siphouvigerina proboscidea_32_view6_zstack_slice_z0015.png,train
Siphouvigerina proboscidea,32,6,data/train_images/S032_A300_Z0016_C00.tif,zstack_slice,16.0,data/train_images/Siphouvigerina proboscidea_32_view6_zstack_slice_z0016.png,train
Siphouvigerina proboscidea,32,6,data/train_images/S032_A300_Z0017_C00.tif,zstack_slice,17.0,data/train_images/Siphouvigerina proboscidea_32_view6_zstack_slice_z0017.png,train
Siphouvigerina proboscidea,32,6,data/train_images/S032_A300_Z0018_C00.tif,zstack_slice,18.0,data/train_images/Siphouvigerina proboscidea_32_view6_zstack_slice_z0018.png,train
Siphouvigerina proboscidea,32,6,data/train_images/S032_A300_Z0019_C00.tif,zstack_slice,19.0,data/train_images/Siphouvigerina proboscidea_32_view6_zstack_slice_z0019.png,train
Siphouvigerina proboscidea,32,6,data/train_images/S032_A300_Z0020_C00.tif,zstack_slice,20.0,data/train_images/Siphouvigerina proboscidea_32_view6_zstack_slice_z0020.png,train
Siphouvigerina proboscidea,32,6,data/train_images/S032_A300_Z0021_C00.tif,zstack_slice,21.0,data/train_images/Siphouvigerina proboscidea_32_view6_zstack_slice_z0021.png,train
Siphouvigerina proboscidea,32,6,data/train_images/S032_A300_Z0022_C00.tif,zstack_slice,22.0,data/train_images/Siphouvigerina proboscidea_32_view6_zstack_slice_z0022.png,train
Siphouvigerina proboscidea,32,6,data/train_images/S032_A300_Z0023_C00.tif,zstack_slice,23.0,data/train_images/Siphouvigerina proboscidea_32_view6_zstack_slice_z0023.png,train
Siphouvigerina proboscidea,32,6,data/train_images/S032_A300_Z0024_C00.tif,zstack_slice,24.0,data/train_images/Siphouvigerina proboscidea_32_view6_zstack_slice_z0024.png,train
Siphouvigerina proboscidea,32,6,data/train_images/S032_A300_Z0025_C00.tif,zstack_slice,25.0,data/train_images/Siphouvigerina proboscidea_32_view6_zstack_slice_z0025.png,train
Siphouvigerina proboscidea,32,6,data/train_images/S032_A300_Z0026_C00.tif,zstack_slice,26.0,data/train_images/Siphouvigerina proboscidea_32_view6_zstack_slice_z0026.png,train
Siphouvigerina proboscidea,32,6,data/train_images/S032_A300_Z0027_C00.tif,zstack_slice,27.0,data/train_images/Siphouvigerina proboscidea_32_view6_zstack_slice_z0027.png,train
Siphouvigerina proboscidea,32,6,data/train_images/S032_A300_Z0028_C00.tif,zstack_slice,28.0,data/train_images/Siphouvigerina proboscidea_32_view6_zstack_slice_z0028.png,train
Siphouvigerina proboscidea,32,6,data/train_images/S032_A300_Z0029_C00.tif,zstack_slice,29.0,data/train_images/Siphouvigerina proboscidea_32_view6_zstack_slice_z0029.png,train
Siphouvigerina proboscidea,32,6,data/train_images/S032_A300_Z0030_C00.tif,zstack_slice,30.0,data/train_images/Siphouvigerina proboscidea_32_view6_zstack_slice_z0030.png,train
Siphouvigerina proboscidea,32,6,data/train_images/S032_A300_Z0031_C00.tif,zstack_slice,31.0,data/train_images/Siphouvigerina proboscidea_32_view6_zstack_slice_z0031.png,train
Siphouvigerina proboscidea,32,6,data/train_images/S032_A300_Z0032_C00.tif,zstack_slice,32.0,data/train_images/Siphouvigerina proboscidea_32_view6_zstack_slice_z0032.png,train
Siphouvigerina proboscidea,32,6,data/train_images/S032_A300_Z0033_C00.tif,zstack_slice,33.0,data/train_images/Siphouvigerina proboscidea_32_view6_zstack_slice_z0033.png,train
Siphouvigerina proboscidea,32,6,data/train_images/S032_A300_Z0034_C00.tif,zstack_slice,34.0,data/train_images/Siphouvigerina proboscidea_32_view6_zstack_slice_z0034.png,train
Siphouvigerina proboscidea,32,6,data/train_images/S032_A300_Z0035_C00.tif,zstack_slice,35.0,data/train_images/Siphouvigerina proboscidea_32_view6_zstack_slice_z0035.png,train
Siphouvigerina proboscidea,32,6,data/train_images/S032_A300_Z0036_C00.tif,zstack_slice,36.0,data/train_images/Siphouvigerina proboscidea_32_view6_zstack_slice_z0036.png,train
Sorites orbiculus,25,1,data/train_images/Sorites orbiculus_25_view1_gif_original.png,gif_original,,data/train_images/Sorites orbiculus_25_view1_gif_original.png,train
Sorites orbiculus,25,1,data/train_images/S025_A000_stacked.tif,stacked_tiff,,data/train_images/Sorites orbiculus_25_view1_stacked_tiff.png,train
Sorites orbiculus,25,1,data/train_images/S025_A000_Z0000_C00.tif,zstack_slice,0.0,data/train_images/Sorites orbiculus_25_view1_zstack_slice_z0000.png,train
Sorites orbiculus,25,1,data/train_images/S025_A000_Z0001_C00.tif,zstack_slice,1.0,data/train_images/Sorites orbiculus_25_view1_zstack_slice_z0001.png,train
Sorites orbiculus,25,1,data/train_images/S025_A000_Z0002_C00.tif,zstack_slice,2.0,data/train_images/Sorites orbiculus_25_view1_zstack_slice_z0002.png,train
Sorites orbiculus,25,1,data/train_images/S025_A000_Z0003_C00.tif,zstack_slice,3.0,data/train_images/Sorites orbiculus_25_view1_zstack_slice_z0003.png,train
Sorites orbiculus,25,1,data/train_images/S025_A000_Z0004_C00.tif,zstack_slice,4.0,data/train_images/Sorites orbiculus_25_view1_zstack_slice_z0004.png,train
Sorites orbiculus,25,1,data/train_images/S025_A000_Z0005_C00.tif,zstack_slice,5.0,data/train_images/Sorites orbiculus_25_view1_zstack_slice_z0005.png,train
Sorites orbiculus,25,1,data/train_images/S025_A000_Z0006_C00.tif,zstack_slice,6.0,data/train_images/Sorites orbiculus_25_view1_zstack_slice_z0006.png,train
Sorites orbiculus,25,1,data/train_images/S025_A000_Z0007_C00.tif,zstack_slice,7.0,data/train_images/Sorites orbiculus_25_view1_zstack_slice_z0007.png,train
Sorites orbiculus,25,1,data/train_images/S025_A000_Z0008_C00.tif,zstack_slice,8.0,data/train_images/Sorites orbiculus_25_view1_zstack_slice_z0008.png,train
Sorites orbiculus,25,1,data/train_images/S025_A000_Z0009_C00.tif,zstack_slice,9.0,data/train_images/Sorites orbiculus_25_view1_zstack_slice_z0009.png,train
Sorites orbiculus,25,1,data/train_images/S025_A000_Z0010_C00.tif,zstack_slice,10.0,data/train_images/Sorites orbiculus_25_view1_zstack_slice_z0010.png,train
Sorites orbiculus,25,1,data/train_images/S025_A000_Z0011_C00.tif,zstack_slice,11.0,data/train_images/Sorites orbiculus_25_view1_zstack_slice_z0011.png,train
Sorites orbiculus,25,1,data/train_images/S025_A000_Z0012_C00.tif,zstack_slice,12.0,data/train_images/Sorites orbiculus_25_view1_zstack_slice_z0012.png,train
Sorites orbiculus,25,1,data/train_images/S025_A000_Z0013_C00.tif,zstack_slice,13.0,data/train_images/Sorites orbiculus_25_view1_zstack_slice_z0013.png,train
Sorites orbiculus,25,1,data/train_images/S025_A000_Z0014_C00.tif,zstack_slice,14.0,data/train_images/Sorites orbiculus_25_view1_zstack_slice_z0014.png,train
Sorites orbiculus,25,1,data/train_images/S025_A000_Z0015_C00.tif,zstack_slice,15.0,data/train_images/Sorites orbiculus_25_view1_zstack_slice_z0015.png,train
Sorites orbiculus,25,1,data/train_images/S025_A000_Z0016_C00.tif,zstack_slice,16.0,data/train_images/Sorites orbiculus_25_view1_zstack_slice_z0016.png,train
Sorites orbiculus,25,1,data/train_images/S025_A000_Z0017_C00.tif,zstack_slice,17.0,data/train_images/Sorites orbiculus_25_view1_zstack_slice_z0017.png,train
Sorites orbiculus,25,1,data/train_images/S025_A000_Z0018_C00.tif,zstack_slice,18.0,data/train_images/Sorites orbiculus_25_view1_zstack_slice_z0018.png,train
Sorites orbiculus,25,1,data/train_images/S025_A000_Z0019_C00.tif,zstack_slice,19.0,data/train_images/Sorites orbiculus_25_view1_zstack_slice_z0019.png,train
Sorites orbiculus,25,1,data/train_images/S025_A000_Z0020_C00.tif,zstack_slice,20.0,data/train_images/Sorites orbiculus_25_view1_zstack_slice_z0020.png,train
Sorites orbiculus,25,1,data/train_images/S025_A000_Z0021_C00.tif,zstack_slice,21.0,data/train_images/Sorites orbiculus_25_view1_zstack_slice_z0021.png,train
Sorites orbiculus,25,1,data/train_images/S025_A000_Z0022_C00.tif,zstack_slice,22.0,data/train_images/Sorites orbiculus_25_view1_zstack_slice_z0022.png,train
Sorites orbiculus,25,1,data/train_images/S025_A000_Z0023_C00.tif,zstack_slice,23.0,data/train_images/Sorites orbiculus_25_view1_zstack_slice_z0023.png,train
Sorites orbiculus,25,1,data/train_images/S025_A000_Z0024_C00.tif,zstack_slice,24.0,data/train_images/Sorites orbiculus_25_view1_zstack_slice_z0024.png,train
Sorites orbiculus,25,2,data/train_images/Sorites orbiculus_25_view2_gif_original.png,gif_original,,data/train_images/Sorites orbiculus_25_view2_gif_original.png,train
Sorites orbiculus,25,2,data/train_images/S025_A060_stacked.tif,stacked_tiff,,data/train_images/Sorites orbiculus_25_view2_stacked_tiff.png,train
Sorites orbiculus,25,2,data/train_images/S025_A060_Z0000_C00.tif,zstack_slice,0.0,data/train_images/Sorites orbiculus_25_view2_zstack_slice_z0000.png,train
Sorites orbiculus,25,2,data/train_images/S025_A060_Z0001_C00.tif,zstack_slice,1.0,data/train_images/Sorites orbiculus_25_view2_zstack_slice_z0001.png,train
Sorites orbiculus,25,2,data/train_images/S025_A060_Z0002_C00.tif,zstack_slice,2.0,data/train_images/Sorites orbiculus_25_view2_zstack_slice_z0002.png,train
Sorites orbiculus,25,2,data/train_images/S025_A060_Z0003_C00.tif,zstack_slice,3.0,data/train_images/Sorites orbiculus_25_view2_zstack_slice_z0003.png,train
Sorites orbiculus,25,2,data/train_images/S025_A060_Z0004_C00.tif,zstack_slice,4.0,data/train_images/Sorites orbiculus_25_view2_zstack_slice_z0004.png,train
Sorites orbiculus,25,2,data/train_images/S025_A060_Z0005_C00.tif,zstack_slice,5.0,data/train_images/Sorites orbiculus_25_view2_zstack_slice_z0005.png,train
Sorites orbiculus,25,2,data/train_images/S025_A060_Z0006_C00.tif,zstack_slice,6.0,data/train_images/Sorites orbiculus_25_view2_zstack_slice_z0006.png,train
Sorites orbiculus,25,2,data/train_images/S025_A060_Z0007_C00.tif,zstack_slice,7.0,data/train_images/Sorites orbiculus_25_view2_zstack_slice_z0007.png,train
Sorites orbiculus,25,2,data/train_images/S025_A060_Z0008_C00.tif,zstack_slice,8.0,data/train_images/Sorites orbiculus_25_view2_zstack_slice_z0008.png,train
Sorites orbiculus,25,2,data/train_images/S025_A060_Z0009_C00.tif,zstack_slice,9.0,data/train_images/Sorites orbiculus_25_view2_zstack_slice_z0009.png,train
Sorites orbiculus,25,2,data/train_images/S025_A060_Z0010_C00.tif,zstack_slice,10.0,data/train_images/Sorites orbiculus_25_view2_zstack_slice_z0010.png,train
Sorites orbiculus,25,2,data/train_images/S025_A060_Z0011_C00.tif,zstack_slice,11.0,data/train_images/Sorites orbiculus_25_view2_zstack_slice_z0011.png,train
Sorites orbiculus,25,2,data/train_images/S025_A060_Z0012_C00.tif,zstack_slice,12.0,data/train_images/Sorites orbiculus_25_view2_zstack_slice_z0012.png,train
Sorites orbiculus,25,2,data/train_images/S025_A060_Z0013_C00.tif,zstack_slice,13.0,data/train_images/Sorites orbiculus_25_view2_zstack_slice_z0013.png,train
Sorites orbiculus,25,2,data/train_images/S025_A060_Z0014_C00.tif,zstack_slice,14.0,data/train_images/Sorites orbiculus_25_view2_zstack_slice_z0014.png,train
Sorites orbiculus,25,2,data/train_images/S025_A060_Z0015_C00.tif,zstack_slice,15.0,data/train_images/Sorites orbiculus_25_view2_zstack_slice_z0015.png,train
Sorites orbiculus,25,2,data/train_images/S025_A060_Z0016_C00.tif,zstack_slice,16.0,data/train_images/Sorites orbiculus_25_view2_zstack_slice_z0016.png,train
Sorites orbiculus,25,2,data/train_images/S025_A060_Z0017_C00.tif,zstack_slice,17.0,data/train_images/Sorites orbiculus_25_view2_zstack_slice_z0017.png,train
Sorites orbiculus,25,2,data/train_images/S025_A060_Z0018_C00.tif,zstack_slice,18.0,data/train_images/Sorites orbiculus_25_view2_zstack_slice_z0018.png,train
Sorites orbiculus,25,2,data/train_images/S025_A060_Z0019_C00.tif,zstack_slice,19.0,data/train_images/Sorites orbiculus_25_view2_zstack_slice_z0019.png,train
Sorites orbiculus,25,2,data/train_images/S025_A060_Z0020_C00.tif,zstack_slice,20.0,data/train_images/Sorites orbiculus_25_view2_zstack_slice_z0020.png,train
Sorites orbiculus,25,2,data/train_images/S025_A060_Z0021_C00.tif,zstack_slice,21.0,data/train_images/Sorites orbiculus_25_view2_zstack_slice_z0021.png,train
Sorites orbiculus,25,2,data/train_images/S025_A060_Z0022_C00.tif,zstack_slice,22.0,data/train_images/Sorites orbiculus_25_view2_zstack_slice_z0022.png,train
Sorites orbiculus,25,2,data/train_images/S025_A060_Z0023_C00.tif,zstack_slice,23.0,data/train_images/Sorites orbiculus_25_view2_zstack_slice_z0023.png,train
Sorites orbiculus,25,2,data/train_images/S025_A060_Z0024_C00.tif,zstack_slice,24.0,data/train_images/Sorites orbiculus_25_view2_zstack_slice_z0024.png,train
Sorites orbiculus,25,2,data/train_images/S025_A060_Z0025_C00.tif,zstack_slice,25.0,data/train_images/Sorites orbiculus_25_view2_zstack_slice_z0025.png,train
Sorites orbiculus,25,2,data/train_images/S025_A060_Z0026_C00.tif,zstack_slice,26.0,data/train_images/Sorites orbiculus_25_view2_zstack_slice_z0026.png,train
Sorites orbiculus,25,2,data/train_images/S025_A060_Z0027_C00.tif,zstack_slice,27.0,data/train_images/Sorites orbiculus_25_view2_zstack_slice_z0027.png,train
Sorites orbiculus,25,2,data/train_images/S025_A060_Z0028_C00.tif,zstack_slice,28.0,data/train_images/Sorites orbiculus_25_view2_zstack_slice_z0028.png,train
Sorites orbiculus,25,2,data/train_images/S025_A060_Z0029_C00.tif,zstack_slice,29.0,data/train_images/Sorites orbiculus_25_view2_zstack_slice_z0029.png,train
Sorites orbiculus,25,2,data/train_images/S025_A060_Z0030_C00.tif,zstack_slice,30.0,data/train_images/Sorites orbiculus_25_view2_zstack_slice_z0030.png,train
Sorites orbiculus,25,2,data/train_images/S025_A060_Z0031_C00.tif,zstack_slice,31.0,data/train_images/Sorites orbiculus_25_view2_zstack_slice_z0031.png,train
Sorites orbiculus,25,2,data/train_images/S025_A060_Z0032_C00.tif,zstack_slice,32.0,data/train_images/Sorites orbiculus_25_view2_zstack_slice_z0032.png,train
Sorites orbiculus,25,2,data/train_images/S025_A060_Z0033_C00.tif,zstack_slice,33.0,data/train_images/Sorites orbiculus_25_view2_zstack_slice_z0033.png,train
Sorites orbiculus,25,2,data/train_images/S025_A060_Z0034_C00.tif,zstack_slice,34.0,data/train_images/Sorites orbiculus_25_view2_zstack_slice_z0034.png,train
Sorites orbiculus,25,2,data/train_images/S025_A060_Z0035_C00.tif,zstack_slice,35.0,data/train_images/Sorites orbiculus_25_view2_zstack_slice_z0035.png,train
Sorites orbiculus,25,2,data/train_images/S025_A060_Z0036_C00.tif,zstack_slice,36.0,data/train_images/Sorites orbiculus_25_view2_zstack_slice_z0036.png,train
Sorites orbiculus,25,2,data/train_images/S025_A060_Z0037_C00.tif,zstack_slice,37.0,data/train_images/Sorites orbiculus_25_view2_zstack_slice_z0037.png,train
Sorites orbiculus,25,2,data/train_images/S025_A060_Z0038_C00.tif,zstack_slice,38.0,data/train_images/Sorites orbiculus_25_view2_zstack_slice_z0038.png,train
Sorites orbiculus,25,2,data/train_images/S025_A060_Z0039_C00.tif,zstack_slice,39.0,data/train_images/Sorites orbiculus_25_view2_zstack_slice_z0039.png,train
Sorites orbiculus,25,2,data/train_images/S025_A060_Z0040_C00.tif,zstack_slice,40.0,data/train_images/Sorites orbiculus_25_view2_zstack_slice_z0040.png,train
Sorites orbiculus,25,2,data/train_images/S025_A060_Z0041_C00.tif,zstack_slice,41.0,data/train_images/Sorites orbiculus_25_view2_zstack_slice_z0041.png,train
Sorites orbiculus,25,2,data/train_images/S025_A060_Z0042_C00.tif,zstack_slice,42.0,data/train_images/Sorites orbiculus_25_view2_zstack_slice_z0042.png,train
Sorites orbiculus,25,2,data/train_images/S025_A060_Z0043_C00.tif,zstack_slice,43.0,data/train_images/Sorites orbiculus_25_view2_zstack_slice_z0043.png,train
Sorites orbiculus,25,2,data/train_images/S025_A060_Z0044_C00.tif,zstack_slice,44.0,data/train_images/Sorites orbiculus_25_view2_zstack_slice_z0044.png,train
Sorites orbiculus,25,2,data/train_images/S025_A060_Z0045_C00.tif,zstack_slice,45.0,data/train_images/Sorites orbiculus_25_view2_zstack_slice_z0045.png,train
Sorites orbiculus,25,2,data/train_images/S025_A060_Z0046_C00.tif,zstack_slice,46.0,data/train_images/Sorites orbiculus_25_view2_zstack_slice_z0046.png,train
Sorites orbiculus,25,2,data/train_images/S025_A060_Z0047_C00.tif,zstack_slice,47.0,data/train_images/Sorites orbiculus_25_view2_zstack_slice_z0047.png,train
Sorites orbiculus,25,2,data/train_images/S025_A060_Z0048_C00.tif,zstack_slice,48.0,data/train_images/Sorites orbiculus_25_view2_zstack_slice_z0048.png,train
Sorites orbiculus,25,2,data/train_images/S025_A060_Z0049_C00.tif,zstack_slice,49.0,data/train_images/Sorites orbiculus_25_view2_zstack_slice_z0049.png,train
Sorites orbiculus,25,3,data/train_images/Sorites orbiculus_25_view3_gif_original.png,gif_original,,data/train_images/Sorites orbiculus_25_view3_gif_original.png,train
Sorites orbiculus,25,3,data/train_images/S025_A120_stacked.tif,stacked_tiff,,data/train_images/Sorites orbiculus_25_view3_stacked_tiff.png,train
Sorites orbiculus,25,3,data/train_images/S025_A120_Z0000_C00.tif,zstack_slice,0.0,data/train_images/Sorites orbiculus_25_view3_zstack_slice_z0000.png,train
Sorites orbiculus,25,3,data/train_images/S025_A120_Z0001_C00.tif,zstack_slice,1.0,data/train_images/Sorites orbiculus_25_view3_zstack_slice_z0001.png,train
Sorites orbiculus,25,3,data/train_images/S025_A120_Z0002_C00.tif,zstack_slice,2.0,data/train_images/Sorites orbiculus_25_view3_zstack_slice_z0002.png,train
Sorites orbiculus,25,3,data/train_images/S025_A120_Z0003_C00.tif,zstack_slice,3.0,data/train_images/Sorites orbiculus_25_view3_zstack_slice_z0003.png,train
Sorites orbiculus,25,3,data/train_images/S025_A120_Z0004_C00.tif,zstack_slice,4.0,data/train_images/Sorites orbiculus_25_view3_zstack_slice_z0004.png,train
Sorites orbiculus,25,3,data/train_images/S025_A120_Z0005_C00.tif,zstack_slice,5.0,data/train_images/Sorites orbiculus_25_view3_zstack_slice_z0005.png,train
Sorites orbiculus,25,3,data/train_images/S025_A120_Z0006_C00.tif,zstack_slice,6.0,data/train_images/Sorites orbiculus_25_view3_zstack_slice_z0006.png,train
Sorites orbiculus,25,3,data/train_images/S025_A120_Z0007_C00.tif,zstack_slice,7.0,data/train_images/Sorites orbiculus_25_view3_zstack_slice_z0007.png,train
Sorites orbiculus,25,3,data/train_images/S025_A120_Z0008_C00.tif,zstack_slice,8.0,data/train_images/Sorites orbiculus_25_view3_zstack_slice_z0008.png,train
Sorites orbiculus,25,3,data/train_images/S025_A120_Z0009_C00.tif,zstack_slice,9.0,data/train_images/Sorites orbiculus_25_view3_zstack_slice_z0009.png,train
Sorites orbiculus,25,3,data/train_images/S025_A120_Z0010_C00.tif,zstack_slice,10.0,data/train_images/Sorites orbiculus_25_view3_zstack_slice_z0010.png,train
Sorites orbiculus,25,3,data/train_images/S025_A120_Z0011_C00.tif,zstack_slice,11.0,data/train_images/Sorites orbiculus_25_view3_zstack_slice_z0011.png,train
Sorites orbiculus,25,3,data/train_images/S025_A120_Z0012_C00.tif,zstack_slice,12.0,data/train_images/Sorites orbiculus_25_view3_zstack_slice_z0012.png,train
Sorites orbiculus,25,3,data/train_images/S025_A120_Z0013_C00.tif,zstack_slice,13.0,data/train_images/Sorites orbiculus_25_view3_zstack_slice_z0013.png,train
Sorites orbiculus,25,3,data/train_images/S025_A120_Z0014_C00.tif,zstack_slice,14.0,data/train_images/Sorites orbiculus_25_view3_zstack_slice_z0014.png,train
Sorites orbiculus,25,3,data/train_images/S025_A120_Z0015_C00.tif,zstack_slice,15.0,data/train_images/Sorites orbiculus_25_view3_zstack_slice_z0015.png,train
Sorites orbiculus,25,3,data/train_images/S025_A120_Z0016_C00.tif,zstack_slice,16.0,data/train_images/Sorites orbiculus_25_view3_zstack_slice_z0016.png,train
Sorites orbiculus,25,3,data/train_images/S025_A120_Z0017_C00.tif,zstack_slice,17.0,data/train_images/Sorites orbiculus_25_view3_zstack_slice_z0017.png,train
Sorites orbiculus,25,3,data/train_images/S025_A120_Z0018_C00.tif,zstack_slice,18.0,data/train_images/Sorites orbiculus_25_view3_zstack_slice_z0018.png,train
Sorites orbiculus,25,3,data/train_images/S025_A120_Z0019_C00.tif,zstack_slice,19.0,data/train_images/Sorites orbiculus_25_view3_zstack_slice_z0019.png,train
Sorites orbiculus,25,3,data/train_images/S025_A120_Z0020_C00.tif,zstack_slice,20.0,data/train_images/Sorites orbiculus_25_view3_zstack_slice_z0020.png,train
Sorites orbiculus,25,3,data/train_images/S025_A120_Z0021_C00.tif,zstack_slice,21.0,data/train_images/Sorites orbiculus_25_view3_zstack_slice_z0021.png,train
Sorites orbiculus,25,3,data/train_images/S025_A120_Z0022_C00.tif,zstack_slice,22.0,data/train_images/Sorites orbiculus_25_view3_zstack_slice_z0022.png,train
Sorites orbiculus,25,3,data/train_images/S025_A120_Z0023_C00.tif,zstack_slice,23.0,data/train_images/Sorites orbiculus_25_view3_zstack_slice_z0023.png,train
Sorites orbiculus,25,3,data/train_images/S025_A120_Z0024_C00.tif,zstack_slice,24.0,data/train_images/Sorites orbiculus_25_view3_zstack_slice_z0024.png,train
Sorites orbiculus,25,3,data/train_images/S025_A120_Z0025_C00.tif,zstack_slice,25.0,data/train_images/Sorites orbiculus_25_view3_zstack_slice_z0025.png,train
Sorites orbiculus,25,3,data/train_images/S025_A120_Z0026_C00.tif,zstack_slice,26.0,data/train_images/Sorites orbiculus_25_view3_zstack_slice_z0026.png,train
Sorites orbiculus,25,3,data/train_images/S025_A120_Z0027_C00.tif,zstack_slice,27.0,data/train_images/Sorites orbiculus_25_view3_zstack_slice_z0027.png,train
Sorites orbiculus,25,3,data/train_images/S025_A120_Z0028_C00.tif,zstack_slice,28.0,data/train_images/Sorites orbiculus_25_view3_zstack_slice_z0028.png,train
Sorites orbiculus,25,3,data/train_images/S025_A120_Z0029_C00.tif,zstack_slice,29.0,data/train_images/Sorites orbiculus_25_view3_zstack_slice_z0029.png,train
Sorites orbiculus,25,3,data/train_images/S025_A120_Z0030_C00.tif,zstack_slice,30.0,data/train_images/Sorites orbiculus_25_view3_zstack_slice_z0030.png,train
Sorites orbiculus,25,3,data/train_images/S025_A120_Z0031_C00.tif,zstack_slice,31.0,data/train_images/Sorites orbiculus_25_view3_zstack_slice_z0031.png,train
Sorites orbiculus,25,3,data/train_images/S025_A120_Z0032_C00.tif,zstack_slice,32.0,data/train_images/Sorites orbiculus_25_view3_zstack_slice_z0032.png,train
Sorites orbiculus,25,3,data/train_images/S025_A120_Z0033_C00.tif,zstack_slice,33.0,data/train_images/Sorites orbiculus_25_view3_zstack_slice_z0033.png,train
Sorites orbiculus,25,3,data/train_images/S025_A120_Z0034_C00.tif,zstack_slice,34.0,data/train_images/Sorites orbiculus_25_view3_zstack_slice_z0034.png,train
Sorites orbiculus,25,3,data/train_images/S025_A120_Z0035_C00.tif,zstack_slice,35.0,data/train_images/Sorites orbiculus_25_view3_zstack_slice_z0035.png,train
Sorites orbiculus,25,3,data/train_images/S025_A120_Z0036_C00.tif,zstack_slice,36.0,data/train_images/Sorites orbiculus_25_view3_zstack_slice_z0036.png,train
Sorites orbiculus,25,3,data/train_images/S025_A120_Z0037_C00.tif,zstack_slice,37.0,data/train_images/Sorites orbiculus_25_view3_zstack_slice_z0037.png,train
Sorites orbiculus,25,3,data/train_images/S025_A120_Z0038_C00.tif,zstack_slice,38.0,data/train_images/Sorites orbiculus_25_view3_zstack_slice_z0038.png,train
Sorites orbiculus,25,3,data/train_images/S025_A120_Z0039_C00.tif,zstack_slice,39.0,data/train_images/Sorites orbiculus_25_view3_zstack_slice_z0039.png,train
Sorites orbiculus,25,3,data/train_images/S025_A120_Z0040_C00.tif,zstack_slice,40.0,data/train_images/Sorites orbiculus_25_view3_zstack_slice_z0040.png,train
Sorites orbiculus,25,3,data/train_images/S025_A120_Z0041_C00.tif,zstack_slice,41.0,data/train_images/Sorites orbiculus_25_view3_zstack_slice_z0041.png,train
Sorites orbiculus,25,3,data/train_images/S025_A120_Z0042_C00.tif,zstack_slice,42.0,data/train_images/Sorites orbiculus_25_view3_zstack_slice_z0042.png,train
Sorites orbiculus,25,3,data/train_images/S025_A120_Z0043_C00.tif,zstack_slice,43.0,data/train_images/Sorites orbiculus_25_view3_zstack_slice_z0043.png,train
Sorites orbiculus,25,3,data/train_images/S025_A120_Z0044_C00.tif,zstack_slice,44.0,data/train_images/Sorites orbiculus_25_view3_zstack_slice_z0044.png,train
Sorites orbiculus,25,3,data/train_images/S025_A120_Z0045_C00.tif,zstack_slice,45.0,data/train_images/Sorites orbiculus_25_view3_zstack_slice_z0045.png,train
Sorites orbiculus,25,3,data/train_images/S025_A120_Z0046_C00.tif,zstack_slice,46.0,data/train_images/Sorites orbiculus_25_view3_zstack_slice_z0046.png,train
Sorites orbiculus,25,3,data/train_images/S025_A120_Z0047_C00.tif,zstack_slice,47.0,data/train_images/Sorites orbiculus_25_view3_zstack_slice_z0047.png,train
Sorites orbiculus,25,3,data/train_images/S025_A120_Z0048_C00.tif,zstack_slice,48.0,data/train_images/Sorites orbiculus_25_view3_zstack_slice_z0048.png,train
Sorites orbiculus,25,3,data/train_images/S025_A120_Z0049_C00.tif,zstack_slice,49.0,data/train_images/Sorites orbiculus_25_view3_zstack_slice_z0049.png,train
Sorites orbiculus,25,3,data/train_images/S025_A120_Z0050_C00.tif,zstack_slice,50.0,data/train_images/Sorites orbiculus_25_view3_zstack_slice_z0050.png,train
Sorites orbiculus,25,3,data/train_images/S025_A120_Z0051_C00.tif,zstack_slice,51.0,data/train_images/Sorites orbiculus_25_view3_zstack_slice_z0051.png,train
Sorites orbiculus,25,3,data/train_images/S025_A120_Z0052_C00.tif,zstack_slice,52.0,data/train_images/Sorites orbiculus_25_view3_zstack_slice_z0052.png,train
Sorites orbiculus,25,5,data/train_images/Sorites orbiculus_25_view5_gif_original.png,gif_original,,data/train_images/Sorites orbiculus_25_view5_gif_original.png,train
Sorites orbiculus,25,5,data/train_images/S025_A240_stacked.tif,stacked_tiff,,data/train_images/Sorites orbiculus_25_view5_stacked_tiff.png,train
Sorites orbiculus,25,5,data/train_images/S025_A240_Z0000_C00.tif,zstack_slice,0.0,data/train_images/Sorites orbiculus_25_view5_zstack_slice_z0000.png,train
Sorites orbiculus,25,5,data/train_images/S025_A240_Z0001_C00.tif,zstack_slice,1.0,data/train_images/Sorites orbiculus_25_view5_zstack_slice_z0001.png,train
Sorites orbiculus,25,5,data/train_images/S025_A240_Z0002_C00.tif,zstack_slice,2.0,data/train_images/Sorites orbiculus_25_view5_zstack_slice_z0002.png,train
Sorites orbiculus,25,5,data/train_images/S025_A240_Z0003_C00.tif,zstack_slice,3.0,data/train_images/Sorites orbiculus_25_view5_zstack_slice_z0003.png,train
Sorites orbiculus,25,5,data/train_images/S025_A240_Z0004_C00.tif,zstack_slice,4.0,data/train_images/Sorites orbiculus_25_view5_zstack_slice_z0004.png,train
Sorites orbiculus,25,5,data/train_images/S025_A240_Z0005_C00.tif,zstack_slice,5.0,data/train_images/Sorites orbiculus_25_view5_zstack_slice_z0005.png,train
Sorites orbiculus,25,5,data/train_images/S025_A240_Z0006_C00.tif,zstack_slice,6.0,data/train_images/Sorites orbiculus_25_view5_zstack_slice_z0006.png,train
Sorites orbiculus,25,5,data/train_images/S025_A240_Z0007_C00.tif,zstack_slice,7.0,data/train_images/Sorites orbiculus_25_view5_zstack_slice_z0007.png,train
Sorites orbiculus,25,5,data/train_images/S025_A240_Z0008_C00.tif,zstack_slice,8.0,data/train_images/Sorites orbiculus_25_view5_zstack_slice_z0008.png,train
Sorites orbiculus,25,5,data/train_images/S025_A240_Z0009_C00.tif,zstack_slice,9.0,data/train_images/Sorites orbiculus_25_view5_zstack_slice_z0009.png,train
Sorites orbiculus,25,5,data/train_images/S025_A240_Z0010_C00.tif,zstack_slice,10.0,data/train_images/Sorites orbiculus_25_view5_zstack_slice_z0010.png,train
Sorites orbiculus,25,5,data/train_images/S025_A240_Z0011_C00.tif,zstack_slice,11.0,data/train_images/Sorites orbiculus_25_view5_zstack_slice_z0011.png,train
Sorites orbiculus,25,5,data/train_images/S025_A240_Z0012_C00.tif,zstack_slice,12.0,data/train_images/Sorites orbiculus_25_view5_zstack_slice_z0012.png,train
Sorites orbiculus,25,5,data/train_images/S025_A240_Z0013_C00.tif,zstack_slice,13.0,data/train_images/Sorites orbiculus_25_view5_zstack_slice_z0013.png,train
Sorites orbiculus,25,5,data/train_images/S025_A240_Z0014_C00.tif,zstack_slice,14.0,data/train_images/Sorites orbiculus_25_view5_zstack_slice_z0014.png,train
Sorites orbiculus,25,5,data/train_images/S025_A240_Z0015_C00.tif,zstack_slice,15.0,data/train_images/Sorites orbiculus_25_view5_zstack_slice_z0015.png,train
Sorites orbiculus,25,5,data/train_images/S025_A240_Z0016_C00.tif,zstack_slice,16.0,data/train_images/Sorites orbiculus_25_view5_zstack_slice_z0016.png,train
Sorites orbiculus,25,5,data/train_images/S025_A240_Z0017_C00.tif,zstack_slice,17.0,data/train_images/Sorites orbiculus_25_view5_zstack_slice_z0017.png,train
Sorites orbiculus,25,5,data/train_images/S025_A240_Z0018_C00.tif,zstack_slice,18.0,data/train_images/Sorites orbiculus_25_view5_zstack_slice_z0018.png,train
Sorites orbiculus,25,5,data/train_images/S025_A240_Z0019_C00.tif,zstack_slice,19.0,data/train_images/Sorites orbiculus_25_view5_zstack_slice_z0019.png,train
Sorites orbiculus,25,5,data/train_images/S025_A240_Z0020_C00.tif,zstack_slice,20.0,data/train_images/Sorites orbiculus_25_view5_zstack_slice_z0020.png,train
Sorites orbiculus,25,5,data/train_images/S025_A240_Z0021_C00.tif,zstack_slice,21.0,data/train_images/Sorites orbiculus_25_view5_zstack_slice_z0021.png,train
Sorites orbiculus,25,5,data/train_images/S025_A240_Z0022_C00.tif,zstack_slice,22.0,data/train_images/Sorites orbiculus_25_view5_zstack_slice_z0022.png,train
Sorites orbiculus,25,5,data/train_images/S025_A240_Z0023_C00.tif,zstack_slice,23.0,data/train_images/Sorites orbiculus_25_view5_zstack_slice_z0023.png,train
Sorites orbiculus,25,5,data/train_images/S025_A240_Z0024_C00.tif,zstack_slice,24.0,data/train_images/Sorites orbiculus_25_view5_zstack_slice_z0024.png,train
Sorites orbiculus,25,5,data/train_images/S025_A240_Z0025_C00.tif,zstack_slice,25.0,data/train_images/Sorites orbiculus_25_view5_zstack_slice_z0025.png,train
Sorites orbiculus,25,5,data/train_images/S025_A240_Z0026_C00.tif,zstack_slice,26.0,data/train_images/Sorites orbiculus_25_view5_zstack_slice_z0026.png,train
Sorites orbiculus,25,5,data/train_images/S025_A240_Z0027_C00.tif,zstack_slice,27.0,data/train_images/Sorites orbiculus_25_view5_zstack_slice_z0027.png,train
Sorites orbiculus,25,5,data/train_images/S025_A240_Z0028_C00.tif,zstack_slice,28.0,data/train_images/Sorites orbiculus_25_view5_zstack_slice_z0028.png,train
Sorites orbiculus,25,5,data/train_images/S025_A240_Z0029_C00.tif,zstack_slice,29.0,data/train_images/Sorites orbiculus_25_view5_zstack_slice_z0029.png,train
Sorites orbiculus,25,5,data/train_images/S025_A240_Z0030_C00.tif,zstack_slice,30.0,data/train_images/Sorites orbiculus_25_view5_zstack_slice_z0030.png,train
Sorites orbiculus,25,5,data/train_images/S025_A240_Z0031_C00.tif,zstack_slice,31.0,data/train_images/Sorites orbiculus_25_view5_zstack_slice_z0031.png,train
Sorites orbiculus,25,5,data/train_images/S025_A240_Z0032_C00.tif,zstack_slice,32.0,data/train_images/Sorites orbiculus_25_view5_zstack_slice_z0032.png,train
Sorites orbiculus,25,5,data/train_images/S025_A240_Z0033_C00.tif,zstack_slice,33.0,data/train_images/Sorites orbiculus_25_view5_zstack_slice_z0033.png,train
Sorites orbiculus,25,5,data/train_images/S025_A240_Z0034_C00.tif,zstack_slice,34.0,data/train_images/Sorites orbiculus_25_view5_zstack_slice_z0034.png,train
Sorites orbiculus,25,5,data/train_images/S025_A240_Z0035_C00.tif,zstack_slice,35.0,data/train_images/Sorites orbiculus_25_view5_zstack_slice_z0035.png,train
Sorites orbiculus,25,5,data/train_images/S025_A240_Z0036_C00.tif,zstack_slice,36.0,data/train_images/Sorites orbiculus_25_view5_zstack_slice_z0036.png,train
Sorites orbiculus,25,5,data/train_images/S025_A240_Z0037_C00.tif,zstack_slice,37.0,data/train_images/Sorites orbiculus_25_view5_zstack_slice_z0037.png,train
Sorites orbiculus,25,5,data/train_images/S025_A240_Z0038_C00.tif,zstack_slice,38.0,data/train_images/Sorites orbiculus_25_view5_zstack_slice_z0038.png,train
Sorites orbiculus,25,5,data/train_images/S025_A240_Z0039_C00.tif,zstack_slice,39.0,data/train_images/Sorites orbiculus_25_view5_zstack_slice_z0039.png,train
Sorites orbiculus,25,5,data/train_images/S025_A240_Z0040_C00.tif,zstack_slice,40.0,data/train_images/Sorites orbiculus_25_view5_zstack_slice_z0040.png,train
Sorites orbiculus,25,5,data/train_images/S025_A240_Z0041_C00.tif,zstack_slice,41.0,data/train_images/Sorites orbiculus_25_view5_zstack_slice_z0041.png,train
Sorites orbiculus,25,5,data/train_images/S025_A240_Z0042_C00.tif,zstack_slice,42.0,data/train_images/Sorites orbiculus_25_view5_zstack_slice_z0042.png,train
Sorites orbiculus,25,5,data/train_images/S025_A240_Z0043_C00.tif,zstack_slice,43.0,data/train_images/Sorites orbiculus_25_view5_zstack_slice_z0043.png,train
Sorites orbiculus,25,5,data/train_images/S025_A240_Z0044_C00.tif,zstack_slice,44.0,data/train_images/Sorites orbiculus_25_view5_zstack_slice_z0044.png,train
Sorites orbiculus,25,5,data/train_images/S025_A240_Z0045_C00.tif,zstack_slice,45.0,data/train_images/Sorites orbiculus_25_view5_zstack_slice_z0045.png,train
Sorites orbiculus,25,5,data/train_images/S025_A240_Z0046_C00.tif,zstack_slice,46.0,data/train_images/Sorites orbiculus_25_view5_zstack_slice_z0046.png,train
Sorites orbiculus,25,5,data/train_images/S025_A240_Z0047_C00.tif,zstack_slice,47.0,data/train_images/Sorites orbiculus_25_view5_zstack_slice_z0047.png,train
Sorites orbiculus,25,5,data/train_images/S025_A240_Z0048_C00.tif,zstack_slice,48.0,data/train_images/Sorites orbiculus_25_view5_zstack_slice_z0048.png,train
Sorites orbiculus,25,5,data/train_images/S025_A240_Z0049_C00.tif,zstack_slice,49.0,data/train_images/Sorites orbiculus_25_view5_zstack_slice_z0049.png,train
Sorites orbiculus,25,5,data/train_images/S025_A240_Z0050_C00.tif,zstack_slice,50.0,data/train_images/Sorites orbiculus_25_view5_zstack_slice_z0050.png,train
Sorites orbiculus,25,5,data/train_images/S025_A240_Z0051_C00.tif,zstack_slice,51.0,data/train_images/Sorites orbiculus_25_view5_zstack_slice_z0051.png,train
Sorites orbiculus,25,5,data/train_images/S025_A240_Z0052_C00.tif,zstack_slice,52.0,data/train_images/Sorites orbiculus_25_view5_zstack_slice_z0052.png,train
Sorites orbiculus,25,5,data/train_images/S025_A240_Z0053_C00.tif,zstack_slice,53.0,data/train_images/Sorites orbiculus_25_view5_zstack_slice_z0053.png,train
Sorites orbiculus,25,5,data/train_images/S025_A240_Z0054_C00.tif,zstack_slice,54.0,data/train_images/Sorites orbiculus_25_view5_zstack_slice_z0054.png,train
Sorites orbiculus,25,5,data/train_images/S025_A240_Z0055_C00.tif,zstack_slice,55.0,data/train_images/Sorites orbiculus_25_view5_zstack_slice_z0055.png,train
Sorites orbiculus,25,5,data/train_images/S025_A240_Z0056_C00.tif,zstack_slice,56.0,data/train_images/Sorites orbiculus_25_view5_zstack_slice_z0056.png,train
Sorites orbiculus,25,5,data/train_images/S025_A240_Z0057_C00.tif,zstack_slice,57.0,data/train_images/Sorites orbiculus_25_view5_zstack_slice_z0057.png,train
Sorites orbiculus,25,5,data/train_images/S025_A240_Z0058_C00.tif,zstack_slice,58.0,data/train_images/Sorites orbiculus_25_view5_zstack_slice_z0058.png,train
Sorites orbiculus,25,5,data/train_images/S025_A240_Z0059_C00.tif,zstack_slice,59.0,data/train_images/Sorites orbiculus_25_view5_zstack_slice_z0059.png,train
Sorites orbiculus,25,5,data/train_images/S025_A240_Z0060_C00.tif,zstack_slice,60.0,data/train_images/Sorites orbiculus_25_view5_zstack_slice_z0060.png,train
Sorites orbiculus,25,5,data/train_images/S025_A240_Z0061_C00.tif,zstack_slice,61.0,data/train_images/Sorites orbiculus_25_view5_zstack_slice_z0061.png,train
Sorites orbiculus,25,5,data/train_images/S025_A240_Z0062_C00.tif,zstack_slice,62.0,data/train_images/Sorites orbiculus_25_view5_zstack_slice_z0062.png,train
Sorites orbiculus,25,5,data/train_images/S025_A240_Z0063_C00.tif,zstack_slice,63.0,data/train_images/Sorites orbiculus_25_view5_zstack_slice_z0063.png,train
Sorites orbiculus,25,5,data/train_images/S025_A240_Z0064_C00.tif,zstack_slice,64.0,data/train_images/Sorites orbiculus_25_view5_zstack_slice_z0064.png,train
Sorites orbiculus,25,5,data/train_images/S025_A240_Z0065_C00.tif,zstack_slice,65.0,data/train_images/Sorites orbiculus_25_view5_zstack_slice_z0065.png,train
Sorites orbiculus,25,5,data/train_images/S025_A240_Z0066_C00.tif,zstack_slice,66.0,data/train_images/Sorites orbiculus_25_view5_zstack_slice_z0066.png,train
Sorites orbiculus,25,5,data/train_images/S025_A240_Z0067_C00.tif,zstack_slice,67.0,data/train_images/Sorites orbiculus_25_view5_zstack_slice_z0067.png,train
Sorites orbiculus,25,5,data/train_images/S025_A240_Z0068_C00.tif,zstack_slice,68.0,data/train_images/Sorites orbiculus_25_view5_zstack_slice_z0068.png,train
Sorites orbiculus,25,5,data/train_images/S025_A240_Z0069_C00.tif,zstack_slice,69.0,data/train_images/Sorites orbiculus_25_view5_zstack_slice_z0069.png,train
Sorites orbiculus,25,5,data/train_images/S025_A240_Z0070_C00.tif,zstack_slice,70.0,data/train_images/Sorites orbiculus_25_view5_zstack_slice_z0070.png,train
Sorites orbiculus,25,5,data/train_images/S025_A240_Z0071_C00.tif,zstack_slice,71.0,data/train_images/Sorites orbiculus_25_view5_zstack_slice_z0071.png,train
Sorites orbiculus,25,5,data/train_images/S025_A240_Z0072_C00.tif,zstack_slice,72.0,data/train_images/Sorites orbiculus_25_view5_zstack_slice_z0072.png,train
Sorites orbiculus,25,5,data/train_images/S025_A240_Z0073_C00.tif,zstack_slice,73.0,data/train_images/Sorites orbiculus_25_view5_zstack_slice_z0073.png,train
Sorites orbiculus,25,5,data/train_images/S025_A240_Z0074_C00.tif,zstack_slice,74.0,data/train_images/Sorites orbiculus_25_view5_zstack_slice_z0074.png,train
Sorites orbiculus,25,5,data/train_images/S025_A240_Z0075_C00.tif,zstack_slice,75.0,data/train_images/Sorites orbiculus_25_view5_zstack_slice_z0075.png,train
Spiroloculina communis,1,2,data/train_images/Spiroloculina communis_1_view2_gif_original.png,gif_original,,data/train_images/Spiroloculina communis_1_view2_gif_original.png,train
Spiroloculina communis,1,2,data/train_images/S001_A060_stacked.tif,stacked_tiff,,data/train_images/Spiroloculina communis_1_view2_stacked_tiff.png,train
Spiroloculina communis,1,2,data/train_images/S001_A060_Z0001_C00.tif,zstack_slice,1.0,data/train_images/Spiroloculina communis_1_view2_zstack_slice_z0001.png,train
Spiroloculina communis,1,2,data/train_images/S001_A060_Z0002_C00.tif,zstack_slice,2.0,data/train_images/Spiroloculina communis_1_view2_zstack_slice_z0002.png,train
Spiroloculina communis,1,2,data/train_images/S001_A060_Z0003_C00.tif,zstack_slice,3.0,data/train_images/Spiroloculina communis_1_view2_zstack_slice_z0003.png,train
Spiroloculina communis,1,2,data/train_images/S001_A060_Z0004_C00.tif,zstack_slice,4.0,data/train_images/Spiroloculina communis_1_view2_zstack_slice_z0004.png,train
Spiroloculina communis,1,2,data/train_images/S001_A060_Z0005_C00.tif,zstack_slice,5.0,data/train_images/Spiroloculina communis_1_view2_zstack_slice_z0005.png,train
Spiroloculina communis,1,2,data/train_images/S001_A060_Z0006_C00.tif,zstack_slice,6.0,data/train_images/Spiroloculina communis_1_view2_zstack_slice_z0006.png,train
Spiroloculina communis,1,2,data/train_images/S001_A060_Z0007_C00.tif,zstack_slice,7.0,data/train_images/Spiroloculina communis_1_view2_zstack_slice_z0007.png,train
Spiroloculina communis,1,2,data/train_images/S001_A060_Z0008_C00.tif,zstack_slice,8.0,data/train_images/Spiroloculina communis_1_view2_zstack_slice_z0008.png,train
Spiroloculina communis,1,2,data/train_images/S001_A060_Z0009_C00.tif,zstack_slice,9.0,data/train_images/Spiroloculina communis_1_view2_zstack_slice_z0009.png,train
Spiroloculina communis,1,2,data/train_images/S001_A060_Z0010_C00.tif,zstack_slice,10.0,data/train_images/Spiroloculina communis_1_view2_zstack_slice_z0010.png,train
Spiroloculina communis,1,2,data/train_images/S001_A060_Z0011_C00.tif,zstack_slice,11.0,data/train_images/Spiroloculina communis_1_view2_zstack_slice_z0011.png,train
Spiroloculina communis,1,2,data/train_images/S001_A060_Z0012_C00.tif,zstack_slice,12.0,data/train_images/Spiroloculina communis_1_view2_zstack_slice_z0012.png,train
Spiroloculina communis,1,2,data/train_images/S001_A060_Z0013_C00.tif,zstack_slice,13.0,data/train_images/Spiroloculina communis_1_view2_zstack_slice_z0013.png,train
Spiroloculina communis,1,2,data/train_images/S001_A060_Z0014_C00.tif,zstack_slice,14.0,data/train_images/Spiroloculina communis_1_view2_zstack_slice_z0014.png,train
Spiroloculina communis,1,2,data/train_images/S001_A060_Z0015_C00.tif,zstack_slice,15.0,data/train_images/Spiroloculina communis_1_view2_zstack_slice_z0015.png,train
Spiroloculina communis,1,2,data/train_images/S001_A060_Z0016_C00.tif,zstack_slice,16.0,data/train_images/Spiroloculina communis_1_view2_zstack_slice_z0016.png,train
Spiroloculina communis,1,2,data/train_images/S001_A060_Z0017_C00.tif,zstack_slice,17.0,data/train_images/Spiroloculina communis_1_view2_zstack_slice_z0017.png,train
Spiroloculina communis,1,2,data/train_images/S001_A060_Z0018_C00.tif,zstack_slice,18.0,data/train_images/Spiroloculina communis_1_view2_zstack_slice_z0018.png,train
Spiroloculina communis,1,2,data/train_images/S001_A060_Z0019_C00.tif,zstack_slice,19.0,data/train_images/Spiroloculina communis_1_view2_zstack_slice_z0019.png,train
Spiroloculina communis,1,2,data/train_images/S001_A060_Z0020_C00.tif,zstack_slice,20.0,data/train_images/Spiroloculina communis_1_view2_zstack_slice_z0020.png,train
Spiroloculina communis,1,2,data/train_images/S001_A060_Z0021_C00.tif,zstack_slice,21.0,data/train_images/Spiroloculina communis_1_view2_zstack_slice_z0021.png,train
Spiroloculina communis,1,2,data/train_images/S001_A060_Z0022_C00.tif,zstack_slice,22.0,data/train_images/Spiroloculina communis_1_view2_zstack_slice_z0022.png,train
Spiroloculina communis,1,2,data/train_images/S001_A060_Z0023_C00.tif,zstack_slice,23.0,data/train_images/Spiroloculina communis_1_view2_zstack_slice_z0023.png,train
Spiroloculina communis,1,2,data/train_images/S001_A060_Z0024_C00.tif,zstack_slice,24.0,data/train_images/Spiroloculina communis_1_view2_zstack_slice_z0024.png,train
Spiroloculina communis,1,2,data/train_images/S001_A060_Z0025_C00.tif,zstack_slice,25.0,data/train_images/Spiroloculina communis_1_view2_zstack_slice_z0025.png,train
Spiroloculina communis,1,2,data/train_images/S001_A060_Z0026_C00.tif,zstack_slice,26.0,data/train_images/Spiroloculina communis_1_view2_zstack_slice_z0026.png,train
Spiroloculina communis,1,2,data/train_images/S001_A060_Z0027_C00.tif,zstack_slice,27.0,data/train_images/Spiroloculina communis_1_view2_zstack_slice_z0027.png,train
Spiroloculina communis,1,2,data/train_images/S001_A060_Z0028_C00.tif,zstack_slice,28.0,data/train_images/Spiroloculina communis_1_view2_zstack_slice_z0028.png,train
Spiroloculina communis,1,2,data/train_images/S001_A060_Z0029_C00.tif,zstack_slice,29.0,data/train_images/Spiroloculina communis_1_view2_zstack_slice_z0029.png,train
Spiroloculina communis,1,2,data/train_images/S001_A060_Z0030_C00.tif,zstack_slice,30.0,data/train_images/Spiroloculina communis_1_view2_zstack_slice_z0030.png,train
Spiroloculina communis,1,2,data/train_images/S001_A060_Z0031_C00.tif,zstack_slice,31.0,data/train_images/Spiroloculina communis_1_view2_zstack_slice_z0031.png,train
Spiroloculina communis,1,2,data/train_images/S001_A060_Z0032_C00.tif,zstack_slice,32.0,data/train_images/Spiroloculina communis_1_view2_zstack_slice_z0032.png,train
Spiroloculina communis,1,2,data/train_images/S001_A060_Z0033_C00.tif,zstack_slice,33.0,data/train_images/Spiroloculina communis_1_view2_zstack_slice_z0033.png,train
Spiroloculina communis,1,2,data/train_images/S001_A060_Z0034_C00.tif,zstack_slice,34.0,data/train_images/Spiroloculina communis_1_view2_zstack_slice_z0034.png,train
Spiroloculina communis,1,2,data/train_images/S001_A060_Z0035_C00.tif,zstack_slice,35.0,data/train_images/Spiroloculina communis_1_view2_zstack_slice_z0035.png,train
Spiroloculina communis,1,2,data/train_images/S001_A060_Z0036_C00.tif,zstack_slice,36.0,data/train_images/Spiroloculina communis_1_view2_zstack_slice_z0036.png,train
Spiroloculina communis,1,2,data/train_images/S001_A060_Z0037_C00.tif,zstack_slice,37.0,data/train_images/Spiroloculina communis_1_view2_zstack_slice_z0037.png,train
Spiroloculina communis,1,2,data/train_images/S001_A060_Z0038_C00.tif,zstack_slice,38.0,data/train_images/Spiroloculina communis_1_view2_zstack_slice_z0038.png,train
Spiroloculina communis,1,2,data/train_images/S001_A060_Z0039_C00.tif,zstack_slice,39.0,data/train_images/Spiroloculina communis_1_view2_zstack_slice_z0039.png,train
Spiroloculina communis,1,2,data/train_images/S001_A060_Z0040_C00.tif,zstack_slice,40.0,data/train_images/Spiroloculina communis_1_view2_zstack_slice_z0040.png,train
Spiroloculina communis,1,2,data/train_images/S001_A060_Z0041_C00.tif,zstack_slice,41.0,data/train_images/Spiroloculina communis_1_view2_zstack_slice_z0041.png,train
Spiroloculina communis,1,2,data/train_images/S001_A060_Z0042_C00.tif,zstack_slice,42.0,data/train_images/Spiroloculina communis_1_view2_zstack_slice_z0042.png,train
Spiroloculina communis,1,2,data/train_images/S001_A060_Z0043_C00.tif,zstack_slice,43.0,data/train_images/Spiroloculina communis_1_view2_zstack_slice_z0043.png,train
Spiroloculina communis,1,2,data/train_images/S001_A060_Z0044_C00.tif,zstack_slice,44.0,data/train_images/Spiroloculina communis_1_view2_zstack_slice_z0044.png,train
Spiroloculina communis,1,2,data/train_images/S001_A060_Z0045_C00.tif,zstack_slice,45.0,data/train_images/Spiroloculina communis_1_view2_zstack_slice_z0045.png,train
Spiroloculina communis,1,2,data/train_images/S001_A060_Z0046_C00.tif,zstack_slice,46.0,data/train_images/Spiroloculina communis_1_view2_zstack_slice_z0046.png,train
Spiroloculina communis,1,2,data/train_images/S001_A060_Z0047_C00.tif,zstack_slice,47.0,data/train_images/Spiroloculina communis_1_view2_zstack_slice_z0047.png,train
Spiroloculina communis,1,2,data/train_images/S001_A060_Z0048_C00.tif,zstack_slice,48.0,data/train_images/Spiroloculina communis_1_view2_zstack_slice_z0048.png,train
Spiroloculina communis,1,2,data/train_images/S001_A060_Z0049_C00.tif,zstack_slice,49.0,data/train_images/Spiroloculina communis_1_view2_zstack_slice_z0049.png,train
Spiroloculina communis,1,2,data/train_images/S001_A060_Z0050_C00.tif,zstack_slice,50.0,data/train_images/Spiroloculina communis_1_view2_zstack_slice_z0050.png,train
Spiroloculina communis,1,2,data/train_images/S001_A060_Z0051_C00.tif,zstack_slice,51.0,data/train_images/Spiroloculina communis_1_view2_zstack_slice_z0051.png,train
Spiroloculina communis,1,2,data/train_images/S001_A060_Z0052_C00.tif,zstack_slice,52.0,data/train_images/Spiroloculina communis_1_view2_zstack_slice_z0052.png,train
Spiroloculina communis,1,2,data/train_images/S001_A060_Z0053_C00.tif,zstack_slice,53.0,data/train_images/Spiroloculina communis_1_view2_zstack_slice_z0053.png,train
Spiroloculina communis,1,2,data/train_images/S001_A060_Z0054_C00.tif,zstack_slice,54.0,data/train_images/Spiroloculina communis_1_view2_zstack_slice_z0054.png,train
Spiroloculina communis,1,2,data/train_images/S001_A060_Z0055_C00.tif,zstack_slice,55.0,data/train_images/Spiroloculina communis_1_view2_zstack_slice_z0055.png,train
Spiroloculina communis,1,2,data/train_images/S001_A060_Z0056_C00.tif,zstack_slice,56.0,data/train_images/Spiroloculina communis_1_view2_zstack_slice_z0056.png,train
Spiroloculina communis,1,2,data/train_images/S001_A060_Z0057_C00.tif,zstack_slice,57.0,data/train_images/Spiroloculina communis_1_view2_zstack_slice_z0057.png,train
Spiroloculina communis,1,2,data/train_images/S001_A060_Z0058_C00.tif,zstack_slice,58.0,data/train_images/Spiroloculina communis_1_view2_zstack_slice_z0058.png,train
Spiroloculina communis,1,2,data/train_images/S001_A060_Z0059_C00.tif,zstack_slice,59.0,data/train_images/Spiroloculina communis_1_view2_zstack_slice_z0059.png,train
Spiroloculina communis,1,2,data/train_images/S001_A060_Z0060_C00.tif,zstack_slice,60.0,data/train_images/Spiroloculina communis_1_view2_zstack_slice_z0060.png,train
Spiroloculina communis,1,2,data/train_images/S001_A060_Z0061_C00.tif,zstack_slice,61.0,data/train_images/Spiroloculina communis_1_view2_zstack_slice_z0061.png,train
Spiroloculina communis,1,2,data/train_images/S001_A060_Z0062_C00.tif,zstack_slice,62.0,data/train_images/Spiroloculina communis_1_view2_zstack_slice_z0062.png,train
Spiroloculina communis,1,2,data/train_images/S001_A060_Z0063_C00.tif,zstack_slice,63.0,data/train_images/Spiroloculina communis_1_view2_zstack_slice_z0063.png,train
Spiroloculina communis,1,2,data/train_images/S001_A060_Z0064_C00.tif,zstack_slice,64.0,data/train_images/Spiroloculina communis_1_view2_zstack_slice_z0064.png,train
Spiroloculina communis,1,2,data/train_images/S001_A060_Z0065_C00.tif,zstack_slice,65.0,data/train_images/Spiroloculina communis_1_view2_zstack_slice_z0065.png,train
Spiroloculina communis,1,2,data/train_images/S001_A060_Z0066_C00.tif,zstack_slice,66.0,data/train_images/Spiroloculina communis_1_view2_zstack_slice_z0066.png,train
Spiroloculina communis,1,3,data/train_images/Spiroloculina communis_1_view3_gif_original.png,gif_original,,data/train_images/Spiroloculina communis_1_view3_gif_original.png,train
Spiroloculina communis,1,3,data/train_images/S001_A120_stacked.tif,stacked_tiff,,data/train_images/Spiroloculina communis_1_view3_stacked_tiff.png,train
Spiroloculina communis,1,3,data/train_images/S001_A120_Z0000_C00.tif,zstack_slice,0.0,data/train_images/Spiroloculina communis_1_view3_zstack_slice_z0000.png,train
Spiroloculina communis,1,3,data/train_images/S001_A120_Z0001_C00.tif,zstack_slice,1.0,data/train_images/Spiroloculina communis_1_view3_zstack_slice_z0001.png,train
Spiroloculina communis,1,3,data/train_images/S001_A120_Z0002_C00.tif,zstack_slice,2.0,data/train_images/Spiroloculina communis_1_view3_zstack_slice_z0002.png,train
Spiroloculina communis,1,3,data/train_images/S001_A120_Z0003_C00.tif,zstack_slice,3.0,data/train_images/Spiroloculina communis_1_view3_zstack_slice_z0003.png,train
Spiroloculina communis,1,3,data/train_images/S001_A120_Z0004_C00.tif,zstack_slice,4.0,data/train_images/Spiroloculina communis_1_view3_zstack_slice_z0004.png,train
Spiroloculina communis,1,3,data/train_images/S001_A120_Z0005_C00.tif,zstack_slice,5.0,data/train_images/Spiroloculina communis_1_view3_zstack_slice_z0005.png,train
Spiroloculina communis,1,3,data/train_images/S001_A120_Z0006_C00.tif,zstack_slice,6.0,data/train_images/Spiroloculina communis_1_view3_zstack_slice_z0006.png,train
Spiroloculina communis,1,3,data/train_images/S001_A120_Z0007_C00.tif,zstack_slice,7.0,data/train_images/Spiroloculina communis_1_view3_zstack_slice_z0007.png,train
Spiroloculina communis,1,3,data/train_images/S001_A120_Z0008_C00.tif,zstack_slice,8.0,data/train_images/Spiroloculina communis_1_view3_zstack_slice_z0008.png,train
Spiroloculina communis,1,3,data/train_images/S001_A120_Z0009_C00.tif,zstack_slice,9.0,data/train_images/Spiroloculina communis_1_view3_zstack_slice_z0009.png,train
Spiroloculina communis,1,3,data/train_images/S001_A120_Z0010_C00.tif,zstack_slice,10.0,data/train_images/Spiroloculina communis_1_view3_zstack_slice_z0010.png,train
Spiroloculina communis,1,3,data/train_images/S001_A120_Z0011_C00.tif,zstack_slice,11.0,data/train_images/Spiroloculina communis_1_view3_zstack_slice_z0011.png,train
Spiroloculina communis,1,3,data/train_images/S001_A120_Z0012_C00.tif,zstack_slice,12.0,data/train_images/Spiroloculina communis_1_view3_zstack_slice_z0012.png,train
Spiroloculina communis,1,3,data/train_images/S001_A120_Z0013_C00.tif,zstack_slice,13.0,data/train_images/Spiroloculina communis_1_view3_zstack_slice_z0013.png,train
Spiroloculina communis,1,3,data/train_images/S001_A120_Z0014_C00.tif,zstack_slice,14.0,data/train_images/Spiroloculina communis_1_view3_zstack_slice_z0014.png,train
Spiroloculina communis,1,3,data/train_images/S001_A120_Z0015_C00.tif,zstack_slice,15.0,data/train_images/Spiroloculina communis_1_view3_zstack_slice_z0015.png,train
Spiroloculina communis,1,3,data/train_images/S001_A120_Z0016_C00.tif,zstack_slice,16.0,data/train_images/Spiroloculina communis_1_view3_zstack_slice_z0016.png,train
Spiroloculina communis,1,3,data/train_images/S001_A120_Z0017_C00.tif,zstack_slice,17.0,data/train_images/Spiroloculina communis_1_view3_zstack_slice_z0017.png,train
Spiroloculina communis,1,3,data/train_images/S001_A120_Z0018_C00.tif,zstack_slice,18.0,data/train_images/Spiroloculina communis_1_view3_zstack_slice_z0018.png,train
Spiroloculina communis,1,3,data/train_images/S001_A120_Z0019_C00.tif,zstack_slice,19.0,data/train_images/Spiroloculina communis_1_view3_zstack_slice_z0019.png,train
Spiroloculina communis,1,3,data/train_images/S001_A120_Z0020_C00.tif,zstack_slice,20.0,data/train_images/Spiroloculina communis_1_view3_zstack_slice_z0020.png,train
Spiroloculina communis,1,3,data/train_images/S001_A120_Z0021_C00.tif,zstack_slice,21.0,data/train_images/Spiroloculina communis_1_view3_zstack_slice_z0021.png,train
Spiroloculina communis,1,3,data/train_images/S001_A120_Z0022_C00.tif,zstack_slice,22.0,data/train_images/Spiroloculina communis_1_view3_zstack_slice_z0022.png,train
Spiroloculina communis,1,3,data/train_images/S001_A120_Z0023_C00.tif,zstack_slice,23.0,data/train_images/Spiroloculina communis_1_view3_zstack_slice_z0023.png,train
Spiroloculina communis,1,3,data/train_images/S001_A120_Z0024_C00.tif,zstack_slice,24.0,data/train_images/Spiroloculina communis_1_view3_zstack_slice_z0024.png,train
Spiroloculina communis,1,3,data/train_images/S001_A120_Z0025_C00.tif,zstack_slice,25.0,data/train_images/Spiroloculina communis_1_view3_zstack_slice_z0025.png,train
Spiroloculina communis,1,3,data/train_images/S001_A120_Z0026_C00.tif,zstack_slice,26.0,data/train_images/Spiroloculina communis_1_view3_zstack_slice_z0026.png,train
Spiroloculina communis,1,3,data/train_images/S001_A120_Z0027_C00.tif,zstack_slice,27.0,data/train_images/Spiroloculina communis_1_view3_zstack_slice_z0027.png,train
Spiroloculina communis,1,3,data/train_images/S001_A120_Z0028_C00.tif,zstack_slice,28.0,data/train_images/Spiroloculina communis_1_view3_zstack_slice_z0028.png,train
Spiroloculina communis,1,3,data/train_images/S001_A120_Z0029_C00.tif,zstack_slice,29.0,data/train_images/Spiroloculina communis_1_view3_zstack_slice_z0029.png,train
Spiroloculina communis,1,3,data/train_images/S001_A120_Z0030_C00.tif,zstack_slice,30.0,data/train_images/Spiroloculina communis_1_view3_zstack_slice_z0030.png,train
Spiroloculina communis,1,3,data/train_images/S001_A120_Z0031_C00.tif,zstack_slice,31.0,data/train_images/Spiroloculina communis_1_view3_zstack_slice_z0031.png,train
Spiroloculina communis,1,3,data/train_images/S001_A120_Z0032_C00.tif,zstack_slice,32.0,data/train_images/Spiroloculina communis_1_view3_zstack_slice_z0032.png,train
Spiroloculina communis,1,3,data/train_images/S001_A120_Z0033_C00.tif,zstack_slice,33.0,data/train_images/Spiroloculina communis_1_view3_zstack_slice_z0033.png,train
Spiroloculina communis,1,3,data/train_images/S001_A120_Z0034_C00.tif,zstack_slice,34.0,data/train_images/Spiroloculina communis_1_view3_zstack_slice_z0034.png,train
Spiroloculina communis,1,3,data/train_images/S001_A120_Z0035_C00.tif,zstack_slice,35.0,data/train_images/Spiroloculina communis_1_view3_zstack_slice_z0035.png,train
Spiroloculina communis,1,3,data/train_images/S001_A120_Z0036_C00.tif,zstack_slice,36.0,data/train_images/Spiroloculina communis_1_view3_zstack_slice_z0036.png,train
Spiroloculina communis,1,3,data/train_images/S001_A120_Z0037_C00.tif,zstack_slice,37.0,data/train_images/Spiroloculina communis_1_view3_zstack_slice_z0037.png,train
Spiroloculina communis,1,3,data/train_images/S001_A120_Z0038_C00.tif,zstack_slice,38.0,data/train_images/Spiroloculina communis_1_view3_zstack_slice_z0038.png,train
Spiroloculina communis,1,3,data/train_images/S001_A120_Z0039_C00.tif,zstack_slice,39.0,data/train_images/Spiroloculina communis_1_view3_zstack_slice_z0039.png,train
Spiroloculina communis,1,3,data/train_images/S001_A120_Z0040_C00.tif,zstack_slice,40.0,data/train_images/Spiroloculina communis_1_view3_zstack_slice_z0040.png,train
Spiroloculina communis,1,3,data/train_images/S001_A120_Z0041_C00.tif,zstack_slice,41.0,data/train_images/Spiroloculina communis_1_view3_zstack_slice_z0041.png,train
Spiroloculina communis,1,3,data/train_images/S001_A120_Z0042_C00.tif,zstack_slice,42.0,data/train_images/Spiroloculina communis_1_view3_zstack_slice_z0042.png,train
Spiroloculina communis,1,3,data/train_images/S001_A120_Z0043_C00.tif,zstack_slice,43.0,data/train_images/Spiroloculina communis_1_view3_zstack_slice_z0043.png,train
Spiroloculina communis,1,3,data/train_images/S001_A120_Z0044_C00.tif,zstack_slice,44.0,data/train_images/Spiroloculina communis_1_view3_zstack_slice_z0044.png,train
Spiroloculina communis,1,3,data/train_images/S001_A120_Z0045_C00.tif,zstack_slice,45.0,data/train_images/Spiroloculina communis_1_view3_zstack_slice_z0045.png,train
Spiroloculina communis,1,3,data/train_images/S001_A120_Z0046_C00.tif,zstack_slice,46.0,data/train_images/Spiroloculina communis_1_view3_zstack_slice_z0046.png,train
Spiroloculina communis,1,3,data/train_images/S001_A120_Z0047_C00.tif,zstack_slice,47.0,data/train_images/Spiroloculina communis_1_view3_zstack_slice_z0047.png,train
Spiroloculina communis,1,3,data/train_images/S001_A120_Z0048_C00.tif,zstack_slice,48.0,data/train_images/Spiroloculina communis_1_view3_zstack_slice_z0048.png,train
Spiroloculina communis,1,3,data/train_images/S001_A120_Z0049_C00.tif,zstack_slice,49.0,data/train_images/Spiroloculina communis_1_view3_zstack_slice_z0049.png,train
Spiroloculina communis,1,3,data/train_images/S001_A120_Z0050_C00.tif,zstack_slice,50.0,data/train_images/Spiroloculina communis_1_view3_zstack_slice_z0050.png,train
Spiroloculina communis,1,3,data/train_images/S001_A120_Z0051_C00.tif,zstack_slice,51.0,data/train_images/Spiroloculina communis_1_view3_zstack_slice_z0051.png,train
Spiroloculina communis,1,3,data/train_images/S001_A120_Z0052_C00.tif,zstack_slice,52.0,data/train_images/Spiroloculina communis_1_view3_zstack_slice_z0052.png,train
Spiroloculina communis,1,3,data/train_images/S001_A120_Z0053_C00.tif,zstack_slice,53.0,data/train_images/Spiroloculina communis_1_view3_zstack_slice_z0053.png,train
Spiroloculina communis,1,3,data/train_images/S001_A120_Z0054_C00.tif,zstack_slice,54.0,data/train_images/Spiroloculina communis_1_view3_zstack_slice_z0054.png,train
Spiroloculina communis,1,3,data/train_images/S001_A120_Z0055_C00.tif,zstack_slice,55.0,data/train_images/Spiroloculina communis_1_view3_zstack_slice_z0055.png,train
Spiroloculina communis,1,3,data/train_images/S001_A120_Z0056_C00.tif,zstack_slice,56.0,data/train_images/Spiroloculina communis_1_view3_zstack_slice_z0056.png,train
Spiroloculina communis,1,3,data/train_images/S001_A120_Z0057_C00.tif,zstack_slice,57.0,data/train_images/Spiroloculina communis_1_view3_zstack_slice_z0057.png,train
Spiroloculina communis,1,3,data/train_images/S001_A120_Z0058_C00.tif,zstack_slice,58.0,data/train_images/Spiroloculina communis_1_view3_zstack_slice_z0058.png,train
Spiroloculina communis,1,3,data/train_images/S001_A120_Z0059_C00.tif,zstack_slice,59.0,data/train_images/Spiroloculina communis_1_view3_zstack_slice_z0059.png,train
Spiroloculina communis,1,3,data/train_images/S001_A120_Z0060_C00.tif,zstack_slice,60.0,data/train_images/Spiroloculina communis_1_view3_zstack_slice_z0060.png,train
Spiroloculina communis,1,3,data/train_images/S001_A120_Z0061_C00.tif,zstack_slice,61.0,data/train_images/Spiroloculina communis_1_view3_zstack_slice_z0061.png,train
Spiroloculina communis,1,3,data/train_images/S001_A120_Z0062_C00.tif,zstack_slice,62.0,data/train_images/Spiroloculina communis_1_view3_zstack_slice_z0062.png,train
Spiroloculina communis,1,3,data/train_images/S001_A120_Z0063_C00.tif,zstack_slice,63.0,data/train_images/Spiroloculina communis_1_view3_zstack_slice_z0063.png,train
Spiroloculina communis,1,3,data/train_images/S001_A120_Z0064_C00.tif,zstack_slice,64.0,data/train_images/Spiroloculina communis_1_view3_zstack_slice_z0064.png,train
Spiroloculina communis,1,3,data/train_images/S001_A120_Z0065_C00.tif,zstack_slice,65.0,data/train_images/Spiroloculina communis_1_view3_zstack_slice_z0065.png,train
Spiroloculina communis,1,3,data/train_images/S001_A120_Z0066_C00.tif,zstack_slice,66.0,data/train_images/Spiroloculina communis_1_view3_zstack_slice_z0066.png,train
Spiroloculina communis,1,3,data/train_images/S001_A120_Z0067_C00.tif,zstack_slice,67.0,data/train_images/Spiroloculina communis_1_view3_zstack_slice_z0067.png,train
Spiroloculina communis,1,3,data/train_images/S001_A120_Z0068_C00.tif,zstack_slice,68.0,data/train_images/Spiroloculina communis_1_view3_zstack_slice_z0068.png,train
Spiroloculina communis,1,3,data/train_images/S001_A120_Z0069_C00.tif,zstack_slice,69.0,data/train_images/Spiroloculina communis_1_view3_zstack_slice_z0069.png,train
Spiroloculina communis,1,3,data/train_images/S001_A120_Z0070_C00.tif,zstack_slice,70.0,data/train_images/Spiroloculina communis_1_view3_zstack_slice_z0070.png,train
Spiroloculina communis,1,3,data/train_images/S001_A120_Z0071_C00.tif,zstack_slice,71.0,data/train_images/Spiroloculina communis_1_view3_zstack_slice_z0071.png,train
Spiroloculina communis,1,3,data/train_images/S001_A120_Z0072_C00.tif,zstack_slice,72.0,data/train_images/Spiroloculina communis_1_view3_zstack_slice_z0072.png,train
Spiroloculina communis,1,3,data/train_images/S001_A120_Z0073_C00.tif,zstack_slice,73.0,data/train_images/Spiroloculina communis_1_view3_zstack_slice_z0073.png,train
Spiroloculina communis,1,3,data/train_images/S001_A120_Z0074_C00.tif,zstack_slice,74.0,data/train_images/Spiroloculina communis_1_view3_zstack_slice_z0074.png,train
Spiroloculina communis,1,3,data/train_images/S001_A120_Z0075_C00.tif,zstack_slice,75.0,data/train_images/Spiroloculina communis_1_view3_zstack_slice_z0075.png,train
Spiroloculina communis,1,3,data/train_images/S001_A120_Z0076_C00.tif,zstack_slice,76.0,data/train_images/Spiroloculina communis_1_view3_zstack_slice_z0076.png,train
Spiroloculina communis,1,3,data/train_images/S001_A120_Z0077_C00.tif,zstack_slice,77.0,data/train_images/Spiroloculina communis_1_view3_zstack_slice_z0077.png,train
Spiroloculina communis,1,3,data/train_images/S001_A120_Z0078_C00.tif,zstack_slice,78.0,data/train_images/Spiroloculina communis_1_view3_zstack_slice_z0078.png,train
Spiroloculina communis,1,3,data/train_images/S001_A120_Z0079_C00.tif,zstack_slice,79.0,data/train_images/Spiroloculina communis_1_view3_zstack_slice_z0079.png,train
Spiroloculina communis,1,3,data/train_images/S001_A120_Z0080_C00.tif,zstack_slice,80.0,data/train_images/Spiroloculina communis_1_view3_zstack_slice_z0080.png,train
Spiroloculina communis,1,3,data/train_images/S001_A120_Z0081_C00.tif,zstack_slice,81.0,data/train_images/Spiroloculina communis_1_view3_zstack_slice_z0081.png,train
Spiroloculina communis,1,3,data/train_images/S001_A120_Z0082_C00.tif,zstack_slice,82.0,data/train_images/Spiroloculina communis_1_view3_zstack_slice_z0082.png,train
Spiroloculina communis,1,3,data/train_images/S001_A120_Z0083_C00.tif,zstack_slice,83.0,data/train_images/Spiroloculina communis_1_view3_zstack_slice_z0083.png,train
Spiroloculina communis,1,3,data/train_images/S001_A120_Z0084_C00.tif,zstack_slice,84.0,data/train_images/Spiroloculina communis_1_view3_zstack_slice_z0084.png,train
Spiroloculina communis,1,3,data/train_images/S001_A120_Z0085_C00.tif,zstack_slice,85.0,data/train_images/Spiroloculina communis_1_view3_zstack_slice_z0085.png,train
Spiroloculina communis,1,3,data/train_images/S001_A120_Z0086_C00.tif,zstack_slice,86.0,data/train_images/Spiroloculina communis_1_view3_zstack_slice_z0086.png,train
Spiroloculina communis,1,3,data/train_images/S001_A120_Z0087_C00.tif,zstack_slice,87.0,data/train_images/Spiroloculina communis_1_view3_zstack_slice_z0087.png,train
Spiroloculina communis,1,3,data/train_images/S001_A120_Z0088_C00.tif,zstack_slice,88.0,data/train_images/Spiroloculina communis_1_view3_zstack_slice_z0088.png,train
Spiroloculina communis,1,3,data/train_images/S001_A120_Z0089_C00.tif,zstack_slice,89.0,data/train_images/Spiroloculina communis_1_view3_zstack_slice_z0089.png,train
Spiroloculina communis,1,3,data/train_images/S001_A120_Z0090_C00.tif,zstack_slice,90.0,data/train_images/Spiroloculina communis_1_view3_zstack_slice_z0090.png,train
Spiroloculina communis,1,3,data/train_images/S001_A120_Z0091_C00.tif,zstack_slice,91.0,data/train_images/Spiroloculina communis_1_view3_zstack_slice_z0091.png,train
Spiroloculina communis,1,3,data/train_images/S001_A120_Z0092_C00.tif,zstack_slice,92.0,data/train_images/Spiroloculina communis_1_view3_zstack_slice_z0092.png,train
Spiroloculina communis,1,3,data/train_images/S001_A120_Z0093_C00.tif,zstack_slice,93.0,data/train_images/Spiroloculina communis_1_view3_zstack_slice_z0093.png,train
Spiroloculina communis,1,3,data/train_images/S001_A120_Z0094_C00.tif,zstack_slice,94.0,data/train_images/Spiroloculina communis_1_view3_zstack_slice_z0094.png,train
Spiroloculina communis,1,5,data/train_images/Spiroloculina communis_1_view5_gif_original.png,gif_original,,data/train_images/Spiroloculina communis_1_view5_gif_original.png,train
Spiroloculina communis,1,5,data/train_images/S001_A240_stacked.tif,stacked_tiff,,data/train_images/Spiroloculina communis_1_view5_stacked_tiff.png,train
Spiroloculina communis,1,5,data/train_images/S001_A240_Z0000_C00.tif,zstack_slice,0.0,data/train_images/Spiroloculina communis_1_view5_zstack_slice_z0000.png,train
Spiroloculina communis,1,5,data/train_images/S001_A240_Z0001_C00.tif,zstack_slice,1.0,data/train_images/Spiroloculina communis_1_view5_zstack_slice_z0001.png,train
Spiroloculina communis,1,5,data/train_images/S001_A240_Z0002_C00.tif,zstack_slice,2.0,data/train_images/Spiroloculina communis_1_view5_zstack_slice_z0002.png,train
Spiroloculina communis,1,5,data/train_images/S001_A240_Z0003_C00.tif,zstack_slice,3.0,data/train_images/Spiroloculina communis_1_view5_zstack_slice_z0003.png,train
Spiroloculina communis,1,5,data/train_images/S001_A240_Z0004_C00.tif,zstack_slice,4.0,data/train_images/Spiroloculina communis_1_view5_zstack_slice_z0004.png,train
Spiroloculina communis,1,5,data/train_images/S001_A240_Z0005_C00.tif,zstack_slice,5.0,data/train_images/Spiroloculina communis_1_view5_zstack_slice_z0005.png,train
Spiroloculina communis,1,5,data/train_images/S001_A240_Z0006_C00.tif,zstack_slice,6.0,data/train_images/Spiroloculina communis_1_view5_zstack_slice_z0006.png,train
Spiroloculina communis,1,5,data/train_images/S001_A240_Z0007_C00.tif,zstack_slice,7.0,data/train_images/Spiroloculina communis_1_view5_zstack_slice_z0007.png,train
Spiroloculina communis,1,5,data/train_images/S001_A240_Z0008_C00.tif,zstack_slice,8.0,data/train_images/Spiroloculina communis_1_view5_zstack_slice_z0008.png,train
Spiroloculina communis,1,5,data/train_images/S001_A240_Z0009_C00.tif,zstack_slice,9.0,data/train_images/Spiroloculina communis_1_view5_zstack_slice_z0009.png,train
Spiroloculina communis,1,5,data/train_images/S001_A240_Z0010_C00.tif,zstack_slice,10.0,data/train_images/Spiroloculina communis_1_view5_zstack_slice_z0010.png,train
Spiroloculina communis,1,5,data/train_images/S001_A240_Z0011_C00.tif,zstack_slice,11.0,data/train_images/Spiroloculina communis_1_view5_zstack_slice_z0011.png,train
Spiroloculina communis,1,5,data/train_images/S001_A240_Z0012_C00.tif,zstack_slice,12.0,data/train_images/Spiroloculina communis_1_view5_zstack_slice_z0012.png,train
Spiroloculina communis,1,5,data/train_images/S001_A240_Z0013_C00.tif,zstack_slice,13.0,data/train_images/Spiroloculina communis_1_view5_zstack_slice_z0013.png,train
Spiroloculina communis,1,5,data/train_images/S001_A240_Z0014_C00.tif,zstack_slice,14.0,data/train_images/Spiroloculina communis_1_view5_zstack_slice_z0014.png,train
Spiroloculina communis,1,5,data/train_images/S001_A240_Z0015_C00.tif,zstack_slice,15.0,data/train_images/Spiroloculina communis_1_view5_zstack_slice_z0015.png,train
Spiroloculina communis,1,5,data/train_images/S001_A240_Z0016_C00.tif,zstack_slice,16.0,data/train_images/Spiroloculina communis_1_view5_zstack_slice_z0016.png,train
Spiroloculina communis,1,5,data/train_images/S001_A240_Z0017_C00.tif,zstack_slice,17.0,data/train_images/Spiroloculina communis_1_view5_zstack_slice_z0017.png,train
Spiroloculina communis,1,5,data/train_images/S001_A240_Z0018_C00.tif,zstack_slice,18.0,data/train_images/Spiroloculina communis_1_view5_zstack_slice_z0018.png,train
Spiroloculina communis,1,5,data/train_images/S001_A240_Z0019_C00.tif,zstack_slice,19.0,data/train_images/Spiroloculina communis_1_view5_zstack_slice_z0019.png,train
Spiroloculina communis,1,5,data/train_images/S001_A240_Z0020_C00.tif,zstack_slice,20.0,data/train_images/Spiroloculina communis_1_view5_zstack_slice_z0020.png,train
Spiroloculina communis,1,5,data/train_images/S001_A240_Z0021_C00.tif,zstack_slice,21.0,data/train_images/Spiroloculina communis_1_view5_zstack_slice_z0021.png,train
Spiroloculina communis,1,5,data/train_images/S001_A240_Z0022_C00.tif,zstack_slice,22.0,data/train_images/Spiroloculina communis_1_view5_zstack_slice_z0022.png,train
Spiroloculina communis,1,5,data/train_images/S001_A240_Z0023_C00.tif,zstack_slice,23.0,data/train_images/Spiroloculina communis_1_view5_zstack_slice_z0023.png,train
Spiroloculina communis,1,5,data/train_images/S001_A240_Z0024_C00.tif,zstack_slice,24.0,data/train_images/Spiroloculina communis_1_view5_zstack_slice_z0024.png,train
Spiroloculina communis,1,5,data/train_images/S001_A240_Z0025_C00.tif,zstack_slice,25.0,data/train_images/Spiroloculina communis_1_view5_zstack_slice_z0025.png,train
Spiroloculina communis,1,5,data/train_images/S001_A240_Z0026_C00.tif,zstack_slice,26.0,data/train_images/Spiroloculina communis_1_view5_zstack_slice_z0026.png,train
Spiroloculina communis,1,5,data/train_images/S001_A240_Z0027_C00.tif,zstack_slice,27.0,data/train_images/Spiroloculina communis_1_view5_zstack_slice_z0027.png,train
Spiroloculina communis,1,5,data/train_images/S001_A240_Z0028_C00.tif,zstack_slice,28.0,data/train_images/Spiroloculina communis_1_view5_zstack_slice_z0028.png,train
Spiroloculina communis,1,5,data/train_images/S001_A240_Z0029_C00.tif,zstack_slice,29.0,data/train_images/Spiroloculina communis_1_view5_zstack_slice_z0029.png,train
Spiroloculina communis,1,5,data/train_images/S001_A240_Z0030_C00.tif,zstack_slice,30.0,data/train_images/Spiroloculina communis_1_view5_zstack_slice_z0030.png,train
Spiroloculina communis,1,5,data/train_images/S001_A240_Z0031_C00.tif,zstack_slice,31.0,data/train_images/Spiroloculina communis_1_view5_zstack_slice_z0031.png,train
Spiroloculina communis,1,5,data/train_images/S001_A240_Z0032_C00.tif,zstack_slice,32.0,data/train_images/Spiroloculina communis_1_view5_zstack_slice_z0032.png,train
Spiroloculina communis,1,5,data/train_images/S001_A240_Z0033_C00.tif,zstack_slice,33.0,data/train_images/Spiroloculina communis_1_view5_zstack_slice_z0033.png,train
Spiroloculina communis,1,5,data/train_images/S001_A240_Z0034_C00.tif,zstack_slice,34.0,data/train_images/Spiroloculina communis_1_view5_zstack_slice_z0034.png,train
Spiroloculina communis,1,5,data/train_images/S001_A240_Z0035_C00.tif,zstack_slice,35.0,data/train_images/Spiroloculina communis_1_view5_zstack_slice_z0035.png,train
Spiroloculina communis,1,5,data/train_images/S001_A240_Z0036_C00.tif,zstack_slice,36.0,data/train_images/Spiroloculina communis_1_view5_zstack_slice_z0036.png,train
Spiroloculina communis,1,5,data/train_images/S001_A240_Z0037_C00.tif,zstack_slice,37.0,data/train_images/Spiroloculina communis_1_view5_zstack_slice_z0037.png,train
Spiroloculina communis,1,5,data/train_images/S001_A240_Z0038_C00.tif,zstack_slice,38.0,data/train_images/Spiroloculina communis_1_view5_zstack_slice_z0038.png,train
Spiroloculina communis,1,5,data/train_images/S001_A240_Z0039_C00.tif,zstack_slice,39.0,data/train_images/Spiroloculina communis_1_view5_zstack_slice_z0039.png,train
Spiroloculina communis,1,5,data/train_images/S001_A240_Z0040_C00.tif,zstack_slice,40.0,data/train_images/Spiroloculina communis_1_view5_zstack_slice_z0040.png,train
Spiroloculina communis,1,5,data/train_images/S001_A240_Z0041_C00.tif,zstack_slice,41.0,data/train_images/Spiroloculina communis_1_view5_zstack_slice_z0041.png,train
Spiroloculina communis,1,5,data/train_images/S001_A240_Z0042_C00.tif,zstack_slice,42.0,data/train_images/Spiroloculina communis_1_view5_zstack_slice_z0042.png,train
Spiroloculina communis,1,5,data/train_images/S001_A240_Z0043_C00.tif,zstack_slice,43.0,data/train_images/Spiroloculina communis_1_view5_zstack_slice_z0043.png,train
Spiroloculina communis,1,5,data/train_images/S001_A240_Z0044_C00.tif,zstack_slice,44.0,data/train_images/Spiroloculina communis_1_view5_zstack_slice_z0044.png,train
Spiroloculina communis,1,5,data/train_images/S001_A240_Z0045_C00.tif,zstack_slice,45.0,data/train_images/Spiroloculina communis_1_view5_zstack_slice_z0045.png,train
Spiroloculina communis,1,5,data/train_images/S001_A240_Z0046_C00.tif,zstack_slice,46.0,data/train_images/Spiroloculina communis_1_view5_zstack_slice_z0046.png,train
Spiroloculina communis,1,5,data/train_images/S001_A240_Z0047_C00.tif,zstack_slice,47.0,data/train_images/Spiroloculina communis_1_view5_zstack_slice_z0047.png,train
Spiroloculina communis,1,5,data/train_images/S001_A240_Z0048_C00.tif,zstack_slice,48.0,data/train_images/Spiroloculina communis_1_view5_zstack_slice_z0048.png,train
Spiroloculina communis,1,5,data/train_images/S001_A240_Z0049_C00.tif,zstack_slice,49.0,data/train_images/Spiroloculina communis_1_view5_zstack_slice_z0049.png,train
Spiroloculina communis,1,5,data/train_images/S001_A240_Z0050_C00.tif,zstack_slice,50.0,data/train_images/Spiroloculina communis_1_view5_zstack_slice_z0050.png,train
Spiroloculina communis,1,5,data/train_images/S001_A240_Z0051_C00.tif,zstack_slice,51.0,data/train_images/Spiroloculina communis_1_view5_zstack_slice_z0051.png,train
Spiroloculina communis,1,5,data/train_images/S001_A240_Z0052_C00.tif,zstack_slice,52.0,data/train_images/Spiroloculina communis_1_view5_zstack_slice_z0052.png,train
Spiroloculina communis,1,5,data/train_images/S001_A240_Z0053_C00.tif,zstack_slice,53.0,data/train_images/Spiroloculina communis_1_view5_zstack_slice_z0053.png,train
Spiroloculina communis,1,5,data/train_images/S001_A240_Z0054_C00.tif,zstack_slice,54.0,data/train_images/Spiroloculina communis_1_view5_zstack_slice_z0054.png,train
Spiroloculina communis,1,5,data/train_images/S001_A240_Z0055_C00.tif,zstack_slice,55.0,data/train_images/Spiroloculina communis_1_view5_zstack_slice_z0055.png,train
Spiroloculina communis,1,5,data/train_images/S001_A240_Z0056_C00.tif,zstack_slice,56.0,data/train_images/Spiroloculina communis_1_view5_zstack_slice_z0056.png,train
Spiroloculina communis,1,5,data/train_images/S001_A240_Z0057_C00.tif,zstack_slice,57.0,data/train_images/Spiroloculina communis_1_view5_zstack_slice_z0057.png,train
Spiroloculina communis,1,5,data/train_images/S001_A240_Z0058_C00.tif,zstack_slice,58.0,data/train_images/Spiroloculina communis_1_view5_zstack_slice_z0058.png,train
Spiroloculina communis,1,5,data/train_images/S001_A240_Z0059_C00.tif,zstack_slice,59.0,data/train_images/Spiroloculina communis_1_view5_zstack_slice_z0059.png,train
Spiroloculina communis,1,5,data/train_images/S001_A240_Z0060_C00.tif,zstack_slice,60.0,data/train_images/Spiroloculina communis_1_view5_zstack_slice_z0060.png,train
Spiroloculina communis,1,5,data/train_images/S001_A240_Z0061_C00.tif,zstack_slice,61.0,data/train_images/Spiroloculina communis_1_view5_zstack_slice_z0061.png,train
Spiroloculina communis,1,5,data/train_images/S001_A240_Z0062_C00.tif,zstack_slice,62.0,data/train_images/Spiroloculina communis_1_view5_zstack_slice_z0062.png,train
Spiroloculina communis,1,5,data/train_images/S001_A240_Z0063_C00.tif,zstack_slice,63.0,data/train_images/Spiroloculina communis_1_view5_zstack_slice_z0063.png,train
Spiroloculina communis,1,5,data/train_images/S001_A240_Z0064_C00.tif,zstack_slice,64.0,data/train_images/Spiroloculina communis_1_view5_zstack_slice_z0064.png,train
Spiroloculina communis,1,5,data/train_images/S001_A240_Z0065_C00.tif,zstack_slice,65.0,data/train_images/Spiroloculina communis_1_view5_zstack_slice_z0065.png,train
Spiroloculina communis,1,5,data/train_images/S001_A240_Z0066_C00.tif,zstack_slice,66.0,data/train_images/Spiroloculina communis_1_view5_zstack_slice_z0066.png,train
Spiroloculina communis,1,5,data/train_images/S001_A240_Z0067_C00.tif,zstack_slice,67.0,data/train_images/Spiroloculina communis_1_view5_zstack_slice_z0067.png,train
Spiroloculina communis,1,5,data/train_images/S001_A240_Z0068_C00.tif,zstack_slice,68.0,data/train_images/Spiroloculina communis_1_view5_zstack_slice_z0068.png,train
Spiroloculina communis,1,5,data/train_images/S001_A240_Z0069_C00.tif,zstack_slice,69.0,data/train_images/Spiroloculina communis_1_view5_zstack_slice_z0069.png,train
Spiroloculina communis,1,5,data/train_images/S001_A240_Z0070_C00.tif,zstack_slice,70.0,data/train_images/Spiroloculina communis_1_view5_zstack_slice_z0070.png,train
Spiroloculina communis,1,5,data/train_images/S001_A240_Z0071_C00.tif,zstack_slice,71.0,data/train_images/Spiroloculina communis_1_view5_zstack_slice_z0071.png,train
Spiroloculina communis,1,5,data/train_images/S001_A240_Z0072_C00.tif,zstack_slice,72.0,data/train_images/Spiroloculina communis_1_view5_zstack_slice_z0072.png,train
Spiroloculina communis,1,5,data/train_images/S001_A240_Z0073_C00.tif,zstack_slice,73.0,data/train_images/Spiroloculina communis_1_view5_zstack_slice_z0073.png,train
Spiroloculina communis,1,5,data/train_images/S001_A240_Z0074_C00.tif,zstack_slice,74.0,data/train_images/Spiroloculina communis_1_view5_zstack_slice_z0074.png,train
Spiroloculina communis,1,5,data/train_images/S001_A240_Z0075_C00.tif,zstack_slice,75.0,data/train_images/Spiroloculina communis_1_view5_zstack_slice_z0075.png,train
Spiroloculina communis,1,5,data/train_images/S001_A240_Z0076_C00.tif,zstack_slice,76.0,data/train_images/Spiroloculina communis_1_view5_zstack_slice_z0076.png,train
Spiroloculina communis,1,5,data/train_images/S001_A240_Z0077_C00.tif,zstack_slice,77.0,data/train_images/Spiroloculina communis_1_view5_zstack_slice_z0077.png,train
Spiroloculina communis,1,5,data/train_images/S001_A240_Z0078_C00.tif,zstack_slice,78.0,data/train_images/Spiroloculina communis_1_view5_zstack_slice_z0078.png,train
Spiroloculina communis,1,5,data/train_images/S001_A240_Z0079_C00.tif,zstack_slice,79.0,data/train_images/Spiroloculina communis_1_view5_zstack_slice_z0079.png,train
Spiroloculina communis,1,5,data/train_images/S001_A240_Z0080_C00.tif,zstack_slice,80.0,data/train_images/Spiroloculina communis_1_view5_zstack_slice_z0080.png,train
Spiroloculina communis,1,6,data/train_images/Spiroloculina communis_1_view6_gif_original.png,gif_original,,data/train_images/Spiroloculina communis_1_view6_gif_original.png,train
Spiroloculina communis,1,6,data/train_images/S001_A300_stacked.tif,stacked_tiff,,data/train_images/Spiroloculina communis_1_view6_stacked_tiff.png,train
Spiroloculina communis,1,6,data/train_images/S001_A300_Z0000_C00.tif,zstack_slice,0.0,data/train_images/Spiroloculina communis_1_view6_zstack_slice_z0000.png,train
Spiroloculina communis,1,6,data/train_images/S001_A300_Z0001_C00.tif,zstack_slice,1.0,data/train_images/Spiroloculina communis_1_view6_zstack_slice_z0001.png,train
Spiroloculina communis,1,6,data/train_images/S001_A300_Z0002_C00.tif,zstack_slice,2.0,data/train_images/Spiroloculina communis_1_view6_zstack_slice_z0002.png,train
Spiroloculina communis,1,6,data/train_images/S001_A300_Z0003_C00.tif,zstack_slice,3.0,data/train_images/Spiroloculina communis_1_view6_zstack_slice_z0003.png,train
Spiroloculina communis,1,6,data/train_images/S001_A300_Z0004_C00.tif,zstack_slice,4.0,data/train_images/Spiroloculina communis_1_view6_zstack_slice_z0004.png,train
Spiroloculina communis,1,6,data/train_images/S001_A300_Z0005_C00.tif,zstack_slice,5.0,data/train_images/Spiroloculina communis_1_view6_zstack_slice_z0005.png,train
Spiroloculina communis,1,6,data/train_images/S001_A300_Z0006_C00.tif,zstack_slice,6.0,data/train_images/Spiroloculina communis_1_view6_zstack_slice_z0006.png,train
Spiroloculina communis,1,6,data/train_images/S001_A300_Z0007_C00.tif,zstack_slice,7.0,data/train_images/Spiroloculina communis_1_view6_zstack_slice_z0007.png,train
Spiroloculina communis,1,6,data/train_images/S001_A300_Z0008_C00.tif,zstack_slice,8.0,data/train_images/Spiroloculina communis_1_view6_zstack_slice_z0008.png,train
Spiroloculina communis,1,6,data/train_images/S001_A300_Z0009_C00.tif,zstack_slice,9.0,data/train_images/Spiroloculina communis_1_view6_zstack_slice_z0009.png,train
Spiroloculina communis,1,6,data/train_images/S001_A300_Z0010_C00.tif,zstack_slice,10.0,data/train_images/Spiroloculina communis_1_view6_zstack_slice_z0010.png,train
Spiroloculina communis,1,6,data/train_images/S001_A300_Z0011_C00.tif,zstack_slice,11.0,data/train_images/Spiroloculina communis_1_view6_zstack_slice_z0011.png,train
Spiroloculina communis,1,6,data/train_images/S001_A300_Z0012_C00.tif,zstack_slice,12.0,data/train_images/Spiroloculina communis_1_view6_zstack_slice_z0012.png,train
Spiroloculina communis,1,6,data/train_images/S001_A300_Z0013_C00.tif,zstack_slice,13.0,data/train_images/Spiroloculina communis_1_view6_zstack_slice_z0013.png,train
Spiroloculina communis,1,6,data/train_images/S001_A300_Z0014_C00.tif,zstack_slice,14.0,data/train_images/Spiroloculina communis_1_view6_zstack_slice_z0014.png,train
Spiroloculina communis,1,6,data/train_images/S001_A300_Z0015_C00.tif,zstack_slice,15.0,data/train_images/Spiroloculina communis_1_view6_zstack_slice_z0015.png,train
Spiroloculina communis,1,6,data/train_images/S001_A300_Z0016_C00.tif,zstack_slice,16.0,data/train_images/Spiroloculina communis_1_view6_zstack_slice_z0016.png,train
Spiroloculina communis,1,6,data/train_images/S001_A300_Z0017_C00.tif,zstack_slice,17.0,data/train_images/Spiroloculina communis_1_view6_zstack_slice_z0017.png,train
Spiroloculina communis,1,6,data/train_images/S001_A300_Z0018_C00.tif,zstack_slice,18.0,data/train_images/Spiroloculina communis_1_view6_zstack_slice_z0018.png,train
Spiroloculina communis,1,6,data/train_images/S001_A300_Z0019_C00.tif,zstack_slice,19.0,data/train_images/Spiroloculina communis_1_view6_zstack_slice_z0019.png,train
Spiroloculina communis,1,6,data/train_images/S001_A300_Z0020_C00.tif,zstack_slice,20.0,data/train_images/Spiroloculina communis_1_view6_zstack_slice_z0020.png,train
Spiroloculina communis,1,6,data/train_images/S001_A300_Z0021_C00.tif,zstack_slice,21.0,data/train_images/Spiroloculina communis_1_view6_zstack_slice_z0021.png,train
Spiroloculina communis,1,6,data/train_images/S001_A300_Z0022_C00.tif,zstack_slice,22.0,data/train_images/Spiroloculina communis_1_view6_zstack_slice_z0022.png,train
Spiroloculina communis,1,6,data/train_images/S001_A300_Z0023_C00.tif,zstack_slice,23.0,data/train_images/Spiroloculina communis_1_view6_zstack_slice_z0023.png,train
Spiroloculina communis,1,6,data/train_images/S001_A300_Z0024_C00.tif,zstack_slice,24.0,data/train_images/Spiroloculina communis_1_view6_zstack_slice_z0024.png,train
Spiroloculina communis,1,6,data/train_images/S001_A300_Z0025_C00.tif,zstack_slice,25.0,data/train_images/Spiroloculina communis_1_view6_zstack_slice_z0025.png,train
Spiroloculina communis,1,6,data/train_images/S001_A300_Z0026_C00.tif,zstack_slice,26.0,data/train_images/Spiroloculina communis_1_view6_zstack_slice_z0026.png,train
Spiroloculina communis,1,6,data/train_images/S001_A300_Z0027_C00.tif,zstack_slice,27.0,data/train_images/Spiroloculina communis_1_view6_zstack_slice_z0027.png,train
Spiroloculina communis,1,6,data/train_images/S001_A300_Z0028_C00.tif,zstack_slice,28.0,data/train_images/Spiroloculina communis_1_view6_zstack_slice_z0028.png,train
Spiroloculina communis,1,6,data/train_images/S001_A300_Z0029_C00.tif,zstack_slice,29.0,data/train_images/Spiroloculina communis_1_view6_zstack_slice_z0029.png,train
Spiroloculina communis,1,6,data/train_images/S001_A300_Z0030_C00.tif,zstack_slice,30.0,data/train_images/Spiroloculina communis_1_view6_zstack_slice_z0030.png,train
Spiroloculina communis,1,6,data/train_images/S001_A300_Z0031_C00.tif,zstack_slice,31.0,data/train_images/Spiroloculina communis_1_view6_zstack_slice_z0031.png,train
Spiroloculina communis,1,6,data/train_images/S001_A300_Z0032_C00.tif,zstack_slice,32.0,data/train_images/Spiroloculina communis_1_view6_zstack_slice_z0032.png,train
Spiroloculina communis,1,6,data/train_images/S001_A300_Z0033_C00.tif,zstack_slice,33.0,data/train_images/Spiroloculina communis_1_view6_zstack_slice_z0033.png,train
Spiroloculina communis,1,6,data/train_images/S001_A300_Z0034_C00.tif,zstack_slice,34.0,data/train_images/Spiroloculina communis_1_view6_zstack_slice_z0034.png,train
Spiroloculina communis,1,6,data/train_images/S001_A300_Z0035_C00.tif,zstack_slice,35.0,data/train_images/Spiroloculina communis_1_view6_zstack_slice_z0035.png,train
Spiroloculina communis,1,6,data/train_images/S001_A300_Z0036_C00.tif,zstack_slice,36.0,data/train_images/Spiroloculina communis_1_view6_zstack_slice_z0036.png,train
Spiroloculina communis,1,6,data/train_images/S001_A300_Z0037_C00.tif,zstack_slice,37.0,data/train_images/Spiroloculina communis_1_view6_zstack_slice_z0037.png,train
Spiroloculina communis,1,6,data/train_images/S001_A300_Z0038_C00.tif,zstack_slice,38.0,data/train_images/Spiroloculina communis_1_view6_zstack_slice_z0038.png,train
Spiroloculina communis,1,6,data/train_images/S001_A300_Z0039_C00.tif,zstack_slice,39.0,data/train_images/Spiroloculina communis_1_view6_zstack_slice_z0039.png,train
Spiroloculina communis,1,6,data/train_images/S001_A300_Z0040_C00.tif,zstack_slice,40.0,data/train_images/Spiroloculina communis_1_view6_zstack_slice_z0040.png,train
Spiroloculina communis,1,6,data/train_images/S001_A300_Z0041_C00.tif,zstack_slice,41.0,data/train_images/Spiroloculina communis_1_view6_zstack_slice_z0041.png,train
Spiroloculina communis,1,6,data/train_images/S001_A300_Z0042_C00.tif,zstack_slice,42.0,data/train_images/Spiroloculina communis_1_view6_zstack_slice_z0042.png,train
Spiroloculina communis,1,6,data/train_images/S001_A300_Z0043_C00.tif,zstack_slice,43.0,data/train_images/Spiroloculina communis_1_view6_zstack_slice_z0043.png,train
Spiroloculina communis,1,6,data/train_images/S001_A300_Z0044_C00.tif,zstack_slice,44.0,data/train_images/Spiroloculina communis_1_view6_zstack_slice_z0044.png,train
Spiroloculina communis,1,6,data/train_images/S001_A300_Z0045_C00.tif,zstack_slice,45.0,data/train_images/Spiroloculina communis_1_view6_zstack_slice_z0045.png,train
Spiroloculina communis,1,6,data/train_images/S001_A300_Z0046_C00.tif,zstack_slice,46.0,data/train_images/Spiroloculina communis_1_view6_zstack_slice_z0046.png,train
Spiroloculina communis,1,6,data/train_images/S001_A300_Z0047_C00.tif,zstack_slice,47.0,data/train_images/Spiroloculina communis_1_view6_zstack_slice_z0047.png,train
Spiroloculina communis,1,6,data/train_images/S001_A300_Z0048_C00.tif,zstack_slice,48.0,data/train_images/Spiroloculina communis_1_view6_zstack_slice_z0048.png,train
Spiroloculina communis,1,6,data/train_images/S001_A300_Z0049_C00.tif,zstack_slice,49.0,data/train_images/Spiroloculina communis_1_view6_zstack_slice_z0049.png,train
Spiroloculina communis,1,6,data/train_images/S001_A300_Z0050_C00.tif,zstack_slice,50.0,data/train_images/Spiroloculina communis_1_view6_zstack_slice_z0050.png,train
Spiroloculina communis,1,6,data/train_images/S001_A300_Z0051_C00.tif,zstack_slice,51.0,data/train_images/Spiroloculina communis_1_view6_zstack_slice_z0051.png,train
Spiroloculina communis,1,6,data/train_images/S001_A300_Z0052_C00.tif,zstack_slice,52.0,data/train_images/Spiroloculina communis_1_view6_zstack_slice_z0052.png,train
Spiroloculina communis,1,6,data/train_images/S001_A300_Z0053_C00.tif,zstack_slice,53.0,data/train_images/Spiroloculina communis_1_view6_zstack_slice_z0053.png,train
Spiroloculina communis,1,6,data/train_images/S001_A300_Z0054_C00.tif,zstack_slice,54.0,data/train_images/Spiroloculina communis_1_view6_zstack_slice_z0054.png,train
Spiroloculina communis,1,6,data/train_images/S001_A300_Z0055_C00.tif,zstack_slice,55.0,data/train_images/Spiroloculina communis_1_view6_zstack_slice_z0055.png,train
Spiroloculina communis,1,6,data/train_images/S001_A300_Z0056_C00.tif,zstack_slice,56.0,data/train_images/Spiroloculina communis_1_view6_zstack_slice_z0056.png,train
Spiroloculina communis,1,6,data/train_images/S001_A300_Z0057_C00.tif,zstack_slice,57.0,data/train_images/Spiroloculina communis_1_view6_zstack_slice_z0057.png,train
Spiroloculina communis,1,6,data/train_images/S001_A300_Z0058_C00.tif,zstack_slice,58.0,data/train_images/Spiroloculina communis_1_view6_zstack_slice_z0058.png,train
Spiroloculina communis,1,6,data/train_images/S001_A300_Z0059_C00.tif,zstack_slice,59.0,data/train_images/Spiroloculina communis_1_view6_zstack_slice_z0059.png,train
Spiroloculina communis,1,6,data/train_images/S001_A300_Z0060_C00.tif,zstack_slice,60.0,data/train_images/Spiroloculina communis_1_view6_zstack_slice_z0060.png,train
Spiroloculina communis,1,6,data/train_images/S001_A300_Z0061_C00.tif,zstack_slice,61.0,data/train_images/Spiroloculina communis_1_view6_zstack_slice_z0061.png,train
Spiroloculina communis,1,6,data/train_images/S001_A300_Z0062_C00.tif,zstack_slice,62.0,data/train_images/Spiroloculina communis_1_view6_zstack_slice_z0062.png,train
Spiroloculina communis,1,6,data/train_images/S001_A300_Z0063_C00.tif,zstack_slice,63.0,data/train_images/Spiroloculina communis_1_view6_zstack_slice_z0063.png,train
Spiroloculina communis,1,6,data/train_images/S001_A300_Z0064_C00.tif,zstack_slice,64.0,data/train_images/Spiroloculina communis_1_view6_zstack_slice_z0064.png,train
Spiroloculina communis,1,6,data/train_images/S001_A300_Z0065_C00.tif,zstack_slice,65.0,data/train_images/Spiroloculina communis_1_view6_zstack_slice_z0065.png,train
Spiroloculina communis,1,6,data/train_images/S001_A300_Z0066_C00.tif,zstack_slice,66.0,data/train_images/Spiroloculina communis_1_view6_zstack_slice_z0066.png,train
Spiroloculina communis,1,6,data/train_images/S001_A300_Z0067_C00.tif,zstack_slice,67.0,data/train_images/Spiroloculina communis_1_view6_zstack_slice_z0067.png,train
Spiroloculina communis,1,6,data/train_images/S001_A300_Z0068_C00.tif,zstack_slice,68.0,data/train_images/Spiroloculina communis_1_view6_zstack_slice_z0068.png,train
Spiroloculina communis,1,6,data/train_images/S001_A300_Z0069_C00.tif,zstack_slice,69.0,data/train_images/Spiroloculina communis_1_view6_zstack_slice_z0069.png,train
Spiroloculina communis,1,6,data/train_images/S001_A300_Z0070_C00.tif,zstack_slice,70.0,data/train_images/Spiroloculina communis_1_view6_zstack_slice_z0070.png,train
Spiroloculina communis,1,6,data/train_images/S001_A300_Z0071_C00.tif,zstack_slice,71.0,data/train_images/Spiroloculina communis_1_view6_zstack_slice_z0071.png,train
Spiroloculina communis,1,6,data/train_images/S001_A300_Z0072_C00.tif,zstack_slice,72.0,data/train_images/Spiroloculina communis_1_view6_zstack_slice_z0072.png,train
Spiroloculina communis,1,6,data/train_images/S001_A300_Z0073_C00.tif,zstack_slice,73.0,data/train_images/Spiroloculina communis_1_view6_zstack_slice_z0073.png,train
Spiroloculina communis,1,6,data/train_images/S001_A300_Z0074_C00.tif,zstack_slice,74.0,data/train_images/Spiroloculina communis_1_view6_zstack_slice_z0074.png,train
Spiroloculina communis,1,6,data/train_images/S001_A300_Z0075_C00.tif,zstack_slice,75.0,data/train_images/Spiroloculina communis_1_view6_zstack_slice_z0075.png,train
Spiroloculina communis,1,6,data/train_images/S001_A300_Z0076_C00.tif,zstack_slice,76.0,data/train_images/Spiroloculina communis_1_view6_zstack_slice_z0076.png,train
Spiroloculina communis,1,6,data/train_images/S001_A300_Z0077_C00.tif,zstack_slice,77.0,data/train_images/Spiroloculina communis_1_view6_zstack_slice_z0077.png,train
Spiroloculina communis,1,6,data/train_images/S001_A300_Z0078_C00.tif,zstack_slice,78.0,data/train_images/Spiroloculina communis_1_view6_zstack_slice_z0078.png,train
Spiroloculina communis,1,6,data/train_images/S001_A300_Z0079_C00.tif,zstack_slice,79.0,data/train_images/Spiroloculina communis_1_view6_zstack_slice_z0079.png,train
Spiroloculina communis,1,6,data/train_images/S001_A300_Z0080_C00.tif,zstack_slice,80.0,data/train_images/Spiroloculina communis_1_view6_zstack_slice_z0080.png,train
Spiroloculina communis,1,6,data/train_images/S001_A300_Z0081_C00.tif,zstack_slice,81.0,data/train_images/Spiroloculina communis_1_view6_zstack_slice_z0081.png,train
Spiroloculina communis,1,6,data/train_images/S001_A300_Z0082_C00.tif,zstack_slice,82.0,data/train_images/Spiroloculina communis_1_view6_zstack_slice_z0082.png,train
Spiroloculina communis,1,6,data/train_images/S001_A300_Z0083_C00.tif,zstack_slice,83.0,data/train_images/Spiroloculina communis_1_view6_zstack_slice_z0083.png,train
Spiroloculina communis,1,6,data/train_images/S001_A300_Z0084_C00.tif,zstack_slice,84.0,data/train_images/Spiroloculina communis_1_view6_zstack_slice_z0084.png,train
Spiroloculina communis,1,6,data/train_images/S001_A300_Z0085_C00.tif,zstack_slice,85.0,data/train_images/Spiroloculina communis_1_view6_zstack_slice_z0085.png,train
Spiroloculina communis,1,6,data/train_images/S001_A300_Z0086_C00.tif,zstack_slice,86.0,data/train_images/Spiroloculina communis_1_view6_zstack_slice_z0086.png,train
Spiroloculina communis,1,6,data/train_images/S001_A300_Z0087_C00.tif,zstack_slice,87.0,data/train_images/Spiroloculina communis_1_view6_zstack_slice_z0087.png,train
Spiroloculina communis,1,6,data/train_images/S001_A300_Z0088_C00.tif,zstack_slice,88.0,data/train_images/Spiroloculina communis_1_view6_zstack_slice_z0088.png,train
Spiroloculina communis,1,6,data/train_images/S001_A300_Z0089_C00.tif,zstack_slice,89.0,data/train_images/Spiroloculina communis_1_view6_zstack_slice_z0089.png,train
Spiroloculina communis,1,6,data/train_images/S001_A300_Z0090_C00.tif,zstack_slice,90.0,data/train_images/Spiroloculina communis_1_view6_zstack_slice_z0090.png,train
Spiroloculina communis,1,6,data/train_images/S001_A300_Z0091_C00.tif,zstack_slice,91.0,data/train_images/Spiroloculina communis_1_view6_zstack_slice_z0091.png,train
Spiroloculina communis,1,6,data/train_images/S001_A300_Z0092_C00.tif,zstack_slice,92.0,data/train_images/Spiroloculina communis_1_view6_zstack_slice_z0092.png,train
Spiroloculina communis,1,6,data/train_images/S001_A300_Z0093_C00.tif,zstack_slice,93.0,data/train_images/Spiroloculina communis_1_view6_zstack_slice_z0093.png,train
Spiroloculina communis,1,6,data/train_images/S001_A300_Z0094_C00.tif,zstack_slice,94.0,data/train_images/Spiroloculina communis_1_view6_zstack_slice_z0094.png,train
Spiroloculina ornata,7,1,data/train_images/Spiroloculina ornata_7_view1_gif_original.png,gif_original,,data/train_images/Spiroloculina ornata_7_view1_gif_original.png,train
Spiroloculina ornata,7,1,data/train_images/S007_A000_stacked.tif,stacked_tiff,,data/train_images/Spiroloculina ornata_7_view1_stacked_tiff.png,train
Spiroloculina ornata,7,1,data/train_images/S007_A000_Z0000_C00.tif,zstack_slice,0.0,data/train_images/Spiroloculina ornata_7_view1_zstack_slice_z0000.png,train
Spiroloculina ornata,7,1,data/train_images/S007_A000_Z0001_C00.tif,zstack_slice,1.0,data/train_images/Spiroloculina ornata_7_view1_zstack_slice_z0001.png,train
Spiroloculina ornata,7,1,data/train_images/S007_A000_Z0002_C00.tif,zstack_slice,2.0,data/train_images/Spiroloculina ornata_7_view1_zstack_slice_z0002.png,train
Spiroloculina ornata,7,1,data/train_images/S007_A000_Z0003_C00.tif,zstack_slice,3.0,data/train_images/Spiroloculina ornata_7_view1_zstack_slice_z0003.png,train
Spiroloculina ornata,7,1,data/train_images/S007_A000_Z0004_C00.tif,zstack_slice,4.0,data/train_images/Spiroloculina ornata_7_view1_zstack_slice_z0004.png,train
Spiroloculina ornata,7,1,data/train_images/S007_A000_Z0005_C00.tif,zstack_slice,5.0,data/train_images/Spiroloculina ornata_7_view1_zstack_slice_z0005.png,train
Spiroloculina ornata,7,1,data/train_images/S007_A000_Z0006_C00.tif,zstack_slice,6.0,data/train_images/Spiroloculina ornata_7_view1_zstack_slice_z0006.png,train
Spiroloculina ornata,7,1,data/train_images/S007_A000_Z0007_C00.tif,zstack_slice,7.0,data/train_images/Spiroloculina ornata_7_view1_zstack_slice_z0007.png,train
Spiroloculina ornata,7,1,data/train_images/S007_A000_Z0008_C00.tif,zstack_slice,8.0,data/train_images/Spiroloculina ornata_7_view1_zstack_slice_z0008.png,train
Spiroloculina ornata,7,1,data/train_images/S007_A000_Z0009_C00.tif,zstack_slice,9.0,data/train_images/Spiroloculina ornata_7_view1_zstack_slice_z0009.png,train
Spiroloculina ornata,7,1,data/train_images/S007_A000_Z0010_C00.tif,zstack_slice,10.0,data/train_images/Spiroloculina ornata_7_view1_zstack_slice_z0010.png,train
Spiroloculina ornata,7,1,data/train_images/S007_A000_Z0011_C00.tif,zstack_slice,11.0,data/train_images/Spiroloculina ornata_7_view1_zstack_slice_z0011.png,train
Spiroloculina ornata,7,1,data/train_images/S007_A000_Z0012_C00.tif,zstack_slice,12.0,data/train_images/Spiroloculina ornata_7_view1_zstack_slice_z0012.png,train
Spiroloculina ornata,7,1,data/train_images/S007_A000_Z0013_C00.tif,zstack_slice,13.0,data/train_images/Spiroloculina ornata_7_view1_zstack_slice_z0013.png,train
Spiroloculina ornata,7,1,data/train_images/S007_A000_Z0014_C00.tif,zstack_slice,14.0,data/train_images/Spiroloculina ornata_7_view1_zstack_slice_z0014.png,train
Spiroloculina ornata,7,1,data/train_images/S007_A000_Z0015_C00.tif,zstack_slice,15.0,data/train_images/Spiroloculina ornata_7_view1_zstack_slice_z0015.png,train
Spiroloculina ornata,7,1,data/train_images/S007_A000_Z0016_C00.tif,zstack_slice,16.0,data/train_images/Spiroloculina ornata_7_view1_zstack_slice_z0016.png,train
Spiroloculina ornata,7,1,data/train_images/S007_A000_Z0017_C00.tif,zstack_slice,17.0,data/train_images/Spiroloculina ornata_7_view1_zstack_slice_z0017.png,train
Spiroloculina ornata,7,1,data/train_images/S007_A000_Z0018_C00.tif,zstack_slice,18.0,data/train_images/Spiroloculina ornata_7_view1_zstack_slice_z0018.png,train
Spiroloculina ornata,7,1,data/train_images/S007_A000_Z0019_C00.tif,zstack_slice,19.0,data/train_images/Spiroloculina ornata_7_view1_zstack_slice_z0019.png,train
Spiroloculina ornata,7,1,data/train_images/S007_A000_Z0020_C00.tif,zstack_slice,20.0,data/train_images/Spiroloculina ornata_7_view1_zstack_slice_z0020.png,train
Spiroloculina ornata,7,1,data/train_images/S007_A000_Z0021_C00.tif,zstack_slice,21.0,data/train_images/Spiroloculina ornata_7_view1_zstack_slice_z0021.png,train
Spiroloculina ornata,7,1,data/train_images/S007_A000_Z0022_C00.tif,zstack_slice,22.0,data/train_images/Spiroloculina ornata_7_view1_zstack_slice_z0022.png,train
Spiroloculina ornata,7,1,data/train_images/S007_A000_Z0023_C00.tif,zstack_slice,23.0,data/train_images/Spiroloculina ornata_7_view1_zstack_slice_z0023.png,train
Spiroloculina ornata,7,1,data/train_images/S007_A000_Z0024_C00.tif,zstack_slice,24.0,data/train_images/Spiroloculina ornata_7_view1_zstack_slice_z0024.png,train
Spiroloculina ornata,7,1,data/train_images/S007_A000_Z0025_C00.tif,zstack_slice,25.0,data/train_images/Spiroloculina ornata_7_view1_zstack_slice_z0025.png,train
Spiroloculina ornata,7,1,data/train_images/S007_A000_Z0026_C00.tif,zstack_slice,26.0,data/train_images/Spiroloculina ornata_7_view1_zstack_slice_z0026.png,train
Spiroloculina ornata,7,1,data/train_images/S007_A000_Z0027_C00.tif,zstack_slice,27.0,data/train_images/Spiroloculina ornata_7_view1_zstack_slice_z0027.png,train
Spiroloculina ornata,7,1,data/train_images/S007_A000_Z0028_C00.tif,zstack_slice,28.0,data/train_images/Spiroloculina ornata_7_view1_zstack_slice_z0028.png,train
Spiroloculina ornata,7,1,data/train_images/S007_A000_Z0029_C00.tif,zstack_slice,29.0,data/train_images/Spiroloculina ornata_7_view1_zstack_slice_z0029.png,train
Spiroloculina ornata,7,1,data/train_images/S007_A000_Z0030_C00.tif,zstack_slice,30.0,data/train_images/Spiroloculina ornata_7_view1_zstack_slice_z0030.png,train
Spiroloculina ornata,7,3,data/train_images/Spiroloculina ornata_7_view3_gif_original.png,gif_original,,data/train_images/Spiroloculina ornata_7_view3_gif_original.png,train
Spiroloculina ornata,7,3,data/train_images/S007_A120_stacked.tif,stacked_tiff,,data/train_images/Spiroloculina ornata_7_view3_stacked_tiff.png,train
Spiroloculina ornata,7,3,data/train_images/S007_A120_Z0000_C00.tif,zstack_slice,0.0,data/train_images/Spiroloculina ornata_7_view3_zstack_slice_z0000.png,train
Spiroloculina ornata,7,3,data/train_images/S007_A120_Z0001_C00.tif,zstack_slice,1.0,data/train_images/Spiroloculina ornata_7_view3_zstack_slice_z0001.png,train
Spiroloculina ornata,7,3,data/train_images/S007_A120_Z0002_C00.tif,zstack_slice,2.0,data/train_images/Spiroloculina ornata_7_view3_zstack_slice_z0002.png,train
Spiroloculina ornata,7,3,data/train_images/S007_A120_Z0003_C00.tif,zstack_slice,3.0,data/train_images/Spiroloculina ornata_7_view3_zstack_slice_z0003.png,train
Spiroloculina ornata,7,3,data/train_images/S007_A120_Z0004_C00.tif,zstack_slice,4.0,data/train_images/Spiroloculina ornata_7_view3_zstack_slice_z0004.png,train
Spiroloculina ornata,7,3,data/train_images/S007_A120_Z0005_C00.tif,zstack_slice,5.0,data/train_images/Spiroloculina ornata_7_view3_zstack_slice_z0005.png,train
Spiroloculina ornata,7,3,data/train_images/S007_A120_Z0006_C00.tif,zstack_slice,6.0,data/train_images/Spiroloculina ornata_7_view3_zstack_slice_z0006.png,train
Spiroloculina ornata,7,3,data/train_images/S007_A120_Z0007_C00.tif,zstack_slice,7.0,data/train_images/Spiroloculina ornata_7_view3_zstack_slice_z0007.png,train
Spiroloculina ornata,7,3,data/train_images/S007_A120_Z0008_C00.tif,zstack_slice,8.0,data/train_images/Spiroloculina ornata_7_view3_zstack_slice_z0008.png,train
Spiroloculina ornata,7,3,data/train_images/S007_A120_Z0009_C00.tif,zstack_slice,9.0,data/train_images/Spiroloculina ornata_7_view3_zstack_slice_z0009.png,train
Spiroloculina ornata,7,3,data/train_images/S007_A120_Z0010_C00.tif,zstack_slice,10.0,data/train_images/Spiroloculina ornata_7_view3_zstack_slice_z0010.png,train
Spiroloculina ornata,7,3,data/train_images/S007_A120_Z0011_C00.tif,zstack_slice,11.0,data/train_images/Spiroloculina ornata_7_view3_zstack_slice_z0011.png,train
Spiroloculina ornata,7,3,data/train_images/S007_A120_Z0012_C00.tif,zstack_slice,12.0,data/train_images/Spiroloculina ornata_7_view3_zstack_slice_z0012.png,train
Spiroloculina ornata,7,3,data/train_images/S007_A120_Z0013_C00.tif,zstack_slice,13.0,data/train_images/Spiroloculina ornata_7_view3_zstack_slice_z0013.png,train
Spiroloculina ornata,7,3,data/train_images/S007_A120_Z0014_C00.tif,zstack_slice,14.0,data/train_images/Spiroloculina ornata_7_view3_zstack_slice_z0014.png,train
Spiroloculina ornata,7,3,data/train_images/S007_A120_Z0015_C00.tif,zstack_slice,15.0,data/train_images/Spiroloculina ornata_7_view3_zstack_slice_z0015.png,train
Spiroloculina ornata,7,3,data/train_images/S007_A120_Z0016_C00.tif,zstack_slice,16.0,data/train_images/Spiroloculina ornata_7_view3_zstack_slice_z0016.png,train
Spiroloculina ornata,7,3,data/train_images/S007_A120_Z0017_C00.tif,zstack_slice,17.0,data/train_images/Spiroloculina ornata_7_view3_zstack_slice_z0017.png,train
Spiroloculina ornata,7,3,data/train_images/S007_A120_Z0018_C00.tif,zstack_slice,18.0,data/train_images/Spiroloculina ornata_7_view3_zstack_slice_z0018.png,train
Spiroloculina ornata,7,3,data/train_images/S007_A120_Z0019_C00.tif,zstack_slice,19.0,data/train_images/Spiroloculina ornata_7_view3_zstack_slice_z0019.png,train
Spiroloculina ornata,7,3,data/train_images/S007_A120_Z0020_C00.tif,zstack_slice,20.0,data/train_images/Spiroloculina ornata_7_view3_zstack_slice_z0020.png,train
Spiroloculina ornata,7,3,data/train_images/S007_A120_Z0021_C00.tif,zstack_slice,21.0,data/train_images/Spiroloculina ornata_7_view3_zstack_slice_z0021.png,train
Spiroloculina ornata,7,3,data/train_images/S007_A120_Z0022_C00.tif,zstack_slice,22.0,data/train_images/Spiroloculina ornata_7_view3_zstack_slice_z0022.png,train
Spiroloculina ornata,7,3,data/train_images/S007_A120_Z0023_C00.tif,zstack_slice,23.0,data/train_images/Spiroloculina ornata_7_view3_zstack_slice_z0023.png,train
Spiroloculina ornata,7,3,data/train_images/S007_A120_Z0024_C00.tif,zstack_slice,24.0,data/train_images/Spiroloculina ornata_7_view3_zstack_slice_z0024.png,train
Spiroloculina ornata,7,3,data/train_images/S007_A120_Z0025_C00.tif,zstack_slice,25.0,data/train_images/Spiroloculina ornata_7_view3_zstack_slice_z0025.png,train
Spiroloculina ornata,7,3,data/train_images/S007_A120_Z0026_C00.tif,zstack_slice,26.0,data/train_images/Spiroloculina ornata_7_view3_zstack_slice_z0026.png,train
Spiroloculina ornata,7,3,data/train_images/S007_A120_Z0027_C00.tif,zstack_slice,27.0,data/train_images/Spiroloculina ornata_7_view3_zstack_slice_z0027.png,train
Spiroloculina ornata,7,3,data/train_images/S007_A120_Z0028_C00.tif,zstack_slice,28.0,data/train_images/Spiroloculina ornata_7_view3_zstack_slice_z0028.png,train
Spiroloculina ornata,7,3,data/train_images/S007_A120_Z0029_C00.tif,zstack_slice,29.0,data/train_images/Spiroloculina ornata_7_view3_zstack_slice_z0029.png,train
Spiroloculina ornata,7,3,data/train_images/S007_A120_Z0030_C00.tif,zstack_slice,30.0,data/train_images/Spiroloculina ornata_7_view3_zstack_slice_z0030.png,train
Spiroloculina ornata,7,3,data/train_images/S007_A120_Z0031_C00.tif,zstack_slice,31.0,data/train_images/Spiroloculina ornata_7_view3_zstack_slice_z0031.png,train
Spiroloculina ornata,7,3,data/train_images/S007_A120_Z0032_C00.tif,zstack_slice,32.0,data/train_images/Spiroloculina ornata_7_view3_zstack_slice_z0032.png,train
Spiroloculina ornata,7,3,data/train_images/S007_A120_Z0033_C00.tif,zstack_slice,33.0,data/train_images/Spiroloculina ornata_7_view3_zstack_slice_z0033.png,train
Spiroloculina ornata,7,3,data/train_images/S007_A120_Z0034_C00.tif,zstack_slice,34.0,data/train_images/Spiroloculina ornata_7_view3_zstack_slice_z0034.png,train
Spiroloculina ornata,7,3,data/train_images/S007_A120_Z0035_C00.tif,zstack_slice,35.0,data/train_images/Spiroloculina ornata_7_view3_zstack_slice_z0035.png,train
Spiroloculina ornata,7,3,data/train_images/S007_A120_Z0036_C00.tif,zstack_slice,36.0,data/train_images/Spiroloculina ornata_7_view3_zstack_slice_z0036.png,train
Spiroloculina ornata,7,3,data/train_images/S007_A120_Z0037_C00.tif,zstack_slice,37.0,data/train_images/Spiroloculina ornata_7_view3_zstack_slice_z0037.png,train
Spiroloculina ornata,7,3,data/train_images/S007_A120_Z0038_C00.tif,zstack_slice,38.0,data/train_images/Spiroloculina ornata_7_view3_zstack_slice_z0038.png,train
Spiroloculina ornata,7,3,data/train_images/S007_A120_Z0039_C00.tif,zstack_slice,39.0,data/train_images/Spiroloculina ornata_7_view3_zstack_slice_z0039.png,train
Spiroloculina ornata,7,3,data/train_images/S007_A120_Z0040_C00.tif,zstack_slice,40.0,data/train_images/Spiroloculina ornata_7_view3_zstack_slice_z0040.png,train
Spiroloculina ornata,7,3,data/train_images/S007_A120_Z0041_C00.tif,zstack_slice,41.0,data/train_images/Spiroloculina ornata_7_view3_zstack_slice_z0041.png,train
Spiroloculina ornata,7,3,data/train_images/S007_A120_Z0042_C00.tif,zstack_slice,42.0,data/train_images/Spiroloculina ornata_7_view3_zstack_slice_z0042.png,train
Spiroloculina ornata,7,4,data/train_images/Spiroloculina ornata_7_view4_gif_original.png,gif_original,,data/train_images/Spiroloculina ornata_7_view4_gif_original.png,train
Spiroloculina ornata,7,4,data/train_images/S007_A180_stacked.tif,stacked_tiff,,data/train_images/Spiroloculina ornata_7_view4_stacked_tiff.png,train
Spiroloculina ornata,7,4,data/train_images/S007_A180_Z0000_C00.tif,zstack_slice,0.0,data/train_images/Spiroloculina ornata_7_view4_zstack_slice_z0000.png,train
Spiroloculina ornata,7,4,data/train_images/S007_A180_Z0001_C00.tif,zstack_slice,1.0,data/train_images/Spiroloculina ornata_7_view4_zstack_slice_z0001.png,train
Spiroloculina ornata,7,4,data/train_images/S007_A180_Z0002_C00.tif,zstack_slice,2.0,data/train_images/Spiroloculina ornata_7_view4_zstack_slice_z0002.png,train
Spiroloculina ornata,7,4,data/train_images/S007_A180_Z0003_C00.tif,zstack_slice,3.0,data/train_images/Spiroloculina ornata_7_view4_zstack_slice_z0003.png,train
Spiroloculina ornata,7,4,data/train_images/S007_A180_Z0004_C00.tif,zstack_slice,4.0,data/train_images/Spiroloculina ornata_7_view4_zstack_slice_z0004.png,train
Spiroloculina ornata,7,4,data/train_images/S007_A180_Z0005_C00.tif,zstack_slice,5.0,data/train_images/Spiroloculina ornata_7_view4_zstack_slice_z0005.png,train
Spiroloculina ornata,7,4,data/train_images/S007_A180_Z0006_C00.tif,zstack_slice,6.0,data/train_images/Spiroloculina ornata_7_view4_zstack_slice_z0006.png,train
Spiroloculina ornata,7,4,data/train_images/S007_A180_Z0007_C00.tif,zstack_slice,7.0,data/train_images/Spiroloculina ornata_7_view4_zstack_slice_z0007.png,train
Spiroloculina ornata,7,4,data/train_images/S007_A180_Z0008_C00.tif,zstack_slice,8.0,data/train_images/Spiroloculina ornata_7_view4_zstack_slice_z0008.png,train
Spiroloculina ornata,7,4,data/train_images/S007_A180_Z0009_C00.tif,zstack_slice,9.0,data/train_images/Spiroloculina ornata_7_view4_zstack_slice_z0009.png,train
Spiroloculina ornata,7,4,data/train_images/S007_A180_Z0010_C00.tif,zstack_slice,10.0,data/train_images/Spiroloculina ornata_7_view4_zstack_slice_z0010.png,train
Spiroloculina ornata,7,4,data/train_images/S007_A180_Z0011_C00.tif,zstack_slice,11.0,data/train_images/Spiroloculina ornata_7_view4_zstack_slice_z0011.png,train
Spiroloculina ornata,7,4,data/train_images/S007_A180_Z0012_C00.tif,zstack_slice,12.0,data/train_images/Spiroloculina ornata_7_view4_zstack_slice_z0012.png,train
Spiroloculina ornata,7,4,data/train_images/S007_A180_Z0013_C00.tif,zstack_slice,13.0,data/train_images/Spiroloculina ornata_7_view4_zstack_slice_z0013.png,train
Spiroloculina ornata,7,4,data/train_images/S007_A180_Z0014_C00.tif,zstack_slice,14.0,data/train_images/Spiroloculina ornata_7_view4_zstack_slice_z0014.png,train
Spiroloculina ornata,7,4,data/train_images/S007_A180_Z0015_C00.tif,zstack_slice,15.0,data/train_images/Spiroloculina ornata_7_view4_zstack_slice_z0015.png,train
Spiroloculina ornata,7,4,data/train_images/S007_A180_Z0016_C00.tif,zstack_slice,16.0,data/train_images/Spiroloculina ornata_7_view4_zstack_slice_z0016.png,train
Spiroloculina ornata,7,4,data/train_images/S007_A180_Z0017_C00.tif,zstack_slice,17.0,data/train_images/Spiroloculina ornata_7_view4_zstack_slice_z0017.png,train
Spiroloculina ornata,7,4,data/train_images/S007_A180_Z0018_C00.tif,zstack_slice,18.0,data/train_images/Spiroloculina ornata_7_view4_zstack_slice_z0018.png,train
Spiroloculina ornata,7,4,data/train_images/S007_A180_Z0019_C00.tif,zstack_slice,19.0,data/train_images/Spiroloculina ornata_7_view4_zstack_slice_z0019.png,train
Spiroloculina ornata,7,4,data/train_images/S007_A180_Z0020_C00.tif,zstack_slice,20.0,data/train_images/Spiroloculina ornata_7_view4_zstack_slice_z0020.png,train
Spiroloculina ornata,7,4,data/train_images/S007_A180_Z0021_C00.tif,zstack_slice,21.0,data/train_images/Spiroloculina ornata_7_view4_zstack_slice_z0021.png,train
Spiroloculina ornata,7,4,data/train_images/S007_A180_Z0022_C00.tif,zstack_slice,22.0,data/train_images/Spiroloculina ornata_7_view4_zstack_slice_z0022.png,train
Spiroloculina ornata,7,4,data/train_images/S007_A180_Z0023_C00.tif,zstack_slice,23.0,data/train_images/Spiroloculina ornata_7_view4_zstack_slice_z0023.png,train
Spiroloculina ornata,7,4,data/train_images/S007_A180_Z0024_C00.tif,zstack_slice,24.0,data/train_images/Spiroloculina ornata_7_view4_zstack_slice_z0024.png,train
Spiroloculina ornata,7,4,data/train_images/S007_A180_Z0025_C00.tif,zstack_slice,25.0,data/train_images/Spiroloculina ornata_7_view4_zstack_slice_z0025.png,train
Spiroloculina ornata,7,4,data/train_images/S007_A180_Z0026_C00.tif,zstack_slice,26.0,data/train_images/Spiroloculina ornata_7_view4_zstack_slice_z0026.png,train
Spiroloculina ornata,7,4,data/train_images/S007_A180_Z0027_C00.tif,zstack_slice,27.0,data/train_images/Spiroloculina ornata_7_view4_zstack_slice_z0027.png,train
Spiroloculina ornata,7,4,data/train_images/S007_A180_Z0028_C00.tif,zstack_slice,28.0,data/train_images/Spiroloculina ornata_7_view4_zstack_slice_z0028.png,train
Spiroloculina ornata,7,4,data/train_images/S007_A180_Z0029_C00.tif,zstack_slice,29.0,data/train_images/Spiroloculina ornata_7_view4_zstack_slice_z0029.png,train
Spiroloculina ornata,7,4,data/train_images/S007_A180_Z0030_C00.tif,zstack_slice,30.0,data/train_images/Spiroloculina ornata_7_view4_zstack_slice_z0030.png,train
Spiroloculina ornata,7,4,data/train_images/S007_A180_Z0031_C00.tif,zstack_slice,31.0,data/train_images/Spiroloculina ornata_7_view4_zstack_slice_z0031.png,train
Spiroloculina ornata,7,4,data/train_images/S007_A180_Z0032_C00.tif,zstack_slice,32.0,data/train_images/Spiroloculina ornata_7_view4_zstack_slice_z0032.png,train
Spiroloculina ornata,7,4,data/train_images/S007_A180_Z0033_C00.tif,zstack_slice,33.0,data/train_images/Spiroloculina ornata_7_view4_zstack_slice_z0033.png,train
Spiroloculina ornata,7,4,data/train_images/S007_A180_Z0034_C00.tif,zstack_slice,34.0,data/train_images/Spiroloculina ornata_7_view4_zstack_slice_z0034.png,train
Spiroloculina ornata,7,5,data/train_images/Spiroloculina ornata_7_view5_gif_original.png,gif_original,,data/train_images/Spiroloculina ornata_7_view5_gif_original.png,train
Spiroloculina ornata,7,5,data/train_images/S007_A240_stacked.tif,stacked_tiff,,data/train_images/Spiroloculina ornata_7_view5_stacked_tiff.png,train
Spiroloculina ornata,7,5,data/train_images/S007_A240_Z0000_C00.tif,zstack_slice,0.0,data/train_images/Spiroloculina ornata_7_view5_zstack_slice_z0000.png,train
Spiroloculina ornata,7,5,data/train_images/S007_A240_Z0001_C00.tif,zstack_slice,1.0,data/train_images/Spiroloculina ornata_7_view5_zstack_slice_z0001.png,train
Spiroloculina ornata,7,5,data/train_images/S007_A240_Z0002_C00.tif,zstack_slice,2.0,data/train_images/Spiroloculina ornata_7_view5_zstack_slice_z0002.png,train
Spiroloculina ornata,7,5,data/train_images/S007_A240_Z0003_C00.tif,zstack_slice,3.0,data/train_images/Spiroloculina ornata_7_view5_zstack_slice_z0003.png,train
Spiroloculina ornata,7,5,data/train_images/S007_A240_Z0004_C00.tif,zstack_slice,4.0,data/train_images/Spiroloculina ornata_7_view5_zstack_slice_z0004.png,train
Spiroloculina ornata,7,5,data/train_images/S007_A240_Z0005_C00.tif,zstack_slice,5.0,data/train_images/Spiroloculina ornata_7_view5_zstack_slice_z0005.png,train
Spiroloculina ornata,7,5,data/train_images/S007_A240_Z0006_C00.tif,zstack_slice,6.0,data/train_images/Spiroloculina ornata_7_view5_zstack_slice_z0006.png,train
Spiroloculina ornata,7,5,data/train_images/S007_A240_Z0007_C00.tif,zstack_slice,7.0,data/train_images/Spiroloculina ornata_7_view5_zstack_slice_z0007.png,train
Spiroloculina ornata,7,5,data/train_images/S007_A240_Z0008_C00.tif,zstack_slice,8.0,data/train_images/Spiroloculina ornata_7_view5_zstack_slice_z0008.png,train
Spiroloculina ornata,7,5,data/train_images/S007_A240_Z0009_C00.tif,zstack_slice,9.0,data/train_images/Spiroloculina ornata_7_view5_zstack_slice_z0009.png,train
Spiroloculina ornata,7,5,data/train_images/S007_A240_Z0010_C00.tif,zstack_slice,10.0,data/train_images/Spiroloculina ornata_7_view5_zstack_slice_z0010.png,train
Spiroloculina ornata,7,5,data/train_images/S007_A240_Z0011_C00.tif,zstack_slice,11.0,data/train_images/Spiroloculina ornata_7_view5_zstack_slice_z0011.png,train
Spiroloculina ornata,7,5,data/train_images/S007_A240_Z0012_C00.tif,zstack_slice,12.0,data/train_images/Spiroloculina ornata_7_view5_zstack_slice_z0012.png,train
Spiroloculina ornata,7,5,data/train_images/S007_A240_Z0013_C00.tif,zstack_slice,13.0,data/train_images/Spiroloculina ornata_7_view5_zstack_slice_z0013.png,train
Spiroloculina ornata,7,5,data/train_images/S007_A240_Z0014_C00.tif,zstack_slice,14.0,data/train_images/Spiroloculina ornata_7_view5_zstack_slice_z0014.png,train
Spiroloculina ornata,7,5,data/train_images/S007_A240_Z0015_C00.tif,zstack_slice,15.0,data/train_images/Spiroloculina ornata_7_view5_zstack_slice_z0015.png,train
Spiroloculina ornata,7,5,data/train_images/S007_A240_Z0016_C00.tif,zstack_slice,16.0,data/train_images/Spiroloculina ornata_7_view5_zstack_slice_z0016.png,train
Spiroloculina ornata,7,5,data/train_images/S007_A240_Z0017_C00.tif,zstack_slice,17.0,data/train_images/Spiroloculina ornata_7_view5_zstack_slice_z0017.png,train
Spiroloculina ornata,7,5,data/train_images/S007_A240_Z0018_C00.tif,zstack_slice,18.0,data/train_images/Spiroloculina ornata_7_view5_zstack_slice_z0018.png,train
Spiroloculina ornata,7,5,data/train_images/S007_A240_Z0019_C00.tif,zstack_slice,19.0,data/train_images/Spiroloculina ornata_7_view5_zstack_slice_z0019.png,train
Spiroloculina ornata,7,5,data/train_images/S007_A240_Z0020_C00.tif,zstack_slice,20.0,data/train_images/Spiroloculina ornata_7_view5_zstack_slice_z0020.png,train
Spiroloculina ornata,7,5,data/train_images/S007_A240_Z0021_C00.tif,zstack_slice,21.0,data/train_images/Spiroloculina ornata_7_view5_zstack_slice_z0021.png,train
Spiroloculina ornata,7,5,data/train_images/S007_A240_Z0022_C00.tif,zstack_slice,22.0,data/train_images/Spiroloculina ornata_7_view5_zstack_slice_z0022.png,train
Spiroloculina ornata,7,5,data/train_images/S007_A240_Z0023_C00.tif,zstack_slice,23.0,data/train_images/Spiroloculina ornata_7_view5_zstack_slice_z0023.png,train
Spiroloculina ornata,7,5,data/train_images/S007_A240_Z0024_C00.tif,zstack_slice,24.0,data/train_images/Spiroloculina ornata_7_view5_zstack_slice_z0024.png,train
Spiroloculina ornata,7,5,data/train_images/S007_A240_Z0025_C00.tif,zstack_slice,25.0,data/train_images/Spiroloculina ornata_7_view5_zstack_slice_z0025.png,train
Spiroloculina ornata,7,5,data/train_images/S007_A240_Z0026_C00.tif,zstack_slice,26.0,data/train_images/Spiroloculina ornata_7_view5_zstack_slice_z0026.png,train
Spiroloculina ornata,7,5,data/train_images/S007_A240_Z0027_C00.tif,zstack_slice,27.0,data/train_images/Spiroloculina ornata_7_view5_zstack_slice_z0027.png,train
Spiroloculina ornata,7,5,data/train_images/S007_A240_Z0028_C00.tif,zstack_slice,28.0,data/train_images/Spiroloculina ornata_7_view5_zstack_slice_z0028.png,train
Spiroloculina ornata,7,5,data/train_images/S007_A240_Z0029_C00.tif,zstack_slice,29.0,data/train_images/Spiroloculina ornata_7_view5_zstack_slice_z0029.png,train
Spiroloculina ornata,7,5,data/train_images/S007_A240_Z0030_C00.tif,zstack_slice,30.0,data/train_images/Spiroloculina ornata_7_view5_zstack_slice_z0030.png,train
Spiroloculina ornata,7,5,data/train_images/S007_A240_Z0031_C00.tif,zstack_slice,31.0,data/train_images/Spiroloculina ornata_7_view5_zstack_slice_z0031.png,train
Spiroloculina ornata,7,5,data/train_images/S007_A240_Z0032_C00.tif,zstack_slice,32.0,data/train_images/Spiroloculina ornata_7_view5_zstack_slice_z0032.png,train
Spiroloculina ornata,7,5,data/train_images/S007_A240_Z0033_C00.tif,zstack_slice,33.0,data/train_images/Spiroloculina ornata_7_view5_zstack_slice_z0033.png,train
Spiroloculina ornata,7,5,data/train_images/S007_A240_Z0034_C00.tif,zstack_slice,34.0,data/train_images/Spiroloculina ornata_7_view5_zstack_slice_z0034.png,train
Spiroloculina ornata,7,5,data/train_images/S007_A240_Z0035_C00.tif,zstack_slice,35.0,data/train_images/Spiroloculina ornata_7_view5_zstack_slice_z0035.png,train
Spiroloculina ornata,7,5,data/train_images/S007_A240_Z0036_C00.tif,zstack_slice,36.0,data/train_images/Spiroloculina ornata_7_view5_zstack_slice_z0036.png,train
Spiroloculina ornata,7,5,data/train_images/S007_A240_Z0037_C00.tif,zstack_slice,37.0,data/train_images/Spiroloculina ornata_7_view5_zstack_slice_z0037.png,train
Spiroloculina ornata,7,5,data/train_images/S007_A240_Z0038_C00.tif,zstack_slice,38.0,data/train_images/Spiroloculina ornata_7_view5_zstack_slice_z0038.png,train
Spiroloculina ornata,7,5,data/train_images/S007_A240_Z0039_C00.tif,zstack_slice,39.0,data/train_images/Spiroloculina ornata_7_view5_zstack_slice_z0039.png,train
Spiroloculina ornata,7,5,data/train_images/S007_A240_Z0040_C00.tif,zstack_slice,40.0,data/train_images/Spiroloculina ornata_7_view5_zstack_slice_z0040.png,train
Spiroloculina ornata,7,5,data/train_images/S007_A240_Z0041_C00.tif,zstack_slice,41.0,data/train_images/Spiroloculina ornata_7_view5_zstack_slice_z0041.png,train
Spiroloculina ornata,7,5,data/train_images/S007_A240_Z0042_C00.tif,zstack_slice,42.0,data/train_images/Spiroloculina ornata_7_view5_zstack_slice_z0042.png,train
Spiroloculina ornata,7,5,data/train_images/S007_A240_Z0043_C00.tif,zstack_slice,43.0,data/train_images/Spiroloculina ornata_7_view5_zstack_slice_z0043.png,train
Spiroloculina ornata,7,5,data/train_images/S007_A240_Z0044_C00.tif,zstack_slice,44.0,data/train_images/Spiroloculina ornata_7_view5_zstack_slice_z0044.png,train
Spiroloculina ornata,7,5,data/train_images/S007_A240_Z0045_C00.tif,zstack_slice,45.0,data/train_images/Spiroloculina ornata_7_view5_zstack_slice_z0045.png,train
Spiroloculina ornata,7,5,data/train_images/S007_A240_Z0046_C00.tif,zstack_slice,46.0,data/train_images/Spiroloculina ornata_7_view5_zstack_slice_z0046.png,train
Spiroloculina ornata,7,5,data/train_images/S007_A240_Z0047_C00.tif,zstack_slice,47.0,data/train_images/Spiroloculina ornata_7_view5_zstack_slice_z0047.png,train
Spiroloculina ornata,7,5,data/train_images/S007_A240_Z0048_C00.tif,zstack_slice,48.0,data/train_images/Spiroloculina ornata_7_view5_zstack_slice_z0048.png,train
Spiroloculina ornata,7,5,data/train_images/S007_A240_Z0049_C00.tif,zstack_slice,49.0,data/train_images/Spiroloculina ornata_7_view5_zstack_slice_z0049.png,train
Spiroloculina ornata,7,5,data/train_images/S007_A240_Z0050_C00.tif,zstack_slice,50.0,data/train_images/Spiroloculina ornata_7_view5_zstack_slice_z0050.png,train
Spiroloculina ornata,7,5,data/train_images/S007_A240_Z0051_C00.tif,zstack_slice,51.0,data/train_images/Spiroloculina ornata_7_view5_zstack_slice_z0051.png,train
Spiroloculina ornata,7,5,data/train_images/S007_A240_Z0052_C00.tif,zstack_slice,52.0,data/train_images/Spiroloculina ornata_7_view5_zstack_slice_z0052.png,train
Spiroloculina ornata,7,5,data/train_images/S007_A240_Z0053_C00.tif,zstack_slice,53.0,data/train_images/Spiroloculina ornata_7_view5_zstack_slice_z0053.png,train
Spiroloculina ornata,7,5,data/train_images/S007_A240_Z0054_C00.tif,zstack_slice,54.0,data/train_images/Spiroloculina ornata_7_view5_zstack_slice_z0054.png,train
Spiroloculina ornata,7,5,data/train_images/S007_A240_Z0055_C00.tif,zstack_slice,55.0,data/train_images/Spiroloculina ornata_7_view5_zstack_slice_z0055.png,train
Spiroloculina ornata,7,5,data/train_images/S007_A240_Z0056_C00.tif,zstack_slice,56.0,data/train_images/Spiroloculina ornata_7_view5_zstack_slice_z0056.png,train
Spiroloculina ornata,7,5,data/train_images/S007_A240_Z0057_C00.tif,zstack_slice,57.0,data/train_images/Spiroloculina ornata_7_view5_zstack_slice_z0057.png,train
Spiroloculina ornata,7,5,data/train_images/S007_A240_Z0058_C00.tif,zstack_slice,58.0,data/train_images/Spiroloculina ornata_7_view5_zstack_slice_z0058.png,train
Spiroloculina ornata,7,5,data/train_images/S007_A240_Z0059_C00.tif,zstack_slice,59.0,data/train_images/Spiroloculina ornata_7_view5_zstack_slice_z0059.png,train
Spiroloculina ornata,7,5,data/train_images/S007_A240_Z0060_C00.tif,zstack_slice,60.0,data/train_images/Spiroloculina ornata_7_view5_zstack_slice_z0060.png,train
Spiroloculina ornata,7,5,data/train_images/S007_A240_Z0061_C00.tif,zstack_slice,61.0,data/train_images/Spiroloculina ornata_7_view5_zstack_slice_z0061.png,train
Spiroloculina ornata,7,5,data/train_images/S007_A240_Z0062_C00.tif,zstack_slice,62.0,data/train_images/Spiroloculina ornata_7_view5_zstack_slice_z0062.png,train
Spiroloculina ornata,7,5,data/train_images/S007_A240_Z0063_C00.tif,zstack_slice,63.0,data/train_images/Spiroloculina ornata_7_view5_zstack_slice_z0063.png,train
Spiroloculina ornata,7,5,data/train_images/S007_A240_Z0064_C00.tif,zstack_slice,64.0,data/train_images/Spiroloculina ornata_7_view5_zstack_slice_z0064.png,train
Spirosigmoilina parri,8,1,data/train_images/Spirosigmoilina parri_8_view1_gif_original.png,gif_original,,data/train_images/Spirosigmoilina parri_8_view1_gif_original.png,train
Spirosigmoilina parri,8,1,data/train_images/S008_A000_stacked.tif,stacked_tiff,,data/train_images/Spirosigmoilina parri_8_view1_stacked_tiff.png,train
Spirosigmoilina parri,8,1,data/train_images/S008_A000_Z0000_C00.tif,zstack_slice,0.0,data/train_images/Spirosigmoilina parri_8_view1_zstack_slice_z0000.png,train
Spirosigmoilina parri,8,1,data/train_images/S008_A000_Z0001_C00.tif,zstack_slice,1.0,data/train_images/Spirosigmoilina parri_8_view1_zstack_slice_z0001.png,train
Spirosigmoilina parri,8,1,data/train_images/S008_A000_Z0002_C00.tif,zstack_slice,2.0,data/train_images/Spirosigmoilina parri_8_view1_zstack_slice_z0002.png,train
Spirosigmoilina parri,8,1,data/train_images/S008_A000_Z0003_C00.tif,zstack_slice,3.0,data/train_images/Spirosigmoilina parri_8_view1_zstack_slice_z0003.png,train
Spirosigmoilina parri,8,1,data/train_images/S008_A000_Z0004_C00.tif,zstack_slice,4.0,data/train_images/Spirosigmoilina parri_8_view1_zstack_slice_z0004.png,train
Spirosigmoilina parri,8,1,data/train_images/S008_A000_Z0005_C00.tif,zstack_slice,5.0,data/train_images/Spirosigmoilina parri_8_view1_zstack_slice_z0005.png,train
Spirosigmoilina parri,8,1,data/train_images/S008_A000_Z0006_C00.tif,zstack_slice,6.0,data/train_images/Spirosigmoilina parri_8_view1_zstack_slice_z0006.png,train
Spirosigmoilina parri,8,1,data/train_images/S008_A000_Z0007_C00.tif,zstack_slice,7.0,data/train_images/Spirosigmoilina parri_8_view1_zstack_slice_z0007.png,train
Spirosigmoilina parri,8,1,data/train_images/S008_A000_Z0008_C00.tif,zstack_slice,8.0,data/train_images/Spirosigmoilina parri_8_view1_zstack_slice_z0008.png,train
Spirosigmoilina parri,8,1,data/train_images/S008_A000_Z0009_C00.tif,zstack_slice,9.0,data/train_images/Spirosigmoilina parri_8_view1_zstack_slice_z0009.png,train
Spirosigmoilina parri,8,1,data/train_images/S008_A000_Z0010_C00.tif,zstack_slice,10.0,data/train_images/Spirosigmoilina parri_8_view1_zstack_slice_z0010.png,train
Spirosigmoilina parri,8,1,data/train_images/S008_A000_Z0011_C00.tif,zstack_slice,11.0,data/train_images/Spirosigmoilina parri_8_view1_zstack_slice_z0011.png,train
Spirosigmoilina parri,8,1,data/train_images/S008_A000_Z0012_C00.tif,zstack_slice,12.0,data/train_images/Spirosigmoilina parri_8_view1_zstack_slice_z0012.png,train
Spirosigmoilina parri,8,1,data/train_images/S008_A000_Z0013_C00.tif,zstack_slice,13.0,data/train_images/Spirosigmoilina parri_8_view1_zstack_slice_z0013.png,train
Spirosigmoilina parri,8,1,data/train_images/S008_A000_Z0014_C00.tif,zstack_slice,14.0,data/train_images/Spirosigmoilina parri_8_view1_zstack_slice_z0014.png,train
Spirosigmoilina parri,8,1,data/train_images/S008_A000_Z0015_C00.tif,zstack_slice,15.0,data/train_images/Spirosigmoilina parri_8_view1_zstack_slice_z0015.png,train
Spirosigmoilina parri,8,1,data/train_images/S008_A000_Z0016_C00.tif,zstack_slice,16.0,data/train_images/Spirosigmoilina parri_8_view1_zstack_slice_z0016.png,train
Spirosigmoilina parri,8,1,data/train_images/S008_A000_Z0017_C00.tif,zstack_slice,17.0,data/train_images/Spirosigmoilina parri_8_view1_zstack_slice_z0017.png,train
Spirosigmoilina parri,8,1,data/train_images/S008_A000_Z0018_C00.tif,zstack_slice,18.0,data/train_images/Spirosigmoilina parri_8_view1_zstack_slice_z0018.png,train
Spirosigmoilina parri,8,1,data/train_images/S008_A000_Z0019_C00.tif,zstack_slice,19.0,data/train_images/Spirosigmoilina parri_8_view1_zstack_slice_z0019.png,train
Spirosigmoilina parri,8,1,data/train_images/S008_A000_Z0020_C00.tif,zstack_slice,20.0,data/train_images/Spirosigmoilina parri_8_view1_zstack_slice_z0020.png,train
Spirosigmoilina parri,8,1,data/train_images/S008_A000_Z0021_C00.tif,zstack_slice,21.0,data/train_images/Spirosigmoilina parri_8_view1_zstack_slice_z0021.png,train
Spirosigmoilina parri,8,2,data/train_images/Spirosigmoilina parri_8_view2_gif_original.png,gif_original,,data/train_images/Spirosigmoilina parri_8_view2_gif_original.png,train
Spirosigmoilina parri,8,2,data/train_images/S008_A060_stacked.tif,stacked_tiff,,data/train_images/Spirosigmoilina parri_8_view2_stacked_tiff.png,train
Spirosigmoilina parri,8,2,data/train_images/S008_A060_Z0000_C00.tif,zstack_slice,0.0,data/train_images/Spirosigmoilina parri_8_view2_zstack_slice_z0000.png,train
Spirosigmoilina parri,8,2,data/train_images/S008_A060_Z0001_C00.tif,zstack_slice,1.0,data/train_images/Spirosigmoilina parri_8_view2_zstack_slice_z0001.png,train
Spirosigmoilina parri,8,2,data/train_images/S008_A060_Z0002_C00.tif,zstack_slice,2.0,data/train_images/Spirosigmoilina parri_8_view2_zstack_slice_z0002.png,train
Spirosigmoilina parri,8,2,data/train_images/S008_A060_Z0003_C00.tif,zstack_slice,3.0,data/train_images/Spirosigmoilina parri_8_view2_zstack_slice_z0003.png,train
Spirosigmoilina parri,8,2,data/train_images/S008_A060_Z0004_C00.tif,zstack_slice,4.0,data/train_images/Spirosigmoilina parri_8_view2_zstack_slice_z0004.png,train
Spirosigmoilina parri,8,2,data/train_images/S008_A060_Z0005_C00.tif,zstack_slice,5.0,data/train_images/Spirosigmoilina parri_8_view2_zstack_slice_z0005.png,train
Spirosigmoilina parri,8,2,data/train_images/S008_A060_Z0006_C00.tif,zstack_slice,6.0,data/train_images/Spirosigmoilina parri_8_view2_zstack_slice_z0006.png,train
Spirosigmoilina parri,8,2,data/train_images/S008_A060_Z0007_C00.tif,zstack_slice,7.0,data/train_images/Spirosigmoilina parri_8_view2_zstack_slice_z0007.png,train
Spirosigmoilina parri,8,2,data/train_images/S008_A060_Z0008_C00.tif,zstack_slice,8.0,data/train_images/Spirosigmoilina parri_8_view2_zstack_slice_z0008.png,train
Spirosigmoilina parri,8,2,data/train_images/S008_A060_Z0009_C00.tif,zstack_slice,9.0,data/train_images/Spirosigmoilina parri_8_view2_zstack_slice_z0009.png,train
Spirosigmoilina parri,8,2,data/train_images/S008_A060_Z0010_C00.tif,zstack_slice,10.0,data/train_images/Spirosigmoilina parri_8_view2_zstack_slice_z0010.png,train
Spirosigmoilina parri,8,2,data/train_images/S008_A060_Z0011_C00.tif,zstack_slice,11.0,data/train_images/Spirosigmoilina parri_8_view2_zstack_slice_z0011.png,train
Spirosigmoilina parri,8,2,data/train_images/S008_A060_Z0012_C00.tif,zstack_slice,12.0,data/train_images/Spirosigmoilina parri_8_view2_zstack_slice_z0012.png,train
Spirosigmoilina parri,8,2,data/train_images/S008_A060_Z0013_C00.tif,zstack_slice,13.0,data/train_images/Spirosigmoilina parri_8_view2_zstack_slice_z0013.png,train
Spirosigmoilina parri,8,2,data/train_images/S008_A060_Z0014_C00.tif,zstack_slice,14.0,data/train_images/Spirosigmoilina parri_8_view2_zstack_slice_z0014.png,train
Spirosigmoilina parri,8,2,data/train_images/S008_A060_Z0015_C00.tif,zstack_slice,15.0,data/train_images/Spirosigmoilina parri_8_view2_zstack_slice_z0015.png,train
Spirosigmoilina parri,8,2,data/train_images/S008_A060_Z0016_C00.tif,zstack_slice,16.0,data/train_images/Spirosigmoilina parri_8_view2_zstack_slice_z0016.png,train
Spirosigmoilina parri,8,2,data/train_images/S008_A060_Z0017_C00.tif,zstack_slice,17.0,data/train_images/Spirosigmoilina parri_8_view2_zstack_slice_z0017.png,train
Spirosigmoilina parri,8,2,data/train_images/S008_A060_Z0018_C00.tif,zstack_slice,18.0,data/train_images/Spirosigmoilina parri_8_view2_zstack_slice_z0018.png,train
Spirosigmoilina parri,8,2,data/train_images/S008_A060_Z0019_C00.tif,zstack_slice,19.0,data/train_images/Spirosigmoilina parri_8_view2_zstack_slice_z0019.png,train
Spirosigmoilina parri,8,2,data/train_images/S008_A060_Z0020_C00.tif,zstack_slice,20.0,data/train_images/Spirosigmoilina parri_8_view2_zstack_slice_z0020.png,train
Spirosigmoilina parri,8,2,data/train_images/S008_A060_Z0021_C00.tif,zstack_slice,21.0,data/train_images/Spirosigmoilina parri_8_view2_zstack_slice_z0021.png,train
Spirosigmoilina parri,8,2,data/train_images/S008_A060_Z0022_C00.tif,zstack_slice,22.0,data/train_images/Spirosigmoilina parri_8_view2_zstack_slice_z0022.png,train
Spirosigmoilina parri,8,2,data/train_images/S008_A060_Z0023_C00.tif,zstack_slice,23.0,data/train_images/Spirosigmoilina parri_8_view2_zstack_slice_z0023.png,train
Spirosigmoilina parri,8,2,data/train_images/S008_A060_Z0024_C00.tif,zstack_slice,24.0,data/train_images/Spirosigmoilina parri_8_view2_zstack_slice_z0024.png,train
Spirosigmoilina parri,8,2,data/train_images/S008_A060_Z0025_C00.tif,zstack_slice,25.0,data/train_images/Spirosigmoilina parri_8_view2_zstack_slice_z0025.png,train
Spirosigmoilina parri,8,2,data/train_images/S008_A060_Z0026_C00.tif,zstack_slice,26.0,data/train_images/Spirosigmoilina parri_8_view2_zstack_slice_z0026.png,train
Spirosigmoilina parri,8,2,data/train_images/S008_A060_Z0027_C00.tif,zstack_slice,27.0,data/train_images/Spirosigmoilina parri_8_view2_zstack_slice_z0027.png,train
Spirosigmoilina parri,8,2,data/train_images/S008_A060_Z0028_C00.tif,zstack_slice,28.0,data/train_images/Spirosigmoilina parri_8_view2_zstack_slice_z0028.png,train
Spirosigmoilina parri,8,2,data/train_images/S008_A060_Z0029_C00.tif,zstack_slice,29.0,data/train_images/Spirosigmoilina parri_8_view2_zstack_slice_z0029.png,train
Spirosigmoilina parri,8,2,data/train_images/S008_A060_Z0030_C00.tif,zstack_slice,30.0,data/train_images/Spirosigmoilina parri_8_view2_zstack_slice_z0030.png,train
Spirosigmoilina parri,8,2,data/train_images/S008_A060_Z0031_C00.tif,zstack_slice,31.0,data/train_images/Spirosigmoilina parri_8_view2_zstack_slice_z0031.png,train
Spirosigmoilina parri,8,2,data/train_images/S008_A060_Z0032_C00.tif,zstack_slice,32.0,data/train_images/Spirosigmoilina parri_8_view2_zstack_slice_z0032.png,train
Spirosigmoilina parri,8,2,data/train_images/S008_A060_Z0033_C00.tif,zstack_slice,33.0,data/train_images/Spirosigmoilina parri_8_view2_zstack_slice_z0033.png,train
Spirosigmoilina parri,8,2,data/train_images/S008_A060_Z0034_C00.tif,zstack_slice,34.0,data/train_images/Spirosigmoilina parri_8_view2_zstack_slice_z0034.png,train
Spirosigmoilina parri,8,2,data/train_images/S008_A060_Z0035_C00.tif,zstack_slice,35.0,data/train_images/Spirosigmoilina parri_8_view2_zstack_slice_z0035.png,train
Spirosigmoilina parri,8,2,data/train_images/S008_A060_Z0036_C00.tif,zstack_slice,36.0,data/train_images/Spirosigmoilina parri_8_view2_zstack_slice_z0036.png,train
Spirosigmoilina parri,8,2,data/train_images/S008_A060_Z0037_C00.tif,zstack_slice,37.0,data/train_images/Spirosigmoilina parri_8_view2_zstack_slice_z0037.png,train
Spirosigmoilina parri,8,2,data/train_images/S008_A060_Z0038_C00.tif,zstack_slice,38.0,data/train_images/Spirosigmoilina parri_8_view2_zstack_slice_z0038.png,train
Spirosigmoilina parri,8,2,data/train_images/S008_A060_Z0039_C00.tif,zstack_slice,39.0,data/train_images/Spirosigmoilina parri_8_view2_zstack_slice_z0039.png,train
Spirosigmoilina parri,8,2,data/train_images/S008_A060_Z0040_C00.tif,zstack_slice,40.0,data/train_images/Spirosigmoilina parri_8_view2_zstack_slice_z0040.png,train
Spirosigmoilina parri,8,2,data/train_images/S008_A060_Z0041_C00.tif,zstack_slice,41.0,data/train_images/Spirosigmoilina parri_8_view2_zstack_slice_z0041.png,train
Spirosigmoilina parri,8,2,data/train_images/S008_A060_Z0042_C00.tif,zstack_slice,42.0,data/train_images/Spirosigmoilina parri_8_view2_zstack_slice_z0042.png,train
Spirosigmoilina parri,8,2,data/train_images/S008_A060_Z0043_C00.tif,zstack_slice,43.0,data/train_images/Spirosigmoilina parri_8_view2_zstack_slice_z0043.png,train
Spirosigmoilina parri,8,2,data/train_images/S008_A060_Z0044_C00.tif,zstack_slice,44.0,data/train_images/Spirosigmoilina parri_8_view2_zstack_slice_z0044.png,train
Spirosigmoilina parri,8,4,data/train_images/Spirosigmoilina parri_8_view4_gif_original.png,gif_original,,data/train_images/Spirosigmoilina parri_8_view4_gif_original.png,train
Spirosigmoilina parri,8,4,data/train_images/S008_A180_stacked.tif,stacked_tiff,,data/train_images/Spirosigmoilina parri_8_view4_stacked_tiff.png,train
Spirosigmoilina parri,8,4,data/train_images/S008_A180_Z0000_C00.tif,zstack_slice,0.0,data/train_images/Spirosigmoilina parri_8_view4_zstack_slice_z0000.png,train
Spirosigmoilina parri,8,4,data/train_images/S008_A180_Z0001_C00.tif,zstack_slice,1.0,data/train_images/Spirosigmoilina parri_8_view4_zstack_slice_z0001.png,train
Spirosigmoilina parri,8,4,data/train_images/S008_A180_Z0002_C00.tif,zstack_slice,2.0,data/train_images/Spirosigmoilina parri_8_view4_zstack_slice_z0002.png,train
Spirosigmoilina parri,8,4,data/train_images/S008_A180_Z0003_C00.tif,zstack_slice,3.0,data/train_images/Spirosigmoilina parri_8_view4_zstack_slice_z0003.png,train
Spirosigmoilina parri,8,4,data/train_images/S008_A180_Z0004_C00.tif,zstack_slice,4.0,data/train_images/Spirosigmoilina parri_8_view4_zstack_slice_z0004.png,train
Spirosigmoilina parri,8,4,data/train_images/S008_A180_Z0005_C00.tif,zstack_slice,5.0,data/train_images/Spirosigmoilina parri_8_view4_zstack_slice_z0005.png,train
Spirosigmoilina parri,8,4,data/train_images/S008_A180_Z0006_C00.tif,zstack_slice,6.0,data/train_images/Spirosigmoilina parri_8_view4_zstack_slice_z0006.png,train
Spirosigmoilina parri,8,4,data/train_images/S008_A180_Z0007_C00.tif,zstack_slice,7.0,data/train_images/Spirosigmoilina parri_8_view4_zstack_slice_z0007.png,train
Spirosigmoilina parri,8,4,data/train_images/S008_A180_Z0008_C00.tif,zstack_slice,8.0,data/train_images/Spirosigmoilina parri_8_view4_zstack_slice_z0008.png,train
Spirosigmoilina parri,8,4,data/train_images/S008_A180_Z0009_C00.tif,zstack_slice,9.0,data/train_images/Spirosigmoilina parri_8_view4_zstack_slice_z0009.png,train
Spirosigmoilina parri,8,4,data/train_images/S008_A180_Z0010_C00.tif,zstack_slice,10.0,data/train_images/Spirosigmoilina parri_8_view4_zstack_slice_z0010.png,train
Spirosigmoilina parri,8,4,data/train_images/S008_A180_Z0011_C00.tif,zstack_slice,11.0,data/train_images/Spirosigmoilina parri_8_view4_zstack_slice_z0011.png,train
Spirosigmoilina parri,8,4,data/train_images/S008_A180_Z0012_C00.tif,zstack_slice,12.0,data/train_images/Spirosigmoilina parri_8_view4_zstack_slice_z0012.png,train
Spirosigmoilina parri,8,4,data/train_images/S008_A180_Z0013_C00.tif,zstack_slice,13.0,data/train_images/Spirosigmoilina parri_8_view4_zstack_slice_z0013.png,train
Spirosigmoilina parri,8,4,data/train_images/S008_A180_Z0014_C00.tif,zstack_slice,14.0,data/train_images/Spirosigmoilina parri_8_view4_zstack_slice_z0014.png,train
Spirosigmoilina parri,8,4,data/train_images/S008_A180_Z0015_C00.tif,zstack_slice,15.0,data/train_images/Spirosigmoilina parri_8_view4_zstack_slice_z0015.png,train
Spirosigmoilina parri,8,4,data/train_images/S008_A180_Z0016_C00.tif,zstack_slice,16.0,data/train_images/Spirosigmoilina parri_8_view4_zstack_slice_z0016.png,train
Spirosigmoilina parri,8,4,data/train_images/S008_A180_Z0017_C00.tif,zstack_slice,17.0,data/train_images/Spirosigmoilina parri_8_view4_zstack_slice_z0017.png,train
Spirosigmoilina parri,8,4,data/train_images/S008_A180_Z0018_C00.tif,zstack_slice,18.0,data/train_images/Spirosigmoilina parri_8_view4_zstack_slice_z0018.png,train
Spirosigmoilina parri,8,4,data/train_images/S008_A180_Z0019_C00.tif,zstack_slice,19.0,data/train_images/Spirosigmoilina parri_8_view4_zstack_slice_z0019.png,train
Spirosigmoilina parri,8,4,data/train_images/S008_A180_Z0020_C00.tif,zstack_slice,20.0,data/train_images/Spirosigmoilina parri_8_view4_zstack_slice_z0020.png,train
Spirosigmoilina parri,8,6,data/train_images/Spirosigmoilina parri_8_view6_gif_original.png,gif_original,,data/train_images/Spirosigmoilina parri_8_view6_gif_original.png,train
Spirosigmoilina parri,8,6,data/train_images/S008_A300_stacked.tif,stacked_tiff,,data/train_images/Spirosigmoilina parri_8_view6_stacked_tiff.png,train
Spirosigmoilina parri,8,6,data/train_images/S008_A300_Z0000_C00.tif,zstack_slice,0.0,data/train_images/Spirosigmoilina parri_8_view6_zstack_slice_z0000.png,train
Spirosigmoilina parri,8,6,data/train_images/S008_A300_Z0001_C00.tif,zstack_slice,1.0,data/train_images/Spirosigmoilina parri_8_view6_zstack_slice_z0001.png,train
Spirosigmoilina parri,8,6,data/train_images/S008_A300_Z0002_C00.tif,zstack_slice,2.0,data/train_images/Spirosigmoilina parri_8_view6_zstack_slice_z0002.png,train
Spirosigmoilina parri,8,6,data/train_images/S008_A300_Z0003_C00.tif,zstack_slice,3.0,data/train_images/Spirosigmoilina parri_8_view6_zstack_slice_z0003.png,train
Spirosigmoilina parri,8,6,data/train_images/S008_A300_Z0004_C00.tif,zstack_slice,4.0,data/train_images/Spirosigmoilina parri_8_view6_zstack_slice_z0004.png,train
Spirosigmoilina parri,8,6,data/train_images/S008_A300_Z0005_C00.tif,zstack_slice,5.0,data/train_images/Spirosigmoilina parri_8_view6_zstack_slice_z0005.png,train
Spirosigmoilina parri,8,6,data/train_images/S008_A300_Z0006_C00.tif,zstack_slice,6.0,data/train_images/Spirosigmoilina parri_8_view6_zstack_slice_z0006.png,train
Spirosigmoilina parri,8,6,data/train_images/S008_A300_Z0007_C00.tif,zstack_slice,7.0,data/train_images/Spirosigmoilina parri_8_view6_zstack_slice_z0007.png,train
Spirosigmoilina parri,8,6,data/train_images/S008_A300_Z0008_C00.tif,zstack_slice,8.0,data/train_images/Spirosigmoilina parri_8_view6_zstack_slice_z0008.png,train
Spirosigmoilina parri,8,6,data/train_images/S008_A300_Z0009_C00.tif,zstack_slice,9.0,data/train_images/Spirosigmoilina parri_8_view6_zstack_slice_z0009.png,train
Spirosigmoilina parri,8,6,data/train_images/S008_A300_Z0010_C00.tif,zstack_slice,10.0,data/train_images/Spirosigmoilina parri_8_view6_zstack_slice_z0010.png,train
Spirosigmoilina parri,8,6,data/train_images/S008_A300_Z0011_C00.tif,zstack_slice,11.0,data/train_images/Spirosigmoilina parri_8_view6_zstack_slice_z0011.png,train
Spirosigmoilina parri,8,6,data/train_images/S008_A300_Z0012_C00.tif,zstack_slice,12.0,data/train_images/Spirosigmoilina parri_8_view6_zstack_slice_z0012.png,train
Spirosigmoilina parri,8,6,data/train_images/S008_A300_Z0013_C00.tif,zstack_slice,13.0,data/train_images/Spirosigmoilina parri_8_view6_zstack_slice_z0013.png,train
Spirosigmoilina parri,8,6,data/train_images/S008_A300_Z0014_C00.tif,zstack_slice,14.0,data/train_images/Spirosigmoilina parri_8_view6_zstack_slice_z0014.png,train
Spirosigmoilina parri,8,6,data/train_images/S008_A300_Z0015_C00.tif,zstack_slice,15.0,data/train_images/Spirosigmoilina parri_8_view6_zstack_slice_z0015.png,train
Spirosigmoilina parri,8,6,data/train_images/S008_A300_Z0016_C00.tif,zstack_slice,16.0,data/train_images/Spirosigmoilina parri_8_view6_zstack_slice_z0016.png,train
Spirosigmoilina parri,8,6,data/train_images/S008_A300_Z0017_C00.tif,zstack_slice,17.0,data/train_images/Spirosigmoilina parri_8_view6_zstack_slice_z0017.png,train
Spirosigmoilina parri,8,6,data/train_images/S008_A300_Z0018_C00.tif,zstack_slice,18.0,data/train_images/Spirosigmoilina parri_8_view6_zstack_slice_z0018.png,train
Spirosigmoilina parri,8,6,data/train_images/S008_A300_Z0019_C00.tif,zstack_slice,19.0,data/train_images/Spirosigmoilina parri_8_view6_zstack_slice_z0019.png,train
Spirosigmoilina parri,8,6,data/train_images/S008_A300_Z0020_C00.tif,zstack_slice,20.0,data/train_images/Spirosigmoilina parri_8_view6_zstack_slice_z0020.png,train
Spirosigmoilina parri,8,6,data/train_images/S008_A300_Z0021_C00.tif,zstack_slice,21.0,data/train_images/Spirosigmoilina parri_8_view6_zstack_slice_z0021.png,train
Spirosigmoilina parri,8,6,data/train_images/S008_A300_Z0022_C00.tif,zstack_slice,22.0,data/train_images/Spirosigmoilina parri_8_view6_zstack_slice_z0022.png,train
Spirosigmoilina parri,8,6,data/train_images/S008_A300_Z0023_C00.tif,zstack_slice,23.0,data/train_images/Spirosigmoilina parri_8_view6_zstack_slice_z0023.png,train
Spirosigmoilina parri,8,6,data/train_images/S008_A300_Z0024_C00.tif,zstack_slice,24.0,data/train_images/Spirosigmoilina parri_8_view6_zstack_slice_z0024.png,train
Spirosigmoilina parri,8,6,data/train_images/S008_A300_Z0025_C00.tif,zstack_slice,25.0,data/train_images/Spirosigmoilina parri_8_view6_zstack_slice_z0025.png,train
Spirosigmoilina parri,8,6,data/train_images/S008_A300_Z0026_C00.tif,zstack_slice,26.0,data/train_images/Spirosigmoilina parri_8_view6_zstack_slice_z0026.png,train
Spirosigmoilina parri,8,6,data/train_images/S008_A300_Z0027_C00.tif,zstack_slice,27.0,data/train_images/Spirosigmoilina parri_8_view6_zstack_slice_z0027.png,train
Spirosigmoilina parri,8,6,data/train_images/S008_A300_Z0028_C00.tif,zstack_slice,28.0,data/train_images/Spirosigmoilina parri_8_view6_zstack_slice_z0028.png,train
Spirosigmoilina parri,8,6,data/train_images/S008_A300_Z0029_C00.tif,zstack_slice,29.0,data/train_images/Spirosigmoilina parri_8_view6_zstack_slice_z0029.png,train
Spirosigmoilina parri,8,6,data/train_images/S008_A300_Z0030_C00.tif,zstack_slice,30.0,data/train_images/Spirosigmoilina parri_8_view6_zstack_slice_z0030.png,train
Spirosigmoilina parri,8,6,data/train_images/S008_A300_Z0031_C00.tif,zstack_slice,31.0,data/train_images/Spirosigmoilina parri_8_view6_zstack_slice_z0031.png,train
Spirosigmoilina parri,8,6,data/train_images/S008_A300_Z0032_C00.tif,zstack_slice,32.0,data/train_images/Spirosigmoilina parri_8_view6_zstack_slice_z0032.png,train
Spirosigmoilina parri,8,6,data/train_images/S008_A300_Z0033_C00.tif,zstack_slice,33.0,data/train_images/Spirosigmoilina parri_8_view6_zstack_slice_z0033.png,train
Spirosigmoilina parri,8,6,data/train_images/S008_A300_Z0034_C00.tif,zstack_slice,34.0,data/train_images/Spirosigmoilina parri_8_view6_zstack_slice_z0034.png,train
Spirosigmoilina parri,8,6,data/train_images/S008_A300_Z0035_C00.tif,zstack_slice,35.0,data/train_images/Spirosigmoilina parri_8_view6_zstack_slice_z0035.png,train
Spirosigmoilina parri,8,6,data/train_images/S008_A300_Z0036_C00.tif,zstack_slice,36.0,data/train_images/Spirosigmoilina parri_8_view6_zstack_slice_z0036.png,train
Spirosigmoilina parri,8,6,data/train_images/S008_A300_Z0037_C00.tif,zstack_slice,37.0,data/train_images/Spirosigmoilina parri_8_view6_zstack_slice_z0037.png,train
Spirosigmoilina parri,8,6,data/train_images/S008_A300_Z0038_C00.tif,zstack_slice,38.0,data/train_images/Spirosigmoilina parri_8_view6_zstack_slice_z0038.png,train
Spirosigmoilina parri,8,6,data/train_images/S008_A300_Z0039_C00.tif,zstack_slice,39.0,data/train_images/Spirosigmoilina parri_8_view6_zstack_slice_z0039.png,train
Spirosigmoilina parri,8,6,data/train_images/S008_A300_Z0040_C00.tif,zstack_slice,40.0,data/train_images/Spirosigmoilina parri_8_view6_zstack_slice_z0040.png,train
Spirosigmoilina parri,8,6,data/train_images/S008_A300_Z0041_C00.tif,zstack_slice,41.0,data/train_images/Spirosigmoilina parri_8_view6_zstack_slice_z0041.png,train
Spirosigmoilina parri,8,6,data/train_images/S008_A300_Z0042_C00.tif,zstack_slice,42.0,data/train_images/Spirosigmoilina parri_8_view6_zstack_slice_z0042.png,train
Spirosigmoilina parri,8,6,data/train_images/S008_A300_Z0043_C00.tif,zstack_slice,43.0,data/train_images/Spirosigmoilina parri_8_view6_zstack_slice_z0043.png,train
Spirosigmoilina parri,8,6,data/train_images/S008_A300_Z0044_C00.tif,zstack_slice,44.0,data/train_images/Spirosigmoilina parri_8_view6_zstack_slice_z0044.png,train
Spirosigmoilina parri,8,6,data/train_images/S008_A300_Z0045_C00.tif,zstack_slice,45.0,data/train_images/Spirosigmoilina parri_8_view6_zstack_slice_z0045.png,train
Spirosigmoilina parri,8,6,data/train_images/S008_A300_Z0046_C00.tif,zstack_slice,46.0,data/train_images/Spirosigmoilina parri_8_view6_zstack_slice_z0046.png,train
Spirosigmoilina parri,8,6,data/train_images/S008_A300_Z0047_C00.tif,zstack_slice,47.0,data/train_images/Spirosigmoilina parri_8_view6_zstack_slice_z0047.png,train
Spirosigmoilina parri,8,6,data/train_images/S008_A300_Z0048_C00.tif,zstack_slice,48.0,data/train_images/Spirosigmoilina parri_8_view6_zstack_slice_z0048.png,train
Spirosigmoilina parri,8,6,data/train_images/S008_A300_Z0049_C00.tif,zstack_slice,49.0,data/train_images/Spirosigmoilina parri_8_view6_zstack_slice_z0049.png,train
Spirosigmoilina parri,8,6,data/train_images/S008_A300_Z0050_C00.tif,zstack_slice,50.0,data/train_images/Spirosigmoilina parri_8_view6_zstack_slice_z0050.png,train
Spirosigmoilina parri,8,6,data/train_images/S008_A300_Z0051_C00.tif,zstack_slice,51.0,data/train_images/Spirosigmoilina parri_8_view6_zstack_slice_z0051.png,train
Spirosigmoilina parri,8,6,data/train_images/S008_A300_Z0052_C00.tif,zstack_slice,52.0,data/train_images/Spirosigmoilina parri_8_view6_zstack_slice_z0052.png,train
Spirosigmoilina parri,8,6,data/train_images/S008_A300_Z0053_C00.tif,zstack_slice,53.0,data/train_images/Spirosigmoilina parri_8_view6_zstack_slice_z0053.png,train
Spirosigmoilina parri,8,6,data/train_images/S008_A300_Z0054_C00.tif,zstack_slice,54.0,data/train_images/Spirosigmoilina parri_8_view6_zstack_slice_z0054.png,train
Spirosigmoilina parri,8,6,data/train_images/S008_A300_Z0055_C00.tif,zstack_slice,55.0,data/train_images/Spirosigmoilina parri_8_view6_zstack_slice_z0055.png,train
Spirosigmoilina parri,8,6,data/train_images/S008_A300_Z0056_C00.tif,zstack_slice,56.0,data/train_images/Spirosigmoilina parri_8_view6_zstack_slice_z0056.png,train
Spirosigmoilina parri,8,6,data/train_images/S008_A300_Z0057_C00.tif,zstack_slice,57.0,data/train_images/Spirosigmoilina parri_8_view6_zstack_slice_z0057.png,train
Spirosigmoilina parri,8,6,data/train_images/S008_A300_Z0058_C00.tif,zstack_slice,58.0,data/train_images/Spirosigmoilina parri_8_view6_zstack_slice_z0058.png,train
Spirosigmoilina parri,8,6,data/train_images/S008_A300_Z0059_C00.tif,zstack_slice,59.0,data/train_images/Spirosigmoilina parri_8_view6_zstack_slice_z0059.png,train
Spirosigmoilina parri,8,6,data/train_images/S008_A300_Z0060_C00.tif,zstack_slice,60.0,data/train_images/Spirosigmoilina parri_8_view6_zstack_slice_z0060.png,train
Spirosigmoilina parri,8,6,data/train_images/S008_A300_Z0061_C00.tif,zstack_slice,61.0,data/train_images/Spirosigmoilina parri_8_view6_zstack_slice_z0061.png,train
Spirosigmoilina parri,8,6,data/train_images/S008_A300_Z0062_C00.tif,zstack_slice,62.0,data/train_images/Spirosigmoilina parri_8_view6_zstack_slice_z0062.png,train
Spirosigmoilina parri,8,6,data/train_images/S008_A300_Z0063_C00.tif,zstack_slice,63.0,data/train_images/Spirosigmoilina parri_8_view6_zstack_slice_z0063.png,train
Spirosigmoilina parri,8,6,data/train_images/S008_A300_Z0064_C00.tif,zstack_slice,64.0,data/train_images/Spirosigmoilina parri_8_view6_zstack_slice_z0064.png,train
Spirosigmoilina parri,8,6,data/train_images/S008_A300_Z0065_C00.tif,zstack_slice,65.0,data/train_images/Spirosigmoilina parri_8_view6_zstack_slice_z0065.png,train
Spirosigmoilina parri,8,6,data/train_images/S008_A300_Z0066_C00.tif,zstack_slice,66.0,data/train_images/Spirosigmoilina parri_8_view6_zstack_slice_z0066.png,train
Spirosigmoilina parri,8,6,data/train_images/S008_A300_Z0067_C00.tif,zstack_slice,67.0,data/train_images/Spirosigmoilina parri_8_view6_zstack_slice_z0067.png,train
Spirosigmoilina parri,8,6,data/train_images/S008_A300_Z0068_C00.tif,zstack_slice,68.0,data/train_images/Spirosigmoilina parri_8_view6_zstack_slice_z0068.png,train
Spirotextularia floridana,18,1,data/train_images/S018_A000_stacked.tif,stacked_tiff,,data/train_images/Spirotextularia floridana_18_view1_stacked_tiff.png,train
Spirotextularia floridana,18,1,data/train_images/S018_A000_Z0000_C00.tif,zstack_slice,0.0,data/train_images/Spirotextularia floridana_18_view1_zstack_slice_z0000.png,train
Spirotextularia floridana,18,1,data/train_images/S018_A000_Z0001_C00.tif,zstack_slice,1.0,data/train_images/Spirotextularia floridana_18_view1_zstack_slice_z0001.png,train
Spirotextularia floridana,18,1,data/train_images/S018_A000_Z0002_C00.tif,zstack_slice,2.0,data/train_images/Spirotextularia floridana_18_view1_zstack_slice_z0002.png,train
Spirotextularia floridana,18,1,data/train_images/S018_A000_Z0003_C00.tif,zstack_slice,3.0,data/train_images/Spirotextularia floridana_18_view1_zstack_slice_z0003.png,train
Spirotextularia floridana,18,1,data/train_images/S018_A000_Z0004_C00.tif,zstack_slice,4.0,data/train_images/Spirotextularia floridana_18_view1_zstack_slice_z0004.png,train
Spirotextularia floridana,18,1,data/train_images/S018_A000_Z0005_C00.tif,zstack_slice,5.0,data/train_images/Spirotextularia floridana_18_view1_zstack_slice_z0005.png,train
Spirotextularia floridana,18,1,data/train_images/S018_A000_Z0006_C00.tif,zstack_slice,6.0,data/train_images/Spirotextularia floridana_18_view1_zstack_slice_z0006.png,train
Spirotextularia floridana,18,1,data/train_images/S018_A000_Z0007_C00.tif,zstack_slice,7.0,data/train_images/Spirotextularia floridana_18_view1_zstack_slice_z0007.png,train
Spirotextularia floridana,18,1,data/train_images/S018_A000_Z0008_C00.tif,zstack_slice,8.0,data/train_images/Spirotextularia floridana_18_view1_zstack_slice_z0008.png,train
Spirotextularia floridana,18,1,data/train_images/S018_A000_Z0009_C00.tif,zstack_slice,9.0,data/train_images/Spirotextularia floridana_18_view1_zstack_slice_z0009.png,train
Spirotextularia floridana,18,1,data/train_images/S018_A000_Z0010_C00.tif,zstack_slice,10.0,data/train_images/Spirotextularia floridana_18_view1_zstack_slice_z0010.png,train
Spirotextularia floridana,18,1,data/train_images/S018_A000_Z0011_C00.tif,zstack_slice,11.0,data/train_images/Spirotextularia floridana_18_view1_zstack_slice_z0011.png,train
Spirotextularia floridana,18,1,data/train_images/S018_A000_Z0012_C00.tif,zstack_slice,12.0,data/train_images/Spirotextularia floridana_18_view1_zstack_slice_z0012.png,train
Spirotextularia floridana,18,1,data/train_images/S018_A000_Z0013_C00.tif,zstack_slice,13.0,data/train_images/Spirotextularia floridana_18_view1_zstack_slice_z0013.png,train
Spirotextularia floridana,18,1,data/train_images/S018_A000_Z0014_C00.tif,zstack_slice,14.0,data/train_images/Spirotextularia floridana_18_view1_zstack_slice_z0014.png,train
Spirotextularia floridana,18,1,data/train_images/S018_A000_Z0015_C00.tif,zstack_slice,15.0,data/train_images/Spirotextularia floridana_18_view1_zstack_slice_z0015.png,train
Spirotextularia floridana,18,1,data/train_images/S018_A000_Z0016_C00.tif,zstack_slice,16.0,data/train_images/Spirotextularia floridana_18_view1_zstack_slice_z0016.png,train
Spirotextularia floridana,18,1,data/train_images/S018_A000_Z0017_C00.tif,zstack_slice,17.0,data/train_images/Spirotextularia floridana_18_view1_zstack_slice_z0017.png,train
Spirotextularia floridana,18,1,data/train_images/S018_A000_Z0018_C00.tif,zstack_slice,18.0,data/train_images/Spirotextularia floridana_18_view1_zstack_slice_z0018.png,train
Spirotextularia floridana,18,1,data/train_images/S018_A000_Z0019_C00.tif,zstack_slice,19.0,data/train_images/Spirotextularia floridana_18_view1_zstack_slice_z0019.png,train
Spirotextularia floridana,18,1,data/train_images/S018_A000_Z0020_C00.tif,zstack_slice,20.0,data/train_images/Spirotextularia floridana_18_view1_zstack_slice_z0020.png,train
Spirotextularia floridana,18,1,data/train_images/S018_A000_Z0021_C00.tif,zstack_slice,21.0,data/train_images/Spirotextularia floridana_18_view1_zstack_slice_z0021.png,train
Spirotextularia floridana,18,1,data/train_images/S018_A000_Z0022_C00.tif,zstack_slice,22.0,data/train_images/Spirotextularia floridana_18_view1_zstack_slice_z0022.png,train
Spirotextularia floridana,18,1,data/train_images/S018_A000_Z0023_C00.tif,zstack_slice,23.0,data/train_images/Spirotextularia floridana_18_view1_zstack_slice_z0023.png,train
Spirotextularia floridana,18,1,data/train_images/S018_A000_Z0024_C00.tif,zstack_slice,24.0,data/train_images/Spirotextularia floridana_18_view1_zstack_slice_z0024.png,train
Spirotextularia floridana,18,2,data/train_images/S018_A060_stacked.tif,stacked_tiff,,data/train_images/Spirotextularia floridana_18_view2_stacked_tiff.png,train
Spirotextularia floridana,18,2,data/train_images/S018_A060_Z0000_C00.tif,zstack_slice,0.0,data/train_images/Spirotextularia floridana_18_view2_zstack_slice_z0000.png,train
Spirotextularia floridana,18,2,data/train_images/S018_A060_Z0001_C00.tif,zstack_slice,1.0,data/train_images/Spirotextularia floridana_18_view2_zstack_slice_z0001.png,train
Spirotextularia floridana,18,2,data/train_images/S018_A060_Z0002_C00.tif,zstack_slice,2.0,data/train_images/Spirotextularia floridana_18_view2_zstack_slice_z0002.png,train
Spirotextularia floridana,18,2,data/train_images/S018_A060_Z0003_C00.tif,zstack_slice,3.0,data/train_images/Spirotextularia floridana_18_view2_zstack_slice_z0003.png,train
Spirotextularia floridana,18,2,data/train_images/S018_A060_Z0004_C00.tif,zstack_slice,4.0,data/train_images/Spirotextularia floridana_18_view2_zstack_slice_z0004.png,train
Spirotextularia floridana,18,2,data/train_images/S018_A060_Z0005_C00.tif,zstack_slice,5.0,data/train_images/Spirotextularia floridana_18_view2_zstack_slice_z0005.png,train
Spirotextularia floridana,18,2,data/train_images/S018_A060_Z0006_C00.tif,zstack_slice,6.0,data/train_images/Spirotextularia floridana_18_view2_zstack_slice_z0006.png,train
Spirotextularia floridana,18,2,data/train_images/S018_A060_Z0007_C00.tif,zstack_slice,7.0,data/train_images/Spirotextularia floridana_18_view2_zstack_slice_z0007.png,train
Spirotextularia floridana,18,2,data/train_images/S018_A060_Z0008_C00.tif,zstack_slice,8.0,data/train_images/Spirotextularia floridana_18_view2_zstack_slice_z0008.png,train
Spirotextularia floridana,18,2,data/train_images/S018_A060_Z0009_C00.tif,zstack_slice,9.0,data/train_images/Spirotextularia floridana_18_view2_zstack_slice_z0009.png,train
Spirotextularia floridana,18,2,data/train_images/S018_A060_Z0010_C00.tif,zstack_slice,10.0,data/train_images/Spirotextularia floridana_18_view2_zstack_slice_z0010.png,train
Spirotextularia floridana,18,2,data/train_images/S018_A060_Z0011_C00.tif,zstack_slice,11.0,data/train_images/Spirotextularia floridana_18_view2_zstack_slice_z0011.png,train
Spirotextularia floridana,18,2,data/train_images/S018_A060_Z0012_C00.tif,zstack_slice,12.0,data/train_images/Spirotextularia floridana_18_view2_zstack_slice_z0012.png,train
Spirotextularia floridana,18,2,data/train_images/S018_A060_Z0013_C00.tif,zstack_slice,13.0,data/train_images/Spirotextularia floridana_18_view2_zstack_slice_z0013.png,train
Spirotextularia floridana,18,2,data/train_images/S018_A060_Z0014_C00.tif,zstack_slice,14.0,data/train_images/Spirotextularia floridana_18_view2_zstack_slice_z0014.png,train
Spirotextularia floridana,18,2,data/train_images/S018_A060_Z0015_C00.tif,zstack_slice,15.0,data/train_images/Spirotextularia floridana_18_view2_zstack_slice_z0015.png,train
Spirotextularia floridana,18,2,data/train_images/S018_A060_Z0016_C00.tif,zstack_slice,16.0,data/train_images/Spirotextularia floridana_18_view2_zstack_slice_z0016.png,train
Spirotextularia floridana,18,2,data/train_images/S018_A060_Z0017_C00.tif,zstack_slice,17.0,data/train_images/Spirotextularia floridana_18_view2_zstack_slice_z0017.png,train
Spirotextularia floridana,18,2,data/train_images/S018_A060_Z0018_C00.tif,zstack_slice,18.0,data/train_images/Spirotextularia floridana_18_view2_zstack_slice_z0018.png,train
Spirotextularia floridana,18,2,data/train_images/S018_A060_Z0019_C00.tif,zstack_slice,19.0,data/train_images/Spirotextularia floridana_18_view2_zstack_slice_z0019.png,train
Spirotextularia floridana,18,2,data/train_images/S018_A060_Z0020_C00.tif,zstack_slice,20.0,data/train_images/Spirotextularia floridana_18_view2_zstack_slice_z0020.png,train
Spirotextularia floridana,18,2,data/train_images/S018_A060_Z0021_C00.tif,zstack_slice,21.0,data/train_images/Spirotextularia floridana_18_view2_zstack_slice_z0021.png,train
Spirotextularia floridana,18,2,data/train_images/S018_A060_Z0022_C00.tif,zstack_slice,22.0,data/train_images/Spirotextularia floridana_18_view2_zstack_slice_z0022.png,train
Spirotextularia floridana,18,2,data/train_images/S018_A060_Z0023_C00.tif,zstack_slice,23.0,data/train_images/Spirotextularia floridana_18_view2_zstack_slice_z0023.png,train
Spirotextularia floridana,18,2,data/train_images/S018_A060_Z0024_C00.tif,zstack_slice,24.0,data/train_images/Spirotextularia floridana_18_view2_zstack_slice_z0024.png,train
Spirotextularia floridana,18,2,data/train_images/S018_A060_Z0025_C00.tif,zstack_slice,25.0,data/train_images/Spirotextularia floridana_18_view2_zstack_slice_z0025.png,train
Spirotextularia floridana,18,2,data/train_images/S018_A060_Z0026_C00.tif,zstack_slice,26.0,data/train_images/Spirotextularia floridana_18_view2_zstack_slice_z0026.png,train
Spirotextularia floridana,18,3,data/train_images/S018_A120_stacked.tif,stacked_tiff,,data/train_images/Spirotextularia floridana_18_view3_stacked_tiff.png,train
Spirotextularia floridana,18,3,data/train_images/S018_A120_Z0000_C00.tif,zstack_slice,0.0,data/train_images/Spirotextularia floridana_18_view3_zstack_slice_z0000.png,train
Spirotextularia floridana,18,3,data/train_images/S018_A120_Z0001_C00.tif,zstack_slice,1.0,data/train_images/Spirotextularia floridana_18_view3_zstack_slice_z0001.png,train
Spirotextularia floridana,18,3,data/train_images/S018_A120_Z0002_C00.tif,zstack_slice,2.0,data/train_images/Spirotextularia floridana_18_view3_zstack_slice_z0002.png,train
Spirotextularia floridana,18,3,data/train_images/S018_A120_Z0003_C00.tif,zstack_slice,3.0,data/train_images/Spirotextularia floridana_18_view3_zstack_slice_z0003.png,train
Spirotextularia floridana,18,3,data/train_images/S018_A120_Z0004_C00.tif,zstack_slice,4.0,data/train_images/Spirotextularia floridana_18_view3_zstack_slice_z0004.png,train
Spirotextularia floridana,18,3,data/train_images/S018_A120_Z0005_C00.tif,zstack_slice,5.0,data/train_images/Spirotextularia floridana_18_view3_zstack_slice_z0005.png,train
Spirotextularia floridana,18,3,data/train_images/S018_A120_Z0006_C00.tif,zstack_slice,6.0,data/train_images/Spirotextularia floridana_18_view3_zstack_slice_z0006.png,train
Spirotextularia floridana,18,3,data/train_images/S018_A120_Z0007_C00.tif,zstack_slice,7.0,data/train_images/Spirotextularia floridana_18_view3_zstack_slice_z0007.png,train
Spirotextularia floridana,18,3,data/train_images/S018_A120_Z0008_C00.tif,zstack_slice,8.0,data/train_images/Spirotextularia floridana_18_view3_zstack_slice_z0008.png,train
Spirotextularia floridana,18,3,data/train_images/S018_A120_Z0009_C00.tif,zstack_slice,9.0,data/train_images/Spirotextularia floridana_18_view3_zstack_slice_z0009.png,train
Spirotextularia floridana,18,3,data/train_images/S018_A120_Z0010_C00.tif,zstack_slice,10.0,data/train_images/Spirotextularia floridana_18_view3_zstack_slice_z0010.png,train
Spirotextularia floridana,18,3,data/train_images/S018_A120_Z0011_C00.tif,zstack_slice,11.0,data/train_images/Spirotextularia floridana_18_view3_zstack_slice_z0011.png,train
Spirotextularia floridana,18,3,data/train_images/S018_A120_Z0012_C00.tif,zstack_slice,12.0,data/train_images/Spirotextularia floridana_18_view3_zstack_slice_z0012.png,train
Spirotextularia floridana,18,3,data/train_images/S018_A120_Z0013_C00.tif,zstack_slice,13.0,data/train_images/Spirotextularia floridana_18_view3_zstack_slice_z0013.png,train
Spirotextularia floridana,18,3,data/train_images/S018_A120_Z0014_C00.tif,zstack_slice,14.0,data/train_images/Spirotextularia floridana_18_view3_zstack_slice_z0014.png,train
Spirotextularia floridana,18,3,data/train_images/S018_A120_Z0015_C00.tif,zstack_slice,15.0,data/train_images/Spirotextularia floridana_18_view3_zstack_slice_z0015.png,train
Spirotextularia floridana,18,3,data/train_images/S018_A120_Z0016_C00.tif,zstack_slice,16.0,data/train_images/Spirotextularia floridana_18_view3_zstack_slice_z0016.png,train
Spirotextularia floridana,18,3,data/train_images/S018_A120_Z0017_C00.tif,zstack_slice,17.0,data/train_images/Spirotextularia floridana_18_view3_zstack_slice_z0017.png,train
Spirotextularia floridana,18,3,data/train_images/S018_A120_Z0018_C00.tif,zstack_slice,18.0,data/train_images/Spirotextularia floridana_18_view3_zstack_slice_z0018.png,train
Spirotextularia floridana,18,3,data/train_images/S018_A120_Z0019_C00.tif,zstack_slice,19.0,data/train_images/Spirotextularia floridana_18_view3_zstack_slice_z0019.png,train
Spirotextularia floridana,18,3,data/train_images/S018_A120_Z0020_C00.tif,zstack_slice,20.0,data/train_images/Spirotextularia floridana_18_view3_zstack_slice_z0020.png,train
Spirotextularia floridana,18,3,data/train_images/S018_A120_Z0021_C00.tif,zstack_slice,21.0,data/train_images/Spirotextularia floridana_18_view3_zstack_slice_z0021.png,train
Spirotextularia floridana,18,3,data/train_images/S018_A120_Z0022_C00.tif,zstack_slice,22.0,data/train_images/Spirotextularia floridana_18_view3_zstack_slice_z0022.png,train
Spirotextularia floridana,18,3,data/train_images/S018_A120_Z0023_C00.tif,zstack_slice,23.0,data/train_images/Spirotextularia floridana_18_view3_zstack_slice_z0023.png,train
Spirotextularia floridana,18,3,data/train_images/S018_A120_Z0024_C00.tif,zstack_slice,24.0,data/train_images/Spirotextularia floridana_18_view3_zstack_slice_z0024.png,train
Spirotextularia floridana,18,3,data/train_images/S018_A120_Z0025_C00.tif,zstack_slice,25.0,data/train_images/Spirotextularia floridana_18_view3_zstack_slice_z0025.png,train
Spirotextularia floridana,18,3,data/train_images/S018_A120_Z0026_C00.tif,zstack_slice,26.0,data/train_images/Spirotextularia floridana_18_view3_zstack_slice_z0026.png,train
Spirotextularia floridana,18,3,data/train_images/S018_A120_Z0027_C00.tif,zstack_slice,27.0,data/train_images/Spirotextularia floridana_18_view3_zstack_slice_z0027.png,train
Spirotextularia floridana,18,3,data/train_images/S018_A120_Z0028_C00.tif,zstack_slice,28.0,data/train_images/Spirotextularia floridana_18_view3_zstack_slice_z0028.png,train
Spirotextularia floridana,18,3,data/train_images/S018_A120_Z0029_C00.tif,zstack_slice,29.0,data/train_images/Spirotextularia floridana_18_view3_zstack_slice_z0029.png,train
Spirotextularia floridana,18,3,data/train_images/S018_A120_Z0030_C00.tif,zstack_slice,30.0,data/train_images/Spirotextularia floridana_18_view3_zstack_slice_z0030.png,train
Spirotextularia floridana,18,3,data/train_images/S018_A120_Z0031_C00.tif,zstack_slice,31.0,data/train_images/Spirotextularia floridana_18_view3_zstack_slice_z0031.png,train
Spirotextularia floridana,18,3,data/train_images/S018_A120_Z0032_C00.tif,zstack_slice,32.0,data/train_images/Spirotextularia floridana_18_view3_zstack_slice_z0032.png,train
Spirotextularia floridana,18,3,data/train_images/S018_A120_Z0033_C00.tif,zstack_slice,33.0,data/train_images/Spirotextularia floridana_18_view3_zstack_slice_z0033.png,train
Spirotextularia floridana,18,3,data/train_images/S018_A120_Z0034_C00.tif,zstack_slice,34.0,data/train_images/Spirotextularia floridana_18_view3_zstack_slice_z0034.png,train
Spirotextularia floridana,18,5,data/train_images/S018_A240_stacked.tif,stacked_tiff,,data/train_images/Spirotextularia floridana_18_view5_stacked_tiff.png,train
Spirotextularia floridana,18,5,data/train_images/S018_A240_Z0000_C00.tif,zstack_slice,0.0,data/train_images/Spirotextularia floridana_18_view5_zstack_slice_z0000.png,train
Spirotextularia floridana,18,5,data/train_images/S018_A240_Z0001_C00.tif,zstack_slice,1.0,data/train_images/Spirotextularia floridana_18_view5_zstack_slice_z0001.png,train
Spirotextularia floridana,18,5,data/train_images/S018_A240_Z0002_C00.tif,zstack_slice,2.0,data/train_images/Spirotextularia floridana_18_view5_zstack_slice_z0002.png,train
Spirotextularia floridana,18,5,data/train_images/S018_A240_Z0003_C00.tif,zstack_slice,3.0,data/train_images/Spirotextularia floridana_18_view5_zstack_slice_z0003.png,train
Spirotextularia floridana,18,5,data/train_images/S018_A240_Z0004_C00.tif,zstack_slice,4.0,data/train_images/Spirotextularia floridana_18_view5_zstack_slice_z0004.png,train
Spirotextularia floridana,18,5,data/train_images/S018_A240_Z0005_C00.tif,zstack_slice,5.0,data/train_images/Spirotextularia floridana_18_view5_zstack_slice_z0005.png,train
Spirotextularia floridana,18,5,data/train_images/S018_A240_Z0006_C00.tif,zstack_slice,6.0,data/train_images/Spirotextularia floridana_18_view5_zstack_slice_z0006.png,train
Spirotextularia floridana,18,5,data/train_images/S018_A240_Z0007_C00.tif,zstack_slice,7.0,data/train_images/Spirotextularia floridana_18_view5_zstack_slice_z0007.png,train
Spirotextularia floridana,18,5,data/train_images/S018_A240_Z0008_C00.tif,zstack_slice,8.0,data/train_images/Spirotextularia floridana_18_view5_zstack_slice_z0008.png,train
Spirotextularia floridana,18,5,data/train_images/S018_A240_Z0009_C00.tif,zstack_slice,9.0,data/train_images/Spirotextularia floridana_18_view5_zstack_slice_z0009.png,train
Spirotextularia floridana,18,5,data/train_images/S018_A240_Z0010_C00.tif,zstack_slice,10.0,data/train_images/Spirotextularia floridana_18_view5_zstack_slice_z0010.png,train
Spirotextularia floridana,18,5,data/train_images/S018_A240_Z0011_C00.tif,zstack_slice,11.0,data/train_images/Spirotextularia floridana_18_view5_zstack_slice_z0011.png,train
Spirotextularia floridana,18,5,data/train_images/S018_A240_Z0012_C00.tif,zstack_slice,12.0,data/train_images/Spirotextularia floridana_18_view5_zstack_slice_z0012.png,train
Spirotextularia floridana,18,5,data/train_images/S018_A240_Z0013_C00.tif,zstack_slice,13.0,data/train_images/Spirotextularia floridana_18_view5_zstack_slice_z0013.png,train
Spirotextularia floridana,18,5,data/train_images/S018_A240_Z0014_C00.tif,zstack_slice,14.0,data/train_images/Spirotextularia floridana_18_view5_zstack_slice_z0014.png,train
Spirotextularia floridana,18,5,data/train_images/S018_A240_Z0015_C00.tif,zstack_slice,15.0,data/train_images/Spirotextularia floridana_18_view5_zstack_slice_z0015.png,train
Spirotextularia floridana,18,5,data/train_images/S018_A240_Z0016_C00.tif,zstack_slice,16.0,data/train_images/Spirotextularia floridana_18_view5_zstack_slice_z0016.png,train
Spirotextularia floridana,18,5,data/train_images/S018_A240_Z0017_C00.tif,zstack_slice,17.0,data/train_images/Spirotextularia floridana_18_view5_zstack_slice_z0017.png,train
Spirotextularia floridana,18,5,data/train_images/S018_A240_Z0018_C00.tif,zstack_slice,18.0,data/train_images/Spirotextularia floridana_18_view5_zstack_slice_z0018.png,train
Spirotextularia floridana,18,5,data/train_images/S018_A240_Z0019_C00.tif,zstack_slice,19.0,data/train_images/Spirotextularia floridana_18_view5_zstack_slice_z0019.png,train
Spirotextularia floridana,18,5,data/train_images/S018_A240_Z0020_C00.tif,zstack_slice,20.0,data/train_images/Spirotextularia floridana_18_view5_zstack_slice_z0020.png,train
Spirotextularia floridana,18,5,data/train_images/S018_A240_Z0021_C00.tif,zstack_slice,21.0,data/train_images/Spirotextularia floridana_18_view5_zstack_slice_z0021.png,train
Spirotextularia floridana,18,5,data/train_images/S018_A240_Z0022_C00.tif,zstack_slice,22.0,data/train_images/Spirotextularia floridana_18_view5_zstack_slice_z0022.png,train
Spirotextularia floridana,18,5,data/train_images/S018_A240_Z0023_C00.tif,zstack_slice,23.0,data/train_images/Spirotextularia floridana_18_view5_zstack_slice_z0023.png,train
Spirotextularia floridana,18,5,data/train_images/S018_A240_Z0024_C00.tif,zstack_slice,24.0,data/train_images/Spirotextularia floridana_18_view5_zstack_slice_z0024.png,train
Spirotextularia floridana,18,5,data/train_images/S018_A240_Z0025_C00.tif,zstack_slice,25.0,data/train_images/Spirotextularia floridana_18_view5_zstack_slice_z0025.png,train
Spirotextularia floridana,18,5,data/train_images/S018_A240_Z0026_C00.tif,zstack_slice,26.0,data/train_images/Spirotextularia floridana_18_view5_zstack_slice_z0026.png,train
Spirotextularia floridana,18,5,data/train_images/S018_A240_Z0027_C00.tif,zstack_slice,27.0,data/train_images/Spirotextularia floridana_18_view5_zstack_slice_z0027.png,train
Spirotextularia floridana,18,5,data/train_images/S018_A240_Z0028_C00.tif,zstack_slice,28.0,data/train_images/Spirotextularia floridana_18_view5_zstack_slice_z0028.png,train
Spirotextularia floridana,18,5,data/train_images/S018_A240_Z0029_C00.tif,zstack_slice,29.0,data/train_images/Spirotextularia floridana_18_view5_zstack_slice_z0029.png,train
Spirotextularia floridana,18,5,data/train_images/S018_A240_Z0030_C00.tif,zstack_slice,30.0,data/train_images/Spirotextularia floridana_18_view5_zstack_slice_z0030.png,train
Spirotextularia floridana,18,5,data/train_images/S018_A240_Z0031_C00.tif,zstack_slice,31.0,data/train_images/Spirotextularia floridana_18_view5_zstack_slice_z0031.png,train
Spirotextularia floridana,18,5,data/train_images/S018_A240_Z0032_C00.tif,zstack_slice,32.0,data/train_images/Spirotextularia floridana_18_view5_zstack_slice_z0032.png,train
Spirotextularia floridana,18,5,data/train_images/S018_A240_Z0033_C00.tif,zstack_slice,33.0,data/train_images/Spirotextularia floridana_18_view5_zstack_slice_z0033.png,train
Spirotextularia floridana,18,5,data/train_images/S018_A240_Z0034_C00.tif,zstack_slice,34.0,data/train_images/Spirotextularia floridana_18_view5_zstack_slice_z0034.png,train
Spirotextularia floridana,18,5,data/train_images/S018_A240_Z0035_C00.tif,zstack_slice,35.0,data/train_images/Spirotextularia floridana_18_view5_zstack_slice_z0035.png,train
Spirotextularia floridana,18,5,data/train_images/S018_A240_Z0036_C00.tif,zstack_slice,36.0,data/train_images/Spirotextularia floridana_18_view5_zstack_slice_z0036.png,train
Spirotextularia floridana,18,5,data/train_images/S018_A240_Z0037_C00.tif,zstack_slice,37.0,data/train_images/Spirotextularia floridana_18_view5_zstack_slice_z0037.png,train
Spirotextularia floridana,18,5,data/train_images/S018_A240_Z0038_C00.tif,zstack_slice,38.0,data/train_images/Spirotextularia floridana_18_view5_zstack_slice_z0038.png,train
Spirotextularia floridana,18,5,data/train_images/S018_A240_Z0039_C00.tif,zstack_slice,39.0,data/train_images/Spirotextularia floridana_18_view5_zstack_slice_z0039.png,train
Spirotextularia floridana,18,5,data/train_images/S018_A240_Z0040_C00.tif,zstack_slice,40.0,data/train_images/Spirotextularia floridana_18_view5_zstack_slice_z0040.png,train
Spirotextularia floridana,18,5,data/train_images/S018_A240_Z0041_C00.tif,zstack_slice,41.0,data/train_images/Spirotextularia floridana_18_view5_zstack_slice_z0041.png,train
Spirotextularia floridana,18,5,data/train_images/S018_A240_Z0042_C00.tif,zstack_slice,42.0,data/train_images/Spirotextularia floridana_18_view5_zstack_slice_z0042.png,train
Spirotextularia floridana,18,5,data/train_images/S018_A240_Z0043_C00.tif,zstack_slice,43.0,data/train_images/Spirotextularia floridana_18_view5_zstack_slice_z0043.png,train
Triloculina plicata,2,2,data/train_images/Triloculina plicata_2_view2_gif_original.png,gif_original,,data/train_images/Triloculina plicata_2_view2_gif_original.png,train
Triloculina plicata,2,2,data/train_images/S002_A060_stacked.tif,stacked_tiff,,data/train_images/Triloculina plicata_2_view2_stacked_tiff.png,train
Triloculina plicata,2,2,data/train_images/S002_A060_Z0000_C00.tif,zstack_slice,0.0,data/train_images/Triloculina plicata_2_view2_zstack_slice_z0000.png,train
Triloculina plicata,2,2,data/train_images/S002_A060_Z0001_C00.tif,zstack_slice,1.0,data/train_images/Triloculina plicata_2_view2_zstack_slice_z0001.png,train
Triloculina plicata,2,2,data/train_images/S002_A060_Z0002_C00.tif,zstack_slice,2.0,data/train_images/Triloculina plicata_2_view2_zstack_slice_z0002.png,train
Triloculina plicata,2,2,data/train_images/S002_A060_Z0003_C00.tif,zstack_slice,3.0,data/train_images/Triloculina plicata_2_view2_zstack_slice_z0003.png,train
Triloculina plicata,2,2,data/train_images/S002_A060_Z0004_C00.tif,zstack_slice,4.0,data/train_images/Triloculina plicata_2_view2_zstack_slice_z0004.png,train
Triloculina plicata,2,2,data/train_images/S002_A060_Z0005_C00.tif,zstack_slice,5.0,data/train_images/Triloculina plicata_2_view2_zstack_slice_z0005.png,train
Triloculina plicata,2,2,data/train_images/S002_A060_Z0006_C00.tif,zstack_slice,6.0,data/train_images/Triloculina plicata_2_view2_zstack_slice_z0006.png,train
Triloculina plicata,2,2,data/train_images/S002_A060_Z0007_C00.tif,zstack_slice,7.0,data/train_images/Triloculina plicata_2_view2_zstack_slice_z0007.png,train
Triloculina plicata,2,2,data/train_images/S002_A060_Z0008_C00.tif,zstack_slice,8.0,data/train_images/Triloculina plicata_2_view2_zstack_slice_z0008.png,train
Triloculina plicata,2,2,data/train_images/S002_A060_Z0009_C00.tif,zstack_slice,9.0,data/train_images/Triloculina plicata_2_view2_zstack_slice_z0009.png,train
Triloculina plicata,2,2,data/train_images/S002_A060_Z0010_C00.tif,zstack_slice,10.0,data/train_images/Triloculina plicata_2_view2_zstack_slice_z0010.png,train
Triloculina plicata,2,2,data/train_images/S002_A060_Z0011_C00.tif,zstack_slice,11.0,data/train_images/Triloculina plicata_2_view2_zstack_slice_z0011.png,train
Triloculina plicata,2,2,data/train_images/S002_A060_Z0012_C00.tif,zstack_slice,12.0,data/train_images/Triloculina plicata_2_view2_zstack_slice_z0012.png,train
Triloculina plicata,2,2,data/train_images/S002_A060_Z0013_C00.tif,zstack_slice,13.0,data/train_images/Triloculina plicata_2_view2_zstack_slice_z0013.png,train
Triloculina plicata,2,2,data/train_images/S002_A060_Z0014_C00.tif,zstack_slice,14.0,data/train_images/Triloculina plicata_2_view2_zstack_slice_z0014.png,train
Triloculina plicata,2,2,data/train_images/S002_A060_Z0015_C00.tif,zstack_slice,15.0,data/train_images/Triloculina plicata_2_view2_zstack_slice_z0015.png,train
Triloculina plicata,2,2,data/train_images/S002_A060_Z0016_C00.tif,zstack_slice,16.0,data/train_images/Triloculina plicata_2_view2_zstack_slice_z0016.png,train
Triloculina plicata,2,2,data/train_images/S002_A060_Z0017_C00.tif,zstack_slice,17.0,data/train_images/Triloculina plicata_2_view2_zstack_slice_z0017.png,train
Triloculina plicata,2,2,data/train_images/S002_A060_Z0018_C00.tif,zstack_slice,18.0,data/train_images/Triloculina plicata_2_view2_zstack_slice_z0018.png,train
Triloculina plicata,2,2,data/train_images/S002_A060_Z0019_C00.tif,zstack_slice,19.0,data/train_images/Triloculina plicata_2_view2_zstack_slice_z0019.png,train
Triloculina plicata,2,2,data/train_images/S002_A060_Z0020_C00.tif,zstack_slice,20.0,data/train_images/Triloculina plicata_2_view2_zstack_slice_z0020.png,train
Triloculina plicata,2,2,data/train_images/S002_A060_Z0021_C00.tif,zstack_slice,21.0,data/train_images/Triloculina plicata_2_view2_zstack_slice_z0021.png,train
Triloculina plicata,2,2,data/train_images/S002_A060_Z0022_C00.tif,zstack_slice,22.0,data/train_images/Triloculina plicata_2_view2_zstack_slice_z0022.png,train
Triloculina plicata,2,2,data/train_images/S002_A060_Z0023_C00.tif,zstack_slice,23.0,data/train_images/Triloculina plicata_2_view2_zstack_slice_z0023.png,train
Triloculina plicata,2,2,data/train_images/S002_A060_Z0024_C00.tif,zstack_slice,24.0,data/train_images/Triloculina plicata_2_view2_zstack_slice_z0024.png,train
Triloculina plicata,2,2,data/train_images/S002_A060_Z0025_C00.tif,zstack_slice,25.0,data/train_images/Triloculina plicata_2_view2_zstack_slice_z0025.png,train
Triloculina plicata,2,2,data/train_images/S002_A060_Z0026_C00.tif,zstack_slice,26.0,data/train_images/Triloculina plicata_2_view2_zstack_slice_z0026.png,train
Triloculina plicata,2,2,data/train_images/S002_A060_Z0027_C00.tif,zstack_slice,27.0,data/train_images/Triloculina plicata_2_view2_zstack_slice_z0027.png,train
Triloculina plicata,2,2,data/train_images/S002_A060_Z0028_C00.tif,zstack_slice,28.0,data/train_images/Triloculina plicata_2_view2_zstack_slice_z0028.png,train
Triloculina plicata,2,2,data/train_images/S002_A060_Z0029_C00.tif,zstack_slice,29.0,data/train_images/Triloculina plicata_2_view2_zstack_slice_z0029.png,train
Triloculina plicata,2,2,data/train_images/S002_A060_Z0030_C00.tif,zstack_slice,30.0,data/train_images/Triloculina plicata_2_view2_zstack_slice_z0030.png,train
Triloculina plicata,2,2,data/train_images/S002_A060_Z0031_C00.tif,zstack_slice,31.0,data/train_images/Triloculina plicata_2_view2_zstack_slice_z0031.png,train
Triloculina plicata,2,2,data/train_images/S002_A060_Z0032_C00.tif,zstack_slice,32.0,data/train_images/Triloculina plicata_2_view2_zstack_slice_z0032.png,train
Triloculina plicata,2,2,data/train_images/S002_A060_Z0033_C00.tif,zstack_slice,33.0,data/train_images/Triloculina plicata_2_view2_zstack_slice_z0033.png,train
Triloculina plicata,2,2,data/train_images/S002_A060_Z0034_C00.tif,zstack_slice,34.0,data/train_images/Triloculina plicata_2_view2_zstack_slice_z0034.png,train
Triloculina plicata,2,2,data/train_images/S002_A060_Z0035_C00.tif,zstack_slice,35.0,data/train_images/Triloculina plicata_2_view2_zstack_slice_z0035.png,train
Triloculina plicata,2,2,data/train_images/S002_A060_Z0036_C00.tif,zstack_slice,36.0,data/train_images/Triloculina plicata_2_view2_zstack_slice_z0036.png,train
Triloculina plicata,2,2,data/train_images/S002_A060_Z0037_C00.tif,zstack_slice,37.0,data/train_images/Triloculina plicata_2_view2_zstack_slice_z0037.png,train
Triloculina plicata,2,2,data/train_images/S002_A060_Z0038_C00.tif,zstack_slice,38.0,data/train_images/Triloculina plicata_2_view2_zstack_slice_z0038.png,train
Triloculina plicata,2,2,data/train_images/S002_A060_Z0039_C00.tif,zstack_slice,39.0,data/train_images/Triloculina plicata_2_view2_zstack_slice_z0039.png,train
Triloculina plicata,2,2,data/train_images/S002_A060_Z0040_C00.tif,zstack_slice,40.0,data/train_images/Triloculina plicata_2_view2_zstack_slice_z0040.png,train
Triloculina plicata,2,2,data/train_images/S002_A060_Z0041_C00.tif,zstack_slice,41.0,data/train_images/Triloculina plicata_2_view2_zstack_slice_z0041.png,train
Triloculina plicata,2,2,data/train_images/S002_A060_Z0042_C00.tif,zstack_slice,42.0,data/train_images/Triloculina plicata_2_view2_zstack_slice_z0042.png,train
Triloculina plicata,2,2,data/train_images/S002_A060_Z0043_C00.tif,zstack_slice,43.0,data/train_images/Triloculina plicata_2_view2_zstack_slice_z0043.png,train
Triloculina plicata,2,2,data/train_images/S002_A060_Z0044_C00.tif,zstack_slice,44.0,data/train_images/Triloculina plicata_2_view2_zstack_slice_z0044.png,train
Triloculina plicata,2,2,data/train_images/S002_A060_Z0045_C00.tif,zstack_slice,45.0,data/train_images/Triloculina plicata_2_view2_zstack_slice_z0045.png,train
Triloculina plicata,2,2,data/train_images/S002_A060_Z0046_C00.tif,zstack_slice,46.0,data/train_images/Triloculina plicata_2_view2_zstack_slice_z0046.png,train
Triloculina plicata,2,2,data/train_images/S002_A060_Z0047_C00.tif,zstack_slice,47.0,data/train_images/Triloculina plicata_2_view2_zstack_slice_z0047.png,train
Triloculina plicata,2,2,data/train_images/S002_A060_Z0048_C00.tif,zstack_slice,48.0,data/train_images/Triloculina plicata_2_view2_zstack_slice_z0048.png,train
Triloculina plicata,2,2,data/train_images/S002_A060_Z0049_C00.tif,zstack_slice,49.0,data/train_images/Triloculina plicata_2_view2_zstack_slice_z0049.png,train
Triloculina plicata,2,2,data/train_images/S002_A060_Z0050_C00.tif,zstack_slice,50.0,data/train_images/Triloculina plicata_2_view2_zstack_slice_z0050.png,train
Triloculina plicata,2,2,data/train_images/S002_A060_Z0051_C00.tif,zstack_slice,51.0,data/train_images/Triloculina plicata_2_view2_zstack_slice_z0051.png,train
Triloculina plicata,2,2,data/train_images/S002_A060_Z0052_C00.tif,zstack_slice,52.0,data/train_images/Triloculina plicata_2_view2_zstack_slice_z0052.png,train
Triloculina plicata,2,2,data/train_images/S002_A060_Z0053_C00.tif,zstack_slice,53.0,data/train_images/Triloculina plicata_2_view2_zstack_slice_z0053.png,train
Triloculina plicata,2,2,data/train_images/S002_A060_Z0054_C00.tif,zstack_slice,54.0,data/train_images/Triloculina plicata_2_view2_zstack_slice_z0054.png,train
Triloculina plicata,2,2,data/train_images/S002_A060_Z0055_C00.tif,zstack_slice,55.0,data/train_images/Triloculina plicata_2_view2_zstack_slice_z0055.png,train
Triloculina plicata,2,2,data/train_images/S002_A060_Z0056_C00.tif,zstack_slice,56.0,data/train_images/Triloculina plicata_2_view2_zstack_slice_z0056.png,train
Triloculina plicata,2,2,data/train_images/S002_A060_Z0057_C00.tif,zstack_slice,57.0,data/train_images/Triloculina plicata_2_view2_zstack_slice_z0057.png,train
Triloculina plicata,2,2,data/train_images/S002_A060_Z0058_C00.tif,zstack_slice,58.0,data/train_images/Triloculina plicata_2_view2_zstack_slice_z0058.png,train
Triloculina plicata,2,2,data/train_images/S002_A060_Z0059_C00.tif,zstack_slice,59.0,data/train_images/Triloculina plicata_2_view2_zstack_slice_z0059.png,train
Triloculina plicata,2,2,data/train_images/S002_A060_Z0060_C00.tif,zstack_slice,60.0,data/train_images/Triloculina plicata_2_view2_zstack_slice_z0060.png,train
Triloculina plicata,2,2,data/train_images/S002_A060_Z0061_C00.tif,zstack_slice,61.0,data/train_images/Triloculina plicata_2_view2_zstack_slice_z0061.png,train
Triloculina plicata,2,2,data/train_images/S002_A060_Z0062_C00.tif,zstack_slice,62.0,data/train_images/Triloculina plicata_2_view2_zstack_slice_z0062.png,train
Triloculina plicata,2,2,data/train_images/S002_A060_Z0063_C00.tif,zstack_slice,63.0,data/train_images/Triloculina plicata_2_view2_zstack_slice_z0063.png,train
Triloculina plicata,2,2,data/train_images/S002_A060_Z0064_C00.tif,zstack_slice,64.0,data/train_images/Triloculina plicata_2_view2_zstack_slice_z0064.png,train
Triloculina plicata,2,4,data/train_images/Triloculina plicata_2_view4_gif_original.png,gif_original,,data/train_images/Triloculina plicata_2_view4_gif_original.png,train
Triloculina plicata,2,4,data/train_images/S002_A180_stacked.tif,stacked_tiff,,data/train_images/Triloculina plicata_2_view4_stacked_tiff.png,train
Triloculina plicata,2,4,data/train_images/S002_A180_Z0000_C00.tif,zstack_slice,0.0,data/train_images/Triloculina plicata_2_view4_zstack_slice_z0000.png,train
Triloculina plicata,2,4,data/train_images/S002_A180_Z0001_C00.tif,zstack_slice,1.0,data/train_images/Triloculina plicata_2_view4_zstack_slice_z0001.png,train
Triloculina plicata,2,4,data/train_images/S002_A180_Z0002_C00.tif,zstack_slice,2.0,data/train_images/Triloculina plicata_2_view4_zstack_slice_z0002.png,train
Triloculina plicata,2,4,data/train_images/S002_A180_Z0003_C00.tif,zstack_slice,3.0,data/train_images/Triloculina plicata_2_view4_zstack_slice_z0003.png,train
Triloculina plicata,2,4,data/train_images/S002_A180_Z0004_C00.tif,zstack_slice,4.0,data/train_images/Triloculina plicata_2_view4_zstack_slice_z0004.png,train
Triloculina plicata,2,4,data/train_images/S002_A180_Z0005_C00.tif,zstack_slice,5.0,data/train_images/Triloculina plicata_2_view4_zstack_slice_z0005.png,train
Triloculina plicata,2,4,data/train_images/S002_A180_Z0006_C00.tif,zstack_slice,6.0,data/train_images/Triloculina plicata_2_view4_zstack_slice_z0006.png,train
Triloculina plicata,2,4,data/train_images/S002_A180_Z0007_C00.tif,zstack_slice,7.0,data/train_images/Triloculina plicata_2_view4_zstack_slice_z0007.png,train
Triloculina plicata,2,4,data/train_images/S002_A180_Z0008_C00.tif,zstack_slice,8.0,data/train_images/Triloculina plicata_2_view4_zstack_slice_z0008.png,train
Triloculina plicata,2,4,data/train_images/S002_A180_Z0009_C00.tif,zstack_slice,9.0,data/train_images/Triloculina plicata_2_view4_zstack_slice_z0009.png,train
Triloculina plicata,2,4,data/train_images/S002_A180_Z0010_C00.tif,zstack_slice,10.0,data/train_images/Triloculina plicata_2_view4_zstack_slice_z0010.png,train
Triloculina plicata,2,4,data/train_images/S002_A180_Z0011_C00.tif,zstack_slice,11.0,data/train_images/Triloculina plicata_2_view4_zstack_slice_z0011.png,train
Triloculina plicata,2,4,data/train_images/S002_A180_Z0012_C00.tif,zstack_slice,12.0,data/train_images/Triloculina plicata_2_view4_zstack_slice_z0012.png,train
Triloculina plicata,2,4,data/train_images/S002_A180_Z0013_C00.tif,zstack_slice,13.0,data/train_images/Triloculina plicata_2_view4_zstack_slice_z0013.png,train
Triloculina plicata,2,4,data/train_images/S002_A180_Z0014_C00.tif,zstack_slice,14.0,data/train_images/Triloculina plicata_2_view4_zstack_slice_z0014.png,train
Triloculina plicata,2,4,data/train_images/S002_A180_Z0015_C00.tif,zstack_slice,15.0,data/train_images/Triloculina plicata_2_view4_zstack_slice_z0015.png,train
Triloculina plicata,2,4,data/train_images/S002_A180_Z0016_C00.tif,zstack_slice,16.0,data/train_images/Triloculina plicata_2_view4_zstack_slice_z0016.png,train
Triloculina plicata,2,4,data/train_images/S002_A180_Z0017_C00.tif,zstack_slice,17.0,data/train_images/Triloculina plicata_2_view4_zstack_slice_z0017.png,train
Triloculina plicata,2,4,data/train_images/S002_A180_Z0018_C00.tif,zstack_slice,18.0,data/train_images/Triloculina plicata_2_view4_zstack_slice_z0018.png,train
Triloculina plicata,2,4,data/train_images/S002_A180_Z0019_C00.tif,zstack_slice,19.0,data/train_images/Triloculina plicata_2_view4_zstack_slice_z0019.png,train
Triloculina plicata,2,4,data/train_images/S002_A180_Z0020_C00.tif,zstack_slice,20.0,data/train_images/Triloculina plicata_2_view4_zstack_slice_z0020.png,train
Triloculina plicata,2,4,data/train_images/S002_A180_Z0021_C00.tif,zstack_slice,21.0,data/train_images/Triloculina plicata_2_view4_zstack_slice_z0021.png,train
Triloculina plicata,2,4,data/train_images/S002_A180_Z0022_C00.tif,zstack_slice,22.0,data/train_images/Triloculina plicata_2_view4_zstack_slice_z0022.png,train
Triloculina plicata,2,4,data/train_images/S002_A180_Z0023_C00.tif,zstack_slice,23.0,data/train_images/Triloculina plicata_2_view4_zstack_slice_z0023.png,train
Triloculina plicata,2,4,data/train_images/S002_A180_Z0024_C00.tif,zstack_slice,24.0,data/train_images/Triloculina plicata_2_view4_zstack_slice_z0024.png,train
Triloculina plicata,2,4,data/train_images/S002_A180_Z0025_C00.tif,zstack_slice,25.0,data/train_images/Triloculina plicata_2_view4_zstack_slice_z0025.png,train
Triloculina plicata,2,4,data/train_images/S002_A180_Z0026_C00.tif,zstack_slice,26.0,data/train_images/Triloculina plicata_2_view4_zstack_slice_z0026.png,train
Triloculina plicata,2,4,data/train_images/S002_A180_Z0027_C00.tif,zstack_slice,27.0,data/train_images/Triloculina plicata_2_view4_zstack_slice_z0027.png,train
Triloculina plicata,2,4,data/train_images/S002_A180_Z0028_C00.tif,zstack_slice,28.0,data/train_images/Triloculina plicata_2_view4_zstack_slice_z0028.png,train
Triloculina plicata,2,4,data/train_images/S002_A180_Z0029_C00.tif,zstack_slice,29.0,data/train_images/Triloculina plicata_2_view4_zstack_slice_z0029.png,train
Triloculina plicata,2,4,data/train_images/S002_A180_Z0030_C00.tif,zstack_slice,30.0,data/train_images/Triloculina plicata_2_view4_zstack_slice_z0030.png,train
Triloculina plicata,2,4,data/train_images/S002_A180_Z0031_C00.tif,zstack_slice,31.0,data/train_images/Triloculina plicata_2_view4_zstack_slice_z0031.png,train
Triloculina plicata,2,4,data/train_images/S002_A180_Z0032_C00.tif,zstack_slice,32.0,data/train_images/Triloculina plicata_2_view4_zstack_slice_z0032.png,train
Triloculina plicata,2,4,data/train_images/S002_A180_Z0033_C00.tif,zstack_slice,33.0,data/train_images/Triloculina plicata_2_view4_zstack_slice_z0033.png,train
Triloculina plicata,2,4,data/train_images/S002_A180_Z0034_C00.tif,zstack_slice,34.0,data/train_images/Triloculina plicata_2_view4_zstack_slice_z0034.png,train
Triloculina plicata,2,4,data/train_images/S002_A180_Z0035_C00.tif,zstack_slice,35.0,data/train_images/Triloculina plicata_2_view4_zstack_slice_z0035.png,train
Triloculina plicata,2,4,data/train_images/S002_A180_Z0036_C00.tif,zstack_slice,36.0,data/train_images/Triloculina plicata_2_view4_zstack_slice_z0036.png,train
Triloculina plicata,2,4,data/train_images/S002_A180_Z0037_C00.tif,zstack_slice,37.0,data/train_images/Triloculina plicata_2_view4_zstack_slice_z0037.png,train
Triloculina plicata,2,4,data/train_images/S002_A180_Z0038_C00.tif,zstack_slice,38.0,data/train_images/Triloculina plicata_2_view4_zstack_slice_z0038.png,train
Triloculina plicata,2,4,data/train_images/S002_A180_Z0039_C00.tif,zstack_slice,39.0,data/train_images/Triloculina plicata_2_view4_zstack_slice_z0039.png,train
Triloculina plicata,2,4,data/train_images/S002_A180_Z0040_C00.tif,zstack_slice,40.0,data/train_images/Triloculina plicata_2_view4_zstack_slice_z0040.png,train
Triloculina plicata,2,4,data/train_images/S002_A180_Z0041_C00.tif,zstack_slice,41.0,data/train_images/Triloculina plicata_2_view4_zstack_slice_z0041.png,train
Triloculina plicata,2,4,data/train_images/S002_A180_Z0042_C00.tif,zstack_slice,42.0,data/train_images/Triloculina plicata_2_view4_zstack_slice_z0042.png,train
Triloculina plicata,2,4,data/train_images/S002_A180_Z0043_C00.tif,zstack_slice,43.0,data/train_images/Triloculina plicata_2_view4_zstack_slice_z0043.png,train
Triloculina plicata,2,4,data/train_images/S002_A180_Z0044_C00.tif,zstack_slice,44.0,data/train_images/Triloculina plicata_2_view4_zstack_slice_z0044.png,train
Triloculina plicata,2,4,data/train_images/S002_A180_Z0045_C00.tif,zstack_slice,45.0,data/train_images/Triloculina plicata_2_view4_zstack_slice_z0045.png,train
Triloculina plicata,2,4,data/train_images/S002_A180_Z0046_C00.tif,zstack_slice,46.0,data/train_images/Triloculina plicata_2_view4_zstack_slice_z0046.png,train
Triloculina plicata,2,4,data/train_images/S002_A180_Z0047_C00.tif,zstack_slice,47.0,data/train_images/Triloculina plicata_2_view4_zstack_slice_z0047.png,train
Triloculina plicata,2,4,data/train_images/S002_A180_Z0048_C00.tif,zstack_slice,48.0,data/train_images/Triloculina plicata_2_view4_zstack_slice_z0048.png,train
Triloculina plicata,2,4,data/train_images/S002_A180_Z0049_C00.tif,zstack_slice,49.0,data/train_images/Triloculina plicata_2_view4_zstack_slice_z0049.png,train
Triloculina plicata,2,4,data/train_images/S002_A180_Z0050_C00.tif,zstack_slice,50.0,data/train_images/Triloculina plicata_2_view4_zstack_slice_z0050.png,train
Triloculina plicata,2,4,data/train_images/S002_A180_Z0051_C00.tif,zstack_slice,51.0,data/train_images/Triloculina plicata_2_view4_zstack_slice_z0051.png,train
Triloculina plicata,2,4,data/train_images/S002_A180_Z0052_C00.tif,zstack_slice,52.0,data/train_images/Triloculina plicata_2_view4_zstack_slice_z0052.png,train
Triloculina plicata,2,4,data/train_images/S002_A180_Z0053_C00.tif,zstack_slice,53.0,data/train_images/Triloculina plicata_2_view4_zstack_slice_z0053.png,train
Triloculina plicata,2,5,data/train_images/Triloculina plicata_2_view5_gif_original.png,gif_original,,data/train_images/Triloculina plicata_2_view5_gif_original.png,train
Triloculina plicata,2,5,data/train_images/S002_A240_stacked.tif,stacked_tiff,,data/train_images/Triloculina plicata_2_view5_stacked_tiff.png,train
Triloculina plicata,2,5,data/train_images/S002_A240_Z0000_C00.tif,zstack_slice,0.0,data/train_images/Triloculina plicata_2_view5_zstack_slice_z0000.png,train
Triloculina plicata,2,5,data/train_images/S002_A240_Z0001_C00.tif,zstack_slice,1.0,data/train_images/Triloculina plicata_2_view5_zstack_slice_z0001.png,train
Triloculina plicata,2,5,data/train_images/S002_A240_Z0002_C00.tif,zstack_slice,2.0,data/train_images/Triloculina plicata_2_view5_zstack_slice_z0002.png,train
Triloculina plicata,2,5,data/train_images/S002_A240_Z0003_C00.tif,zstack_slice,3.0,data/train_images/Triloculina plicata_2_view5_zstack_slice_z0003.png,train
Triloculina plicata,2,5,data/train_images/S002_A240_Z0004_C00.tif,zstack_slice,4.0,data/train_images/Triloculina plicata_2_view5_zstack_slice_z0004.png,train
Triloculina plicata,2,5,data/train_images/S002_A240_Z0005_C00.tif,zstack_slice,5.0,data/train_images/Triloculina plicata_2_view5_zstack_slice_z0005.png,train
Triloculina plicata,2,5,data/train_images/S002_A240_Z0006_C00.tif,zstack_slice,6.0,data/train_images/Triloculina plicata_2_view5_zstack_slice_z0006.png,train
Triloculina plicata,2,5,data/train_images/S002_A240_Z0007_C00.tif,zstack_slice,7.0,data/train_images/Triloculina plicata_2_view5_zstack_slice_z0007.png,train
Triloculina plicata,2,5,data/train_images/S002_A240_Z0008_C00.tif,zstack_slice,8.0,data/train_images/Triloculina plicata_2_view5_zstack_slice_z0008.png,train
Triloculina plicata,2,5,data/train_images/S002_A240_Z0009_C00.tif,zstack_slice,9.0,data/train_images/Triloculina plicata_2_view5_zstack_slice_z0009.png,train
Triloculina plicata,2,5,data/train_images/S002_A240_Z0010_C00.tif,zstack_slice,10.0,data/train_images/Triloculina plicata_2_view5_zstack_slice_z0010.png,train
Triloculina plicata,2,5,data/train_images/S002_A240_Z0011_C00.tif,zstack_slice,11.0,data/train_images/Triloculina plicata_2_view5_zstack_slice_z0011.png,train
Triloculina plicata,2,5,data/train_images/S002_A240_Z0012_C00.tif,zstack_slice,12.0,data/train_images/Triloculina plicata_2_view5_zstack_slice_z0012.png,train
Triloculina plicata,2,5,data/train_images/S002_A240_Z0013_C00.tif,zstack_slice,13.0,data/train_images/Triloculina plicata_2_view5_zstack_slice_z0013.png,train
Triloculina plicata,2,5,data/train_images/S002_A240_Z0014_C00.tif,zstack_slice,14.0,data/train_images/Triloculina plicata_2_view5_zstack_slice_z0014.png,train
Triloculina plicata,2,5,data/train_images/S002_A240_Z0015_C00.tif,zstack_slice,15.0,data/train_images/Triloculina plicata_2_view5_zstack_slice_z0015.png,train
Triloculina plicata,2,5,data/train_images/S002_A240_Z0016_C00.tif,zstack_slice,16.0,data/train_images/Triloculina plicata_2_view5_zstack_slice_z0016.png,train
Triloculina plicata,2,5,data/train_images/S002_A240_Z0017_C00.tif,zstack_slice,17.0,data/train_images/Triloculina plicata_2_view5_zstack_slice_z0017.png,train
Triloculina plicata,2,5,data/train_images/S002_A240_Z0018_C00.tif,zstack_slice,18.0,data/train_images/Triloculina plicata_2_view5_zstack_slice_z0018.png,train
Triloculina plicata,2,5,data/train_images/S002_A240_Z0019_C00.tif,zstack_slice,19.0,data/train_images/Triloculina plicata_2_view5_zstack_slice_z0019.png,train
Triloculina plicata,2,5,data/train_images/S002_A240_Z0020_C00.tif,zstack_slice,20.0,data/train_images/Triloculina plicata_2_view5_zstack_slice_z0020.png,train
Triloculina plicata,2,5,data/train_images/S002_A240_Z0021_C00.tif,zstack_slice,21.0,data/train_images/Triloculina plicata_2_view5_zstack_slice_z0021.png,train
Triloculina plicata,2,5,data/train_images/S002_A240_Z0022_C00.tif,zstack_slice,22.0,data/train_images/Triloculina plicata_2_view5_zstack_slice_z0022.png,train
Triloculina plicata,2,5,data/train_images/S002_A240_Z0023_C00.tif,zstack_slice,23.0,data/train_images/Triloculina plicata_2_view5_zstack_slice_z0023.png,train
Triloculina plicata,2,5,data/train_images/S002_A240_Z0024_C00.tif,zstack_slice,24.0,data/train_images/Triloculina plicata_2_view5_zstack_slice_z0024.png,train
Triloculina plicata,2,5,data/train_images/S002_A240_Z0025_C00.tif,zstack_slice,25.0,data/train_images/Triloculina plicata_2_view5_zstack_slice_z0025.png,train
Triloculina plicata,2,5,data/train_images/S002_A240_Z0026_C00.tif,zstack_slice,26.0,data/train_images/Triloculina plicata_2_view5_zstack_slice_z0026.png,train
Triloculina plicata,2,5,data/train_images/S002_A240_Z0027_C00.tif,zstack_slice,27.0,data/train_images/Triloculina plicata_2_view5_zstack_slice_z0027.png,train
Triloculina plicata,2,6,data/train_images/Triloculina plicata_2_view6_gif_original.png,gif_original,,data/train_images/Triloculina plicata_2_view6_gif_original.png,train
Triloculina plicata,2,6,data/train_images/S002_A300_stacked.tif,stacked_tiff,,data/train_images/Triloculina plicata_2_view6_stacked_tiff.png,train
Triloculina plicata,2,6,data/train_images/S002_A300_Z0000_C00.tif,zstack_slice,0.0,data/train_images/Triloculina plicata_2_view6_zstack_slice_z0000.png,train
Triloculina plicata,2,6,data/train_images/S002_A300_Z0001_C00.tif,zstack_slice,1.0,data/train_images/Triloculina plicata_2_view6_zstack_slice_z0001.png,train
Triloculina plicata,2,6,data/train_images/S002_A300_Z0002_C00.tif,zstack_slice,2.0,data/train_images/Triloculina plicata_2_view6_zstack_slice_z0002.png,train
Triloculina plicata,2,6,data/train_images/S002_A300_Z0003_C00.tif,zstack_slice,3.0,data/train_images/Triloculina plicata_2_view6_zstack_slice_z0003.png,train
Triloculina plicata,2,6,data/train_images/S002_A300_Z0004_C00.tif,zstack_slice,4.0,data/train_images/Triloculina plicata_2_view6_zstack_slice_z0004.png,train
Triloculina plicata,2,6,data/train_images/S002_A300_Z0005_C00.tif,zstack_slice,5.0,data/train_images/Triloculina plicata_2_view6_zstack_slice_z0005.png,train
Triloculina plicata,2,6,data/train_images/S002_A300_Z0006_C00.tif,zstack_slice,6.0,data/train_images/Triloculina plicata_2_view6_zstack_slice_z0006.png,train
Triloculina plicata,2,6,data/train_images/S002_A300_Z0007_C00.tif,zstack_slice,7.0,data/train_images/Triloculina plicata_2_view6_zstack_slice_z0007.png,train
Triloculina plicata,2,6,data/train_images/S002_A300_Z0008_C00.tif,zstack_slice,8.0,data/train_images/Triloculina plicata_2_view6_zstack_slice_z0008.png,train
Triloculina plicata,2,6,data/train_images/S002_A300_Z0009_C00.tif,zstack_slice,9.0,data/train_images/Triloculina plicata_2_view6_zstack_slice_z0009.png,train
Triloculina plicata,2,6,data/train_images/S002_A300_Z0010_C00.tif,zstack_slice,10.0,data/train_images/Triloculina plicata_2_view6_zstack_slice_z0010.png,train
Triloculina plicata,2,6,data/train_images/S002_A300_Z0011_C00.tif,zstack_slice,11.0,data/train_images/Triloculina plicata_2_view6_zstack_slice_z0011.png,train
Triloculina plicata,2,6,data/train_images/S002_A300_Z0012_C00.tif,zstack_slice,12.0,data/train_images/Triloculina plicata_2_view6_zstack_slice_z0012.png,train
Triloculina plicata,2,6,data/train_images/S002_A300_Z0013_C00.tif,zstack_slice,13.0,data/train_images/Triloculina plicata_2_view6_zstack_slice_z0013.png,train
Triloculina plicata,2,6,data/train_images/S002_A300_Z0014_C00.tif,zstack_slice,14.0,data/train_images/Triloculina plicata_2_view6_zstack_slice_z0014.png,train
Triloculina plicata,2,6,data/train_images/S002_A300_Z0015_C00.tif,zstack_slice,15.0,data/train_images/Triloculina plicata_2_view6_zstack_slice_z0015.png,train
Triloculina plicata,2,6,data/train_images/S002_A300_Z0016_C00.tif,zstack_slice,16.0,data/train_images/Triloculina plicata_2_view6_zstack_slice_z0016.png,train
Triloculina plicata,2,6,data/train_images/S002_A300_Z0017_C00.tif,zstack_slice,17.0,data/train_images/Triloculina plicata_2_view6_zstack_slice_z0017.png,train
Triloculina plicata,2,6,data/train_images/S002_A300_Z0018_C00.tif,zstack_slice,18.0,data/train_images/Triloculina plicata_2_view6_zstack_slice_z0018.png,train
Triloculina plicata,2,6,data/train_images/S002_A300_Z0019_C00.tif,zstack_slice,19.0,data/train_images/Triloculina plicata_2_view6_zstack_slice_z0019.png,train
Triloculina plicata,2,6,data/train_images/S002_A300_Z0020_C00.tif,zstack_slice,20.0,data/train_images/Triloculina plicata_2_view6_zstack_slice_z0020.png,train
Triloculina plicata,2,6,data/train_images/S002_A300_Z0021_C00.tif,zstack_slice,21.0,data/train_images/Triloculina plicata_2_view6_zstack_slice_z0021.png,train
Triloculina plicata,2,6,data/train_images/S002_A300_Z0022_C00.tif,zstack_slice,22.0,data/train_images/Triloculina plicata_2_view6_zstack_slice_z0022.png,train
Triloculina plicata,2,6,data/train_images/S002_A300_Z0023_C00.tif,zstack_slice,23.0,data/train_images/Triloculina plicata_2_view6_zstack_slice_z0023.png,train
Triloculina plicata,2,6,data/train_images/S002_A300_Z0024_C00.tif,zstack_slice,24.0,data/train_images/Triloculina plicata_2_view6_zstack_slice_z0024.png,train
Triloculina plicata,2,6,data/train_images/S002_A300_Z0025_C00.tif,zstack_slice,25.0,data/train_images/Triloculina plicata_2_view6_zstack_slice_z0025.png,train
Triloculina plicata,2,6,data/train_images/S002_A300_Z0026_C00.tif,zstack_slice,26.0,data/train_images/Triloculina plicata_2_view6_zstack_slice_z0026.png,train
Triloculina plicata,2,6,data/train_images/S002_A300_Z0027_C00.tif,zstack_slice,27.0,data/train_images/Triloculina plicata_2_view6_zstack_slice_z0027.png,train
Triloculina plicata,2,6,data/train_images/S002_A300_Z0028_C00.tif,zstack_slice,28.0,data/train_images/Triloculina plicata_2_view6_zstack_slice_z0028.png,train
Triloculina plicata,2,6,data/train_images/S002_A300_Z0029_C00.tif,zstack_slice,29.0,data/train_images/Triloculina plicata_2_view6_zstack_slice_z0029.png,train
Triloculina plicata,2,6,data/train_images/S002_A300_Z0030_C00.tif,zstack_slice,30.0,data/train_images/Triloculina plicata_2_view6_zstack_slice_z0030.png,train
Triloculina plicata,2,6,data/train_images/S002_A300_Z0031_C00.tif,zstack_slice,31.0,data/train_images/Triloculina plicata_2_view6_zstack_slice_z0031.png,train
Triloculina plicata,2,6,data/train_images/S002_A300_Z0032_C00.tif,zstack_slice,32.0,data/train_images/Triloculina plicata_2_view6_zstack_slice_z0032.png,train
Triloculina plicata,2,6,data/train_images/S002_A300_Z0033_C00.tif,zstack_slice,33.0,data/train_images/Triloculina plicata_2_view6_zstack_slice_z0033.png,train
Triloculina plicata,2,6,data/train_images/S002_A300_Z0034_C00.tif,zstack_slice,34.0,data/train_images/Triloculina plicata_2_view6_zstack_slice_z0034.png,train
Triloculina plicata,2,6,data/train_images/S002_A300_Z0035_C00.tif,zstack_slice,35.0,data/train_images/Triloculina plicata_2_view6_zstack_slice_z0035.png,train
Triloculina plicata,2,6,data/train_images/S002_A300_Z0036_C00.tif,zstack_slice,36.0,data/train_images/Triloculina plicata_2_view6_zstack_slice_z0036.png,train
Triloculina plicata,2,6,data/train_images/S002_A300_Z0037_C00.tif,zstack_slice,37.0,data/train_images/Triloculina plicata_2_view6_zstack_slice_z0037.png,train
Triloculina plicata,2,6,data/train_images/S002_A300_Z0038_C00.tif,zstack_slice,38.0,data/train_images/Triloculina plicata_2_view6_zstack_slice_z0038.png,train
Triloculina plicata,2,6,data/train_images/S002_A300_Z0039_C00.tif,zstack_slice,39.0,data/train_images/Triloculina plicata_2_view6_zstack_slice_z0039.png,train
Triloculina plicata,2,6,data/train_images/S002_A300_Z0040_C00.tif,zstack_slice,40.0,data/train_images/Triloculina plicata_2_view6_zstack_slice_z0040.png,train
Triloculina plicata,2,6,data/train_images/S002_A300_Z0041_C00.tif,zstack_slice,41.0,data/train_images/Triloculina plicata_2_view6_zstack_slice_z0041.png,train
Triloculina plicata,2,6,data/train_images/S002_A300_Z0042_C00.tif,zstack_slice,42.0,data/train_images/Triloculina plicata_2_view6_zstack_slice_z0042.png,train
Triloculina plicata,2,6,data/train_images/S002_A300_Z0043_C00.tif,zstack_slice,43.0,data/train_images/Triloculina plicata_2_view6_zstack_slice_z0043.png,train
Triloculina plicata,2,6,data/train_images/S002_A300_Z0044_C00.tif,zstack_slice,44.0,data/train_images/Triloculina plicata_2_view6_zstack_slice_z0044.png,train
Triloculina plicata,2,6,data/train_images/S002_A300_Z0045_C00.tif,zstack_slice,45.0,data/train_images/Triloculina plicata_2_view6_zstack_slice_z0045.png,train
Triloculina plicata,2,6,data/train_images/S002_A300_Z0046_C00.tif,zstack_slice,46.0,data/train_images/Triloculina plicata_2_view6_zstack_slice_z0046.png,train
Triloculina plicata,2,6,data/train_images/S002_A300_Z0047_C00.tif,zstack_slice,47.0,data/train_images/Triloculina plicata_2_view6_zstack_slice_z0047.png,train
Triloculina plicata,2,6,data/train_images/S002_A300_Z0048_C00.tif,zstack_slice,48.0,data/train_images/Triloculina plicata_2_view6_zstack_slice_z0048.png,train
Triloculina plicata,2,6,data/train_images/S002_A300_Z0049_C00.tif,zstack_slice,49.0,data/train_images/Triloculina plicata_2_view6_zstack_slice_z0049.png,train
Triloculina plicata,2,6,data/train_images/S002_A300_Z0050_C00.tif,zstack_slice,50.0,data/train_images/Triloculina plicata_2_view6_zstack_slice_z0050.png,train
Triloculina plicata,2,6,data/train_images/S002_A300_Z0051_C00.tif,zstack_slice,51.0,data/train_images/Triloculina plicata_2_view6_zstack_slice_z0051.png,train
Triloculina plicata,2,6,data/train_images/S002_A300_Z0052_C00.tif,zstack_slice,52.0,data/train_images/Triloculina plicata_2_view6_zstack_slice_z0052.png,train
Triloculina plicata,2,6,data/train_images/S002_A300_Z0053_C00.tif,zstack_slice,53.0,data/train_images/Triloculina plicata_2_view6_zstack_slice_z0053.png,train
Triloculina plicata,2,6,data/train_images/S002_A300_Z0054_C00.tif,zstack_slice,54.0,data/train_images/Triloculina plicata_2_view6_zstack_slice_z0054.png,train
Triloculina plicata,2,6,data/train_images/S002_A300_Z0055_C00.tif,zstack_slice,55.0,data/train_images/Triloculina plicata_2_view6_zstack_slice_z0055.png,train
Triloculina plicata,2,6,data/train_images/S002_A300_Z0056_C00.tif,zstack_slice,56.0,data/train_images/Triloculina plicata_2_view6_zstack_slice_z0056.png,train
Triloculina plicata,2,6,data/train_images/S002_A300_Z0057_C00.tif,zstack_slice,57.0,data/train_images/Triloculina plicata_2_view6_zstack_slice_z0057.png,train
Triloculina trigonula,14,1,data/train_images/Triloculina trigonula_14_view1_gif_original.png,gif_original,,data/train_images/Triloculina trigonula_14_view1_gif_original.png,train
Triloculina trigonula,14,1,data/train_images/S014_A000_stacked.tif,stacked_tiff,,data/train_images/Triloculina trigonula_14_view1_stacked_tiff.png,train
Triloculina trigonula,14,1,data/train_images/S014_A000_Z0000_C00.tif,zstack_slice,0.0,data/train_images/Triloculina trigonula_14_view1_zstack_slice_z0000.png,train
Triloculina trigonula,14,1,data/train_images/S014_A000_Z0001_C00.tif,zstack_slice,1.0,data/train_images/Triloculina trigonula_14_view1_zstack_slice_z0001.png,train
Triloculina trigonula,14,1,data/train_images/S014_A000_Z0002_C00.tif,zstack_slice,2.0,data/train_images/Triloculina trigonula_14_view1_zstack_slice_z0002.png,train
Triloculina trigonula,14,1,data/train_images/S014_A000_Z0003_C00.tif,zstack_slice,3.0,data/train_images/Triloculina trigonula_14_view1_zstack_slice_z0003.png,train
Triloculina trigonula,14,1,data/train_images/S014_A000_Z0004_C00.tif,zstack_slice,4.0,data/train_images/Triloculina trigonula_14_view1_zstack_slice_z0004.png,train
Triloculina trigonula,14,1,data/train_images/S014_A000_Z0005_C00.tif,zstack_slice,5.0,data/train_images/Triloculina trigonula_14_view1_zstack_slice_z0005.png,train
Triloculina trigonula,14,1,data/train_images/S014_A000_Z0006_C00.tif,zstack_slice,6.0,data/train_images/Triloculina trigonula_14_view1_zstack_slice_z0006.png,train
Triloculina trigonula,14,1,data/train_images/S014_A000_Z0007_C00.tif,zstack_slice,7.0,data/train_images/Triloculina trigonula_14_view1_zstack_slice_z0007.png,train
Triloculina trigonula,14,1,data/train_images/S014_A000_Z0008_C00.tif,zstack_slice,8.0,data/train_images/Triloculina trigonula_14_view1_zstack_slice_z0008.png,train
Triloculina trigonula,14,1,data/train_images/S014_A000_Z0009_C00.tif,zstack_slice,9.0,data/train_images/Triloculina trigonula_14_view1_zstack_slice_z0009.png,train
Triloculina trigonula,14,1,data/train_images/S014_A000_Z0010_C00.tif,zstack_slice,10.0,data/train_images/Triloculina trigonula_14_view1_zstack_slice_z0010.png,train
Triloculina trigonula,14,1,data/train_images/S014_A000_Z0011_C00.tif,zstack_slice,11.0,data/train_images/Triloculina trigonula_14_view1_zstack_slice_z0011.png,train
Triloculina trigonula,14,1,data/train_images/S014_A000_Z0012_C00.tif,zstack_slice,12.0,data/train_images/Triloculina trigonula_14_view1_zstack_slice_z0012.png,train
Triloculina trigonula,14,1,data/train_images/S014_A000_Z0013_C00.tif,zstack_slice,13.0,data/train_images/Triloculina trigonula_14_view1_zstack_slice_z0013.png,train
Triloculina trigonula,14,1,data/train_images/S014_A000_Z0014_C00.tif,zstack_slice,14.0,data/train_images/Triloculina trigonula_14_view1_zstack_slice_z0014.png,train
Triloculina trigonula,14,1,data/train_images/S014_A000_Z0015_C00.tif,zstack_slice,15.0,data/train_images/Triloculina trigonula_14_view1_zstack_slice_z0015.png,train
Triloculina trigonula,14,1,data/train_images/S014_A000_Z0016_C00.tif,zstack_slice,16.0,data/train_images/Triloculina trigonula_14_view1_zstack_slice_z0016.png,train
Triloculina trigonula,14,1,data/train_images/S014_A000_Z0017_C00.tif,zstack_slice,17.0,data/train_images/Triloculina trigonula_14_view1_zstack_slice_z0017.png,train
Triloculina trigonula,14,1,data/train_images/S014_A000_Z0018_C00.tif,zstack_slice,18.0,data/train_images/Triloculina trigonula_14_view1_zstack_slice_z0018.png,train
Triloculina trigonula,14,1,data/train_images/S014_A000_Z0019_C00.tif,zstack_slice,19.0,data/train_images/Triloculina trigonula_14_view1_zstack_slice_z0019.png,train
Triloculina trigonula,14,1,data/train_images/S014_A000_Z0020_C00.tif,zstack_slice,20.0,data/train_images/Triloculina trigonula_14_view1_zstack_slice_z0020.png,train
Triloculina trigonula,14,1,data/train_images/S014_A000_Z0021_C00.tif,zstack_slice,21.0,data/train_images/Triloculina trigonula_14_view1_zstack_slice_z0021.png,train
Triloculina trigonula,14,1,data/train_images/S014_A000_Z0022_C00.tif,zstack_slice,22.0,data/train_images/Triloculina trigonula_14_view1_zstack_slice_z0022.png,train
Triloculina trigonula,14,1,data/train_images/S014_A000_Z0023_C00.tif,zstack_slice,23.0,data/train_images/Triloculina trigonula_14_view1_zstack_slice_z0023.png,train
Triloculina trigonula,14,1,data/train_images/S014_A000_Z0024_C00.tif,zstack_slice,24.0,data/train_images/Triloculina trigonula_14_view1_zstack_slice_z0024.png,train
Triloculina trigonula,14,1,data/train_images/S014_A000_Z0025_C00.tif,zstack_slice,25.0,data/train_images/Triloculina trigonula_14_view1_zstack_slice_z0025.png,train
Triloculina trigonula,14,1,data/train_images/S014_A000_Z0026_C00.tif,zstack_slice,26.0,data/train_images/Triloculina trigonula_14_view1_zstack_slice_z0026.png,train
Triloculina trigonula,14,1,data/train_images/S014_A000_Z0027_C00.tif,zstack_slice,27.0,data/train_images/Triloculina trigonula_14_view1_zstack_slice_z0027.png,train
Triloculina trigonula,14,1,data/train_images/S014_A000_Z0028_C00.tif,zstack_slice,28.0,data/train_images/Triloculina trigonula_14_view1_zstack_slice_z0028.png,train
Triloculina trigonula,14,1,data/train_images/S014_A000_Z0029_C00.tif,zstack_slice,29.0,data/train_images/Triloculina trigonula_14_view1_zstack_slice_z0029.png,train
Triloculina trigonula,14,1,data/train_images/S014_A000_Z0030_C00.tif,zstack_slice,30.0,data/train_images/Triloculina trigonula_14_view1_zstack_slice_z0030.png,train
Triloculina trigonula,14,1,data/train_images/S014_A000_Z0031_C00.tif,zstack_slice,31.0,data/train_images/Triloculina trigonula_14_view1_zstack_slice_z0031.png,train
Triloculina trigonula,14,1,data/train_images/S014_A000_Z0032_C00.tif,zstack_slice,32.0,data/train_images/Triloculina trigonula_14_view1_zstack_slice_z0032.png,train
Triloculina trigonula,14,1,data/train_images/S014_A000_Z0033_C00.tif,zstack_slice,33.0,data/train_images/Triloculina trigonula_14_view1_zstack_slice_z0033.png,train
Triloculina trigonula,14,1,data/train_images/S014_A000_Z0034_C00.tif,zstack_slice,34.0,data/train_images/Triloculina trigonula_14_view1_zstack_slice_z0034.png,train
Triloculina trigonula,14,1,data/train_images/S014_A000_Z0035_C00.tif,zstack_slice,35.0,data/train_images/Triloculina trigonula_14_view1_zstack_slice_z0035.png,train
Triloculina trigonula,14,1,data/train_images/S014_A000_Z0036_C00.tif,zstack_slice,36.0,data/train_images/Triloculina trigonula_14_view1_zstack_slice_z0036.png,train
Triloculina trigonula,14,1,data/train_images/S014_A000_Z0037_C00.tif,zstack_slice,37.0,data/train_images/Triloculina trigonula_14_view1_zstack_slice_z0037.png,train
Triloculina trigonula,14,1,data/train_images/S014_A000_Z0038_C00.tif,zstack_slice,38.0,data/train_images/Triloculina trigonula_14_view1_zstack_slice_z0038.png,train
Triloculina trigonula,14,1,data/train_images/S014_A000_Z0039_C00.tif,zstack_slice,39.0,data/train_images/Triloculina trigonula_14_view1_zstack_slice_z0039.png,train
Triloculina trigonula,14,1,data/train_images/S014_A000_Z0040_C00.tif,zstack_slice,40.0,data/train_images/Triloculina trigonula_14_view1_zstack_slice_z0040.png,train
Triloculina trigonula,14,1,data/train_images/S014_A000_Z0041_C00.tif,zstack_slice,41.0,data/train_images/Triloculina trigonula_14_view1_zstack_slice_z0041.png,train
Triloculina trigonula,14,1,data/train_images/S014_A000_Z0042_C00.tif,zstack_slice,42.0,data/train_images/Triloculina trigonula_14_view1_zstack_slice_z0042.png,train
Triloculina trigonula,14,1,data/train_images/S014_A000_Z0043_C00.tif,zstack_slice,43.0,data/train_images/Triloculina trigonula_14_view1_zstack_slice_z0043.png,train
Triloculina trigonula,14,1,data/train_images/S014_A000_Z0044_C00.tif,zstack_slice,44.0,data/train_images/Triloculina trigonula_14_view1_zstack_slice_z0044.png,train
Triloculina trigonula,14,1,data/train_images/S014_A000_Z0045_C00.tif,zstack_slice,45.0,data/train_images/Triloculina trigonula_14_view1_zstack_slice_z0045.png,train
Triloculina trigonula,14,1,data/train_images/S014_A000_Z0046_C00.tif,zstack_slice,46.0,data/train_images/Triloculina trigonula_14_view1_zstack_slice_z0046.png,train
Triloculina trigonula,14,1,data/train_images/S014_A000_Z0047_C00.tif,zstack_slice,47.0,data/train_images/Triloculina trigonula_14_view1_zstack_slice_z0047.png,train
Triloculina trigonula,14,1,data/train_images/S014_A000_Z0048_C00.tif,zstack_slice,48.0,data/train_images/Triloculina trigonula_14_view1_zstack_slice_z0048.png,train
Triloculina trigonula,14,1,data/train_images/S014_A000_Z0049_C00.tif,zstack_slice,49.0,data/train_images/Triloculina trigonula_14_view1_zstack_slice_z0049.png,train
Triloculina trigonula,14,1,data/train_images/S014_A000_Z0050_C00.tif,zstack_slice,50.0,data/train_images/Triloculina trigonula_14_view1_zstack_slice_z0050.png,train
Triloculina trigonula,14,1,data/train_images/S014_A000_Z0051_C00.tif,zstack_slice,51.0,data/train_images/Triloculina trigonula_14_view1_zstack_slice_z0051.png,train
Triloculina trigonula,14,1,data/train_images/S014_A000_Z0052_C00.tif,zstack_slice,52.0,data/train_images/Triloculina trigonula_14_view1_zstack_slice_z0052.png,train
Triloculina trigonula,14,1,data/train_images/S014_A000_Z0053_C00.tif,zstack_slice,53.0,data/train_images/Triloculina trigonula_14_view1_zstack_slice_z0053.png,train
Triloculina trigonula,14,1,data/train_images/S014_A000_Z0054_C00.tif,zstack_slice,54.0,data/train_images/Triloculina trigonula_14_view1_zstack_slice_z0054.png,train
Triloculina trigonula,14,1,data/train_images/S014_A000_Z0055_C00.tif,zstack_slice,55.0,data/train_images/Triloculina trigonula_14_view1_zstack_slice_z0055.png,train
Triloculina trigonula,14,1,data/train_images/S014_A000_Z0056_C00.tif,zstack_slice,56.0,data/train_images/Triloculina trigonula_14_view1_zstack_slice_z0056.png,train
Triloculina trigonula,14,1,data/train_images/S014_A000_Z0057_C00.tif,zstack_slice,57.0,data/train_images/Triloculina trigonula_14_view1_zstack_slice_z0057.png,train
Triloculina trigonula,14,1,data/train_images/S014_A000_Z0058_C00.tif,zstack_slice,58.0,data/train_images/Triloculina trigonula_14_view1_zstack_slice_z0058.png,train
Triloculina trigonula,14,1,data/train_images/S014_A000_Z0059_C00.tif,zstack_slice,59.0,data/train_images/Triloculina trigonula_14_view1_zstack_slice_z0059.png,train
Triloculina trigonula,14,1,data/train_images/S014_A000_Z0060_C00.tif,zstack_slice,60.0,data/train_images/Triloculina trigonula_14_view1_zstack_slice_z0060.png,train
Triloculina trigonula,14,1,data/train_images/S014_A000_Z0061_C00.tif,zstack_slice,61.0,data/train_images/Triloculina trigonula_14_view1_zstack_slice_z0061.png,train
Triloculina trigonula,14,1,data/train_images/S014_A000_Z0062_C00.tif,zstack_slice,62.0,data/train_images/Triloculina trigonula_14_view1_zstack_slice_z0062.png,train
Triloculina trigonula,14,1,data/train_images/S014_A000_Z0063_C00.tif,zstack_slice,63.0,data/train_images/Triloculina trigonula_14_view1_zstack_slice_z0063.png,train
Triloculina trigonula,14,1,data/train_images/S014_A000_Z0064_C00.tif,zstack_slice,64.0,data/train_images/Triloculina trigonula_14_view1_zstack_slice_z0064.png,train
Triloculina trigonula,14,1,data/train_images/S014_A000_Z0065_C00.tif,zstack_slice,65.0,data/train_images/Triloculina trigonula_14_view1_zstack_slice_z0065.png,train
Triloculina trigonula,14,1,data/train_images/S014_A000_Z0066_C00.tif,zstack_slice,66.0,data/train_images/Triloculina trigonula_14_view1_zstack_slice_z0066.png,train
Triloculina trigonula,14,1,data/train_images/S014_A000_Z0067_C00.tif,zstack_slice,67.0,data/train_images/Triloculina trigonula_14_view1_zstack_slice_z0067.png,train
Triloculina trigonula,14,1,data/train_images/S014_A000_Z0068_C00.tif,zstack_slice,68.0,data/train_images/Triloculina trigonula_14_view1_zstack_slice_z0068.png,train
Triloculina trigonula,14,1,data/train_images/S014_A000_Z0069_C00.tif,zstack_slice,69.0,data/train_images/Triloculina trigonula_14_view1_zstack_slice_z0069.png,train
Triloculina trigonula,14,1,data/train_images/S014_A000_Z0070_C00.tif,zstack_slice,70.0,data/train_images/Triloculina trigonula_14_view1_zstack_slice_z0070.png,train
Triloculina trigonula,14,1,data/train_images/S014_A000_Z0071_C00.tif,zstack_slice,71.0,data/train_images/Triloculina trigonula_14_view1_zstack_slice_z0071.png,train
Triloculina trigonula,14,1,data/train_images/S014_A000_Z0072_C00.tif,zstack_slice,72.0,data/train_images/Triloculina trigonula_14_view1_zstack_slice_z0072.png,train
Triloculina trigonula,14,1,data/train_images/S014_A000_Z0073_C00.tif,zstack_slice,73.0,data/train_images/Triloculina trigonula_14_view1_zstack_slice_z0073.png,train
Triloculina trigonula,14,1,data/train_images/S014_A000_Z0074_C00.tif,zstack_slice,74.0,data/train_images/Triloculina trigonula_14_view1_zstack_slice_z0074.png,train
Triloculina trigonula,14,1,data/train_images/S014_A000_Z0075_C00.tif,zstack_slice,75.0,data/train_images/Triloculina trigonula_14_view1_zstack_slice_z0075.png,train
Triloculina trigonula,14,1,data/train_images/S014_A000_Z0076_C00.tif,zstack_slice,76.0,data/train_images/Triloculina trigonula_14_view1_zstack_slice_z0076.png,train
Triloculina trigonula,14,1,data/train_images/S014_A000_Z0077_C00.tif,zstack_slice,77.0,data/train_images/Triloculina trigonula_14_view1_zstack_slice_z0077.png,train
Triloculina trigonula,14,1,data/train_images/S014_A000_Z0078_C00.tif,zstack_slice,78.0,data/train_images/Triloculina trigonula_14_view1_zstack_slice_z0078.png,train
Triloculina trigonula,14,1,data/train_images/S014_A000_Z0079_C00.tif,zstack_slice,79.0,data/train_images/Triloculina trigonula_14_view1_zstack_slice_z0079.png,train
Triloculina trigonula,14,1,data/train_images/S014_A000_Z0080_C00.tif,zstack_slice,80.0,data/train_images/Triloculina trigonula_14_view1_zstack_slice_z0080.png,train
Triloculina trigonula,14,1,data/train_images/S014_A000_Z0081_C00.tif,zstack_slice,81.0,data/train_images/Triloculina trigonula_14_view1_zstack_slice_z0081.png,train
Triloculina trigonula,14,1,data/train_images/S014_A000_Z0082_C00.tif,zstack_slice,82.0,data/train_images/Triloculina trigonula_14_view1_zstack_slice_z0082.png,train
Triloculina trigonula,14,1,data/train_images/S014_A000_Z0083_C00.tif,zstack_slice,83.0,data/train_images/Triloculina trigonula_14_view1_zstack_slice_z0083.png,train
Triloculina trigonula,14,1,data/train_images/S014_A000_Z0084_C00.tif,zstack_slice,84.0,data/train_images/Triloculina trigonula_14_view1_zstack_slice_z0084.png,train
Triloculina trigonula,14,1,data/train_images/S014_A000_Z0085_C00.tif,zstack_slice,85.0,data/train_images/Triloculina trigonula_14_view1_zstack_slice_z0085.png,train
Triloculina trigonula,14,1,data/train_images/S014_A000_Z0086_C00.tif,zstack_slice,86.0,data/train_images/Triloculina trigonula_14_view1_zstack_slice_z0086.png,train
Triloculina trigonula,14,1,data/train_images/S014_A000_Z0087_C00.tif,zstack_slice,87.0,data/train_images/Triloculina trigonula_14_view1_zstack_slice_z0087.png,train
Triloculina trigonula,14,1,data/train_images/S014_A000_Z0088_C00.tif,zstack_slice,88.0,data/train_images/Triloculina trigonula_14_view1_zstack_slice_z0088.png,train
Triloculina trigonula,14,1,data/train_images/S014_A000_Z0089_C00.tif,zstack_slice,89.0,data/train_images/Triloculina trigonula_14_view1_zstack_slice_z0089.png,train
Triloculina trigonula,14,1,data/train_images/S014_A000_Z0090_C00.tif,zstack_slice,90.0,data/train_images/Triloculina trigonula_14_view1_zstack_slice_z0090.png,train
Triloculina trigonula,14,1,data/train_images/S014_A000_Z0091_C00.tif,zstack_slice,91.0,data/train_images/Triloculina trigonula_14_view1_zstack_slice_z0091.png,train
Triloculina trigonula,14,1,data/train_images/S014_A000_Z0092_C00.tif,zstack_slice,92.0,data/train_images/Triloculina trigonula_14_view1_zstack_slice_z0092.png,train
Triloculina trigonula,14,1,data/train_images/S014_A000_Z0093_C00.tif,zstack_slice,93.0,data/train_images/Triloculina trigonula_14_view1_zstack_slice_z0093.png,train
Triloculina trigonula,14,1,data/train_images/S014_A000_Z0094_C00.tif,zstack_slice,94.0,data/train_images/Triloculina trigonula_14_view1_zstack_slice_z0094.png,train
Triloculina trigonula,14,1,data/train_images/S014_A000_Z0095_C00.tif,zstack_slice,95.0,data/train_images/Triloculina trigonula_14_view1_zstack_slice_z0095.png,train
Triloculina trigonula,14,1,data/train_images/S014_A000_Z0096_C00.tif,zstack_slice,96.0,data/train_images/Triloculina trigonula_14_view1_zstack_slice_z0096.png,train
Triloculina trigonula,14,1,data/train_images/S014_A000_Z0097_C00.tif,zstack_slice,97.0,data/train_images/Triloculina trigonula_14_view1_zstack_slice_z0097.png,train
Triloculina trigonula,14,1,data/train_images/S014_A000_Z0098_C00.tif,zstack_slice,98.0,data/train_images/Triloculina trigonula_14_view1_zstack_slice_z0098.png,train
Triloculina trigonula,14,1,data/train_images/S014_A000_Z0099_C00.tif,zstack_slice,99.0,data/train_images/Triloculina trigonula_14_view1_zstack_slice_z0099.png,train
Triloculina trigonula,14,1,data/train_images/S014_A000_Z0100_C00.tif,zstack_slice,100.0,data/train_images/Triloculina trigonula_14_view1_zstack_slice_z0100.png,train
Triloculina trigonula,14,1,data/train_images/S014_A000_Z0101_C00.tif,zstack_slice,101.0,data/train_images/Triloculina trigonula_14_view1_zstack_slice_z0101.png,train
Triloculina trigonula,14,1,data/train_images/S014_A000_Z0102_C00.tif,zstack_slice,102.0,data/train_images/Triloculina trigonula_14_view1_zstack_slice_z0102.png,train
Triloculina trigonula,14,1,data/train_images/S014_A000_Z0103_C00.tif,zstack_slice,103.0,data/train_images/Triloculina trigonula_14_view1_zstack_slice_z0103.png,train
Triloculina trigonula,14,1,data/train_images/S014_A000_Z0104_C00.tif,zstack_slice,104.0,data/train_images/Triloculina trigonula_14_view1_zstack_slice_z0104.png,train
Triloculina trigonula,14,1,data/train_images/S014_A000_Z0105_C00.tif,zstack_slice,105.0,data/train_images/Triloculina trigonula_14_view1_zstack_slice_z0105.png,train
Triloculina trigonula,14,1,data/train_images/S014_A000_Z0106_C00.tif,zstack_slice,106.0,data/train_images/Triloculina trigonula_14_view1_zstack_slice_z0106.png,train
Triloculina trigonula,14,1,data/train_images/S014_A000_Z0107_C00.tif,zstack_slice,107.0,data/train_images/Triloculina trigonula_14_view1_zstack_slice_z0107.png,train
Triloculina trigonula,14,1,data/train_images/S014_A000_Z0108_C00.tif,zstack_slice,108.0,data/train_images/Triloculina trigonula_14_view1_zstack_slice_z0108.png,train
Triloculina trigonula,14,1,data/train_images/S014_A000_Z0109_C00.tif,zstack_slice,109.0,data/train_images/Triloculina trigonula_14_view1_zstack_slice_z0109.png,train
Triloculina trigonula,14,1,data/train_images/S014_A000_Z0110_C00.tif,zstack_slice,110.0,data/train_images/Triloculina trigonula_14_view1_zstack_slice_z0110.png,train
Triloculina trigonula,14,1,data/train_images/S014_A000_Z0111_C00.tif,zstack_slice,111.0,data/train_images/Triloculina trigonula_14_view1_zstack_slice_z0111.png,train
Triloculina trigonula,14,3,data/train_images/Triloculina trigonula_14_view3_gif_original.png,gif_original,,data/train_images/Triloculina trigonula_14_view3_gif_original.png,train
Triloculina trigonula,14,3,data/train_images/S014_A120_stacked.tif,stacked_tiff,,data/train_images/Triloculina trigonula_14_view3_stacked_tiff.png,train
Triloculina trigonula,14,3,data/train_images/S014_A120_Z0000_C00.tif,zstack_slice,0.0,data/train_images/Triloculina trigonula_14_view3_zstack_slice_z0000.png,train
Triloculina trigonula,14,3,data/train_images/S014_A120_Z0001_C00.tif,zstack_slice,1.0,data/train_images/Triloculina trigonula_14_view3_zstack_slice_z0001.png,train
Triloculina trigonula,14,3,data/train_images/S014_A120_Z0002_C00.tif,zstack_slice,2.0,data/train_images/Triloculina trigonula_14_view3_zstack_slice_z0002.png,train
Triloculina trigonula,14,3,data/train_images/S014_A120_Z0003_C00.tif,zstack_slice,3.0,data/train_images/Triloculina trigonula_14_view3_zstack_slice_z0003.png,train
Triloculina trigonula,14,3,data/train_images/S014_A120_Z0004_C00.tif,zstack_slice,4.0,data/train_images/Triloculina trigonula_14_view3_zstack_slice_z0004.png,train
Triloculina trigonula,14,3,data/train_images/S014_A120_Z0005_C00.tif,zstack_slice,5.0,data/train_images/Triloculina trigonula_14_view3_zstack_slice_z0005.png,train
Triloculina trigonula,14,3,data/train_images/S014_A120_Z0006_C00.tif,zstack_slice,6.0,data/train_images/Triloculina trigonula_14_view3_zstack_slice_z0006.png,train
Triloculina trigonula,14,3,data/train_images/S014_A120_Z0007_C00.tif,zstack_slice,7.0,data/train_images/Triloculina trigonula_14_view3_zstack_slice_z0007.png,train
Triloculina trigonula,14,3,data/train_images/S014_A120_Z0008_C00.tif,zstack_slice,8.0,data/train_images/Triloculina trigonula_14_view3_zstack_slice_z0008.png,train
Triloculina trigonula,14,3,data/train_images/S014_A120_Z0009_C00.tif,zstack_slice,9.0,data/train_images/Triloculina trigonula_14_view3_zstack_slice_z0009.png,train
Triloculina trigonula,14,3,data/train_images/S014_A120_Z0010_C00.tif,zstack_slice,10.0,data/train_images/Triloculina trigonula_14_view3_zstack_slice_z0010.png,train
Triloculina trigonula,14,3,data/train_images/S014_A120_Z0011_C00.tif,zstack_slice,11.0,data/train_images/Triloculina trigonula_14_view3_zstack_slice_z0011.png,train
Triloculina trigonula,14,3,data/train_images/S014_A120_Z0012_C00.tif,zstack_slice,12.0,data/train_images/Triloculina trigonula_14_view3_zstack_slice_z0012.png,train
Triloculina trigonula,14,3,data/train_images/S014_A120_Z0013_C00.tif,zstack_slice,13.0,data/train_images/Triloculina trigonula_14_view3_zstack_slice_z0013.png,train
Triloculina trigonula,14,3,data/train_images/S014_A120_Z0014_C00.tif,zstack_slice,14.0,data/train_images/Triloculina trigonula_14_view3_zstack_slice_z0014.png,train
Triloculina trigonula,14,3,data/train_images/S014_A120_Z0015_C00.tif,zstack_slice,15.0,data/train_images/Triloculina trigonula_14_view3_zstack_slice_z0015.png,train
Triloculina trigonula,14,3,data/train_images/S014_A120_Z0016_C00.tif,zstack_slice,16.0,data/train_images/Triloculina trigonula_14_view3_zstack_slice_z0016.png,train
Triloculina trigonula,14,3,data/train_images/S014_A120_Z0017_C00.tif,zstack_slice,17.0,data/train_images/Triloculina trigonula_14_view3_zstack_slice_z0017.png,train
Triloculina trigonula,14,3,data/train_images/S014_A120_Z0018_C00.tif,zstack_slice,18.0,data/train_images/Triloculina trigonula_14_view3_zstack_slice_z0018.png,train
Triloculina trigonula,14,3,data/train_images/S014_A120_Z0019_C00.tif,zstack_slice,19.0,data/train_images/Triloculina trigonula_14_view3_zstack_slice_z0019.png,train
Triloculina trigonula,14,3,data/train_images/S014_A120_Z0020_C00.tif,zstack_slice,20.0,data/train_images/Triloculina trigonula_14_view3_zstack_slice_z0020.png,train
Triloculina trigonula,14,3,data/train_images/S014_A120_Z0021_C00.tif,zstack_slice,21.0,data/train_images/Triloculina trigonula_14_view3_zstack_slice_z0021.png,train
Triloculina trigonula,14,3,data/train_images/S014_A120_Z0022_C00.tif,zstack_slice,22.0,data/train_images/Triloculina trigonula_14_view3_zstack_slice_z0022.png,train
Triloculina trigonula,14,3,data/train_images/S014_A120_Z0023_C00.tif,zstack_slice,23.0,data/train_images/Triloculina trigonula_14_view3_zstack_slice_z0023.png,train
Triloculina trigonula,14,3,data/train_images/S014_A120_Z0024_C00.tif,zstack_slice,24.0,data/train_images/Triloculina trigonula_14_view3_zstack_slice_z0024.png,train
Triloculina trigonula,14,3,data/train_images/S014_A120_Z0025_C00.tif,zstack_slice,25.0,data/train_images/Triloculina trigonula_14_view3_zstack_slice_z0025.png,train
Triloculina trigonula,14,3,data/train_images/S014_A120_Z0026_C00.tif,zstack_slice,26.0,data/train_images/Triloculina trigonula_14_view3_zstack_slice_z0026.png,train
Triloculina trigonula,14,3,data/train_images/S014_A120_Z0027_C00.tif,zstack_slice,27.0,data/train_images/Triloculina trigonula_14_view3_zstack_slice_z0027.png,train
Triloculina trigonula,14,3,data/train_images/S014_A120_Z0028_C00.tif,zstack_slice,28.0,data/train_images/Triloculina trigonula_14_view3_zstack_slice_z0028.png,train
Triloculina trigonula,14,3,data/train_images/S014_A120_Z0029_C00.tif,zstack_slice,29.0,data/train_images/Triloculina trigonula_14_view3_zstack_slice_z0029.png,train
Triloculina trigonula,14,3,data/train_images/S014_A120_Z0030_C00.tif,zstack_slice,30.0,data/train_images/Triloculina trigonula_14_view3_zstack_slice_z0030.png,train
Triloculina trigonula,14,3,data/train_images/S014_A120_Z0031_C00.tif,zstack_slice,31.0,data/train_images/Triloculina trigonula_14_view3_zstack_slice_z0031.png,train
Triloculina trigonula,14,3,data/train_images/S014_A120_Z0032_C00.tif,zstack_slice,32.0,data/train_images/Triloculina trigonula_14_view3_zstack_slice_z0032.png,train
Triloculina trigonula,14,3,data/train_images/S014_A120_Z0033_C00.tif,zstack_slice,33.0,data/train_images/Triloculina trigonula_14_view3_zstack_slice_z0033.png,train
Triloculina trigonula,14,3,data/train_images/S014_A120_Z0034_C00.tif,zstack_slice,34.0,data/train_images/Triloculina trigonula_14_view3_zstack_slice_z0034.png,train
Triloculina trigonula,14,3,data/train_images/S014_A120_Z0035_C00.tif,zstack_slice,35.0,data/train_images/Triloculina trigonula_14_view3_zstack_slice_z0035.png,train
Triloculina trigonula,14,3,data/train_images/S014_A120_Z0036_C00.tif,zstack_slice,36.0,data/train_images/Triloculina trigonula_14_view3_zstack_slice_z0036.png,train
Triloculina trigonula,14,3,data/train_images/S014_A120_Z0037_C00.tif,zstack_slice,37.0,data/train_images/Triloculina trigonula_14_view3_zstack_slice_z0037.png,train
Triloculina trigonula,14,3,data/train_images/S014_A120_Z0038_C00.tif,zstack_slice,38.0,data/train_images/Triloculina trigonula_14_view3_zstack_slice_z0038.png,train
Triloculina trigonula,14,3,data/train_images/S014_A120_Z0039_C00.tif,zstack_slice,39.0,data/train_images/Triloculina trigonula_14_view3_zstack_slice_z0039.png,train
Triloculina trigonula,14,3,data/train_images/S014_A120_Z0040_C00.tif,zstack_slice,40.0,data/train_images/Triloculina trigonula_14_view3_zstack_slice_z0040.png,train
Triloculina trigonula,14,3,data/train_images/S014_A120_Z0041_C00.tif,zstack_slice,41.0,data/train_images/Triloculina trigonula_14_view3_zstack_slice_z0041.png,train
Triloculina trigonula,14,3,data/train_images/S014_A120_Z0042_C00.tif,zstack_slice,42.0,data/train_images/Triloculina trigonula_14_view3_zstack_slice_z0042.png,train
Triloculina trigonula,14,3,data/train_images/S014_A120_Z0043_C00.tif,zstack_slice,43.0,data/train_images/Triloculina trigonula_14_view3_zstack_slice_z0043.png,train
Triloculina trigonula,14,3,data/train_images/S014_A120_Z0044_C00.tif,zstack_slice,44.0,data/train_images/Triloculina trigonula_14_view3_zstack_slice_z0044.png,train
Triloculina trigonula,14,3,data/train_images/S014_A120_Z0045_C00.tif,zstack_slice,45.0,data/train_images/Triloculina trigonula_14_view3_zstack_slice_z0045.png,train
Triloculina trigonula,14,3,data/train_images/S014_A120_Z0046_C00.tif,zstack_slice,46.0,data/train_images/Triloculina trigonula_14_view3_zstack_slice_z0046.png,train
Triloculina trigonula,14,3,data/train_images/S014_A120_Z0047_C00.tif,zstack_slice,47.0,data/train_images/Triloculina trigonula_14_view3_zstack_slice_z0047.png,train
Triloculina trigonula,14,3,data/train_images/S014_A120_Z0048_C00.tif,zstack_slice,48.0,data/train_images/Triloculina trigonula_14_view3_zstack_slice_z0048.png,train
Triloculina trigonula,14,3,data/train_images/S014_A120_Z0049_C00.tif,zstack_slice,49.0,data/train_images/Triloculina trigonula_14_view3_zstack_slice_z0049.png,train
Triloculina trigonula,14,3,data/train_images/S014_A120_Z0050_C00.tif,zstack_slice,50.0,data/train_images/Triloculina trigonula_14_view3_zstack_slice_z0050.png,train
Triloculina trigonula,14,3,data/train_images/S014_A120_Z0051_C00.tif,zstack_slice,51.0,data/train_images/Triloculina trigonula_14_view3_zstack_slice_z0051.png,train
Triloculina trigonula,14,3,data/train_images/S014_A120_Z0052_C00.tif,zstack_slice,52.0,data/train_images/Triloculina trigonula_14_view3_zstack_slice_z0052.png,train
Triloculina trigonula,14,3,data/train_images/S014_A120_Z0053_C00.tif,zstack_slice,53.0,data/train_images/Triloculina trigonula_14_view3_zstack_slice_z0053.png,train
Triloculina trigonula,14,3,data/train_images/S014_A120_Z0054_C00.tif,zstack_slice,54.0,data/train_images/Triloculina trigonula_14_view3_zstack_slice_z0054.png,train
Triloculina trigonula,14,3,data/train_images/S014_A120_Z0055_C00.tif,zstack_slice,55.0,data/train_images/Triloculina trigonula_14_view3_zstack_slice_z0055.png,train
Triloculina trigonula,14,3,data/train_images/S014_A120_Z0056_C00.tif,zstack_slice,56.0,data/train_images/Triloculina trigonula_14_view3_zstack_slice_z0056.png,train
Triloculina trigonula,14,3,data/train_images/S014_A120_Z0057_C00.tif,zstack_slice,57.0,data/train_images/Triloculina trigonula_14_view3_zstack_slice_z0057.png,train
Triloculina trigonula,14,3,data/train_images/S014_A120_Z0058_C00.tif,zstack_slice,58.0,data/train_images/Triloculina trigonula_14_view3_zstack_slice_z0058.png,train
Triloculina trigonula,14,3,data/train_images/S014_A120_Z0059_C00.tif,zstack_slice,59.0,data/train_images/Triloculina trigonula_14_view3_zstack_slice_z0059.png,train
Triloculina trigonula,14,3,data/train_images/S014_A120_Z0060_C00.tif,zstack_slice,60.0,data/train_images/Triloculina trigonula_14_view3_zstack_slice_z0060.png,train
Triloculina trigonula,14,3,data/train_images/S014_A120_Z0061_C00.tif,zstack_slice,61.0,data/train_images/Triloculina trigonula_14_view3_zstack_slice_z0061.png,train
Triloculina trigonula,14,3,data/train_images/S014_A120_Z0062_C00.tif,zstack_slice,62.0,data/train_images/Triloculina trigonula_14_view3_zstack_slice_z0062.png,train
Triloculina trigonula,14,3,data/train_images/S014_A120_Z0063_C00.tif,zstack_slice,63.0,data/train_images/Triloculina trigonula_14_view3_zstack_slice_z0063.png,train
Triloculina trigonula,14,3,data/train_images/S014_A120_Z0064_C00.tif,zstack_slice,64.0,data/train_images/Triloculina trigonula_14_view3_zstack_slice_z0064.png,train
Triloculina trigonula,14,3,data/train_images/S014_A120_Z0065_C00.tif,zstack_slice,65.0,data/train_images/Triloculina trigonula_14_view3_zstack_slice_z0065.png,train
Triloculina trigonula,14,3,data/train_images/S014_A120_Z0066_C00.tif,zstack_slice,66.0,data/train_images/Triloculina trigonula_14_view3_zstack_slice_z0066.png,train
Triloculina trigonula,14,3,data/train_images/S014_A120_Z0067_C00.tif,zstack_slice,67.0,data/train_images/Triloculina trigonula_14_view3_zstack_slice_z0067.png,train
Triloculina trigonula,14,3,data/train_images/S014_A120_Z0068_C00.tif,zstack_slice,68.0,data/train_images/Triloculina trigonula_14_view3_zstack_slice_z0068.png,train
Triloculina trigonula,14,3,data/train_images/S014_A120_Z0069_C00.tif,zstack_slice,69.0,data/train_images/Triloculina trigonula_14_view3_zstack_slice_z0069.png,train
Triloculina trigonula,14,3,data/train_images/S014_A120_Z0070_C00.tif,zstack_slice,70.0,data/train_images/Triloculina trigonula_14_view3_zstack_slice_z0070.png,train
Triloculina trigonula,14,3,data/train_images/S014_A120_Z0071_C00.tif,zstack_slice,71.0,data/train_images/Triloculina trigonula_14_view3_zstack_slice_z0071.png,train
Triloculina trigonula,14,3,data/train_images/S014_A120_Z0072_C00.tif,zstack_slice,72.0,data/train_images/Triloculina trigonula_14_view3_zstack_slice_z0072.png,train
Triloculina trigonula,14,3,data/train_images/S014_A120_Z0073_C00.tif,zstack_slice,73.0,data/train_images/Triloculina trigonula_14_view3_zstack_slice_z0073.png,train
Triloculina trigonula,14,3,data/train_images/S014_A120_Z0074_C00.tif,zstack_slice,74.0,data/train_images/Triloculina trigonula_14_view3_zstack_slice_z0074.png,train
Triloculina trigonula,14,3,data/train_images/S014_A120_Z0075_C00.tif,zstack_slice,75.0,data/train_images/Triloculina trigonula_14_view3_zstack_slice_z0075.png,train
Triloculina trigonula,14,3,data/train_images/S014_A120_Z0076_C00.tif,zstack_slice,76.0,data/train_images/Triloculina trigonula_14_view3_zstack_slice_z0076.png,train
Triloculina trigonula,14,3,data/train_images/S014_A120_Z0077_C00.tif,zstack_slice,77.0,data/train_images/Triloculina trigonula_14_view3_zstack_slice_z0077.png,train
Triloculina trigonula,14,3,data/train_images/S014_A120_Z0078_C00.tif,zstack_slice,78.0,data/train_images/Triloculina trigonula_14_view3_zstack_slice_z0078.png,train
Triloculina trigonula,14,3,data/train_images/S014_A120_Z0079_C00.tif,zstack_slice,79.0,data/train_images/Triloculina trigonula_14_view3_zstack_slice_z0079.png,train
Triloculina trigonula,14,3,data/train_images/S014_A120_Z0080_C00.tif,zstack_slice,80.0,data/train_images/Triloculina trigonula_14_view3_zstack_slice_z0080.png,train
Triloculina trigonula,14,3,data/train_images/S014_A120_Z0081_C00.tif,zstack_slice,81.0,data/train_images/Triloculina trigonula_14_view3_zstack_slice_z0081.png,train
Triloculina trigonula,14,3,data/train_images/S014_A120_Z0082_C00.tif,zstack_slice,82.0,data/train_images/Triloculina trigonula_14_view3_zstack_slice_z0082.png,train
Triloculina trigonula,14,3,data/train_images/S014_A120_Z0083_C00.tif,zstack_slice,83.0,data/train_images/Triloculina trigonula_14_view3_zstack_slice_z0083.png,train
Triloculina trigonula,14,3,data/train_images/S014_A120_Z0084_C00.tif,zstack_slice,84.0,data/train_images/Triloculina trigonula_14_view3_zstack_slice_z0084.png,train
Triloculina trigonula,14,3,data/train_images/S014_A120_Z0085_C00.tif,zstack_slice,85.0,data/train_images/Triloculina trigonula_14_view3_zstack_slice_z0085.png,train
Triloculina trigonula,14,3,data/train_images/S014_A120_Z0086_C00.tif,zstack_slice,86.0,data/train_images/Triloculina trigonula_14_view3_zstack_slice_z0086.png,train
Triloculina trigonula,14,3,data/train_images/S014_A120_Z0087_C00.tif,zstack_slice,87.0,data/train_images/Triloculina trigonula_14_view3_zstack_slice_z0087.png,train
Triloculina trigonula,14,3,data/train_images/S014_A120_Z0088_C00.tif,zstack_slice,88.0,data/train_images/Triloculina trigonula_14_view3_zstack_slice_z0088.png,train
Triloculina trigonula,14,3,data/train_images/S014_A120_Z0089_C00.tif,zstack_slice,89.0,data/train_images/Triloculina trigonula_14_view3_zstack_slice_z0089.png,train
Triloculina trigonula,14,3,data/train_images/S014_A120_Z0090_C00.tif,zstack_slice,90.0,data/train_images/Triloculina trigonula_14_view3_zstack_slice_z0090.png,train
Triloculina trigonula,14,3,data/train_images/S014_A120_Z0091_C00.tif,zstack_slice,91.0,data/train_images/Triloculina trigonula_14_view3_zstack_slice_z0091.png,train
Triloculina trigonula,14,3,data/train_images/S014_A120_Z0092_C00.tif,zstack_slice,92.0,data/train_images/Triloculina trigonula_14_view3_zstack_slice_z0092.png,train
Triloculina trigonula,14,3,data/train_images/S014_A120_Z0093_C00.tif,zstack_slice,93.0,data/train_images/Triloculina trigonula_14_view3_zstack_slice_z0093.png,train
Triloculina trigonula,14,3,data/train_images/S014_A120_Z0094_C00.tif,zstack_slice,94.0,data/train_images/Triloculina trigonula_14_view3_zstack_slice_z0094.png,train
Triloculina trigonula,14,3,data/train_images/S014_A120_Z0095_C00.tif,zstack_slice,95.0,data/train_images/Triloculina trigonula_14_view3_zstack_slice_z0095.png,train
Triloculina trigonula,14,3,data/train_images/S014_A120_Z0096_C00.tif,zstack_slice,96.0,data/train_images/Triloculina trigonula_14_view3_zstack_slice_z0096.png,train
Triloculina trigonula,14,3,data/train_images/S014_A120_Z0097_C00.tif,zstack_slice,97.0,data/train_images/Triloculina trigonula_14_view3_zstack_slice_z0097.png,train
Triloculina trigonula,14,3,data/train_images/S014_A120_Z0098_C00.tif,zstack_slice,98.0,data/train_images/Triloculina trigonula_14_view3_zstack_slice_z0098.png,train
Triloculina trigonula,14,3,data/train_images/S014_A120_Z0099_C00.tif,zstack_slice,99.0,data/train_images/Triloculina trigonula_14_view3_zstack_slice_z0099.png,train
Triloculina trigonula,14,3,data/train_images/S014_A120_Z0100_C00.tif,zstack_slice,100.0,data/train_images/Triloculina trigonula_14_view3_zstack_slice_z0100.png,train
Triloculina trigonula,14,3,data/train_images/S014_A120_Z0101_C00.tif,zstack_slice,101.0,data/train_images/Triloculina trigonula_14_view3_zstack_slice_z0101.png,train
Triloculina trigonula,14,3,data/train_images/S014_A120_Z0102_C00.tif,zstack_slice,102.0,data/train_images/Triloculina trigonula_14_view3_zstack_slice_z0102.png,train
Triloculina trigonula,14,3,data/train_images/S014_A120_Z0103_C00.tif,zstack_slice,103.0,data/train_images/Triloculina trigonula_14_view3_zstack_slice_z0103.png,train
Triloculina trigonula,14,3,data/train_images/S014_A120_Z0104_C00.tif,zstack_slice,104.0,data/train_images/Triloculina trigonula_14_view3_zstack_slice_z0104.png,train
Triloculina trigonula,14,3,data/train_images/S014_A120_Z0105_C00.tif,zstack_slice,105.0,data/train_images/Triloculina trigonula_14_view3_zstack_slice_z0105.png,train
Triloculina trigonula,14,3,data/train_images/S014_A120_Z0106_C00.tif,zstack_slice,106.0,data/train_images/Triloculina trigonula_14_view3_zstack_slice_z0106.png,train
Triloculina trigonula,14,3,data/train_images/S014_A120_Z0107_C00.tif,zstack_slice,107.0,data/train_images/Triloculina trigonula_14_view3_zstack_slice_z0107.png,train
Triloculina trigonula,14,3,data/train_images/S014_A120_Z0108_C00.tif,zstack_slice,108.0,data/train_images/Triloculina trigonula_14_view3_zstack_slice_z0108.png,train
Triloculina trigonula,14,3,data/train_images/S014_A120_Z0109_C00.tif,zstack_slice,109.0,data/train_images/Triloculina trigonula_14_view3_zstack_slice_z0109.png,train
Triloculina trigonula,14,3,data/train_images/S014_A120_Z0110_C00.tif,zstack_slice,110.0,data/train_images/Triloculina trigonula_14_view3_zstack_slice_z0110.png,train
Triloculina trigonula,14,3,data/train_images/S014_A120_Z0111_C00.tif,zstack_slice,111.0,data/train_images/Triloculina trigonula_14_view3_zstack_slice_z0111.png,train
Triloculina trigonula,14,3,data/train_images/S014_A120_Z0112_C00.tif,zstack_slice,112.0,data/train_images/Triloculina trigonula_14_view3_zstack_slice_z0112.png,train
Triloculina trigonula,14,3,data/train_images/S014_A120_Z0113_C00.tif,zstack_slice,113.0,data/train_images/Triloculina trigonula_14_view3_zstack_slice_z0113.png,train
Triloculina trigonula,14,3,data/train_images/S014_A120_Z0114_C00.tif,zstack_slice,114.0,data/train_images/Triloculina trigonula_14_view3_zstack_slice_z0114.png,train
Triloculina trigonula,14,3,data/train_images/S014_A120_Z0115_C00.tif,zstack_slice,115.0,data/train_images/Triloculina trigonula_14_view3_zstack_slice_z0115.png,train
Triloculina trigonula,14,3,data/train_images/S014_A120_Z0116_C00.tif,zstack_slice,116.0,data/train_images/Triloculina trigonula_14_view3_zstack_slice_z0116.png,train
Triloculina trigonula,14,3,data/train_images/S014_A120_Z0117_C00.tif,zstack_slice,117.0,data/train_images/Triloculina trigonula_14_view3_zstack_slice_z0117.png,train
Triloculina trigonula,14,3,data/train_images/S014_A120_Z0118_C00.tif,zstack_slice,118.0,data/train_images/Triloculina trigonula_14_view3_zstack_slice_z0118.png,train
Triloculina trigonula,14,3,data/train_images/S014_A120_Z0119_C00.tif,zstack_slice,119.0,data/train_images/Triloculina trigonula_14_view3_zstack_slice_z0119.png,train
Triloculina trigonula,14,3,data/train_images/S014_A120_Z0120_C00.tif,zstack_slice,120.0,data/train_images/Triloculina trigonula_14_view3_zstack_slice_z0120.png,train
Triloculina trigonula,14,3,data/train_images/S014_A120_Z0121_C00.tif,zstack_slice,121.0,data/train_images/Triloculina trigonula_14_view3_zstack_slice_z0121.png,train
Triloculina trigonula,14,3,data/train_images/S014_A120_Z0122_C00.tif,zstack_slice,122.0,data/train_images/Triloculina trigonula_14_view3_zstack_slice_z0122.png,train
Triloculina trigonula,14,3,data/train_images/S014_A120_Z0123_C00.tif,zstack_slice,123.0,data/train_images/Triloculina trigonula_14_view3_zstack_slice_z0123.png,train
Triloculina trigonula,14,3,data/train_images/S014_A120_Z0124_C00.tif,zstack_slice,124.0,data/train_images/Triloculina trigonula_14_view3_zstack_slice_z0124.png,train
Triloculina trigonula,14,3,data/train_images/S014_A120_Z0125_C00.tif,zstack_slice,125.0,data/train_images/Triloculina trigonula_14_view3_zstack_slice_z0125.png,train
Triloculina trigonula,14,3,data/train_images/S014_A120_Z0126_C00.tif,zstack_slice,126.0,data/train_images/Triloculina trigonula_14_view3_zstack_slice_z0126.png,train
Triloculina trigonula,14,4,data/train_images/Triloculina trigonula_14_view4_gif_original.png,gif_original,,data/train_images/Triloculina trigonula_14_view4_gif_original.png,train
Triloculina trigonula,14,4,data/train_images/S014_A180_stacked.tif,stacked_tiff,,data/train_images/Triloculina trigonula_14_view4_stacked_tiff.png,train
Triloculina trigonula,14,4,data/train_images/S014_A180_Z0000_C00.tif,zstack_slice,0.0,data/train_images/Triloculina trigonula_14_view4_zstack_slice_z0000.png,train
Triloculina trigonula,14,4,data/train_images/S014_A180_Z0001_C00.tif,zstack_slice,1.0,data/train_images/Triloculina trigonula_14_view4_zstack_slice_z0001.png,train
Triloculina trigonula,14,4,data/train_images/S014_A180_Z0002_C00.tif,zstack_slice,2.0,data/train_images/Triloculina trigonula_14_view4_zstack_slice_z0002.png,train
Triloculina trigonula,14,4,data/train_images/S014_A180_Z0003_C00.tif,zstack_slice,3.0,data/train_images/Triloculina trigonula_14_view4_zstack_slice_z0003.png,train
Triloculina trigonula,14,4,data/train_images/S014_A180_Z0004_C00.tif,zstack_slice,4.0,data/train_images/Triloculina trigonula_14_view4_zstack_slice_z0004.png,train
Triloculina trigonula,14,4,data/train_images/S014_A180_Z0005_C00.tif,zstack_slice,5.0,data/train_images/Triloculina trigonula_14_view4_zstack_slice_z0005.png,train
Triloculina trigonula,14,4,data/train_images/S014_A180_Z0006_C00.tif,zstack_slice,6.0,data/train_images/Triloculina trigonula_14_view4_zstack_slice_z0006.png,train
Triloculina trigonula,14,4,data/train_images/S014_A180_Z0007_C00.tif,zstack_slice,7.0,data/train_images/Triloculina trigonula_14_view4_zstack_slice_z0007.png,train
Triloculina trigonula,14,4,data/train_images/S014_A180_Z0008_C00.tif,zstack_slice,8.0,data/train_images/Triloculina trigonula_14_view4_zstack_slice_z0008.png,train
Triloculina trigonula,14,4,data/train_images/S014_A180_Z0009_C00.tif,zstack_slice,9.0,data/train_images/Triloculina trigonula_14_view4_zstack_slice_z0009.png,train
Triloculina trigonula,14,4,data/train_images/S014_A180_Z0010_C00.tif,zstack_slice,10.0,data/train_images/Triloculina trigonula_14_view4_zstack_slice_z0010.png,train
Triloculina trigonula,14,4,data/train_images/S014_A180_Z0011_C00.tif,zstack_slice,11.0,data/train_images/Triloculina trigonula_14_view4_zstack_slice_z0011.png,train
Triloculina trigonula,14,4,data/train_images/S014_A180_Z0012_C00.tif,zstack_slice,12.0,data/train_images/Triloculina trigonula_14_view4_zstack_slice_z0012.png,train
Triloculina trigonula,14,4,data/train_images/S014_A180_Z0013_C00.tif,zstack_slice,13.0,data/train_images/Triloculina trigonula_14_view4_zstack_slice_z0013.png,train
Triloculina trigonula,14,4,data/train_images/S014_A180_Z0014_C00.tif,zstack_slice,14.0,data/train_images/Triloculina trigonula_14_view4_zstack_slice_z0014.png,train
Triloculina trigonula,14,4,data/train_images/S014_A180_Z0015_C00.tif,zstack_slice,15.0,data/train_images/Triloculina trigonula_14_view4_zstack_slice_z0015.png,train
Triloculina trigonula,14,4,data/train_images/S014_A180_Z0016_C00.tif,zstack_slice,16.0,data/train_images/Triloculina trigonula_14_view4_zstack_slice_z0016.png,train
Triloculina trigonula,14,4,data/train_images/S014_A180_Z0017_C00.tif,zstack_slice,17.0,data/train_images/Triloculina trigonula_14_view4_zstack_slice_z0017.png,train
Triloculina trigonula,14,4,data/train_images/S014_A180_Z0018_C00.tif,zstack_slice,18.0,data/train_images/Triloculina trigonula_14_view4_zstack_slice_z0018.png,train
Triloculina trigonula,14,4,data/train_images/S014_A180_Z0019_C00.tif,zstack_slice,19.0,data/train_images/Triloculina trigonula_14_view4_zstack_slice_z0019.png,train
Triloculina trigonula,14,4,data/train_images/S014_A180_Z0020_C00.tif,zstack_slice,20.0,data/train_images/Triloculina trigonula_14_view4_zstack_slice_z0020.png,train
Triloculina trigonula,14,4,data/train_images/S014_A180_Z0021_C00.tif,zstack_slice,21.0,data/train_images/Triloculina trigonula_14_view4_zstack_slice_z0021.png,train
Triloculina trigonula,14,4,data/train_images/S014_A180_Z0022_C00.tif,zstack_slice,22.0,data/train_images/Triloculina trigonula_14_view4_zstack_slice_z0022.png,train
Triloculina trigonula,14,4,data/train_images/S014_A180_Z0023_C00.tif,zstack_slice,23.0,data/train_images/Triloculina trigonula_14_view4_zstack_slice_z0023.png,train
Triloculina trigonula,14,4,data/train_images/S014_A180_Z0024_C00.tif,zstack_slice,24.0,data/train_images/Triloculina trigonula_14_view4_zstack_slice_z0024.png,train
Triloculina trigonula,14,4,data/train_images/S014_A180_Z0025_C00.tif,zstack_slice,25.0,data/train_images/Triloculina trigonula_14_view4_zstack_slice_z0025.png,train
Triloculina trigonula,14,4,data/train_images/S014_A180_Z0026_C00.tif,zstack_slice,26.0,data/train_images/Triloculina trigonula_14_view4_zstack_slice_z0026.png,train
Triloculina trigonula,14,4,data/train_images/S014_A180_Z0027_C00.tif,zstack_slice,27.0,data/train_images/Triloculina trigonula_14_view4_zstack_slice_z0027.png,train
Triloculina trigonula,14,4,data/train_images/S014_A180_Z0028_C00.tif,zstack_slice,28.0,data/train_images/Triloculina trigonula_14_view4_zstack_slice_z0028.png,train
Triloculina trigonula,14,4,data/train_images/S014_A180_Z0029_C00.tif,zstack_slice,29.0,data/train_images/Triloculina trigonula_14_view4_zstack_slice_z0029.png,train
Triloculina trigonula,14,4,data/train_images/S014_A180_Z0030_C00.tif,zstack_slice,30.0,data/train_images/Triloculina trigonula_14_view4_zstack_slice_z0030.png,train
Triloculina trigonula,14,4,data/train_images/S014_A180_Z0031_C00.tif,zstack_slice,31.0,data/train_images/Triloculina trigonula_14_view4_zstack_slice_z0031.png,train
Triloculina trigonula,14,4,data/train_images/S014_A180_Z0032_C00.tif,zstack_slice,32.0,data/train_images/Triloculina trigonula_14_view4_zstack_slice_z0032.png,train
Triloculina trigonula,14,4,data/train_images/S014_A180_Z0033_C00.tif,zstack_slice,33.0,data/train_images/Triloculina trigonula_14_view4_zstack_slice_z0033.png,train
Triloculina trigonula,14,4,data/train_images/S014_A180_Z0034_C00.tif,zstack_slice,34.0,data/train_images/Triloculina trigonula_14_view4_zstack_slice_z0034.png,train
Triloculina trigonula,14,4,data/train_images/S014_A180_Z0035_C00.tif,zstack_slice,35.0,data/train_images/Triloculina trigonula_14_view4_zstack_slice_z0035.png,train
Triloculina trigonula,14,4,data/train_images/S014_A180_Z0036_C00.tif,zstack_slice,36.0,data/train_images/Triloculina trigonula_14_view4_zstack_slice_z0036.png,train
Triloculina trigonula,14,4,data/train_images/S014_A180_Z0037_C00.tif,zstack_slice,37.0,data/train_images/Triloculina trigonula_14_view4_zstack_slice_z0037.png,train
Triloculina trigonula,14,4,data/train_images/S014_A180_Z0038_C00.tif,zstack_slice,38.0,data/train_images/Triloculina trigonula_14_view4_zstack_slice_z0038.png,train
Triloculina trigonula,14,4,data/train_images/S014_A180_Z0039_C00.tif,zstack_slice,39.0,data/train_images/Triloculina trigonula_14_view4_zstack_slice_z0039.png,train
Triloculina trigonula,14,4,data/train_images/S014_A180_Z0040_C00.tif,zstack_slice,40.0,data/train_images/Triloculina trigonula_14_view4_zstack_slice_z0040.png,train
Triloculina trigonula,14,4,data/train_images/S014_A180_Z0041_C00.tif,zstack_slice,41.0,data/train_images/Triloculina trigonula_14_view4_zstack_slice_z0041.png,train
Triloculina trigonula,14,4,data/train_images/S014_A180_Z0042_C00.tif,zstack_slice,42.0,data/train_images/Triloculina trigonula_14_view4_zstack_slice_z0042.png,train
Triloculina trigonula,14,4,data/train_images/S014_A180_Z0043_C00.tif,zstack_slice,43.0,data/train_images/Triloculina trigonula_14_view4_zstack_slice_z0043.png,train
Triloculina trigonula,14,4,data/train_images/S014_A180_Z0044_C00.tif,zstack_slice,44.0,data/train_images/Triloculina trigonula_14_view4_zstack_slice_z0044.png,train
Triloculina trigonula,14,4,data/train_images/S014_A180_Z0045_C00.tif,zstack_slice,45.0,data/train_images/Triloculina trigonula_14_view4_zstack_slice_z0045.png,train
Triloculina trigonula,14,4,data/train_images/S014_A180_Z0046_C00.tif,zstack_slice,46.0,data/train_images/Triloculina trigonula_14_view4_zstack_slice_z0046.png,train
Triloculina trigonula,14,4,data/train_images/S014_A180_Z0047_C00.tif,zstack_slice,47.0,data/train_images/Triloculina trigonula_14_view4_zstack_slice_z0047.png,train
Triloculina trigonula,14,4,data/train_images/S014_A180_Z0048_C00.tif,zstack_slice,48.0,data/train_images/Triloculina trigonula_14_view4_zstack_slice_z0048.png,train
Triloculina trigonula,14,4,data/train_images/S014_A180_Z0049_C00.tif,zstack_slice,49.0,data/train_images/Triloculina trigonula_14_view4_zstack_slice_z0049.png,train
Triloculina trigonula,14,4,data/train_images/S014_A180_Z0050_C00.tif,zstack_slice,50.0,data/train_images/Triloculina trigonula_14_view4_zstack_slice_z0050.png,train
Triloculina trigonula,14,4,data/train_images/S014_A180_Z0051_C00.tif,zstack_slice,51.0,data/train_images/Triloculina trigonula_14_view4_zstack_slice_z0051.png,train
Triloculina trigonula,14,4,data/train_images/S014_A180_Z0052_C00.tif,zstack_slice,52.0,data/train_images/Triloculina trigonula_14_view4_zstack_slice_z0052.png,train
Triloculina trigonula,14,4,data/train_images/S014_A180_Z0053_C00.tif,zstack_slice,53.0,data/train_images/Triloculina trigonula_14_view4_zstack_slice_z0053.png,train
Triloculina trigonula,14,4,data/train_images/S014_A180_Z0054_C00.tif,zstack_slice,54.0,data/train_images/Triloculina trigonula_14_view4_zstack_slice_z0054.png,train
Triloculina trigonula,14,4,data/train_images/S014_A180_Z0055_C00.tif,zstack_slice,55.0,data/train_images/Triloculina trigonula_14_view4_zstack_slice_z0055.png,train
Triloculina trigonula,14,4,data/train_images/S014_A180_Z0056_C00.tif,zstack_slice,56.0,data/train_images/Triloculina trigonula_14_view4_zstack_slice_z0056.png,train
Triloculina trigonula,14,4,data/train_images/S014_A180_Z0057_C00.tif,zstack_slice,57.0,data/train_images/Triloculina trigonula_14_view4_zstack_slice_z0057.png,train
Triloculina trigonula,14,4,data/train_images/S014_A180_Z0058_C00.tif,zstack_slice,58.0,data/train_images/Triloculina trigonula_14_view4_zstack_slice_z0058.png,train
Triloculina trigonula,14,4,data/train_images/S014_A180_Z0059_C00.tif,zstack_slice,59.0,data/train_images/Triloculina trigonula_14_view4_zstack_slice_z0059.png,train
Triloculina trigonula,14,4,data/train_images/S014_A180_Z0060_C00.tif,zstack_slice,60.0,data/train_images/Triloculina trigonula_14_view4_zstack_slice_z0060.png,train
Triloculina trigonula,14,4,data/train_images/S014_A180_Z0061_C00.tif,zstack_slice,61.0,data/train_images/Triloculina trigonula_14_view4_zstack_slice_z0061.png,train
Triloculina trigonula,14,4,data/train_images/S014_A180_Z0062_C00.tif,zstack_slice,62.0,data/train_images/Triloculina trigonula_14_view4_zstack_slice_z0062.png,train
Triloculina trigonula,14,4,data/train_images/S014_A180_Z0063_C00.tif,zstack_slice,63.0,data/train_images/Triloculina trigonula_14_view4_zstack_slice_z0063.png,train
Triloculina trigonula,14,4,data/train_images/S014_A180_Z0064_C00.tif,zstack_slice,64.0,data/train_images/Triloculina trigonula_14_view4_zstack_slice_z0064.png,train
Triloculina trigonula,14,4,data/train_images/S014_A180_Z0065_C00.tif,zstack_slice,65.0,data/train_images/Triloculina trigonula_14_view4_zstack_slice_z0065.png,train
Triloculina trigonula,14,4,data/train_images/S014_A180_Z0066_C00.tif,zstack_slice,66.0,data/train_images/Triloculina trigonula_14_view4_zstack_slice_z0066.png,train
Triloculina trigonula,14,4,data/train_images/S014_A180_Z0067_C00.tif,zstack_slice,67.0,data/train_images/Triloculina trigonula_14_view4_zstack_slice_z0067.png,train
Triloculina trigonula,14,4,data/train_images/S014_A180_Z0068_C00.tif,zstack_slice,68.0,data/train_images/Triloculina trigonula_14_view4_zstack_slice_z0068.png,train
Triloculina trigonula,14,4,data/train_images/S014_A180_Z0069_C00.tif,zstack_slice,69.0,data/train_images/Triloculina trigonula_14_view4_zstack_slice_z0069.png,train
Triloculina trigonula,14,4,data/train_images/S014_A180_Z0070_C00.tif,zstack_slice,70.0,data/train_images/Triloculina trigonula_14_view4_zstack_slice_z0070.png,train
Triloculina trigonula,14,4,data/train_images/S014_A180_Z0071_C00.tif,zstack_slice,71.0,data/train_images/Triloculina trigonula_14_view4_zstack_slice_z0071.png,train
Triloculina trigonula,14,4,data/train_images/S014_A180_Z0072_C00.tif,zstack_slice,72.0,data/train_images/Triloculina trigonula_14_view4_zstack_slice_z0072.png,train
Triloculina trigonula,14,4,data/train_images/S014_A180_Z0073_C00.tif,zstack_slice,73.0,data/train_images/Triloculina trigonula_14_view4_zstack_slice_z0073.png,train
Triloculina trigonula,14,4,data/train_images/S014_A180_Z0074_C00.tif,zstack_slice,74.0,data/train_images/Triloculina trigonula_14_view4_zstack_slice_z0074.png,train
Triloculina trigonula,14,4,data/train_images/S014_A180_Z0075_C00.tif,zstack_slice,75.0,data/train_images/Triloculina trigonula_14_view4_zstack_slice_z0075.png,train
Triloculina trigonula,14,4,data/train_images/S014_A180_Z0076_C00.tif,zstack_slice,76.0,data/train_images/Triloculina trigonula_14_view4_zstack_slice_z0076.png,train
Triloculina trigonula,14,6,data/train_images/Triloculina trigonula_14_view6_gif_original.png,gif_original,,data/train_images/Triloculina trigonula_14_view6_gif_original.png,train
Triloculina trigonula,14,6,data/train_images/S014_A300_stacked.tif,stacked_tiff,,data/train_images/Triloculina trigonula_14_view6_stacked_tiff.png,train
Triloculina trigonula,14,6,data/train_images/S014_A300_Z0000_C00.tif,zstack_slice,0.0,data/train_images/Triloculina trigonula_14_view6_zstack_slice_z0000.png,train
Triloculina trigonula,14,6,data/train_images/S014_A300_Z0001_C00.tif,zstack_slice,1.0,data/train_images/Triloculina trigonula_14_view6_zstack_slice_z0001.png,train
Triloculina trigonula,14,6,data/train_images/S014_A300_Z0002_C00.tif,zstack_slice,2.0,data/train_images/Triloculina trigonula_14_view6_zstack_slice_z0002.png,train
Triloculina trigonula,14,6,data/train_images/S014_A300_Z0003_C00.tif,zstack_slice,3.0,data/train_images/Triloculina trigonula_14_view6_zstack_slice_z0003.png,train
Triloculina trigonula,14,6,data/train_images/S014_A300_Z0004_C00.tif,zstack_slice,4.0,data/train_images/Triloculina trigonula_14_view6_zstack_slice_z0004.png,train
Triloculina trigonula,14,6,data/train_images/S014_A300_Z0005_C00.tif,zstack_slice,5.0,data/train_images/Triloculina trigonula_14_view6_zstack_slice_z0005.png,train
Triloculina trigonula,14,6,data/train_images/S014_A300_Z0006_C00.tif,zstack_slice,6.0,data/train_images/Triloculina trigonula_14_view6_zstack_slice_z0006.png,train
Triloculina trigonula,14,6,data/train_images/S014_A300_Z0007_C00.tif,zstack_slice,7.0,data/train_images/Triloculina trigonula_14_view6_zstack_slice_z0007.png,train
Triloculina trigonula,14,6,data/train_images/S014_A300_Z0008_C00.tif,zstack_slice,8.0,data/train_images/Triloculina trigonula_14_view6_zstack_slice_z0008.png,train
Triloculina trigonula,14,6,data/train_images/S014_A300_Z0009_C00.tif,zstack_slice,9.0,data/train_images/Triloculina trigonula_14_view6_zstack_slice_z0009.png,train
Triloculina trigonula,14,6,data/train_images/S014_A300_Z0010_C00.tif,zstack_slice,10.0,data/train_images/Triloculina trigonula_14_view6_zstack_slice_z0010.png,train
Triloculina trigonula,14,6,data/train_images/S014_A300_Z0011_C00.tif,zstack_slice,11.0,data/train_images/Triloculina trigonula_14_view6_zstack_slice_z0011.png,train
Triloculina trigonula,14,6,data/train_images/S014_A300_Z0012_C00.tif,zstack_slice,12.0,data/train_images/Triloculina trigonula_14_view6_zstack_slice_z0012.png,train
Triloculina trigonula,14,6,data/train_images/S014_A300_Z0013_C00.tif,zstack_slice,13.0,data/train_images/Triloculina trigonula_14_view6_zstack_slice_z0013.png,train
Triloculina trigonula,14,6,data/train_images/S014_A300_Z0014_C00.tif,zstack_slice,14.0,data/train_images/Triloculina trigonula_14_view6_zstack_slice_z0014.png,train
Triloculina trigonula,14,6,data/train_images/S014_A300_Z0015_C00.tif,zstack_slice,15.0,data/train_images/Triloculina trigonula_14_view6_zstack_slice_z0015.png,train
Triloculina trigonula,14,6,data/train_images/S014_A300_Z0016_C00.tif,zstack_slice,16.0,data/train_images/Triloculina trigonula_14_view6_zstack_slice_z0016.png,train
Triloculina trigonula,14,6,data/train_images/S014_A300_Z0017_C00.tif,zstack_slice,17.0,data/train_images/Triloculina trigonula_14_view6_zstack_slice_z0017.png,train
Triloculina trigonula,14,6,data/train_images/S014_A300_Z0018_C00.tif,zstack_slice,18.0,data/train_images/Triloculina trigonula_14_view6_zstack_slice_z0018.png,train
Triloculina trigonula,14,6,data/train_images/S014_A300_Z0019_C00.tif,zstack_slice,19.0,data/train_images/Triloculina trigonula_14_view6_zstack_slice_z0019.png,train
Triloculina trigonula,14,6,data/train_images/S014_A300_Z0020_C00.tif,zstack_slice,20.0,data/train_images/Triloculina trigonula_14_view6_zstack_slice_z0020.png,train
Triloculina trigonula,14,6,data/train_images/S014_A300_Z0021_C00.tif,zstack_slice,21.0,data/train_images/Triloculina trigonula_14_view6_zstack_slice_z0021.png,train
Triloculina trigonula,14,6,data/train_images/S014_A300_Z0022_C00.tif,zstack_slice,22.0,data/train_images/Triloculina trigonula_14_view6_zstack_slice_z0022.png,train
Triloculina trigonula,14,6,data/train_images/S014_A300_Z0023_C00.tif,zstack_slice,23.0,data/train_images/Triloculina trigonula_14_view6_zstack_slice_z0023.png,train
Triloculina trigonula,14,6,data/train_images/S014_A300_Z0024_C00.tif,zstack_slice,24.0,data/train_images/Triloculina trigonula_14_view6_zstack_slice_z0024.png,train
Triloculina trigonula,14,6,data/train_images/S014_A300_Z0025_C00.tif,zstack_slice,25.0,data/train_images/Triloculina trigonula_14_view6_zstack_slice_z0025.png,train
Triloculina trigonula,14,6,data/train_images/S014_A300_Z0026_C00.tif,zstack_slice,26.0,data/train_images/Triloculina trigonula_14_view6_zstack_slice_z0026.png,train
Triloculina trigonula,14,6,data/train_images/S014_A300_Z0027_C00.tif,zstack_slice,27.0,data/train_images/Triloculina trigonula_14_view6_zstack_slice_z0027.png,train
Triloculina trigonula,14,6,data/train_images/S014_A300_Z0028_C00.tif,zstack_slice,28.0,data/train_images/Triloculina trigonula_14_view6_zstack_slice_z0028.png,train
Triloculina trigonula,14,6,data/train_images/S014_A300_Z0029_C00.tif,zstack_slice,29.0,data/train_images/Triloculina trigonula_14_view6_zstack_slice_z0029.png,train
Triloculina trigonula,14,6,data/train_images/S014_A300_Z0030_C00.tif,zstack_slice,30.0,data/train_images/Triloculina trigonula_14_view6_zstack_slice_z0030.png,train
Triloculina trigonula,14,6,data/train_images/S014_A300_Z0031_C00.tif,zstack_slice,31.0,data/train_images/Triloculina trigonula_14_view6_zstack_slice_z0031.png,train
Triloculina trigonula,14,6,data/train_images/S014_A300_Z0032_C00.tif,zstack_slice,32.0,data/train_images/Triloculina trigonula_14_view6_zstack_slice_z0032.png,train
Triloculina trigonula,14,6,data/train_images/S014_A300_Z0033_C00.tif,zstack_slice,33.0,data/train_images/Triloculina trigonula_14_view6_zstack_slice_z0033.png,train
Triloculina trigonula,14,6,data/train_images/S014_A300_Z0034_C00.tif,zstack_slice,34.0,data/train_images/Triloculina trigonula_14_view6_zstack_slice_z0034.png,train
Triloculina trigonula,14,6,data/train_images/S014_A300_Z0035_C00.tif,zstack_slice,35.0,data/train_images/Triloculina trigonula_14_view6_zstack_slice_z0035.png,train
Triloculina trigonula,14,6,data/train_images/S014_A300_Z0036_C00.tif,zstack_slice,36.0,data/train_images/Triloculina trigonula_14_view6_zstack_slice_z0036.png,train
Triloculina trigonula,14,6,data/train_images/S014_A300_Z0037_C00.tif,zstack_slice,37.0,data/train_images/Triloculina trigonula_14_view6_zstack_slice_z0037.png,train
Triloculina trigonula,14,6,data/train_images/S014_A300_Z0038_C00.tif,zstack_slice,38.0,data/train_images/Triloculina trigonula_14_view6_zstack_slice_z0038.png,train
Triloculina trigonula,14,6,data/train_images/S014_A300_Z0039_C00.tif,zstack_slice,39.0,data/train_images/Triloculina trigonula_14_view6_zstack_slice_z0039.png,train
Triloculina trigonula,14,6,data/train_images/S014_A300_Z0040_C00.tif,zstack_slice,40.0,data/train_images/Triloculina trigonula_14_view6_zstack_slice_z0040.png,train
Triloculina trigonula,14,6,data/train_images/S014_A300_Z0041_C00.tif,zstack_slice,41.0,data/train_images/Triloculina trigonula_14_view6_zstack_slice_z0041.png,train
Triloculina trigonula,14,6,data/train_images/S014_A300_Z0042_C00.tif,zstack_slice,42.0,data/train_images/Triloculina trigonula_14_view6_zstack_slice_z0042.png,train
Triloculina trigonula,14,6,data/train_images/S014_A300_Z0043_C00.tif,zstack_slice,43.0,data/train_images/Triloculina trigonula_14_view6_zstack_slice_z0043.png,train
Triloculina trigonula,14,6,data/train_images/S014_A300_Z0044_C00.tif,zstack_slice,44.0,data/train_images/Triloculina trigonula_14_view6_zstack_slice_z0044.png,train
Triloculina trigonula,14,6,data/train_images/S014_A300_Z0045_C00.tif,zstack_slice,45.0,data/train_images/Triloculina trigonula_14_view6_zstack_slice_z0045.png,train
Triloculina trigonula,14,6,data/train_images/S014_A300_Z0046_C00.tif,zstack_slice,46.0,data/train_images/Triloculina trigonula_14_view6_zstack_slice_z0046.png,train
Triloculina trigonula,14,6,data/train_images/S014_A300_Z0047_C00.tif,zstack_slice,47.0,data/train_images/Triloculina trigonula_14_view6_zstack_slice_z0047.png,train
Triloculina trigonula,14,6,data/train_images/S014_A300_Z0048_C00.tif,zstack_slice,48.0,data/train_images/Triloculina trigonula_14_view6_zstack_slice_z0048.png,train
Triloculina trigonula,14,6,data/train_images/S014_A300_Z0049_C00.tif,zstack_slice,49.0,data/train_images/Triloculina trigonula_14_view6_zstack_slice_z0049.png,train
Triloculina trigonula,14,6,data/train_images/S014_A300_Z0050_C00.tif,zstack_slice,50.0,data/train_images/Triloculina trigonula_14_view6_zstack_slice_z0050.png,train
Triloculina trigonula,14,6,data/train_images/S014_A300_Z0051_C00.tif,zstack_slice,51.0,data/train_images/Triloculina trigonula_14_view6_zstack_slice_z0051.png,train
Triloculina trigonula,14,6,data/train_images/S014_A300_Z0052_C00.tif,zstack_slice,52.0,data/train_images/Triloculina trigonula_14_view6_zstack_slice_z0052.png,train
Triloculina trigonula,14,6,data/train_images/S014_A300_Z0053_C00.tif,zstack_slice,53.0,data/train_images/Triloculina trigonula_14_view6_zstack_slice_z0053.png,train
Triloculina trigonula,14,6,data/train_images/S014_A300_Z0054_C00.tif,zstack_slice,54.0,data/train_images/Triloculina trigonula_14_view6_zstack_slice_z0054.png,train
Triloculina trigonula,14,6,data/train_images/S014_A300_Z0055_C00.tif,zstack_slice,55.0,data/train_images/Triloculina trigonula_14_view6_zstack_slice_z0055.png,train
Triloculina trigonula,14,6,data/train_images/S014_A300_Z0056_C00.tif,zstack_slice,56.0,data/train_images/Triloculina trigonula_14_view6_zstack_slice_z0056.png,train
Triloculina trigonula,14,6,data/train_images/S014_A300_Z0057_C00.tif,zstack_slice,57.0,data/train_images/Triloculina trigonula_14_view6_zstack_slice_z0057.png,train
Triloculina trigonula,14,6,data/train_images/S014_A300_Z0058_C00.tif,zstack_slice,58.0,data/train_images/Triloculina trigonula_14_view6_zstack_slice_z0058.png,train
Triloculina trigonula,14,6,data/train_images/S014_A300_Z0059_C00.tif,zstack_slice,59.0,data/train_images/Triloculina trigonula_14_view6_zstack_slice_z0059.png,train
Triloculina trigonula,14,6,data/train_images/S014_A300_Z0060_C00.tif,zstack_slice,60.0,data/train_images/Triloculina trigonula_14_view6_zstack_slice_z0060.png,train
Triloculina trigonula,14,6,data/train_images/S014_A300_Z0061_C00.tif,zstack_slice,61.0,data/train_images/Triloculina trigonula_14_view6_zstack_slice_z0061.png,train
Triloculina trigonula,14,6,data/train_images/S014_A300_Z0062_C00.tif,zstack_slice,62.0,data/train_images/Triloculina trigonula_14_view6_zstack_slice_z0062.png,train
Triloculina trigonula,14,6,data/train_images/S014_A300_Z0063_C00.tif,zstack_slice,63.0,data/train_images/Triloculina trigonula_14_view6_zstack_slice_z0063.png,train
Triloculina trigonula,14,6,data/train_images/S014_A300_Z0064_C00.tif,zstack_slice,64.0,data/train_images/Triloculina trigonula_14_view6_zstack_slice_z0064.png,train
Triloculina trigonula,14,6,data/train_images/S014_A300_Z0065_C00.tif,zstack_slice,65.0,data/train_images/Triloculina trigonula_14_view6_zstack_slice_z0065.png,train
Triloculina trigonula,14,6,data/train_images/S014_A300_Z0066_C00.tif,zstack_slice,66.0,data/train_images/Triloculina trigonula_14_view6_zstack_slice_z0066.png,train
Triloculina trigonula,14,6,data/train_images/S014_A300_Z0067_C00.tif,zstack_slice,67.0,data/train_images/Triloculina trigonula_14_view6_zstack_slice_z0067.png,train
