sample_index,source_path,true_species,noise_kind,noise_level,predicted_species,confidence,correct
0,data/eval_images/Agglutinella soriformis_20_view4_gif_original.png,Agglutinella soriformis,gaussian,0.0,Agglutinella soriformis,0.9929274916648864,1
0,data/eval_images/Agglutinella soriformis_20_view4_gif_original.png,Agglutinella soriformis,gaussian,5.0,Agglutinella soriformis,0.9900659322738647,1
0,data/eval_images/Agglutinella soriformis_20_view4_gif_original.png,Agglutinella soriformis,gaussian,10.0,Agglutinella soriformis,0.8100699186325073,1
0,data/eval_images/Agglutinella soriformis_20_view4_gif_original.png,Agglutinella soriformis,gaussian,25.0,Siphonaperta arenata,0.8982969522476196,0
0,data/eval_images/Agglutinella soriformis_20_view4_gif_original.png,Agglutinella soriformis,gaussian,50.0,Siphonaperta arenata,0.527190625667572,0
0,data/eval_images/Agglutinella soriformis_20_view4_gif_original.png,Agglutinella soriformis,saltpepper,0.0,Agglutinella soriformis,0.9929274916648864,1
0,data/eval_images/Agglutinella soriformis_20_view4_gif_original.png,Agglutinella soriformis,saltpepper,0.01,Agglutinella soriformis,0.9933678507804872,1
0,data/eval_images/Agglutinella soriformis_20_view4_gif_original.png,Agglutinella soriformis,saltpepper,0.03,Agglutinella soriformis,0.9919837117195128,1
0,data/eval_images/Agglutinella soriformis_20_view4_gif_original.png,Agglutinella soriformis,saltpepper,0.07,Agglutinella soriformis,0.9806013107299804,1
0,data/eval_images/Agglutinella soriformis_20_view4_gif_original.png,Agglutinella soriformis,stretch,1.0,Agglutinella soriformis,0.9929274916648864,1
1,data/eval_images/Agglutinella soriformis_20_view4_stacked_tiff.png,Agglutinella soriformis,gaussian,0.0,Agglutinella soriformis,0.9926708936691284,1
1,data/eval_images/Agglutinella soriformis_20_view4_stacked_tiff.png,Agglutinella soriformis,gaussian,5.0,Agglutinella soriformis,0.9899426698684692,1
1,data/eval_images/Agglutinella soriformis_20_view4_stacked_tiff.png,Agglutinella soriformis,gaussian,10.0,Agglutinella soriformis,0.9308334589004515,1
1,data/eval_images/Agglutinella soriformis_20_view4_stacked_tiff.png,Agglutinella soriformis,gaussian,25.0,Siphonaperta arenata,0.8319835662841797,0
1,data/eval_images/Agglutinella soriformis_20_view4_stacked_tiff.png,Agglutinella soriformis,gaussian,50.0,Siphonaperta arenata,0.34854656457901,0
1,data/eval_images/Agglutinella soriformis_20_view4_stacked_tiff.png,Agglutinella soriformis,saltpepper,0.0,Agglutinella soriformis,0.9926708936691284,1
1,data/eval_images/Agglutinella soriformis_20_view4_stacked_tiff.png,Agglutinella soriformis,saltpepper,0.01,Agglutinella soriformis,0.9925092458724976,1
1,data/eval_images/Agglutinella soriformis_20_view4_stacked_tiff.png,Agglutinella soriformis,saltpepper,0.03,Agglutinella soriformis,0.9926185011863708,1
1,data/eval_images/Agglutinella soriformis_20_view4_stacked_tiff.png,Agglutinella soriformis,saltpepper,0.07,Agglutinella soriformis,0.9723238348960876,1
1,data/eval_images/Agglutinella soriformis_20_view4_stacked_tiff.png,Agglutinella soriformis,stretch,1.0,Agglutinella soriformis,0.9926708936691284,1
2,data/eval_images/Agglutinella soriformis_20_view4_zstack_slice_z0006.png,Agglutinella soriformis,gaussian,0.0,Agglutinella soriformis,0.9940243363380432,1
2,data/eval_images/Agglutinella soriformis_20_view4_zstack_slice_z0006.png,Agglutinella soriformis,gaussian,5.0,Agglutinella soriformis,0.9938285946846008,1
2,data/eval_images/Agglutinella soriformis_20_view4_zstack_slice_z0006.png,Agglutinella soriformis,gaussian,10.0,Agglutinella soriformis,0.9833452105522156,1
2,data/eval_images/Agglutinella soriformis_20_view4_zstack_slice_z0006.png,Agglutinella soriformis,gaussian,25.0,Agglutinella soriformis,0.7909092307090759,1
2,data/eval_images/Agglutinella soriformis_20_view4_zstack_slice_z0006.png,Agglutinella soriformis,gaussian,50.0,Agglutinella soriformis,0.2440365254878997,1
2,data/eval_images/Agglutinella soriformis_20_view4_zstack_slice_z0006.png,Agglutinella soriformis,saltpepper,0.0,Agglutinella soriformis,0.9940243363380432,1
2,data/eval_images/Agglutinella soriformis_20_view4_zstack_slice_z0006.png,Agglutinella soriformis,saltpepper,0.01,Agglutinella soriformis,0.9943749904632568,1
2,data/eval_images/Agglutinella soriformis_20_view4_zstack_slice_z0006.png,Agglutinella soriformis,saltpepper,0.03,Agglutinella soriformis,0.9923726320266724,1
2,data/eval_images/Agglutinella soriformis_20_view4_zstack_slice_z0006.png,Agglutinella soriformis,saltpepper,0.07,Agglutinella soriformis,0.9847041368484496,1
2,data/eval_images/Agglutinella soriformis_20_view4_zstack_slice_z0006.png,Agglutinella soriformis,stretch,1.0,Agglutinella soriformis,0.9940243363380432,1
3,data/eval_images/Agglutinella soriformis_20_view4_zstack_slice_z0007.png,Agglutinella soriformis,gaussian,0.0,Agglutinella soriformis,0.9939426779747008,1
3,data/eval_images/Agglutinella soriformis_20_view4_zstack_slice_z0007.png,Agglutinella soriformis,gaussian,5.0,Agglutinella soriformis,0.9937719702720642,1
3,data/eval_images/Agglutinella soriformis_20_view4_zstack_slice_z0007.png,Agglutinella soriformis,gaussian,10.0,Agglutinella soriformis,0.9817132353782654,1
3,data/eval_images/Agglutinella soriformis_20_view4_zstack_slice_z0007.png,Agglutinella soriformis,gaussian,25.0,Siphonaperta arenata,0.4873237609863281,0
3,data/eval_images/Agglutinella soriformis_20_view4_zstack_slice_z0007.png,Agglutinella soriformis,gaussian,50.0,Agglutinella soriformis,0.2808964848518371,1
3,data/eval_images/Agglutinella soriformis_20_view4_zstack_slice_z0007.png,Agglutinella soriformis,saltpepper,0.0,Agglutinella soriformis,0.9939426779747008,1
3,data/eval_images/Agglutinella soriformis_20_view4_zstack_slice_z0007.png,Agglutinella soriformis,saltpepper,0.01,Agglutinella soriformis,0.994140923023224,1
3,data/eval_images/Agglutinella soriformis_20_view4_zstack_slice_z0007.png,Agglutinella soriformis,saltpepper,0.03,Agglutinella soriformis,0.99204820394516,1
3,data/eval_images/Agglutinella soriformis_20_view4_zstack_slice_z0007.png,Agglutinella soriformis,saltpepper,0.07,Agglutinella soriformis,0.9444267153739928,1
3,data/eval_images/Agglutinella soriformis_20_view4_zstack_slice_z0007.png,Agglutinella soriformis,stretch,1.0,Agglutinella soriformis,0.9939426779747008,1
4,data/eval_images/Agglutinella soriformis_20_view4_zstack_slice_z0009.png,Agglutinella soriformis,gaussian,0.0,Agglutinella soriformis,0.9937387704849244,1
4,data/eval_images/Agglutinella soriformis_20_view4_zstack_slice_z0009.png,Agglutinella soriformis,gaussian,5.0,Agglutinella soriformis,0.9934157133102416,1
4,data/eval_images/Agglutinella soriformis_20_view4_zstack_slice_z0009.png,Agglutinella soriformis,gaussian,10.0,Agglutinella soriformis,0.9804865717887878,1
4,data/eval_images/Agglutinella soriformis_20_view4_zstack_slice_z0009.png,Agglutinella soriformis,gaussian,25.0,Agglutinella soriformis,0.6027440428733826,1
4,data/eval_images/Agglutinella soriformis_20_view4_zstack_slice_z0009.png,Agglutinella soriformis,gaussian,50.0,Quinqueloculina crassicarinata,0.2712872326374054,0
4,data/eval_images/Agglutinella soriformis_20_view4_zstack_slice_z0009.png,Agglutinella soriformis,saltpepper,0.0,Agglutinella soriformis,0.9937387704849244,1
4,data/eval_images/Agglutinella soriformis_20_view4_zstack_slice_z0009.png,Agglutinella soriformis,saltpepper,0.01,Agglutinella soriformis,0.9943042397499084,1
4,data/eval_images/Agglutinella soriformis_20_view4_zstack_slice_z0009.png,Agglutinella soriformis,saltpepper,0.03,Agglutinella soriformis,0.9909370541572572,1
4,data/eval_images/Agglutinella soriformis_20_view4_zstack_slice_z0009.png,Agglutinella soriformis,saltpepper,0.07,Agglutinella soriformis,0.977533757686615,1
4,data/eval_images/Agglutinella soriformis_20_view4_zstack_slice_z0009.png,Agglutinella soriformis,stretch,1.0,Agglutinella soriformis,0.9937387704849244,1
5,data/eval_images/Agglutinella soriformis_20_view4_zstack_slice_z0011.png,Agglutinella soriformis,gaussian,0.0,Agglutinella soriformis,0.9931740164756776,1
5,data/eval_images/Agglutinella soriformis_20_view4_zstack_slice_z0011.png,Agglutinella soriformis,gaussian,5.0,Agglutinella soriformis,0.9932430386543274,1
5,data/eval_images/Agglutinella soriformis_20_view4_zstack_slice_z0011.png,Agglutinella soriformis,gaussian,10.0,Agglutinella soriformis,0.9701869487762452,1
5,data/eval_images/Agglutinella soriformis_20_view4_zstack_slice_z0011.png,Agglutinella soriformis,gaussian,25.0,Siphonaperta arenata,0.5567148923873901,0
5,data/eval_images/Agglutinella soriformis_20_view4_zstack_slice_z0011.png,Agglutinella soriformis,gaussian,50.0,Amphistegina radiata,0.1749634891748428,0
5,data/eval_images/Agglutinella soriformis_20_view4_zstack_slice_z0011.png,Agglutinella soriformis,saltpepper,0.0,Agglutinella soriformis,0.9931740164756776,1
5,data/eval_images/Agglutinella soriformis_20_view4_zstack_slice_z0011.png,Agglutinella soriformis,saltpepper,0.01,Agglutinella soriformis,0.9936442375183104,1
5,data/eval_images/Agglutinella soriformis_20_view4_zstack_slice_z0011.png,Agglutinella soriformis,saltpepper,0.03,Agglutinella soriformis,0.9909144639968872,1
5,data/eval_images/Agglutinella soriformis_20_view4_zstack_slice_z0011.png,Agglutinella soriformis,saltpepper,0.07,Agglutinella soriformis,0.8716654777526855,1
5,data/eval_images/Agglutinella soriformis_20_view4_zstack_slice_z0011.png,Agglutinella soriformis,stretch,1.0,Agglutinella soriformis,0.9931740164756776,1
6,data/eval_images/Agglutinella soriformis_20_view4_zstack_slice_z0016.png,Agglutinella soriformis,gaussian,0.0,Agglutinella soriformis,0.9926840662956238,1
6,data/eval_images/Agglutinella soriformis_20_view4_zstack_slice_z0016.png,Agglutinella soriformis,gaussian,5.0,Agglutinella soriformis,0.9918809533119202,1
6,data/eval_images/Agglutinella soriformis_20_view4_zstack_slice_z0016.png,Agglutinella soriformis,gaussian,10.0,Agglutinella soriformis,0.9323315024375916,1
6,data/eval_images/Agglutinella soriformis_20_view4_zstack_slice_z0016.png,Agglutinella soriformis,gaussian,25.0,Siphonaperta arenata,0.5940015316009521,0
6,data/eval_images/Agglutinella soriformis_20_view4_zstack_slice_z0016.png,Agglutinella soriformis,gaussian,50.0,Amphistegina radiata,0.2445263117551803,0
6,data/eval_images/Agglutinella soriformis_20_view4_zstack_slice_z0016.png,Agglutinella soriformis,saltpepper,0.0,Agglutinella soriformis,0.9926840662956238,1
6,data/eval_images/Agglutinella soriformis_20_view4_zstack_slice_z0016.png,Agglutinella soriformis,saltpepper,0.01,Agglutinella soriformis,0.9936681389808656,1
6,data/eval_images/Agglutinella soriformis_20_view4_zstack_slice_z0016.png,Agglutinella soriformis,saltpepper,0.03,Agglutinella soriformis,0.9914798736572266,1
6,data/eval_images/Agglutinella soriformis_20_view4_zstack_slice_z0016.png,Agglutinella soriformis,saltpepper,0.07,Agglutinella soriformis,0.8294728994369507,1
6,data/eval_images/Agglutinella soriformis_20_view4_zstack_slice_z0016.png,Agglutinella soriformis,stretch,1.0,Agglutinella soriformis,0.9926840662956238,1
7,data/eval_images/Ammoscalaria pseudospiralis_12_view3_gif_original.png,Ammoscalaria pseudospiralis,gaussian,0.0,Ammoscalaria pseudospiralis,0.9894967079162598,1
7,data/eval_images/Ammoscalaria pseudospiralis_12_view3_gif_original.png,Ammoscalaria pseudospiralis,gaussian,5.0,Ammoscalaria pseudospiralis,0.9914701581001282,1
7,data/eval_images/Ammoscalaria pseudospiralis_12_view3_gif_original.png,Ammoscalaria pseudospiralis,gaussian,10.0,Ammoscalaria pseudospiralis,0.9919183850288392,1
7,data/eval_images/Ammoscalaria pseudospiralis_12_view3_gif_original.png,Ammoscalaria pseudospiralis,gaussian,25.0,Ammoscalaria pseudospiralis,0.991908848285675,1
7,data/eval_images/Ammoscalaria pseudospiralis_12_view3_gif_original.png,Ammoscalaria pseudospiralis,gaussian,50.0,Ammoscalaria pseudospiralis,0.99171644449234,1
7,data/eval_images/Ammoscalaria pseudospiralis_12_view3_gif_original.png,Ammoscalaria pseudospiralis,saltpepper,0.0,Ammoscalaria pseudospiralis,0.9894967079162598,1
7,data/eval_images/Ammoscalaria pseudospiralis_12_view3_gif_original.png,Ammoscalaria pseudospiralis,saltpepper,0.01,Ammoscalaria pseudospiralis,0.9614068269729614,1
7,data/eval_images/Ammoscalaria pseudospiralis_12_view3_gif_original.png,Ammoscalaria pseudospiralis,saltpepper,0.03,Ammoscalaria pseudospiralis,0.7946069836616516,1
7,data/eval_images/Ammoscalaria pseudospiralis_12_view3_gif_original.png,Ammoscalaria pseudospiralis,saltpepper,0.07,Ammoscalaria pseudospiralis,0.8572622537612915,1
7,data/eval_images/Ammoscalaria pseudospiralis_12_view3_gif_original.png,Ammoscalaria pseudospiralis,stretch,1.0,Ammoscalaria pseudospiralis,0.9894967079162598,1
8,data/eval_images/Ammoscalaria pseudospiralis_12_view3_stacked_tiff.png,Ammoscalaria pseudospiralis,gaussian,0.0,Ammoscalaria pseudospiralis,0.9905595183372498,1
8,data/eval_images/Ammoscalaria pseudospiralis_12_view3_stacked_tiff.png,Ammoscalaria pseudospiralis,gaussian,5.0,Ammoscalaria pseudospiralis,0.9921694397926332,1
8,data/eval_images/Ammoscalaria pseudospiralis_12_view3_stacked_tiff.png,Ammoscalaria pseudospiralis,gaussian,10.0,Ammoscalaria pseudospiralis,0.9922377467155457,1
8,data/eval_images/Ammoscalaria pseudospiralis_12_view3_stacked_tiff.png,Ammoscalaria pseudospiralis,gaussian,25.0,Ammoscalaria pseudospiralis,0.9919524788856506,1
8,data/eval_images/Ammoscalaria pseudospiralis_12_view3_stacked_tiff.png,Ammoscalaria pseudospiralis,gaussian,50.0,Ammoscalaria pseudospiralis,0.991510808467865,1
8,data/eval_images/Ammoscalaria pseudospiralis_12_view3_stacked_tiff.png,Ammoscalaria pseudospiralis,saltpepper,0.0,Ammoscalaria pseudospiralis,0.9905595183372498,1
8,data/eval_images/Ammoscalaria pseudospiralis_12_view3_stacked_tiff.png,Ammoscalaria pseudospiralis,saltpepper,0.01,Ammoscalaria pseudospiralis,0.9891608357429504,1
8,data/eval_images/Ammoscalaria pseudospiralis_12_view3_stacked_tiff.png,Ammoscalaria pseudospiralis,saltpepper,0.03,Ammoscalaria pseudospiralis,0.8850564956665039,1
8,data/eval_images/Ammoscalaria pseudospiralis_12_view3_stacked_tiff.png,Ammoscalaria pseudospiralis,saltpepper,0.07,Ammoscalaria pseudospiralis,0.922497034072876,1
8,data/eval_images/Ammoscalaria pseudospiralis_12_view3_stacked_tiff.png,Ammoscalaria pseudospiralis,stretch,1.0,Ammoscalaria pseudospiralis,0.9905595183372498,1
9,data/eval_images/Ammoscalaria pseudospiralis_12_view3_zstack_slice_z0001.png,Ammoscalaria pseudospiralis,gaussian,0.0,Ammoscalaria pseudospiralis,0.9911895990371704,1
9,data/eval_images/Ammoscalaria pseudospiralis_12_view3_zstack_slice_z0001.png,Ammoscalaria pseudospiralis,gaussian,5.0,Ammoscalaria pseudospiralis,0.9920369386672974,1
9,data/eval_images/Ammoscalaria pseudospiralis_12_view3_zstack_slice_z0001.png,Ammoscalaria pseudospiralis,gaussian,10.0,Ammoscalaria pseudospiralis,0.9929017424583436,1
9,data/eval_images/Ammoscalaria pseudospiralis_12_view3_zstack_slice_z0001.png,Ammoscalaria pseudospiralis,gaussian,25.0,Ammoscalaria pseudospiralis,0.991940975189209,1
9,data/eval_images/Ammoscalaria pseudospiralis_12_view3_zstack_slice_z0001.png,Ammoscalaria pseudospiralis,gaussian,50.0,Ammoscalaria pseudospiralis,0.9913399815559388,1
9,data/eval_images/Ammoscalaria pseudospiralis_12_view3_zstack_slice_z0001.png,Ammoscalaria pseudospiralis,saltpepper,0.0,Ammoscalaria pseudospiralis,0.9911895990371704,1
9,data/eval_images/Ammoscalaria pseudospiralis_12_view3_zstack_slice_z0001.png,Ammoscalaria pseudospiralis,saltpepper,0.01,Ammoscalaria pseudospiralis,0.99000883102417,1
9,data/eval_images/Ammoscalaria pseudospiralis_12_view3_zstack_slice_z0001.png,Ammoscalaria pseudospiralis,saltpepper,0.03,Ammoscalaria pseudospiralis,0.9689359068870544,1
9,data/eval_images/Ammoscalaria pseudospiralis_12_view3_zstack_slice_z0001.png,Ammoscalaria pseudospiralis,saltpepper,0.07,Ammoscalaria pseudospiralis,0.9769241213798524,1
9,data/eval_images/Ammoscalaria pseudospiralis_12_view3_zstack_slice_z0001.png,Ammoscalaria pseudospiralis,stretch,1.0,Ammoscalaria pseudospiralis,0.9911895990371704,1
10,data/eval_images/Ammoscalaria pseudospiralis_12_view3_zstack_slice_z0007.png,Ammoscalaria pseudospiralis,gaussian,0.0,Ammoscalaria pseudospiralis,0.9913846254348756,1
10,data/eval_images/Ammoscalaria pseudospiralis_12_view3_zstack_slice_z0007.png,Ammoscalaria pseudospiralis,gaussian,5.0,Ammoscalaria pseudospiralis,0.9925561547279358,1
10,data/eval_images/Ammoscalaria pseudospiralis_12_view3_zstack_slice_z0007.png,Ammoscalaria pseudospiralis,gaussian,10.0,Ammoscalaria pseudospiralis,0.9926536083221436,1
10,data/eval_images/Ammoscalaria pseudospiralis_12_view3_zstack_slice_z0007.png,Ammoscalaria pseudospiralis,gaussian,25.0,Ammoscalaria pseudospiralis,0.992262840270996,1
10,data/eval_images/Ammoscalaria pseudospiralis_12_view3_zstack_slice_z0007.png,Ammoscalaria pseudospiralis,gaussian,50.0,Ammoscalaria pseudospiralis,0.9910253286361694,1
10,data/eval_images/Ammoscalaria pseudospiralis_12_view3_zstack_slice_z0007.png,Ammoscalaria pseudospiralis,saltpepper,0.0,Ammoscalaria pseudospiralis,0.9913846254348756,1
10,data/eval_images/Ammoscalaria pseudospiralis_12_view3_zstack_slice_z0007.png,Ammoscalaria pseudospiralis,saltpepper,0.01,Ammoscalaria pseudospiralis,0.9901719689369202,1
10,data/eval_images/Ammoscalaria pseudospiralis_12_view3_zstack_slice_z0007.png,Ammoscalaria pseudospiralis,saltpepper,0.03,Ammoscalaria pseudospiralis,0.9862952828407288,1
10,data/eval_images/Ammoscalaria pseudospiralis_12_view3_zstack_slice_z0007.png,Ammoscalaria pseudospiralis,saltpepper,0.07,Ammoscalaria pseudospiralis,0.9702815413475036,1
10,data/eval_images/Ammoscalaria pseudospiralis_12_view3_zstack_slice_z0007.png,Ammoscalaria pseudospiralis,stretch,1.0,Ammoscalaria pseudospiralis,0.9913846254348756,1
11,data/eval_images/Ammoscalaria pseudospiralis_12_view3_zstack_slice_z0016.png,Ammoscalaria pseudospiralis,gaussian,0.0,Ammoscalaria pseudospiralis,0.991399884223938,1
11,data/eval_images/Ammoscalaria pseudospiralis_12_view3_zstack_slice_z0016.png,Ammoscalaria pseudospiralis,gaussian,5.0,Ammoscalaria pseudospiralis,0.9924851059913636,1
11,data/eval_images/Ammoscalaria pseudospiralis_12_view3_zstack_slice_z0016.png,Ammoscalaria pseudospiralis,gaussian,10.0,Ammoscalaria pseudospiralis,0.9925657510757446,1
11,data/eval_images/Ammoscalaria pseudospiralis_12_view3_zstack_slice_z0016.png,Ammoscalaria pseudospiralis,gaussian,25.0,Ammoscalaria pseudospiralis,0.992001175880432,1
11,data/eval_images/Ammoscalaria pseudospiralis_12_view3_zstack_slice_z0016.png,Ammoscalaria pseudospiralis,gaussian,50.0,Ammoscalaria pseudospiralis,0.9914551973342896,1
11,data/eval_images/Ammoscalaria pseudospiralis_12_view3_zstack_slice_z0016.png,Ammoscalaria pseudospiralis,saltpepper,0.0,Ammoscalaria pseudospiralis,0.991399884223938,1
11,data/eval_images/Ammoscalaria pseudospiralis_12_view3_zstack_slice_z0016.png,Ammoscalaria pseudospiralis,saltpepper,0.01,Ammoscalaria pseudospiralis,0.9914719462394714,1
11,data/eval_images/Ammoscalaria pseudospiralis_12_view3_zstack_slice_z0016.png,Ammoscalaria pseudospiralis,saltpepper,0.03,Ammoscalaria pseudospiralis,0.9860418438911438,1
11,data/eval_images/Ammoscalaria pseudospiralis_12_view3_zstack_slice_z0016.png,Ammoscalaria pseudospiralis,saltpepper,0.07,Ammoscalaria pseudospiralis,0.8594167828559875,1
11,data/eval_images/Ammoscalaria pseudospiralis_12_view3_zstack_slice_z0016.png,Ammoscalaria pseudospiralis,stretch,1.0,Ammoscalaria pseudospiralis,0.991399884223938,1
12,data/eval_images/Ammoscalaria pseudospiralis_12_view3_zstack_slice_z0021.png,Ammoscalaria pseudospiralis,gaussian,0.0,Ammoscalaria pseudospiralis,0.991544246673584,1
12,data/eval_images/Ammoscalaria pseudospiralis_12_view3_zstack_slice_z0021.png,Ammoscalaria pseudospiralis,gaussian,5.0,Ammoscalaria pseudospiralis,0.9925385117530824,1
12,data/eval_images/Ammoscalaria pseudospiralis_12_view3_zstack_slice_z0021.png,Ammoscalaria pseudospiralis,gaussian,10.0,Ammoscalaria pseudospiralis,0.9926171898841858,1
12,data/eval_images/Ammoscalaria pseudospiralis_12_view3_zstack_slice_z0021.png,Ammoscalaria pseudospiralis,gaussian,25.0,Ammoscalaria pseudospiralis,0.9921795129776,1
12,data/eval_images/Ammoscalaria pseudospiralis_12_view3_zstack_slice_z0021.png,Ammoscalaria pseudospiralis,gaussian,50.0,Ammoscalaria pseudospiralis,0.9919837117195128,1
12,data/eval_images/Ammoscalaria pseudospiralis_12_view3_zstack_slice_z0021.png,Ammoscalaria pseudospiralis,saltpepper,0.0,Ammoscalaria pseudospiralis,0.991544246673584,1
12,data/eval_images/Ammoscalaria pseudospiralis_12_view3_zstack_slice_z0021.png,Ammoscalaria pseudospiralis,saltpepper,0.01,Ammoscalaria pseudospiralis,0.9920136332511902,1
12,data/eval_images/Ammoscalaria pseudospiralis_12_view3_zstack_slice_z0021.png,Ammoscalaria pseudospiralis,saltpepper,0.03,Ammoscalaria pseudospiralis,0.9909816384315492,1
12,data/eval_images/Ammoscalaria pseudospiralis_12_view3_zstack_slice_z0021.png,Ammoscalaria pseudospiralis,saltpepper,0.07,Ammoscalaria pseudospiralis,0.984573781490326,1
12,data/eval_images/Ammoscalaria pseudospiralis_12_view3_zstack_slice_z0021.png,Ammoscalaria pseudospiralis,stretch,1.0,Ammoscalaria pseudospiralis,0.991544246673584,1
13,data/eval_images/Ammoscalaria pseudospiralis_12_view3_zstack_slice_z0030.png,Ammoscalaria pseudospiralis,gaussian,0.0,Ammoscalaria pseudospiralis,0.9916642904281616,1
13,data/eval_images/Ammoscalaria pseudospiralis_12_view3_zstack_slice_z0030.png,Ammoscalaria pseudospiralis,gaussian,5.0,Ammoscalaria pseudospiralis,0.9926694631576538,1
13,data/eval_images/Ammoscalaria pseudospiralis_12_view3_zstack_slice_z0030.png,Ammoscalaria pseudospiralis,gaussian,10.0,Ammoscalaria pseudospiralis,0.99306982755661,1
13,data/eval_images/Ammoscalaria pseudospiralis_12_view3_zstack_slice_z0030.png,Ammoscalaria pseudospiralis,gaussian,25.0,Ammoscalaria pseudospiralis,0.9924089908599854,1
13,data/eval_images/Ammoscalaria pseudospiralis_12_view3_zstack_slice_z0030.png,Ammoscalaria pseudospiralis,gaussian,50.0,Ammoscalaria pseudospiralis,0.9911566972732544,1
13,data/eval_images/Ammoscalaria pseudospiralis_12_view3_zstack_slice_z0030.png,Ammoscalaria pseudospiralis,saltpepper,0.0,Ammoscalaria pseudospiralis,0.9916642904281616,1
13,data/eval_images/Ammoscalaria pseudospiralis_12_view3_zstack_slice_z0030.png,Ammoscalaria pseudospiralis,saltpepper,0.01,Ammoscalaria pseudospiralis,0.9889529943466188,1
13,data/eval_images/Ammoscalaria pseudospiralis_12_view3_zstack_slice_z0030.png,Ammoscalaria pseudospiralis,saltpepper,0.03,Ammoscalaria pseudospiralis,0.9891856908798218,1
13,data/eval_images/Ammoscalaria pseudospiralis_12_view3_zstack_slice_z0030.png,Ammoscalaria pseudospiralis,saltpepper,0.07,Ammoscalaria pseudospiralis,0.9899356961250304,1
13,data/eval_images/Ammoscalaria pseudospiralis_12_view3_zstack_slice_z0030.png,Ammoscalaria pseudospiralis,stretch,1.0,Ammoscalaria pseudospiralis,0.9916642904281616,1
14,data/eval_images/Amphicoryna scalaris_27_view1_gif_original.png,Amphicoryna scalaris,gaussian,0.0,Amphicoryna scalaris,0.998915195465088,1
14,data/eval_images/Amphicoryna scalaris_27_view1_gif_original.png,Amphicoryna scalaris,gaussian,5.0,Amphicoryna scalaris,0.9989379048347472,1
14,data/eval_images/Amphicoryna scalaris_27_view1_gif_original.png,Amphicoryna scalaris,gaussian,10.0,Amphicoryna scalaris,0.998929798603058,1
14,data/eval_images/Amphicoryna scalaris_27_view1_gif_original.png,Amphicoryna scalaris,gaussian,25.0,Amphicoryna scalaris,0.9989138841629028,1
14,data/eval_images/Amphicoryna scalaris_27_view1_gif_original.png,Amphicoryna scalaris,gaussian,50.0,Amphicoryna scalaris,0.9987741112709044,1
14,data/eval_images/Amphicoryna scalaris_27_view1_gif_original.png,Amphicoryna scalaris,saltpepper,0.0,Amphicoryna scalaris,0.998915195465088,1
14,data/eval_images/Amphicoryna scalaris_27_view1_gif_original.png,Amphicoryna scalaris,saltpepper,0.01,Amphicoryna scalaris,0.998916745185852,1
14,data/eval_images/Amphicoryna scalaris_27_view1_gif_original.png,Amphicoryna scalaris,saltpepper,0.03,Amphicoryna scalaris,0.9989330172538756,1
14,data/eval_images/Amphicoryna scalaris_27_view1_gif_original.png,Amphicoryna scalaris,saltpepper,0.07,Amphicoryna scalaris,0.99886155128479,1
14,data/eval_images/Amphicoryna scalaris_27_view1_gif_original.png,Amphicoryna scalaris,stretch,1.0,Amphicoryna scalaris,0.998915195465088,1
15,data/eval_images/Amphicoryna scalaris_27_view1_zstack_slice_z0017.png,Amphicoryna scalaris,gaussian,0.0,Amphicoryna scalaris,0.9989731311798096,1
15,data/eval_images/Amphicoryna scalaris_27_view1_zstack_slice_z0017.png,Amphicoryna scalaris,gaussian,5.0,Amphicoryna scalaris,0.9990033507347108,1
15,data/eval_images/Amphicoryna scalaris_27_view1_zstack_slice_z0017.png,Amphicoryna scalaris,gaussian,10.0,Amphicoryna scalaris,0.9989218711853028,1
15,data/eval_images/Amphicoryna scalaris_27_view1_zstack_slice_z0017.png,Amphicoryna scalaris,gaussian,25.0,Amphicoryna scalaris,0.9988994598388672,1
15,data/eval_images/Amphicoryna scalaris_27_view1_zstack_slice_z0017.png,Amphicoryna scalaris,gaussian,50.0,Amphicoryna scalaris,0.9980239868164062,1
15,data/eval_images/Amphicoryna scalaris_27_view1_zstack_slice_z0017.png,Amphicoryna scalaris,saltpepper,0.0,Amphicoryna scalaris,0.9989731311798096,1
15,data/eval_images/Amphicoryna scalaris_27_view1_zstack_slice_z0017.png,Amphicoryna scalaris,saltpepper,0.01,Amphicoryna scalaris,0.9989669322967528,1
15,data/eval_images/Amphicoryna scalaris_27_view1_zstack_slice_z0017.png,Amphicoryna scalaris,saltpepper,0.03,Amphicoryna scalaris,0.9988712668418884,1
15,data/eval_images/Amphicoryna scalaris_27_view1_zstack_slice_z0017.png,Amphicoryna scalaris,saltpepper,0.07,Amphicoryna scalaris,0.9987837672233582,1
15,data/eval_images/Amphicoryna scalaris_27_view1_zstack_slice_z0017.png,Amphicoryna scalaris,stretch,1.0,Amphicoryna scalaris,0.9989731311798096,1
16,data/eval_images/Amphicoryna scalaris_27_view1_zstack_slice_z0023.png,Amphicoryna scalaris,gaussian,0.0,Amphicoryna scalaris,0.9988445043563844,1
16,data/eval_images/Amphicoryna scalaris_27_view1_zstack_slice_z0023.png,Amphicoryna scalaris,gaussian,5.0,Amphicoryna scalaris,0.9988590478897096,1
16,data/eval_images/Amphicoryna scalaris_27_view1_zstack_slice_z0023.png,Amphicoryna scalaris,gaussian,10.0,Amphicoryna scalaris,0.998866081237793,1
16,data/eval_images/Amphicoryna scalaris_27_view1_zstack_slice_z0023.png,Amphicoryna scalaris,gaussian,25.0,Amphicoryna scalaris,0.9987899661064148,1
16,data/eval_images/Amphicoryna scalaris_27_view1_zstack_slice_z0023.png,Amphicoryna scalaris,gaussian,50.0,Amphicoryna scalaris,0.9982372522354126,1
16,data/eval_images/Amphicoryna scalaris_27_view1_zstack_slice_z0023.png,Amphicoryna scalaris,saltpepper,0.0,Amphicoryna scalaris,0.9988445043563844,1
16,data/eval_images/Amphicoryna scalaris_27_view1_zstack_slice_z0023.png,Amphicoryna scalaris,saltpepper,0.01,Amphicoryna scalaris,0.9988481998443604,1
16,data/eval_images/Amphicoryna scalaris_27_view1_zstack_slice_z0023.png,Amphicoryna scalaris,saltpepper,0.03,Amphicoryna scalaris,0.9988598823547364,1
16,data/eval_images/Amphicoryna scalaris_27_view1_zstack_slice_z0023.png,Amphicoryna scalaris,saltpepper,0.07,Amphicoryna scalaris,0.9988420605659484,1
16,data/eval_images/Amphicoryna scalaris_27_view1_zstack_slice_z0023.png,Amphicoryna scalaris,stretch,1.0,Amphicoryna scalaris,0.9988445043563844,1
17,data/eval_images/Amphicoryna scalaris_27_view1_zstack_slice_z0024.png,Amphicoryna scalaris,gaussian,0.0,Amphicoryna scalaris,0.9988349080085754,1
17,data/eval_images/Amphicoryna scalaris_27_view1_zstack_slice_z0024.png,Amphicoryna scalaris,gaussian,5.0,Amphicoryna scalaris,0.9988592863082886,1
17,data/eval_images/Amphicoryna scalaris_27_view1_zstack_slice_z0024.png,Amphicoryna scalaris,gaussian,10.0,Amphicoryna scalaris,0.9988736510276794,1
17,data/eval_images/Amphicoryna scalaris_27_view1_zstack_slice_z0024.png,Amphicoryna scalaris,gaussian,25.0,Amphicoryna scalaris,0.9987587928771972,1
17,data/eval_images/Amphicoryna scalaris_27_view1_zstack_slice_z0024.png,Amphicoryna scalaris,gaussian,50.0,Amphicoryna scalaris,0.9980588555336,1
17,data/eval_images/Amphicoryna scalaris_27_view1_zstack_slice_z0024.png,Amphicoryna scalaris,saltpepper,0.0,Amphicoryna scalaris,0.9988349080085754,1
17,data/eval_images/Amphicoryna scalaris_27_view1_zstack_slice_z0024.png,Amphicoryna scalaris,saltpepper,0.01,Amphicoryna scalaris,0.9988439083099364,1
17,data/eval_images/Amphicoryna scalaris_27_view1_zstack_slice_z0024.png,Amphicoryna scalaris,saltpepper,0.03,Amphicoryna scalaris,0.9988815188407898,1
17,data/eval_images/Amphicoryna scalaris_27_view1_zstack_slice_z0024.png,Amphicoryna scalaris,saltpepper,0.07,Amphicoryna scalaris,0.9987149238586426,1
17,data/eval_images/Amphicoryna scalaris_27_view1_zstack_slice_z0024.png,Amphicoryna scalaris,stretch,1.0,Amphicoryna scalaris,0.9988349080085754,1
18,data/eval_images/Amphicoryna scalaris_27_view1_zstack_slice_z0025.png,Amphicoryna scalaris,gaussian,0.0,Amphicoryna scalaris,0.9988195300102234,1
18,data/eval_images/Amphicoryna scalaris_27_view1_zstack_slice_z0025.png,Amphicoryna scalaris,gaussian,5.0,Amphicoryna scalaris,0.9988560676574708,1
18,data/eval_images/Amphicoryna scalaris_27_view1_zstack_slice_z0025.png,Amphicoryna scalaris,gaussian,10.0,Amphicoryna scalaris,0.9988372921943665,1
18,data/eval_images/Amphicoryna scalaris_27_view1_zstack_slice_z0025.png,Amphicoryna scalaris,gaussian,25.0,Amphicoryna scalaris,0.9987257122993468,1
18,data/eval_images/Amphicoryna scalaris_27_view1_zstack_slice_z0025.png,Amphicoryna scalaris,gaussian,50.0,Amphicoryna scalaris,0.9979575872421264,1
18,data/eval_images/Amphicoryna scalaris_27_view1_zstack_slice_z0025.png,Amphicoryna scalaris,saltpepper,0.0,Amphicoryna scalaris,0.9988195300102234,1
18,data/eval_images/Amphicoryna scalaris_27_view1_zstack_slice_z0025.png,Amphicoryna scalaris,saltpepper,0.01,Amphicoryna scalaris,0.9988422989845276,1
18,data/eval_images/Amphicoryna scalaris_27_view1_zstack_slice_z0025.png,Amphicoryna scalaris,saltpepper,0.03,Amphicoryna scalaris,0.9988328814506532,1
18,data/eval_images/Amphicoryna scalaris_27_view1_zstack_slice_z0025.png,Amphicoryna scalaris,saltpepper,0.07,Amphicoryna scalaris,0.9985881447792052,1
18,data/eval_images/Amphicoryna scalaris_27_view1_zstack_slice_z0025.png,Amphicoryna scalaris,stretch,1.0,Amphicoryna scalaris,0.9988195300102234,1
19,data/eval_images/Amphicoryna scalaris_27_view1_zstack_slice_z0038.png,Amphicoryna scalaris,gaussian,0.0,Amphicoryna scalaris,0.9988254904747008,1
19,data/eval_images/Amphicoryna scalaris_27_view1_zstack_slice_z0038.png,Amphicoryna scalaris,gaussian,5.0,Amphicoryna scalaris,0.9988479614257812,1
19,data/eval_images/Amphicoryna scalaris_27_view1_zstack_slice_z0038.png,Amphicoryna scalaris,gaussian,10.0,Amphicoryna scalaris,0.998753547668457,1
19,data/eval_images/Amphicoryna scalaris_27_view1_zstack_slice_z0038.png,Amphicoryna scalaris,gaussian,25.0,Amphicoryna scalaris,0.9984126091003418,1
19,data/eval_images/Amphicoryna scalaris_27_view1_zstack_slice_z0038.png,Amphicoryna scalaris,gaussian,50.0,Amphicoryna scalaris,0.9922980666160583,1
19,data/eval_images/Amphicoryna scalaris_27_view1_zstack_slice_z0038.png,Amphicoryna scalaris,saltpepper,0.0,Amphicoryna scalaris,0.9988254904747008,1
19,data/eval_images/Amphicoryna scalaris_27_view1_zstack_slice_z0038.png,Amphicoryna scalaris,saltpepper,0.01,Amphicoryna scalaris,0.998776376247406,1
19,data/eval_images/Amphicoryna scalaris_27_view1_zstack_slice_z0038.png,Amphicoryna scalaris,saltpepper,0.03,Amphicoryna scalaris,0.9987460374832152,1
19,data/eval_images/Amphicoryna scalaris_27_view1_zstack_slice_z0038.png,Amphicoryna scalaris,saltpepper,0.07,Amphicoryna scalaris,0.9983735084533693,1
19,data/eval_images/Amphicoryna scalaris_27_view1_zstack_slice_z0038.png,Amphicoryna scalaris,stretch,1.0,Amphicoryna scalaris,0.9988254904747008,1
20,data/eval_images/Amphistegina radiata_22_view2_gif_original.png,Amphistegina radiata,gaussian,0.0,Amphistegina radiata,0.9952953457832336,1
20,data/eval_images/Amphistegina radiata_22_view2_gif_original.png,Amphistegina radiata,gaussian,5.0,Amphistegina radiata,0.9951575398445128,1
20,data/eval_images/Amphistegina radiata_22_view2_gif_original.png,Amphistegina radiata,gaussian,10.0,Amphistegina radiata,0.993030607700348,1
20,data/eval_images/Amphistegina radiata_22_view2_gif_original.png,Amphistegina radiata,gaussian,25.0,Amphistegina radiata,0.9656917452812196,1
20,data/eval_images/Amphistegina radiata_22_view2_gif_original.png,Amphistegina radiata,gaussian,50.0,Amphistegina radiata,0.9221107959747314,1
20,data/eval_images/Amphistegina radiata_22_view2_gif_original.png,Amphistegina radiata,saltpepper,0.0,Amphistegina radiata,0.9952953457832336,1
20,data/eval_images/Amphistegina radiata_22_view2_gif_original.png,Amphistegina radiata,saltpepper,0.01,Amphistegina radiata,0.9947276711463928,1
20,data/eval_images/Amphistegina radiata_22_view2_gif_original.png,Amphistegina radiata,saltpepper,0.03,Amphistegina radiata,0.9913186430931092,1
20,data/eval_images/Amphistegina radiata_22_view2_gif_original.png,Amphistegina radiata,saltpepper,0.07,Amphistegina radiata,0.9775573015213012,1
20,data/eval_images/Amphistegina radiata_22_view2_gif_original.png,Amphistegina radiata,stretch,1.0,Amphistegina radiata,0.9952953457832336,1
21,data/eval_images/Amphistegina radiata_22_view2_stacked_tiff.png,Amphistegina radiata,gaussian,0.0,Amphistegina radiata,0.9952808022499084,1
21,data/eval_images/Amphistegina radiata_22_view2_stacked_tiff.png,Amphistegina radiata,gaussian,5.0,Amphistegina radiata,0.995299220085144,1
21,data/eval_images/Amphistegina radiata_22_view2_stacked_tiff.png,Amphistegina radiata,gaussian,10.0,Amphistegina radiata,0.9935868978500366,1
21,data/eval_images/Amphistegina radiata_22_view2_stacked_tiff.png,Amphistegina radiata,gaussian,25.0,Amphistegina radiata,0.9853670597076416,1
21,data/eval_images/Amphistegina radiata_22_view2_stacked_tiff.png,Amphistegina radiata,gaussian,50.0,Karreriella bradyi,0.4465304613113403,0
21,data/eval_images/Amphistegina radiata_22_view2_stacked_tiff.png,Amphistegina radiata,saltpepper,0.0,Amphistegina radiata,0.9952808022499084,1
21,data/eval_images/Amphistegina radiata_22_view2_stacked_tiff.png,Amphistegina radiata,saltpepper,0.01,Amphistegina radiata,0.9950201511383056,1
21,data/eval_images/Amphistegina radiata_22_view2_stacked_tiff.png,Amphistegina radiata,saltpepper,0.03,Amphistegina radiata,0.9857115149497986,1
21,data/eval_images/Amphistegina radiata_22_view2_stacked_tiff.png,Amphistegina radiata,saltpepper,0.07,Amphistegina radiata,0.9854411482810974,1
21,data/eval_images/Amphistegina radiata_22_view2_stacked_tiff.png,Amphistegina radiata,stretch,1.0,Amphistegina radiata,0.9952808022499084,1
22,data/eval_images/Amphistegina radiata_22_view2_zstack_slice_z0000.png,Amphistegina radiata,gaussian,0.0,Amphistegina radiata,0.9719893336296082,1
22,data/eval_images/Amphistegina radiata_22_view2_zstack_slice_z0000.png,Amphistegina radiata,gaussian,5.0,Amphistegina radiata,0.9331961274147034,1
22,data/eval_images/Amphistegina radiata_22_view2_zstack_slice_z0000.png,Amphistegina radiata,gaussian,10.0,Amphistegina radiata,0.6457892656326294,1
22,data/eval_images/Amphistegina radiata_22_view2_zstack_slice_z0000.png,Amphistegina radiata,gaussian,25.0,Karreriella bradyi,0.4507695138454437,0
22,data/eval_images/Amphistegina radiata_22_view2_zstack_slice_z0000.png,Amphistegina radiata,gaussian,50.0,Triloculina plicata,0.2818777561187744,0
22,data/eval_images/Amphistegina radiata_22_view2_zstack_slice_z0000.png,Amphistegina radiata,saltpepper,0.0,Amphistegina radiata,0.9719893336296082,1
22,data/eval_images/Amphistegina radiata_22_view2_zstack_slice_z0000.png,Amphistegina radiata,saltpepper,0.01,Amphistegina radiata,0.9559556245803832,1
22,data/eval_images/Amphistegina radiata_22_view2_zstack_slice_z0000.png,Amphistegina radiata,saltpepper,0.03,Amphistegina radiata,0.7425993084907532,1
22,data/eval_images/Amphistegina radiata_22_view2_zstack_slice_z0000.png,Amphistegina radiata,saltpepper,0.07,Triloculina plicata,0.3227514624595642,0
22,data/eval_images/Amphistegina radiata_22_view2_zstack_slice_z0000.png,Amphistegina radiata,stretch,1.0,Amphistegina radiata,0.9719893336296082,1
23,data/eval_images/Amphistegina radiata_22_view2_zstack_slice_z0028.png,Amphistegina radiata,gaussian,0.0,Amphistegina radiata,0.9920907020568848,1
23,data/eval_images/Amphistegina radiata_22_view2_zstack_slice_z0028.png,Amphistegina radiata,gaussian,5.0,Amphistegina radiata,0.9804121255874634,1
23,data/eval_images/Amphistegina radiata_22_view2_zstack_slice_z0028.png,Amphistegina radiata,gaussian,10.0,Amphistegina radiata,0.8514106869697571,1
23,data/eval_images/Amphistegina radiata_22_view2_zstack_slice_z0028.png,Amphistegina radiata,gaussian,25.0,Karreriella bradyi,0.6639520525932312,0
23,data/eval_images/Amphistegina radiata_22_view2_zstack_slice_z0028.png,Amphistegina radiata,gaussian,50.0,Triloculina plicata,0.3440264761447906,0
23,data/eval_images/Amphistegina radiata_22_view2_zstack_slice_z0028.png,Amphistegina radiata,saltpepper,0.0,Amphistegina radiata,0.9920907020568848,1
23,data/eval_images/Amphistegina radiata_22_view2_zstack_slice_z0028.png,Amphistegina radiata,saltpepper,0.01,Amphistegina radiata,0.9950705766677856,1
23,data/eval_images/Amphistegina radiata_22_view2_zstack_slice_z0028.png,Amphistegina radiata,saltpepper,0.03,Amphistegina radiata,0.969366490840912,1
23,data/eval_images/Amphistegina radiata_22_view2_zstack_slice_z0028.png,Amphistegina radiata,saltpepper,0.07,Amphistegina radiata,0.3729586899280548,1
23,data/eval_images/Amphistegina radiata_22_view2_zstack_slice_z0028.png,Amphistegina radiata,stretch,1.0,Amphistegina radiata,0.9920907020568848,1
24,data/eval_images/Amphistegina radiata_22_view2_zstack_slice_z0046.png,Amphistegina radiata,gaussian,0.0,Amphistegina radiata,0.995153546333313,1
24,data/eval_images/Amphistegina radiata_22_view2_zstack_slice_z0046.png,Amphistegina radiata,gaussian,5.0,Amphistegina radiata,0.9953155517578124,1
24,data/eval_images/Amphistegina radiata_22_view2_zstack_slice_z0046.png,Amphistegina radiata,gaussian,10.0,Amphistegina radiata,0.9925845265388488,1
24,data/eval_images/Amphistegina radiata_22_view2_zstack_slice_z0046.png,Amphistegina radiata,gaussian,25.0,Amphistegina radiata,0.9368959069252014,1
24,data/eval_images/Amphistegina radiata_22_view2_zstack_slice_z0046.png,Amphistegina radiata,gaussian,50.0,Karreriella bradyi,0.4790475368499756,0
24,data/eval_images/Amphistegina radiata_22_view2_zstack_slice_z0046.png,Amphistegina radiata,saltpepper,0.0,Amphistegina radiata,0.995153546333313,1
24,data/eval_images/Amphistegina radiata_22_view2_zstack_slice_z0046.png,Amphistegina radiata,saltpepper,0.01,Amphistegina radiata,0.9959151148796082,1
24,data/eval_images/Amphistegina radiata_22_view2_zstack_slice_z0046.png,Amphistegina radiata,saltpepper,0.03,Amphistegina radiata,0.9962726831436156,1
24,data/eval_images/Amphistegina radiata_22_view2_zstack_slice_z0046.png,Amphistegina radiata,saltpepper,0.07,Amphistegina radiata,0.7923548221588135,1
24,data/eval_images/Amphistegina radiata_22_view2_zstack_slice_z0046.png,Amphistegina radiata,stretch,1.0,Amphistegina radiata,0.995153546333313,1
25,data/eval_images/Amphistegina radiata_22_view2_zstack_slice_z0047.png,Amphistegina radiata,gaussian,0.0,Amphistegina radiata,0.9952308535575868,1
25,data/eval_images/Amphistegina radiata_22_view2_zstack_slice_z0047.png,Amphistegina radiata,gaussian,5.0,Amphistegina radiata,0.9951849579811096,1
25,data/eval_images/Amphistegina radiata_22_view2_zstack_slice_z0047.png,Amphistegina radiata,gaussian,10.0,Amphistegina radiata,0.9950835704803468,1
25,data/eval_images/Amphistegina radiata_22_view2_zstack_slice_z0047.png,Amphistegina radiata,gaussian,25.0,Amphistegina radiata,0.9329305291175842,1
25,data/eval_images/Amphistegina radiata_22_view2_zstack_slice_z0047.png,Amphistegina radiata,gaussian,50.0,Amphistegina radiata,0.465014100074768,1
25,data/eval_images/Amphistegina radiata_22_view2_zstack_slice_z0047.png,Amphistegina radiata,saltpepper,0.0,Amphistegina radiata,0.9952308535575868,1
25,data/eval_images/Amphistegina radiata_22_view2_zstack_slice_z0047.png,Amphistegina radiata,saltpepper,0.01,Amphistegina radiata,0.9960026144981384,1
25,data/eval_images/Amphistegina radiata_22_view2_zstack_slice_z0047.png,Amphistegina radiata,saltpepper,0.03,Amphistegina radiata,0.9969666600227356,1
25,data/eval_images/Amphistegina radiata_22_view2_zstack_slice_z0047.png,Amphistegina radiata,saltpepper,0.07,Amphistegina radiata,0.8704217672348022,1
25,data/eval_images/Amphistegina radiata_22_view2_zstack_slice_z0047.png,Amphistegina radiata,stretch,1.0,Amphistegina radiata,0.9952308535575868,1
26,data/eval_images/Amphistegina radiata_22_view2_zstack_slice_z0062.png,Amphistegina radiata,gaussian,0.0,Amphistegina radiata,0.9955196380615234,1
26,data/eval_images/Amphistegina radiata_22_view2_zstack_slice_z0062.png,Amphistegina radiata,gaussian,5.0,Amphistegina radiata,0.9959905743598938,1
26,data/eval_images/Amphistegina radiata_22_view2_zstack_slice_z0062.png,Amphistegina radiata,gaussian,10.0,Amphistegina radiata,0.9965862035751344,1
26,data/eval_images/Amphistegina radiata_22_view2_zstack_slice_z0062.png,Amphistegina radiata,gaussian,25.0,Amphistegina radiata,0.9903002977371216,1
26,data/eval_images/Amphistegina radiata_22_view2_zstack_slice_z0062.png,Amphistegina radiata,gaussian,50.0,Amphistegina radiata,0.8869408965110779,1
26,data/eval_images/Amphistegina radiata_22_view2_zstack_slice_z0062.png,Amphistegina radiata,saltpepper,0.0,Amphistegina radiata,0.9955196380615234,1
26,data/eval_images/Amphistegina radiata_22_view2_zstack_slice_z0062.png,Amphistegina radiata,saltpepper,0.01,Amphistegina radiata,0.9966088533401488,1
26,data/eval_images/Amphistegina radiata_22_view2_zstack_slice_z0062.png,Amphistegina radiata,saltpepper,0.03,Amphistegina radiata,0.996884286403656,1
26,data/eval_images/Amphistegina radiata_22_view2_zstack_slice_z0062.png,Amphistegina radiata,saltpepper,0.07,Amphistegina radiata,0.9517157077789308,1
26,data/eval_images/Amphistegina radiata_22_view2_zstack_slice_z0062.png,Amphistegina radiata,stretch,1.0,Amphistegina radiata,0.9955196380615234,1
27,data/eval_images/Bigenerina nodosaria_15_view5_gif_original.png,Bigenerina nodosaria,gaussian,0.0,Bigenerina nodosaria,0.987863302230835,1
27,data/eval_images/Bigenerina nodosaria_15_view5_gif_original.png,Bigenerina nodosaria,gaussian,5.0,Bigenerina nodosaria,0.9877325296401978,1
27,data/eval_images/Bigenerina nodosaria_15_view5_gif_original.png,Bigenerina nodosaria,gaussian,10.0,Bigenerina nodosaria,0.9874752163887024,1
27,data/eval_images/Bigenerina nodosaria_15_view5_gif_original.png,Bigenerina nodosaria,gaussian,25.0,Bigenerina nodosaria,0.9860213398933412,1
27,data/eval_images/Bigenerina nodosaria_15_view5_gif_original.png,Bigenerina nodosaria,gaussian,50.0,Bigenerina nodosaria,0.9842708706855774,1
27,data/eval_images/Bigenerina nodosaria_15_view5_gif_original.png,Bigenerina nodosaria,saltpepper,0.0,Bigenerina nodosaria,0.987863302230835,1
27,data/eval_images/Bigenerina nodosaria_15_view5_gif_original.png,Bigenerina nodosaria,saltpepper,0.01,Bigenerina nodosaria,0.98744535446167,1
27,data/eval_images/Bigenerina nodosaria_15_view5_gif_original.png,Bigenerina nodosaria,saltpepper,0.03,Bigenerina nodosaria,0.9864866733551024,1
27,data/eval_images/Bigenerina nodosaria_15_view5_gif_original.png,Bigenerina nodosaria,saltpepper,0.07,Bigenerina nodosaria,0.9847111105918884,1
27,data/eval_images/Bigenerina nodosaria_15_view5_gif_original.png,Bigenerina nodosaria,stretch,1.0,Bigenerina nodosaria,0.987863302230835,1
28,data/eval_images/Cibicides corticatus_29_view6_gif_original.png,Cibicides corticatus,gaussian,0.0,Cibicides corticatus,0.9870298504829408,1
28,data/eval_images/Cibicides corticatus_29_view6_gif_original.png,Cibicides corticatus,gaussian,5.0,Cibicides corticatus,0.9499967098236084,1
28,data/eval_images/Cibicides corticatus_29_view6_gif_original.png,Cibicides corticatus,gaussian,10.0,Karreriella bradyi,0.7858657240867615,0
28,data/eval_images/Cibicides corticatus_29_view6_gif_original.png,Cibicides corticatus,gaussian,25.0,Karreriella bradyi,0.9944882988929749,0
28,data/eval_images/Cibicides corticatus_29_view6_gif_original.png,Cibicides corticatus,gaussian,50.0,Karreriella bradyi,0.9881768822669984,0
28,data/eval_images/Cibicides corticatus_29_view6_gif_original.png,Cibicides corticatus,saltpepper,0.0,Cibicides corticatus,0.9870298504829408,1
28,data/eval_images/Cibicides corticatus_29_view6_gif_original.png,Cibicides corticatus,saltpepper,0.01,Cibicides corticatus,0.9542937874794006,1
28,data/eval_images/Cibicides corticatus_29_view6_gif_original.png,Cibicides corticatus,saltpepper,0.03,Karreriella bradyi,0.9611485004425048,0
28,data/eval_images/Cibicides corticatus_29_view6_gif_original.png,Cibicides corticatus,saltpepper,0.07,Karreriella bradyi,0.9037468433380128,0
28,data/eval_images/Cibicides corticatus_29_view6_gif_original.png,Cibicides corticatus,stretch,1.0,Cibicides corticatus,0.9870298504829408,1
29,data/eval_images/Cibicides corticatus_29_view6_zstack_slice_z0002.png,Cibicides corticatus,gaussian,0.0,Cibicides corticatus,0.9816245436668396,1
29,data/eval_images/Cibicides corticatus_29_view6_zstack_slice_z0002.png,Cibicides corticatus,gaussian,5.0,Cribroelphidium clavatum,0.8232296705245972,0
29,data/eval_images/Cibicides corticatus_29_view6_zstack_slice_z0002.png,Cibicides corticatus,gaussian,10.0,Cribroelphidium clavatum,0.8753528594970703,0
29,data/eval_images/Cibicides corticatus_29_view6_zstack_slice_z0002.png,Cibicides corticatus,gaussian,25.0,Cribroelphidium clavatum,0.6885100603103638,0
29,data/eval_images/Cibicides corticatus_29_view6_zstack_slice_z0002.png,Cibicides corticatus,gaussian,50.0,Amphistegina radiata,0.7665740847587585,0
29,data/eval_images/Cibicides corticatus_29_view6_zstack_slice_z0002.png,Cibicides corticatus,saltpepper,0.0,Cibicides corticatus,0.9816245436668396,1
29,data/eval_images/Cibicides corticatus_29_view6_zstack_slice_z0002.png,Cibicides corticatus,saltpepper,0.01,Cibicides corticatus,0.5653703808784485,1
29,data/eval_images/Cibicides corticatus_29_view6_zstack_slice_z0002.png,Cibicides corticatus,saltpepper,0.03,Cribroelphidium clavatum,0.6421002149581909,0
29,data/eval_images/Cibicides corticatus_29_view6_zstack_slice_z0002.png,Cibicides corticatus,saltpepper,0.07,Amphistegina radiata,0.8086153268814087,0
29,data/eval_images/Cibicides corticatus_29_view6_zstack_slice_z0002.png,Cibicides corticatus,stretch,1.0,Cibicides corticatus,0.9816245436668396,1
30,data/eval_images/Cibicides corticatus_29_view6_zstack_slice_z0007.png,Cibicides corticatus,gaussian,0.0,Cibicides corticatus,0.985000491142273,1
30,data/eval_images/Cibicides corticatus_29_view6_zstack_slice_z0007.png,Cibicides corticatus,gaussian,5.0,Cribroelphidium clavatum,0.5146669745445251,0
30,data/eval_images/Cibicides corticatus_29_view6_zstack_slice_z0007.png,Cibicides corticatus,gaussian,10.0,Cribroelphidium clavatum,0.8374385833740234,0
30,data/eval_images/Cibicides corticatus_29_view6_zstack_slice_z0007.png,Cibicides corticatus,gaussian,25.0,Cribroelphidium clavatum,0.7247727513313293,0
30,data/eval_images/Cibicides corticatus_29_view6_zstack_slice_z0007.png,Cibicides corticatus,gaussian,50.0,Amphistegina radiata,0.3679740130901336,0
30,data/eval_images/Cibicides corticatus_29_view6_zstack_slice_z0007.png,Cibicides corticatus,saltpepper,0.0,Cibicides corticatus,0.985000491142273,1
30,data/eval_images/Cibicides corticatus_29_view6_zstack_slice_z0007.png,Cibicides corticatus,saltpepper,0.01,Cibicides corticatus,0.8918972015380859,1
30,data/eval_images/Cibicides corticatus_29_view6_zstack_slice_z0007.png,Cibicides corticatus,saltpepper,0.03,Cribroelphidium clavatum,0.6238177418708801,0
30,data/eval_images/Cibicides corticatus_29_view6_zstack_slice_z0007.png,Cibicides corticatus,saltpepper,0.07,Cribroelphidium clavatum,0.4895855188369751,0
30,data/eval_images/Cibicides corticatus_29_view6_zstack_slice_z0007.png,Cibicides corticatus,stretch,1.0,Cibicides corticatus,0.985000491142273,1
31,data/eval_images/Cibicides corticatus_29_view6_zstack_slice_z0014.png,Cibicides corticatus,gaussian,0.0,Cibicides corticatus,0.988617479801178,1
31,data/eval_images/Cibicides corticatus_29_view6_zstack_slice_z0014.png,Cibicides corticatus,gaussian,5.0,Cibicides corticatus,0.4602771997451782,1
31,data/eval_images/Cibicides corticatus_29_view6_zstack_slice_z0014.png,Cibicides corticatus,gaussian,10.0,Karreriella bradyi,0.53400057554245,0
31,data/eval_images/Cibicides corticatus_29_view6_zstack_slice_z0014.png,Cibicides corticatus,gaussian,25.0,Karreriella bradyi,0.4759229719638824,0
31,data/eval_images/Cibicides corticatus_29_view6_zstack_slice_z0014.png,Cibicides corticatus,gaussian,50.0,Karreriella bradyi,0.7407889366149902,0
31,data/eval_images/Cibicides corticatus_29_view6_zstack_slice_z0014.png,Cibicides corticatus,saltpepper,0.0,Cibicides corticatus,0.988617479801178,1
31,data/eval_images/Cibicides corticatus_29_view6_zstack_slice_z0014.png,Cibicides corticatus,saltpepper,0.01,Cibicides corticatus,0.9832148551940918,1
31,data/eval_images/Cibicides corticatus_29_view6_zstack_slice_z0014.png,Cibicides corticatus,saltpepper,0.03,Cibicides corticatus,0.5140306949615479,1
31,data/eval_images/Cibicides corticatus_29_view6_zstack_slice_z0014.png,Cibicides corticatus,saltpepper,0.07,Amphistegina radiata,0.5930028557777405,0
31,data/eval_images/Cibicides corticatus_29_view6_zstack_slice_z0014.png,Cibicides corticatus,stretch,1.0,Cibicides corticatus,0.988617479801178,1
32,data/eval_images/Cibicides corticatus_29_view6_zstack_slice_z0021.png,Cibicides corticatus,gaussian,0.0,Cibicides corticatus,0.9886878132820128,1
32,data/eval_images/Cibicides corticatus_29_view6_zstack_slice_z0021.png,Cibicides corticatus,gaussian,5.0,Cibicides corticatus,0.5715208053588867,1
32,data/eval_images/Cibicides corticatus_29_view6_zstack_slice_z0021.png,Cibicides corticatus,gaussian,10.0,Karreriella bradyi,0.8617202639579773,0
32,data/eval_images/Cibicides corticatus_29_view6_zstack_slice_z0021.png,Cibicides corticatus,gaussian,25.0,Karreriella bradyi,0.827253520488739,0
32,data/eval_images/Cibicides corticatus_29_view6_zstack_slice_z0021.png,Cibicides corticatus,gaussian,50.0,Karreriella bradyi,0.6351805925369263,0
32,data/eval_images/Cibicides corticatus_29_view6_zstack_slice_z0021.png,Cibicides corticatus,saltpepper,0.0,Cibicides corticatus,0.9886878132820128,1
32,data/eval_images/Cibicides corticatus_29_view6_zstack_slice_z0021.png,Cibicides corticatus,saltpepper,0.01,Cibicides corticatus,0.9878473281860352,1
32,data/eval_images/Cibicides corticatus_29_view6_zstack_slice_z0021.png,Cibicides corticatus,saltpepper,0.03,Karreriella bradyi,0.6891865730285645,0
32,data/eval_images/Cibicides corticatus_29_view6_zstack_slice_z0021.png,Cibicides corticatus,saltpepper,0.07,Amphistegina radiata,0.7916512489318848,0
32,data/eval_images/Cibicides corticatus_29_view6_zstack_slice_z0021.png,Cibicides corticatus,stretch,1.0,Cibicides corticatus,0.9886878132820128,1
33,data/eval_images/Cibicides corticatus_29_view6_zstack_slice_z0024.png,Cibicides corticatus,gaussian,0.0,Cibicides corticatus,0.9893583059310912,1
33,data/eval_images/Cibicides corticatus_29_view6_zstack_slice_z0024.png,Cibicides corticatus,gaussian,5.0,Karreriella bradyi,0.6607946753501892,0
33,data/eval_images/Cibicides corticatus_29_view6_zstack_slice_z0024.png,Cibicides corticatus,gaussian,10.0,Karreriella bradyi,0.9208633303642272,0
33,data/eval_images/Cibicides corticatus_29_view6_zstack_slice_z0024.png,Cibicides corticatus,gaussian,25.0,Triloculina trigonula,0.6664566397666931,0
33,data/eval_images/Cibicides corticatus_29_view6_zstack_slice_z0024.png,Cibicides corticatus,gaussian,50.0,Karreriella bradyi,0.1122954040765762,0
33,data/eval_images/Cibicides corticatus_29_view6_zstack_slice_z0024.png,Cibicides corticatus,saltpepper,0.0,Cibicides corticatus,0.9893583059310912,1
33,data/eval_images/Cibicides corticatus_29_view6_zstack_slice_z0024.png,Cibicides corticatus,saltpepper,0.01,Cibicides corticatus,0.9740663766860962,1
33,data/eval_images/Cibicides corticatus_29_view6_zstack_slice_z0024.png,Cibicides corticatus,saltpepper,0.03,Amphistegina radiata,0.4104506373405456,0
33,data/eval_images/Cibicides corticatus_29_view6_zstack_slice_z0024.png,Cibicides corticatus,saltpepper,0.07,Amphistegina radiata,0.7832666039466858,0
33,data/eval_images/Cibicides corticatus_29_view6_zstack_slice_z0024.png,Cibicides corticatus,stretch,1.0,Cibicides corticatus,0.9893583059310912,1
34,data/eval_images/Cribroelphidium clavatum_31_view5_gif_original.png,Cribroelphidium clavatum,gaussian,0.0,Cribroelphidium clavatum,0.9817661046981812,1
34,data/eval_images/Cribroelphidium clavatum_31_view5_gif_original.png,Cribroelphidium clavatum,gaussian,5.0,Cribroelphidium clavatum,0.973002314567566,1
34,data/eval_images/Cribroelphidium clavatum_31_view5_gif_original.png,Cribroelphidium clavatum,gaussian,10.0,Cribroelphidium clavatum,0.9652138352394104,1
34,data/eval_images/Cribroelphidium clavatum_31_view5_gif_original.png,Cribroelphidium clavatum,gaussian,25.0,Cribroelphidium clavatum,0.94421124458313,1
34,data/eval_images/Cribroelphidium clavatum_31_view5_gif_original.png,Cribroelphidium clavatum,gaussian,50.0,Cribroelphidium clavatum,0.5247722268104553,1
34,data/eval_images/Cribroelphidium clavatum_31_view5_gif_original.png,Cribroelphidium clavatum,saltpepper,0.0,Cribroelphidium clavatum,0.9817661046981812,1
34,data/eval_images/Cribroelphidium clavatum_31_view5_gif_original.png,Cribroelphidium clavatum,saltpepper,0.01,Cribroelphidium clavatum,0.9777615070343018,1
34,data/eval_images/Cribroelphidium clavatum_31_view5_gif_original.png,Cribroelphidium clavatum,saltpepper,0.03,Cribroelphidium clavatum,0.7799955010414124,1
34,data/eval_images/Cribroelphidium clavatum_31_view5_gif_original.png,Cribroelphidium clavatum,saltpepper,0.07,Cribroelphidium clavatum,0.5363406538963318,1
34,data/eval_images/Cribroelphidium clavatum_31_view5_gif_original.png,Cribroelphidium clavatum,stretch,1.0,Cribroelphidium clavatum,0.9817661046981812,1
35,data/eval_images/Cribroelphidium clavatum_31_view5_zstack_slice_z0011.png,Cribroelphidium clavatum,gaussian,0.0,Cribroelphidium clavatum,0.9845715761184692,1
35,data/eval_images/Cribroelphidium clavatum_31_view5_zstack_slice_z0011.png,Cribroelphidium clavatum,gaussian,5.0,Cribroelphidium clavatum,0.9804385900497437,1
35,data/eval_images/Cribroelphidium clavatum_31_view5_zstack_slice_z0011.png,Cribroelphidium clavatum,gaussian,10.0,Cribroelphidium clavatum,0.9818668365478516,1
35,data/eval_images/Cribroelphidium clavatum_31_view5_zstack_slice_z0011.png,Cribroelphidium clavatum,gaussian,25.0,Cribroelphidium clavatum,0.9057597517967224,1
35,data/eval_images/Cribroelphidium clavatum_31_view5_zstack_slice_z0011.png,Cribroelphidium clavatum,gaussian,50.0,Karreriella bradyi,0.8962419629096985,0
35,data/eval_images/Cribroelphidium clavatum_31_view5_zstack_slice_z0011.png,Cribroelphidium clavatum,saltpepper,0.0,Cribroelphidium clavatum,0.9845715761184692,1
35,data/eval_images/Cribroelphidium clavatum_31_view5_zstack_slice_z0011.png,Cribroelphidium clavatum,saltpepper,0.01,Cribroelphidium clavatum,0.8857115507125854,1
35,data/eval_images/Cribroelphidium clavatum_31_view5_zstack_slice_z0011.png,Cribroelphidium clavatum,saltpepper,0.03,Amphistegina radiata,0.4934784173965454,0
35,data/eval_images/Cribroelphidium clavatum_31_view5_zstack_slice_z0011.png,Cribroelphidium clavatum,saltpepper,0.07,Cribroelphidium clavatum,0.6952365040779114,1
35,data/eval_images/Cribroelphidium clavatum_31_view5_zstack_slice_z0011.png,Cribroelphidium clavatum,stretch,1.0,Cribroelphidium clavatum,0.9845715761184692,1
36,data/eval_images/Cribroelphidium clavatum_31_view5_zstack_slice_z0017.png,Cribroelphidium clavatum,gaussian,0.0,Cribroelphidium clavatum,0.9796925783157348,1
36,data/eval_images/Cribroelphidium clavatum_31_view5_zstack_slice_z0017.png,Cribroelphidium clavatum,gaussian,5.0,Cribroelphidium clavatum,0.9784133434295654,1
36,data/eval_images/Cribroelphidium clavatum_31_view5_zstack_slice_z0017.png,Cribroelphidium clavatum,gaussian,10.0,Cribroelphidium clavatum,0.9774687886238098,1
36,data/eval_images/Cribroelphidium clavatum_31_view5_zstack_slice_z0017.png,Cribroelphidium clavatum,gaussian,25.0,Cribroelphidium clavatum,0.9777860045433044,1
36,data/eval_images/Cribroelphidium clavatum_31_view5_zstack_slice_z0017.png,Cribroelphidium clavatum,gaussian,50.0,Cribroelphidium clavatum,0.9518905878067015,1
36,data/eval_images/Cribroelphidium clavatum_31_view5_zstack_slice_z0017.png,Cribroelphidium clavatum,saltpepper,0.0,Cribroelphidium clavatum,0.9796925783157348,1
36,data/eval_images/Cribroelphidium clavatum_31_view5_zstack_slice_z0017.png,Cribroelphidium clavatum,saltpepper,0.01,Cribroelphidium clavatum,0.7987586259841919,1
36,data/eval_images/Cribroelphidium clavatum_31_view5_zstack_slice_z0017.png,Cribroelphidium clavatum,saltpepper,0.03,Cribroelphidium clavatum,0.9027966856956482,1
36,data/eval_images/Cribroelphidium clavatum_31_view5_zstack_slice_z0017.png,Cribroelphidium clavatum,saltpepper,0.07,Cribroelphidium clavatum,0.8585755825042725,1
36,data/eval_images/Cribroelphidium clavatum_31_view5_zstack_slice_z0017.png,Cribroelphidium clavatum,stretch,1.0,Cribroelphidium clavatum,0.9796925783157348,1
37,data/eval_images/Cribroelphidium clavatum_31_view5_zstack_slice_z0019.png,Cribroelphidium clavatum,gaussian,0.0,Cribroelphidium clavatum,0.9733995199203492,1
37,data/eval_images/Cribroelphidium clavatum_31_view5_zstack_slice_z0019.png,Cribroelphidium clavatum,gaussian,5.0,Cribroelphidium clavatum,0.9730537533760072,1
37,data/eval_images/Cribroelphidium clavatum_31_view5_zstack_slice_z0019.png,Cribroelphidium clavatum,gaussian,10.0,Cribroelphidium clavatum,0.9809656143188475,1
37,data/eval_images/Cribroelphidium clavatum_31_view5_zstack_slice_z0019.png,Cribroelphidium clavatum,gaussian,25.0,Cribroelphidium clavatum,0.9684763550758362,1
37,data/eval_images/Cribroelphidium clavatum_31_view5_zstack_slice_z0019.png,Cribroelphidium clavatum,gaussian,50.0,Cribroelphidium clavatum,0.9093461036682128,1
37,data/eval_images/Cribroelphidium clavatum_31_view5_zstack_slice_z0019.png,Cribroelphidium clavatum,saltpepper,0.0,Cribroelphidium clavatum,0.9733995199203492,1
37,data/eval_images/Cribroelphidium clavatum_31_view5_zstack_slice_z0019.png,Cribroelphidium clavatum,saltpepper,0.01,Cribroelphidium clavatum,0.8531789183616638,1
37,data/eval_images/Cribroelphidium clavatum_31_view5_zstack_slice_z0019.png,Cribroelphidium clavatum,saltpepper,0.03,Amphistegina radiata,0.5848013162612915,0
37,data/eval_images/Cribroelphidium clavatum_31_view5_zstack_slice_z0019.png,Cribroelphidium clavatum,saltpepper,0.07,Cribroelphidium clavatum,0.8542795777320862,1
37,data/eval_images/Cribroelphidium clavatum_31_view5_zstack_slice_z0019.png,Cribroelphidium clavatum,stretch,1.0,Cribroelphidium clavatum,0.9733995199203492,1
38,data/eval_images/Cribroelphidium clavatum_31_view5_zstack_slice_z0020.png,Cribroelphidium clavatum,gaussian,0.0,Cribroelphidium clavatum,0.9792619943618774,1
38,data/eval_images/Cribroelphidium clavatum_31_view5_zstack_slice_z0020.png,Cribroelphidium clavatum,gaussian,5.0,Cribroelphidium clavatum,0.9744560718536376,1
38,data/eval_images/Cribroelphidium clavatum_31_view5_zstack_slice_z0020.png,Cribroelphidium clavatum,gaussian,10.0,Cribroelphidium clavatum,0.9744789600372314,1
38,data/eval_images/Cribroelphidium clavatum_31_view5_zstack_slice_z0020.png,Cribroelphidium clavatum,gaussian,25.0,Cribroelphidium clavatum,0.9338682889938354,1
38,data/eval_images/Cribroelphidium clavatum_31_view5_zstack_slice_z0020.png,Cribroelphidium clavatum,gaussian,50.0,Cribroelphidium clavatum,0.9335131645202636,1
38,data/eval_images/Cribroelphidium clavatum_31_view5_zstack_slice_z0020.png,Cribroelphidium clavatum,saltpepper,0.0,Cribroelphidium clavatum,0.9792619943618774,1
38,data/eval_images/Cribroelphidium clavatum_31_view5_zstack_slice_z0020.png,Cribroelphidium clavatum,saltpepper,0.01,Cribroelphidium clavatum,0.9218443036079408,1
38,data/eval_images/Cribroelphidium clavatum_31_view5_zstack_slice_z0020.png,Cribroelphidium clavatum,saltpepper,0.03,Cribroelphidium clavatum,0.7019510269165039,1
38,data/eval_images/Cribroelphidium clavatum_31_view5_zstack_slice_z0020.png,Cribroelphidium clavatum,saltpepper,0.07,Cribroelphidium clavatum,0.9044111371040344,1
38,data/eval_images/Cribroelphidium clavatum_31_view5_zstack_slice_z0020.png,Cribroelphidium clavatum,stretch,1.0,Cribroelphidium clavatum,0.9792619943618774,1
39,data/eval_images/Cribroelphidium clavatum_31_view5_zstack_slice_z0029.png,Cribroelphidium clavatum,gaussian,0.0,Cribroelphidium clavatum,0.9736232161521912,1
39,data/eval_images/Cribroelphidium clavatum_31_view5_zstack_slice_z0029.png,Cribroelphidium clavatum,gaussian,5.0,Cribroelphidium clavatum,0.9567325711250304,1
39,data/eval_images/Cribroelphidium clavatum_31_view5_zstack_slice_z0029.png,Cribroelphidium clavatum,gaussian,10.0,Cribroelphidium clavatum,0.9663695693016052,1
39,data/eval_images/Cribroelphidium clavatum_31_view5_zstack_slice_z0029.png,Cribroelphidium clavatum,gaussian,25.0,Cribroelphidium clavatum,0.9617785811424256,1
39,data/eval_images/Cribroelphidium clavatum_31_view5_zstack_slice_z0029.png,Cribroelphidium clavatum,gaussian,50.0,Triloculina trigonula,0.3147241771221161,0
39,data/eval_images/Cribroelphidium clavatum_31_view5_zstack_slice_z0029.png,Cribroelphidium clavatum,saltpepper,0.0,Cribroelphidium clavatum,0.9736232161521912,1
39,data/eval_images/Cribroelphidium clavatum_31_view5_zstack_slice_z0029.png,Cribroelphidium clavatum,saltpepper,0.01,Amphistegina radiata,0.8871296048164368,0
39,data/eval_images/Cribroelphidium clavatum_31_view5_zstack_slice_z0029.png,Cribroelphidium clavatum,saltpepper,0.03,Amphistegina radiata,0.9181132316589355,0
39,data/eval_images/Cribroelphidium clavatum_31_view5_zstack_slice_z0029.png,Cribroelphidium clavatum,saltpepper,0.07,Cribroelphidium clavatum,0.4471361041069031,1
39,data/eval_images/Cribroelphidium clavatum_31_view5_zstack_slice_z0029.png,Cribroelphidium clavatum,stretch,1.0,Cribroelphidium clavatum,0.9736232161521912,1
40,data/eval_images/Cylindroclavulina bradyi_13_view2_gif_original.png,Cylindroclavulina bradyi,gaussian,0.0,Nodulina dentaliniformis,0.989891529083252,0
40,data/eval_images/Cylindroclavulina bradyi_13_view2_gif_original.png,Cylindroclavulina bradyi,gaussian,5.0,Nodulina dentaliniformis,0.9895780086517334,0
40,data/eval_images/Cylindroclavulina bradyi_13_view2_gif_original.png,Cylindroclavulina bradyi,gaussian,10.0,Nodulina dentaliniformis,0.9878575801849364,0
40,data/eval_images/Cylindroclavulina bradyi_13_view2_gif_original.png,Cylindroclavulina bradyi,gaussian,25.0,Nodulina dentaliniformis,0.5297196507453918,0
40,data/eval_images/Cylindroclavulina bradyi_13_view2_gif_original.png,Cylindroclavulina bradyi,gaussian,50.0,Nodulina dentaliniformis,0.4839162528514862,0
40,data/eval_images/Cylindroclavulina bradyi_13_view2_gif_original.png,Cylindroclavulina bradyi,saltpepper,0.0,Nodulina dentaliniformis,0.989891529083252,0
40,data/eval_images/Cylindroclavulina bradyi_13_view2_gif_original.png,Cylindroclavulina bradyi,saltpepper,0.01,Nodulina dentaliniformis,0.9709733724594116,0
40,data/eval_images/Cylindroclavulina bradyi_13_view2_gif_original.png,Cylindroclavulina bradyi,saltpepper,0.03,Nodulina dentaliniformis,0.6391828060150146,0
40,data/eval_images/Cylindroclavulina bradyi_13_view2_gif_original.png,Cylindroclavulina bradyi,saltpepper,0.07,Nodulina dentaliniformis,0.9200174808502196,0
40,data/eval_images/Cylindroclavulina bradyi_13_view2_gif_original.png,Cylindroclavulina bradyi,stretch,1.0,Nodulina dentaliniformis,0.989891529083252,0
41,data/eval_images/Cylindroclavulina bradyi_13_view2_stacked_tiff.png,Cylindroclavulina bradyi,gaussian,0.0,Nodulina dentaliniformis,0.9863277673721312,0
41,data/eval_images/Cylindroclavulina bradyi_13_view2_stacked_tiff.png,Cylindroclavulina bradyi,gaussian,5.0,Nodulina dentaliniformis,0.9902562499046326,0
41,data/eval_images/Cylindroclavulina bradyi_13_view2_stacked_tiff.png,Cylindroclavulina bradyi,gaussian,10.0,Nodulina dentaliniformis,0.9866612553596495,0
41,data/eval_images/Cylindroclavulina bradyi_13_view2_stacked_tiff.png,Cylindroclavulina bradyi,gaussian,25.0,Nodulina dentaliniformis,0.943324863910675,0
41,data/eval_images/Cylindroclavulina bradyi_13_view2_stacked_tiff.png,Cylindroclavulina bradyi,gaussian,50.0,Nodulina dentaliniformis,0.5299619436264038,0
41,data/eval_images/Cylindroclavulina bradyi_13_view2_stacked_tiff.png,Cylindroclavulina bradyi,saltpepper,0.0,Nodulina dentaliniformis,0.9863277673721312,0
41,data/eval_images/Cylindroclavulina bradyi_13_view2_stacked_tiff.png,Cylindroclavulina bradyi,saltpepper,0.01,Nodulina dentaliniformis,0.9783279895782472,0
41,data/eval_images/Cylindroclavulina bradyi_13_view2_stacked_tiff.png,Cylindroclavulina bradyi,saltpepper,0.03,Nodulina dentaliniformis,0.9192115664482116,0
41,data/eval_images/Cylindroclavulina bradyi_13_view2_stacked_tiff.png,Cylindroclavulina bradyi,saltpepper,0.07,Nodulina dentaliniformis,0.4890992045402527,0
41,data/eval_images/Cylindroclavulina bradyi_13_view2_stacked_tiff.png,Cylindroclavulina bradyi,stretch,1.0,Nodulina dentaliniformis,0.9863277673721312,0
42,data/eval_images/Cylindroclavulina bradyi_13_view2_zstack_slice_z0014.png,Cylindroclavulina bradyi,gaussian,0.0,Nodulina dentaliniformis,0.8802791833877563,0
42,data/eval_images/Cylindroclavulina bradyi_13_view2_zstack_slice_z0014.png,Cylindroclavulina bradyi,gaussian,5.0,Nodulina dentaliniformis,0.9852205514907836,0
42,data/eval_images/Cylindroclavulina bradyi_13_view2_zstack_slice_z0014.png,Cylindroclavulina bradyi,gaussian,10.0,Nodulina dentaliniformis,0.977901816368103,0
42,data/eval_images/Cylindroclavulina bradyi_13_view2_zstack_slice_z0014.png,Cylindroclavulina bradyi,gaussian,25.0,Nodulina dentaliniformis,0.759609580039978,0
42,data/eval_images/Cylindroclavulina bradyi_13_view2_zstack_slice_z0014.png,Cylindroclavulina bradyi,gaussian,50.0,Nodulina dentaliniformis,0.5634899139404297,0
42,data/eval_images/Cylindroclavulina bradyi_13_view2_zstack_slice_z0014.png,Cylindroclavulina bradyi,saltpepper,0.0,Nodulina dentaliniformis,0.8802791833877563,0
42,data/eval_images/Cylindroclavulina bradyi_13_view2_zstack_slice_z0014.png,Cylindroclavulina bradyi,saltpepper,0.01,Nodulina dentaliniformis,0.9316352605819702,0
42,data/eval_images/Cylindroclavulina bradyi_13_view2_zstack_slice_z0014.png,Cylindroclavulina bradyi,saltpepper,0.03,Nodulina dentaliniformis,0.9736803770065308,0
42,data/eval_images/Cylindroclavulina bradyi_13_view2_zstack_slice_z0014.png,Cylindroclavulina bradyi,saltpepper,0.07,Nodulina dentaliniformis,0.852299153804779,0
42,data/eval_images/Cylindroclavulina bradyi_13_view2_zstack_slice_z0014.png,Cylindroclavulina bradyi,stretch,1.0,Nodulina dentaliniformis,0.8802791833877563,0
43,data/eval_images/Cylindroclavulina bradyi_13_view2_zstack_slice_z0028.png,Cylindroclavulina bradyi,gaussian,0.0,Nodulina dentaliniformis,0.8948331475257874,0
43,data/eval_images/Cylindroclavulina bradyi_13_view2_zstack_slice_z0028.png,Cylindroclavulina bradyi,gaussian,5.0,Nodulina dentaliniformis,0.9743413925170898,0
43,data/eval_images/Cylindroclavulina bradyi_13_view2_zstack_slice_z0028.png,Cylindroclavulina bradyi,gaussian,10.0,Nodulina dentaliniformis,0.9801156520843506,0
43,data/eval_images/Cylindroclavulina bradyi_13_view2_zstack_slice_z0028.png,Cylindroclavulina bradyi,gaussian,25.0,Nodulina dentaliniformis,0.7864213585853577,0
43,data/eval_images/Cylindroclavulina bradyi_13_view2_zstack_slice_z0028.png,Cylindroclavulina bradyi,gaussian,50.0,Spirotextularia floridana,0.5422022938728333,0
43,data/eval_images/Cylindroclavulina bradyi_13_view2_zstack_slice_z0028.png,Cylindroclavulina bradyi,saltpepper,0.0,Nodulina dentaliniformis,0.8948331475257874,0
43,data/eval_images/Cylindroclavulina bradyi_13_view2_zstack_slice_z0028.png,Cylindroclavulina bradyi,saltpepper,0.01,Nodulina dentaliniformis,0.8389211297035217,0
43,data/eval_images/Cylindroclavulina bradyi_13_view2_zstack_slice_z0028.png,Cylindroclavulina bradyi,saltpepper,0.03,Nodulina dentaliniformis,0.9610214233398438,0
43,data/eval_images/Cylindroclavulina bradyi_13_view2_zstack_slice_z0028.png,Cylindroclavulina bradyi,saltpepper,0.07,Nodulina dentaliniformis,0.9444345831871032,0
43,data/eval_images/Cylindroclavulina bradyi_13_view2_zstack_slice_z0028.png,Cylindroclavulina bradyi,stretch,1.0,Nodulina dentaliniformis,0.8948331475257874,0
44,data/eval_images/Cylindroclavulina bradyi_13_view2_zstack_slice_z0032.png,Cylindroclavulina bradyi,gaussian,0.0,Nodulina dentaliniformis,0.9585458040237428,0
44,data/eval_images/Cylindroclavulina bradyi_13_view2_zstack_slice_z0032.png,Cylindroclavulina bradyi,gaussian,5.0,Nodulina dentaliniformis,0.9844101667404176,0
44,data/eval_images/Cylindroclavulina bradyi_13_view2_zstack_slice_z0032.png,Cylindroclavulina bradyi,gaussian,10.0,Nodulina dentaliniformis,0.9817469120025636,0
44,data/eval_images/Cylindroclavulina bradyi_13_view2_zstack_slice_z0032.png,Cylindroclavulina bradyi,gaussian,25.0,Nodulina dentaliniformis,0.5451511740684509,0
44,data/eval_images/Cylindroclavulina bradyi_13_view2_zstack_slice_z0032.png,Cylindroclavulina bradyi,gaussian,50.0,Karreriella bradyi,0.8019287586212158,0
44,data/eval_images/Cylindroclavulina bradyi_13_view2_zstack_slice_z0032.png,Cylindroclavulina bradyi,saltpepper,0.0,Nodulina dentaliniformis,0.9585458040237428,0
44,data/eval_images/Cylindroclavulina bradyi_13_view2_zstack_slice_z0032.png,Cylindroclavulina bradyi,saltpepper,0.01,Nodulina dentaliniformis,0.9783512949943542,0
44,data/eval_images/Cylindroclavulina bradyi_13_view2_zstack_slice_z0032.png,Cylindroclavulina bradyi,saltpepper,0.03,Nodulina dentaliniformis,0.9687236547470092,0
44,data/eval_images/Cylindroclavulina bradyi_13_view2_zstack_slice_z0032.png,Cylindroclavulina bradyi,saltpepper,0.07,Nodulina dentaliniformis,0.4581660628318786,0
44,data/eval_images/Cylindroclavulina bradyi_13_view2_zstack_slice_z0032.png,Cylindroclavulina bradyi,stretch,1.0,Nodulina dentaliniformis,0.9585458040237428,0
45,data/eval_images/Cylindroclavulina bradyi_13_view2_zstack_slice_z0033.png,Cylindroclavulina bradyi,gaussian,0.0,Nodulina dentaliniformis,0.8786766529083252,0
45,data/eval_images/Cylindroclavulina bradyi_13_view2_zstack_slice_z0033.png,Cylindroclavulina bradyi,gaussian,5.0,Nodulina dentaliniformis,0.97966331243515,0
45,data/eval_images/Cylindroclavulina bradyi_13_view2_zstack_slice_z0033.png,Cylindroclavulina bradyi,gaussian,10.0,Nodulina dentaliniformis,0.9816105365753174,0
45,data/eval_images/Cylindroclavulina bradyi_13_view2_zstack_slice_z0033.png,Cylindroclavulina bradyi,gaussian,25.0,Nodulina dentaliniformis,0.4676537215709686,0
45,data/eval_images/Cylindroclavulina bradyi_13_view2_zstack_slice_z0033.png,Cylindroclavulina bradyi,gaussian,50.0,Karreriella bradyi,0.5066223740577698,0
45,data/eval_images/Cylindroclavulina bradyi_13_view2_zstack_slice_z0033.png,Cylindroclavulina bradyi,saltpepper,0.0,Nodulina dentaliniformis,0.8786766529083252,0
45,data/eval_images/Cylindroclavulina bradyi_13_view2_zstack_slice_z0033.png,Cylindroclavulina bradyi,saltpepper,0.01,Nodulina dentaliniformis,0.956490993499756,0
45,data/eval_images/Cylindroclavulina bradyi_13_view2_zstack_slice_z0033.png,Cylindroclavulina bradyi,saltpepper,0.03,Nodulina dentaliniformis,0.9726231098175048,0
45,data/eval_images/Cylindroclavulina bradyi_13_view2_zstack_slice_z0033.png,Cylindroclavulina bradyi,saltpepper,0.07,Nodulina dentaliniformis,0.910898208618164,0
45,data/eval_images/Cylindroclavulina bradyi_13_view2_zstack_slice_z0033.png,Cylindroclavulina bradyi,stretch,1.0,Nodulina dentaliniformis,0.8786766529083252,0
46,data/eval_images/Cylindroclavulina bradyi_13_view2_zstack_slice_z0036.png,Cylindroclavulina bradyi,gaussian,0.0,Nodulina dentaliniformis,0.938275933265686,0
46,data/eval_images/Cylindroclavulina bradyi_13_view2_zstack_slice_z0036.png,Cylindroclavulina bradyi,gaussian,5.0,Nodulina dentaliniformis,0.9528947472572328,0
46,data/eval_images/Cylindroclavulina bradyi_13_view2_zstack_slice_z0036.png,Cylindroclavulina bradyi,gaussian,10.0,Nodulina dentaliniformis,0.9676001071929932,0
46,data/eval_images/Cylindroclavulina bradyi_13_view2_zstack_slice_z0036.png,Cylindroclavulina bradyi,gaussian,25.0,Spirotextularia floridana,0.3735558688640594,0
46,data/eval_images/Cylindroclavulina bradyi_13_view2_zstack_slice_z0036.png,Cylindroclavulina bradyi,gaussian,50.0,Karreriella bradyi,0.6605218648910522,0
46,data/eval_images/Cylindroclavulina bradyi_13_view2_zstack_slice_z0036.png,Cylindroclavulina bradyi,saltpepper,0.0,Nodulina dentaliniformis,0.938275933265686,0
46,data/eval_images/Cylindroclavulina bradyi_13_view2_zstack_slice_z0036.png,Cylindroclavulina bradyi,saltpepper,0.01,Nodulina dentaliniformis,0.979642391204834,0
46,data/eval_images/Cylindroclavulina bradyi_13_view2_zstack_slice_z0036.png,Cylindroclavulina bradyi,saltpepper,0.03,Nodulina dentaliniformis,0.9586657285690308,0
46,data/eval_images/Cylindroclavulina bradyi_13_view2_zstack_slice_z0036.png,Cylindroclavulina bradyi,saltpepper,0.07,Nodulina dentaliniformis,0.8094436526298523,0
46,data/eval_images/Cylindroclavulina bradyi_13_view2_zstack_slice_z0036.png,Cylindroclavulina bradyi,stretch,1.0,Nodulina dentaliniformis,0.938275933265686,0
47,data/eval_images/Hoeglundina elegans_0_view4_gif_original.png,Hoeglundina elegans,gaussian,0.0,Hoeglundina elegans,0.9791886210441588,1
47,data/eval_images/Hoeglundina elegans_0_view4_gif_original.png,Hoeglundina elegans,gaussian,5.0,Hoeglundina elegans,0.9795230627059937,1
47,data/eval_images/Hoeglundina elegans_0_view4_gif_original.png,Hoeglundina elegans,gaussian,10.0,Hoeglundina elegans,0.8958691358566284,1
47,data/eval_images/Hoeglundina elegans_0_view4_gif_original.png,Hoeglundina elegans,gaussian,25.0,Amphistegina radiata,0.986700475215912,0
47,data/eval_images/Hoeglundina elegans_0_view4_gif_original.png,Hoeglundina elegans,gaussian,50.0,Amphistegina radiata,0.8735005855560303,0
47,data/eval_images/Hoeglundina elegans_0_view4_gif_original.png,Hoeglundina elegans,saltpepper,0.0,Hoeglundina elegans,0.9791886210441588,1
47,data/eval_images/Hoeglundina elegans_0_view4_gif_original.png,Hoeglundina elegans,saltpepper,0.01,Hoeglundina elegans,0.9795579314231871,1
47,data/eval_images/Hoeglundina elegans_0_view4_gif_original.png,Hoeglundina elegans,saltpepper,0.03,Hoeglundina elegans,0.9804404377937316,1
47,data/eval_images/Hoeglundina elegans_0_view4_gif_original.png,Hoeglundina elegans,saltpepper,0.07,Hoeglundina elegans,0.755351185798645,1
47,data/eval_images/Hoeglundina elegans_0_view4_gif_original.png,Hoeglundina elegans,stretch,1.0,Hoeglundina elegans,0.9791886210441588,1
48,data/eval_images/Hoeglundina elegans_28_view3_zstack_slice_z0005.png,Hoeglundina elegans,gaussian,0.0,Hoeglundina elegans,0.8956968784332275,1
48,data/eval_images/Hoeglundina elegans_28_view3_zstack_slice_z0005.png,Hoeglundina elegans,gaussian,5.0,Amphistegina radiata,0.996702253818512,0
48,data/eval_images/Hoeglundina elegans_28_view3_zstack_slice_z0005.png,Hoeglundina elegans,gaussian,10.0,Amphistegina radiata,0.996957302093506,0
48,data/eval_images/Hoeglundina elegans_28_view3_zstack_slice_z0005.png,Hoeglundina elegans,gaussian,25.0,Amphistegina radiata,0.99695086479187,0
48,data/eval_images/Hoeglundina elegans_28_view3_zstack_slice_z0005.png,Hoeglundina elegans,gaussian,50.0,Amphistegina radiata,0.9922723770141602,0
48,data/eval_images/Hoeglundina elegans_28_view3_zstack_slice_z0005.png,Hoeglundina elegans,saltpepper,0.0,Hoeglundina elegans,0.8956968784332275,1
48,data/eval_images/Hoeglundina elegans_28_view3_zstack_slice_z0005.png,Hoeglundina elegans,saltpepper,0.01,Amphistegina radiata,0.936290442943573,0
48,data/eval_images/Hoeglundina elegans_28_view3_zstack_slice_z0005.png,Hoeglundina elegans,saltpepper,0.03,Amphistegina radiata,0.9942386150360109,0
48,data/eval_images/Hoeglundina elegans_28_view3_zstack_slice_z0005.png,Hoeglundina elegans,saltpepper,0.07,Amphistegina radiata,0.9838393926620485,0
48,data/eval_images/Hoeglundina elegans_28_view3_zstack_slice_z0005.png,Hoeglundina elegans,stretch,1.0,Hoeglundina elegans,0.8956968784332275,1
49,data/eval_images/Hoeglundina elegans_28_view3_zstack_slice_z0041.png,Hoeglundina elegans,gaussian,0.0,Hoeglundina elegans,0.9846989512443542,1
49,data/eval_images/Hoeglundina elegans_28_view3_zstack_slice_z0041.png,Hoeglundina elegans,gaussian,5.0,Hoeglundina elegans,0.8034279346466064,1
49,data/eval_images/Hoeglundina elegans_28_view3_zstack_slice_z0041.png,Hoeglundina elegans,gaussian,10.0,Amphistegina radiata,0.996955394744873,0
49,data/eval_images/Hoeglundina elegans_28_view3_zstack_slice_z0041.png,Hoeglundina elegans,gaussian,25.0,Amphistegina radiata,0.9947644472122192,0
49,data/eval_images/Hoeglundina elegans_28_view3_zstack_slice_z0041.png,Hoeglundina elegans,gaussian,50.0,Amphistegina radiata,0.8780264854431152,0
49,data/eval_images/Hoeglundina elegans_28_view3_zstack_slice_z0041.png,Hoeglundina elegans,saltpepper,0.0,Hoeglundina elegans,0.9846989512443542,1
49,data/eval_images/Hoeglundina elegans_28_view3_zstack_slice_z0041.png,Hoeglundina elegans,saltpepper,0.01,Hoeglundina elegans,0.9774094820022584,1
49,data/eval_images/Hoeglundina elegans_28_view3_zstack_slice_z0041.png,Hoeglundina elegans,saltpepper,0.03,Hoeglundina elegans,0.8961707353591919,1
49,data/eval_images/Hoeglundina elegans_28_view3_zstack_slice_z0041.png,Hoeglundina elegans,saltpepper,0.07,Amphistegina radiata,0.9225969910621644,0
49,data/eval_images/Hoeglundina elegans_28_view3_zstack_slice_z0041.png,Hoeglundina elegans,stretch,1.0,Hoeglundina elegans,0.9846989512443542,1
50,data/eval_images/Hoeglundina elegans_28_view3_zstack_slice_z0042.png,Hoeglundina elegans,gaussian,0.0,Hoeglundina elegans,0.9848384857177734,1
50,data/eval_images/Hoeglundina elegans_28_view3_zstack_slice_z0042.png,Hoeglundina elegans,gaussian,5.0,Hoeglundina elegans,0.8608564734458923,1
50,data/eval_images/Hoeglundina elegans_28_view3_zstack_slice_z0042.png,Hoeglundina elegans,gaussian,10.0,Amphistegina radiata,0.9974913597106934,0
50,data/eval_images/Hoeglundina elegans_28_view3_zstack_slice_z0042.png,Hoeglundina elegans,gaussian,25.0,Amphistegina radiata,0.9978201389312744,0
50,data/eval_images/Hoeglundina elegans_28_view3_zstack_slice_z0042.png,Hoeglundina elegans,gaussian,50.0,Amphistegina radiata,0.9928120970726012,0
50,data/eval_images/Hoeglundina elegans_28_view3_zstack_slice_z0042.png,Hoeglundina elegans,saltpepper,0.0,Hoeglundina elegans,0.9848384857177734,1
50,data/eval_images/Hoeglundina elegans_28_view3_zstack_slice_z0042.png,Hoeglundina elegans,saltpepper,0.01,Hoeglundina elegans,0.9782994985580444,1
50,data/eval_images/Hoeglundina elegans_28_view3_zstack_slice_z0042.png,Hoeglundina elegans,saltpepper,0.03,Amphistegina radiata,0.8885166049003601,0
50,data/eval_images/Hoeglundina elegans_28_view3_zstack_slice_z0042.png,Hoeglundina elegans,saltpepper,0.07,Amphistegina radiata,0.7933459281921387,0
50,data/eval_images/Hoeglundina elegans_28_view3_zstack_slice_z0042.png,Hoeglundina elegans,stretch,1.0,Hoeglundina elegans,0.9848384857177734,1
51,data/eval_images/Hoeglundina elegans_28_view3_zstack_slice_z0043.png,Hoeglundina elegans,gaussian,0.0,Hoeglundina elegans,0.9845104813575744,1
51,data/eval_images/Hoeglundina elegans_28_view3_zstack_slice_z0043.png,Hoeglundina elegans,gaussian,5.0,Hoeglundina elegans,0.8940536975860596,1
51,data/eval_images/Hoeglundina elegans_28_view3_zstack_slice_z0043.png,Hoeglundina elegans,gaussian,10.0,Amphistegina radiata,0.9970881342887878,0
51,data/eval_images/Hoeglundina elegans_28_view3_zstack_slice_z0043.png,Hoeglundina elegans,gaussian,25.0,Amphistegina radiata,0.9972966313362122,0
51,data/eval_images/Hoeglundina elegans_28_view3_zstack_slice_z0043.png,Hoeglundina elegans,gaussian,50.0,Amphistegina radiata,0.992244303226471,0
51,data/eval_images/Hoeglundina elegans_28_view3_zstack_slice_z0043.png,Hoeglundina elegans,saltpepper,0.0,Hoeglundina elegans,0.9845104813575744,1
51,data/eval_images/Hoeglundina elegans_28_view3_zstack_slice_z0043.png,Hoeglundina elegans,saltpepper,0.01,Hoeglundina elegans,0.9791513681411744,1
51,data/eval_images/Hoeglundina elegans_28_view3_zstack_slice_z0043.png,Hoeglundina elegans,saltpepper,0.03,Amphistegina radiata,0.8163436651229858,0
51,data/eval_images/Hoeglundina elegans_28_view3_zstack_slice_z0043.png,Hoeglundina elegans,saltpepper,0.07,Amphistegina radiata,0.9624375104904176,0
51,data/eval_images/Hoeglundina elegans_28_view3_zstack_slice_z0043.png,Hoeglundina elegans,stretch,1.0,Hoeglundina elegans,0.9845104813575744,1
52,data/eval_images/Hoeglundina elegans_28_view3_zstack_slice_z0046.png,Hoeglundina elegans,gaussian,0.0,Hoeglundina elegans,0.9845777153968812,1
52,data/eval_images/Hoeglundina elegans_28_view3_zstack_slice_z0046.png,Hoeglundina elegans,gaussian,5.0,Amphistegina radiata,0.9696348905563354,0
52,data/eval_images/Hoeglundina elegans_28_view3_zstack_slice_z0046.png,Hoeglundina elegans,gaussian,10.0,Amphistegina radiata,0.9974761605262756,0
52,data/eval_images/Hoeglundina elegans_28_view3_zstack_slice_z0046.png,Hoeglundina elegans,gaussian,25.0,Amphistegina radiata,0.9979840517044068,0
52,data/eval_images/Hoeglundina elegans_28_view3_zstack_slice_z0046.png,Hoeglundina elegans,gaussian,50.0,Amphistegina radiata,0.977553129196167,0
52,data/eval_images/Hoeglundina elegans_28_view3_zstack_slice_z0046.png,Hoeglundina elegans,saltpepper,0.0,Hoeglundina elegans,0.9845777153968812,1
52,data/eval_images/Hoeglundina elegans_28_view3_zstack_slice_z0046.png,Hoeglundina elegans,saltpepper,0.01,Hoeglundina elegans,0.9667283296585084,1
52,data/eval_images/Hoeglundina elegans_28_view3_zstack_slice_z0046.png,Hoeglundina elegans,saltpepper,0.03,Amphistegina radiata,0.9802725911140442,0
52,data/eval_images/Hoeglundina elegans_28_view3_zstack_slice_z0046.png,Hoeglundina elegans,saltpepper,0.07,Amphistegina radiata,0.9828109741210938,0
52,data/eval_images/Hoeglundina elegans_28_view3_zstack_slice_z0046.png,Hoeglundina elegans,stretch,1.0,Hoeglundina elegans,0.9845777153968812,1
53,data/eval_images/Karreriella bradyi_17_view3_gif_original.png,Karreriella bradyi,gaussian,0.0,Karreriella bradyi,0.9951545000076294,1
53,data/eval_images/Karreriella bradyi_17_view3_gif_original.png,Karreriella bradyi,gaussian,5.0,Karreriella bradyi,0.9952257871627808,1
53,data/eval_images/Karreriella bradyi_17_view3_gif_original.png,Karreriella bradyi,gaussian,10.0,Karreriella bradyi,0.995007872581482,1
53,data/eval_images/Karreriella bradyi_17_view3_gif_original.png,Karreriella bradyi,gaussian,25.0,Karreriella bradyi,0.994694173336029,1
53,data/eval_images/Karreriella bradyi_17_view3_gif_original.png,Karreriella bradyi,gaussian,50.0,Karreriella bradyi,0.9941429495811462,1
53,data/eval_images/Karreriella bradyi_17_view3_gif_original.png,Karreriella bradyi,saltpepper,0.0,Karreriella bradyi,0.9951545000076294,1
53,data/eval_images/Karreriella bradyi_17_view3_gif_original.png,Karreriella bradyi,saltpepper,0.01,Karreriella bradyi,0.9948701858520508,1
53,data/eval_images/Karreriella bradyi_17_view3_gif_original.png,Karreriella bradyi,saltpepper,0.03,Karreriella bradyi,0.9947994947433472,1
53,data/eval_images/Karreriella bradyi_17_view3_gif_original.png,Karreriella bradyi,saltpepper,0.07,Karreriella bradyi,0.9947460889816284,1
53,data/eval_images/Karreriella bradyi_17_view3_gif_original.png,Karreriella bradyi,stretch,1.0,Karreriella bradyi,0.9951545000076294,1
54,data/eval_images/Karreriella bradyi_17_view3_stacked_tiff.png,Karreriella bradyi,gaussian,0.0,Karreriella bradyi,0.9951948523521424,1
54,data/eval_images/Karreriella bradyi_17_view3_stacked_tiff.png,Karreriella bradyi,gaussian,5.0,Karreriella bradyi,0.9952043294906616,1
54,data/eval_images/Karreriella bradyi_17_view3_stacked_tiff.png,Karreriella bradyi,gaussian,10.0,Karreriella bradyi,0.9950342178344728,1
54,data/eval_images/Karreriella bradyi_17_view3_stacked_tiff.png,Karreriella bradyi,gaussian,25.0,Karreriella bradyi,0.9946414232254028,1
54,data/eval_images/Karreriella bradyi_17_view3_stacked_tiff.png,Karreriella bradyi,gaussian,50.0,Karreriella bradyi,0.9940038323402404,1
54,data/eval_images/Karreriella bradyi_17_view3_stacked_tiff.png,Karreriella bradyi,saltpepper,0.0,Karreriella bradyi,0.9951948523521424,1
54,data/eval_images/Karreriella bradyi_17_view3_stacked_tiff.png,Karreriella bradyi,saltpepper,0.01,Karreriella bradyi,0.9948945045471193,1
54,data/eval_images/Karreriella bradyi_17_view3_stacked_tiff.png,Karreriella bradyi,saltpepper,0.03,Karreriella bradyi,0.994677186012268,1
54,data/eval_images/Karreriella bradyi_17_view3_stacked_tiff.png,Karreriella bradyi,saltpepper,0.07,Karreriella bradyi,0.9946793913841248,1
54,data/eval_images/Karreriella bradyi_17_view3_stacked_tiff.png,Karreriella bradyi,stretch,1.0,Karreriella bradyi,0.9951948523521424,1
55,data/eval_images/Karreriella bradyi_17_view3_zstack_slice_z0005.png,Karreriella bradyi,gaussian,0.0,Karreriella bradyi,0.995305836200714,1
55,data/eval_images/Karreriella bradyi_17_view3_zstack_slice_z0005.png,Karreriella bradyi,gaussian,5.0,Karreriella bradyi,0.9952499866485596,1
55,data/eval_images/Karreriella bradyi_17_view3_zstack_slice_z0005.png,Karreriella bradyi,gaussian,10.0,Karreriella bradyi,0.9951158761978148,1
55,data/eval_images/Karreriella bradyi_17_view3_zstack_slice_z0005.png,Karreriella bradyi,gaussian,25.0,Karreriella bradyi,0.9949499368667604,1
55,data/eval_images/Karreriella bradyi_17_view3_zstack_slice_z0005.png,Karreriella bradyi,gaussian,50.0,Karreriella bradyi,0.9943222999572754,1
55,data/eval_images/Karreriella bradyi_17_view3_zstack_slice_z0005.png,Karreriella bradyi,saltpepper,0.0,Karreriella bradyi,0.995305836200714,1
55,data/eval_images/Karreriella bradyi_17_view3_zstack_slice_z0005.png,Karreriella bradyi,saltpepper,0.01,Karreriella bradyi,0.9954677820205688,1
55,data/eval_images/Karreriella bradyi_17_view3_zstack_slice_z0005.png,Karreriella bradyi,saltpepper,0.03,Karreriella bradyi,0.9948694705963136,1
55,data/eval_images/Karreriella bradyi_17_view3_zstack_slice_z0005.png,Karreriella bradyi,saltpepper,0.07,Karreriella bradyi,0.9946669340133668,1
55,data/eval_images/Karreriella bradyi_17_view3_zstack_slice_z0005.png,Karreriella bradyi,stretch,1.0,Karreriella bradyi,0.995305836200714,1
56,data/eval_images/Karreriella bradyi_17_view3_zstack_slice_z0007.png,Karreriella bradyi,gaussian,0.0,Karreriella bradyi,0.9952657222747804,1
56,data/eval_images/Karreriella bradyi_17_view3_zstack_slice_z0007.png,Karreriella bradyi,gaussian,5.0,Karreriella bradyi,0.9950077533721924,1
56,data/eval_images/Karreriella bradyi_17_view3_zstack_slice_z0007.png,Karreriella bradyi,gaussian,10.0,Karreriella bradyi,0.9950668811798096,1
56,data/eval_images/Karreriella bradyi_17_view3_zstack_slice_z0007.png,Karreriella bradyi,gaussian,25.0,Karreriella bradyi,0.994893193244934,1
56,data/eval_images/Karreriella bradyi_17_view3_zstack_slice_z0007.png,Karreriella bradyi,gaussian,50.0,Karreriella bradyi,0.994102418422699,1
56,data/eval_images/Karreriella bradyi_17_view3_zstack_slice_z0007.png,Karreriella bradyi,saltpepper,0.0,Karreriella bradyi,0.9952657222747804,1
56,data/eval_images/Karreriella bradyi_17_view3_zstack_slice_z0007.png,Karreriella bradyi,saltpepper,0.01,Karreriella bradyi,0.9956327080726624,1
56,data/eval_images/Karreriella bradyi_17_view3_zstack_slice_z0007.png,Karreriella bradyi,saltpepper,0.03,Karreriella bradyi,0.9950161576271056,1
56,data/eval_images/Karreriella bradyi_17_view3_zstack_slice_z0007.png,Karreriella bradyi,saltpepper,0.07,Karreriella bradyi,0.9944698810577391,1
56,data/eval_images/Karreriella bradyi_17_view3_zstack_slice_z0007.png,Karreriella bradyi,stretch,1.0,Karreriella bradyi,0.9952657222747804,1
57,data/eval_images/Karreriella bradyi_17_view3_zstack_slice_z0013.png,Karreriella bradyi,gaussian,0.0,Karreriella bradyi,0.9953504800796508,1
57,data/eval_images/Karreriella bradyi_17_view3_zstack_slice_z0013.png,Karreriella bradyi,gaussian,5.0,Karreriella bradyi,0.995114803314209,1
57,data/eval_images/Karreriella bradyi_17_view3_zstack_slice_z0013.png,Karreriella bradyi,gaussian,10.0,Karreriella bradyi,0.9949687123298644,1
57,data/eval_images/Karreriella bradyi_17_view3_zstack_slice_z0013.png,Karreriella bradyi,gaussian,25.0,Karreriella bradyi,0.9945266842842102,1
57,data/eval_images/Karreriella bradyi_17_view3_zstack_slice_z0013.png,Karreriella bradyi,gaussian,50.0,Karreriella bradyi,0.993678867816925,1
57,data/eval_images/Karreriella bradyi_17_view3_zstack_slice_z0013.png,Karreriella bradyi,saltpepper,0.0,Karreriella bradyi,0.9953504800796508,1
57,data/eval_images/Karreriella bradyi_17_view3_zstack_slice_z0013.png,Karreriella bradyi,saltpepper,0.01,Karreriella bradyi,0.995459258556366,1
57,data/eval_images/Karreriella bradyi_17_view3_zstack_slice_z0013.png,Karreriella bradyi,saltpepper,0.03,Karreriella bradyi,0.994788408279419,1
57,data/eval_images/Karreriella bradyi_17_view3_zstack_slice_z0013.png,Karreriella bradyi,saltpepper,0.07,Karreriella bradyi,0.9942331910133362,1
57,data/eval_images/Karreriella bradyi_17_view3_zstack_slice_z0013.png,Karreriella bradyi,stretch,1.0,Karreriella bradyi,0.9953504800796508,1
58,data/eval_images/Karreriella bradyi_17_view3_zstack_slice_z0015.png,Karreriella bradyi,gaussian,0.0,Karreriella bradyi,0.9953173398971558,1
58,data/eval_images/Karreriella bradyi_17_view3_zstack_slice_z0015.png,Karreriella bradyi,gaussian,5.0,Karreriella bradyi,0.995114803314209,1
58,data/eval_images/Karreriella bradyi_17_view3_zstack_slice_z0015.png,Karreriella bradyi,gaussian,10.0,Karreriella bradyi,0.99492609500885,1
58,data/eval_images/Karreriella bradyi_17_view3_zstack_slice_z0015.png,Karreriella bradyi,gaussian,25.0,Karreriella bradyi,0.9946380257606506,1
58,data/eval_images/Karreriella bradyi_17_view3_zstack_slice_z0015.png,Karreriella bradyi,gaussian,50.0,Karreriella bradyi,0.9941218495368958,1
58,data/eval_images/Karreriella bradyi_17_view3_zstack_slice_z0015.png,Karreriella bradyi,saltpepper,0.0,Karreriella bradyi,0.9953173398971558,1
58,data/eval_images/Karreriella bradyi_17_view3_zstack_slice_z0015.png,Karreriella bradyi,saltpepper,0.01,Karreriella bradyi,0.9953403472900392,1
58,data/eval_images/Karreriella bradyi_17_view3_zstack_slice_z0015.png,Karreriella bradyi,saltpepper,0.03,Karreriella bradyi,0.9948294758796692,1
58,data/eval_images/Karreriella bradyi_17_view3_zstack_slice_z0015.png,Karreriella bradyi,saltpepper,0.07,Karreriella bradyi,0.9941049218177797,1
58,data/eval_images/Karreriella bradyi_17_view3_zstack_slice_z0015.png,Karreriella bradyi,stretch,1.0,Karreriella bradyi,0.9953173398971558,1
59,data/eval_images/Karreriella bradyi_17_view3_zstack_slice_z0039.png,Karreriella bradyi,gaussian,0.0,Karreriella bradyi,0.9953142404556274,1
59,data/eval_images/Karreriella bradyi_17_view3_zstack_slice_z0039.png,Karreriella bradyi,gaussian,5.0,Karreriella bradyi,0.994884431362152,1
59,data/eval_images/Karreriella bradyi_17_view3_zstack_slice_z0039.png,Karreriella bradyi,gaussian,10.0,Karreriella bradyi,0.99460768699646,1
59,data/eval_images/Karreriella bradyi_17_view3_zstack_slice_z0039.png,Karreriella bradyi,gaussian,25.0,Karreriella bradyi,0.9943654537200928,1
59,data/eval_images/Karreriella bradyi_17_view3_zstack_slice_z0039.png,Karreriella bradyi,gaussian,50.0,Karreriella bradyi,0.9936038851737976,1
59,data/eval_images/Karreriella bradyi_17_view3_zstack_slice_z0039.png,Karreriella bradyi,saltpepper,0.0,Karreriella bradyi,0.9953142404556274,1
59,data/eval_images/Karreriella bradyi_17_view3_zstack_slice_z0039.png,Karreriella bradyi,saltpepper,0.01,Karreriella bradyi,0.994674801826477,1
59,data/eval_images/Karreriella bradyi_17_view3_zstack_slice_z0039.png,Karreriella bradyi,saltpepper,0.03,Karreriella bradyi,0.994227409362793,1
59,data/eval_images/Karreriella bradyi_17_view3_zstack_slice_z0039.png,Karreriella bradyi,saltpepper,0.07,Karreriella bradyi,0.9947975873947144,1
59,data/eval_images/Karreriella bradyi_17_view3_zstack_slice_z0039.png,Karreriella bradyi,stretch,1.0,Karreriella bradyi,0.9953142404556274,1
60,data/eval_images/Lenticulina suborbicularis_30_view4_gif_original.png,Lenticulina suborbicularis,gaussian,0.0,Lenticulina suborbicularis,0.9873433113098145,1
60,data/eval_images/Lenticulina suborbicularis_30_view4_gif_original.png,Lenticulina suborbicularis,gaussian,5.0,Lenticulina suborbicularis,0.9848971962928772,1
60,data/eval_images/Lenticulina suborbicularis_30_view4_gif_original.png,Lenticulina suborbicularis,gaussian,10.0,Lenticulina suborbicularis,0.9789785742759703,1
60,data/eval_images/Lenticulina suborbicularis_30_view4_gif_original.png,Lenticulina suborbicularis,gaussian,25.0,Lenticulina suborbicularis,0.6435017585754395,1
60,data/eval_images/Lenticulina suborbicularis_30_view4_gif_original.png,Lenticulina suborbicularis,gaussian,50.0,Miliolinella circularis,0.764738917350769,0
60,data/eval_images/Lenticulina suborbicularis_30_view4_gif_original.png,Lenticulina suborbicularis,saltpepper,0.0,Lenticulina suborbicularis,0.9873433113098145,1
60,data/eval_images/Lenticulina suborbicularis_30_view4_gif_original.png,Lenticulina suborbicularis,saltpepper,0.01,Lenticulina suborbicularis,0.9841008186340332,1
60,data/eval_images/Lenticulina suborbicularis_30_view4_gif_original.png,Lenticulina suborbicularis,saltpepper,0.03,Lenticulina suborbicularis,0.967337429523468,1
60,data/eval_images/Lenticulina suborbicularis_30_view4_gif_original.png,Lenticulina suborbicularis,saltpepper,0.07,Amphistegina radiata,0.8517327904701233,0
60,data/eval_images/Lenticulina suborbicularis_30_view4_gif_original.png,Lenticulina suborbicularis,stretch,1.0,Lenticulina suborbicularis,0.9873433113098145,1
61,data/eval_images/Lenticulina suborbicularis_30_view4_zstack_slice_z0001.png,Lenticulina suborbicularis,gaussian,0.0,Lenticulina suborbicularis,0.9888867735862732,1
61,data/eval_images/Lenticulina suborbicularis_30_view4_zstack_slice_z0001.png,Lenticulina suborbicularis,gaussian,5.0,Lenticulina suborbicularis,0.9478992819786072,1
61,data/eval_images/Lenticulina suborbicularis_30_view4_zstack_slice_z0001.png,Lenticulina suborbicularis,gaussian,10.0,Triloculina trigonula,0.4891180396080017,0
61,data/eval_images/Lenticulina suborbicularis_30_view4_zstack_slice_z0001.png,Lenticulina suborbicularis,gaussian,25.0,Triloculina trigonula,0.8213067650794983,0
61,data/eval_images/Lenticulina suborbicularis_30_view4_zstack_slice_z0001.png,Lenticulina suborbicularis,gaussian,50.0,Miliolinella circularis,0.5213015675544739,0
61,data/eval_images/Lenticulina suborbicularis_30_view4_zstack_slice_z0001.png,Lenticulina suborbicularis,saltpepper,0.0,Lenticulina suborbicularis,0.9888867735862732,1
61,data/eval_images/Lenticulina suborbicularis_30_view4_zstack_slice_z0001.png,Lenticulina suborbicularis,saltpepper,0.01,Lenticulina suborbicularis,0.989563763141632,1
61,data/eval_images/Lenticulina suborbicularis_30_view4_zstack_slice_z0001.png,Lenticulina suborbicularis,saltpepper,0.03,Amphistegina radiata,0.901860237121582,0
61,data/eval_images/Lenticulina suborbicularis_30_view4_zstack_slice_z0001.png,Lenticulina suborbicularis,saltpepper,0.07,Amphistegina radiata,0.8790528774261475,0
61,data/eval_images/Lenticulina suborbicularis_30_view4_zstack_slice_z0001.png,Lenticulina suborbicularis,stretch,1.0,Lenticulina suborbicularis,0.9888867735862732,1
62,data/eval_images/Lenticulina suborbicularis_30_view4_zstack_slice_z0018.png,Lenticulina suborbicularis,gaussian,0.0,Lenticulina suborbicularis,0.988020956516266,1
62,data/eval_images/Lenticulina suborbicularis_30_view4_zstack_slice_z0018.png,Lenticulina suborbicularis,gaussian,5.0,Lenticulina suborbicularis,0.9875260591506958,1
62,data/eval_images/Lenticulina suborbicularis_30_view4_zstack_slice_z0018.png,Lenticulina suborbicularis,gaussian,10.0,Lenticulina suborbicularis,0.9856735467910768,1
62,data/eval_images/Lenticulina suborbicularis_30_view4_zstack_slice_z0018.png,Lenticulina suborbicularis,gaussian,25.0,Lenticulina suborbicularis,0.7915668487548828,1
62,data/eval_images/Lenticulina suborbicularis_30_view4_zstack_slice_z0018.png,Lenticulina suborbicularis,gaussian,50.0,Miliolinella circularis,0.6017531156539917,0
62,data/eval_images/Lenticulina suborbicularis_30_view4_zstack_slice_z0018.png,Lenticulina suborbicularis,saltpepper,0.0,Lenticulina suborbicularis,0.988020956516266,1
62,data/eval_images/Lenticulina suborbicularis_30_view4_zstack_slice_z0018.png,Lenticulina suborbicularis,saltpepper,0.01,Lenticulina suborbicularis,0.9876095056533812,1
62,data/eval_images/Lenticulina suborbicularis_30_view4_zstack_slice_z0018.png,Lenticulina suborbicularis,saltpepper,0.03,Lenticulina suborbicularis,0.8955110311508179,1
62,data/eval_images/Lenticulina suborbicularis_30_view4_zstack_slice_z0018.png,Lenticulina suborbicularis,saltpepper,0.07,Amphistegina radiata,0.6986369490623474,0
62,data/eval_images/Lenticulina suborbicularis_30_view4_zstack_slice_z0018.png,Lenticulina suborbicularis,stretch,1.0,Lenticulina suborbicularis,0.988020956516266,1
63,data/eval_images/Lenticulina suborbicularis_30_view4_zstack_slice_z0025.png,Lenticulina suborbicularis,gaussian,0.0,Lenticulina suborbicularis,0.9866151213645936,1
63,data/eval_images/Lenticulina suborbicularis_30_view4_zstack_slice_z0025.png,Lenticulina suborbicularis,gaussian,5.0,Lenticulina suborbicularis,0.9878602623939514,1
63,data/eval_images/Lenticulina suborbicularis_30_view4_zstack_slice_z0025.png,Lenticulina suborbicularis,gaussian,10.0,Lenticulina suborbicularis,0.9766207933425904,1
63,data/eval_images/Lenticulina suborbicularis_30_view4_zstack_slice_z0025.png,Lenticulina suborbicularis,gaussian,25.0,Lenticulina suborbicularis,0.6309993863105774,1
63,data/eval_images/Lenticulina suborbicularis_30_view4_zstack_slice_z0025.png,Lenticulina suborbicularis,gaussian,50.0,Miliolinella circularis,0.6660520434379578,0
63,data/eval_images/Lenticulina suborbicularis_30_view4_zstack_slice_z0025.png,Lenticulina suborbicularis,saltpepper,0.0,Lenticulina suborbicularis,0.9866151213645936,1
63,data/eval_images/Lenticulina suborbicularis_30_view4_zstack_slice_z0025.png,Lenticulina suborbicularis,saltpepper,0.01,Lenticulina suborbicularis,0.9837532043457032,1
63,data/eval_images/Lenticulina suborbicularis_30_view4_zstack_slice_z0025.png,Lenticulina suborbicularis,saltpepper,0.03,Amphistegina radiata,0.458627849817276,0
63,data/eval_images/Lenticulina suborbicularis_30_view4_zstack_slice_z0025.png,Lenticulina suborbicularis,saltpepper,0.07,Lenticulina suborbicularis,0.5491772890090942,1
63,data/eval_images/Lenticulina suborbicularis_30_view4_zstack_slice_z0025.png,Lenticulina suborbicularis,stretch,1.0,Lenticulina suborbicularis,0.9866151213645936,1
64,data/eval_images/Lenticulina suborbicularis_30_view4_zstack_slice_z0027.png,Lenticulina suborbicularis,gaussian,0.0,Lenticulina suborbicularis,0.9872045516967772,1
64,data/eval_images/Lenticulina suborbicularis_30_view4_zstack_slice_z0027.png,Lenticulina suborbicularis,gaussian,5.0,Lenticulina suborbicularis,0.9871447682380676,1
64,data/eval_images/Lenticulina suborbicularis_30_view4_zstack_slice_z0027.png,Lenticulina suborbicularis,gaussian,10.0,Lenticulina suborbicularis,0.9750702381134032,1
64,data/eval_images/Lenticulina suborbicularis_30_view4_zstack_slice_z0027.png,Lenticulina suborbicularis,gaussian,25.0,Lenticulina suborbicularis,0.5600351691246033,1
64,data/eval_images/Lenticulina suborbicularis_30_view4_zstack_slice_z0027.png,Lenticulina suborbicularis,gaussian,50.0,Miliolinella circularis,0.8529859185218811,0
64,data/eval_images/Lenticulina suborbicularis_30_view4_zstack_slice_z0027.png,Lenticulina suborbicularis,saltpepper,0.0,Lenticulina suborbicularis,0.9872045516967772,1
64,data/eval_images/Lenticulina suborbicularis_30_view4_zstack_slice_z0027.png,Lenticulina suborbicularis,saltpepper,0.01,Lenticulina suborbicularis,0.9838064908981324,1
64,data/eval_images/Lenticulina suborbicularis_30_view4_zstack_slice_z0027.png,Lenticulina suborbicularis,saltpepper,0.03,Lenticulina suborbicularis,0.9404623508453368,1
64,data/eval_images/Lenticulina suborbicularis_30_view4_zstack_slice_z0027.png,Lenticulina suborbicularis,saltpepper,0.07,Amphistegina radiata,0.3812396824359894,0
64,data/eval_images/Lenticulina suborbicularis_30_view4_zstack_slice_z0027.png,Lenticulina suborbicularis,stretch,1.0,Lenticulina suborbicularis,0.9872045516967772,1
65,data/eval_images/Lenticulina suborbicularis_30_view4_zstack_slice_z0039.png,Lenticulina suborbicularis,gaussian,0.0,Lenticulina suborbicularis,0.986517608165741,1
65,data/eval_images/Lenticulina suborbicularis_30_view4_zstack_slice_z0039.png,Lenticulina suborbicularis,gaussian,5.0,Lenticulina suborbicularis,0.9875351190567015,1
65,data/eval_images/Lenticulina suborbicularis_30_view4_zstack_slice_z0039.png,Lenticulina suborbicularis,gaussian,10.0,Lenticulina suborbicularis,0.9829665422439576,1
65,data/eval_images/Lenticulina suborbicularis_30_view4_zstack_slice_z0039.png,Lenticulina suborbicularis,gaussian,25.0,Triloculina trigonula,0.8406777381896973,0
65,data/eval_images/Lenticulina suborbicularis_30_view4_zstack_slice_z0039.png,Lenticulina suborbicularis,gaussian,50.0,Pyrgo inornata,0.5929038524627686,0
65,data/eval_images/Lenticulina suborbicularis_30_view4_zstack_slice_z0039.png,Lenticulina suborbicularis,saltpepper,0.0,Lenticulina suborbicularis,0.986517608165741,1
65,data/eval_images/Lenticulina suborbicularis_30_view4_zstack_slice_z0039.png,Lenticulina suborbicularis,saltpepper,0.01,Lenticulina suborbicularis,0.9837940335273744,1
65,data/eval_images/Lenticulina suborbicularis_30_view4_zstack_slice_z0039.png,Lenticulina suborbicularis,saltpepper,0.03,Amphistegina radiata,0.5506731867790222,0
65,data/eval_images/Lenticulina suborbicularis_30_view4_zstack_slice_z0039.png,Lenticulina suborbicularis,saltpepper,0.07,Pyrgo inornata,0.5179392099380493,0
65,data/eval_images/Lenticulina suborbicularis_30_view4_zstack_slice_z0039.png,Lenticulina suborbicularis,stretch,1.0,Lenticulina suborbicularis,0.986517608165741,1
66,data/eval_images/Miliolinella circularis_6_view3_gif_original.png,Miliolinella circularis,gaussian,0.0,Miliolinella circularis,0.989048957824707,1
66,data/eval_images/Miliolinella circularis_6_view3_gif_original.png,Miliolinella circularis,gaussian,5.0,Triloculina trigonula,0.6699851155281067,0
66,data/eval_images/Miliolinella circularis_6_view3_gif_original.png,Miliolinella circularis,gaussian,10.0,Triloculina trigonula,0.949774205684662,0
66,data/eval_images/Miliolinella circularis_6_view3_gif_original.png,Miliolinella circularis,gaussian,25.0,Triloculina trigonula,0.9492635726928712,0
66,data/eval_images/Miliolinella circularis_6_view3_gif_original.png,Miliolinella circularis,gaussian,50.0,Karreriella bradyi,0.6874694228172302,0
66,data/eval_images/Miliolinella circularis_6_view3_gif_original.png,Miliolinella circularis,saltpepper,0.0,Miliolinella circularis,0.989048957824707,1
66,data/eval_images/Miliolinella circularis_6_view3_gif_original.png,Miliolinella circularis,saltpepper,0.01,Miliolinella circularis,0.9813746809959412,1
66,data/eval_images/Miliolinella circularis_6_view3_gif_original.png,Miliolinella circularis,saltpepper,0.03,Miliolinella circularis,0.971589982509613,1
66,data/eval_images/Miliolinella circularis_6_view3_gif_original.png,Miliolinella circularis,saltpepper,0.07,Miliolinella circularis,0.9512983560562134,1
66,data/eval_images/Miliolinella circularis_6_view3_gif_original.png,Miliolinella circularis,stretch,1.0,Miliolinella circularis,0.989048957824707,1
67,data/eval_images/Miliolinella circularis_6_view3_stacked_tiff.png,Miliolinella circularis,gaussian,0.0,Miliolinella circularis,0.9900611639022828,1
67,data/eval_images/Miliolinella circularis_6_view3_stacked_tiff.png,Miliolinella circularis,gaussian,5.0,Triloculina trigonula,0.5831095576286316,0
67,data/eval_images/Miliolinella circularis_6_view3_stacked_tiff.png,Miliolinella circularis,gaussian,10.0,Triloculina trigonula,0.9629137516021729,0
67,data/eval_images/Miliolinella circularis_6_view3_stacked_tiff.png,Miliolinella circularis,gaussian,25.0,Triloculina trigonula,0.9233319163322448,0
67,data/eval_images/Miliolinella circularis_6_view3_stacked_tiff.png,Miliolinella circularis,gaussian,50.0,Karreriella bradyi,0.7056262493133545,0
67,data/eval_images/Miliolinella circularis_6_view3_stacked_tiff.png,Miliolinella circularis,saltpepper,0.0,Miliolinella circularis,0.9900611639022828,1
67,data/eval_images/Miliolinella circularis_6_view3_stacked_tiff.png,Miliolinella circularis,saltpepper,0.01,Miliolinella circularis,0.9809507131576538,1
67,data/eval_images/Miliolinella circularis_6_view3_stacked_tiff.png,Miliolinella circularis,saltpepper,0.03,Miliolinella circularis,0.9681777954101562,1
67,data/eval_images/Miliolinella circularis_6_view3_stacked_tiff.png,Miliolinella circularis,saltpepper,0.07,Miliolinella circularis,0.9336994290351868,1
67,data/eval_images/Miliolinella circularis_6_view3_stacked_tiff.png,Miliolinella circularis,stretch,1.0,Miliolinella circularis,0.9900611639022828,1
68,data/eval_images/Miliolinella circularis_6_view3_zstack_slice_z0012.png,Miliolinella circularis,gaussian,0.0,Miliolinella circularis,0.9855654835700988,1
68,data/eval_images/Miliolinella circularis_6_view3_zstack_slice_z0012.png,Miliolinella circularis,gaussian,5.0,Triloculina trigonula,0.8968068957328796,0
68,data/eval_images/Miliolinella circularis_6_view3_zstack_slice_z0012.png,Miliolinella circularis,gaussian,10.0,Triloculina trigonula,0.943719446659088,0
68,data/eval_images/Miliolinella circularis_6_view3_zstack_slice_z0012.png,Miliolinella circularis,gaussian,25.0,Triloculina trigonula,0.9465271234512328,0
68,data/eval_images/Miliolinella circularis_6_view3_zstack_slice_z0012.png,Miliolinella circularis,gaussian,50.0,Triloculina trigonula,0.5873316526412964,0
68,data/eval_images/Miliolinella circularis_6_view3_zstack_slice_z0012.png,Miliolinella circularis,saltpepper,0.0,Miliolinella circularis,0.9855654835700988,1
68,data/eval_images/Miliolinella circularis_6_view3_zstack_slice_z0012.png,Miliolinella circularis,saltpepper,0.01,Miliolinella circularis,0.9663928747177124,1
68,data/eval_images/Miliolinella circularis_6_view3_zstack_slice_z0012.png,Miliolinella circularis,saltpepper,0.03,Miliolinella circularis,0.9285774230957032,1
68,data/eval_images/Miliolinella circularis_6_view3_zstack_slice_z0012.png,Miliolinella circularis,saltpepper,0.07,Miliolinella circularis,0.7384690642356873,1
68,data/eval_images/Miliolinella circularis_6_view3_zstack_slice_z0012.png,Miliolinella circularis,stretch,1.0,Miliolinella circularis,0.9855654835700988,1
69,data/eval_images/Miliolinella circularis_6_view3_zstack_slice_z0018.png,Miliolinella circularis,gaussian,0.0,Miliolinella circularis,0.984062671661377,1
69,data/eval_images/Miliolinella circularis_6_view3_zstack_slice_z0018.png,Miliolinella circularis,gaussian,5.0,Triloculina trigonula,0.906721830368042,0
69,data/eval_images/Miliolinella circularis_6_view3_zstack_slice_z0018.png,Miliolinella circularis,gaussian,10.0,Triloculina trigonula,0.9548432230949402,0
69,data/eval_images/Miliolinella circularis_6_view3_zstack_slice_z0018.png,Miliolinella circularis,gaussian,25.0,Triloculina trigonula,0.9667110443115234,0
69,data/eval_images/Miliolinella circularis_6_view3_zstack_slice_z0018.png,Miliolinella circularis,gaussian,50.0,Triloculina trigonula,0.7899865508079529,0
69,data/eval_images/Miliolinella circularis_6_view3_zstack_slice_z0018.png,Miliolinella circularis,saltpepper,0.0,Miliolinella circularis,0.984062671661377,1
69,data/eval_images/Miliolinella circularis_6_view3_zstack_slice_z0018.png,Miliolinella circularis,saltpepper,0.01,Miliolinella circularis,0.9813543558120728,1
69,data/eval_images/Miliolinella circularis_6_view3_zstack_slice_z0018.png,Miliolinella circularis,saltpepper,0.03,Miliolinella circularis,0.959657907485962,1
69,data/eval_images/Miliolinella circularis_6_view3_zstack_slice_z0018.png,Miliolinella circularis,saltpepper,0.07,Miliolinella circularis,0.3773451447486877,1
69,data/eval_images/Miliolinella circularis_6_view3_zstack_slice_z0018.png,Miliolinella circularis,stretch,1.0,Miliolinella circularis,0.984062671661377,1
70,data/eval_images/Miliolinella circularis_6_view3_zstack_slice_z0027.png,Miliolinella circularis,gaussian,0.0,Miliolinella circularis,0.9857829809188844,1
70,data/eval_images/Miliolinella circularis_6_view3_zstack_slice_z0027.png,Miliolinella circularis,gaussian,5.0,Triloculina trigonula,0.9472398161888124,0
70,data/eval_images/Miliolinella circularis_6_view3_zstack_slice_z0027.png,Miliolinella circularis,gaussian,10.0,Triloculina trigonula,0.9642050266265868,0
70,data/eval_images/Miliolinella circularis_6_view3_zstack_slice_z0027.png,Miliolinella circularis,gaussian,25.0,Triloculina trigonula,0.9736232161521912,0
70,data/eval_images/Miliolinella circularis_6_view3_zstack_slice_z0027.png,Miliolinella circularis,gaussian,50.0,Triloculina trigonula,0.6239569187164307,0
70,data/eval_images/Miliolinella circularis_6_view3_zstack_slice_z0027.png,Miliolinella circularis,saltpepper,0.0,Miliolinella circularis,0.9857829809188844,1
70,data/eval_images/Miliolinella circularis_6_view3_zstack_slice_z0027.png,Miliolinella circularis,saltpepper,0.01,Miliolinella circularis,0.9805026650428772,1
70,data/eval_images/Miliolinella circularis_6_view3_zstack_slice_z0027.png,Miliolinella circularis,saltpepper,0.03,Miliolinella circularis,0.9752708673477172,1
70,data/eval_images/Miliolinella circularis_6_view3_zstack_slice_z0027.png,Miliolinella circularis,saltpepper,0.07,Miliolinella circularis,0.9796800017356871,1
70,data/eval_images/Miliolinella circularis_6_view3_zstack_slice_z0027.png,Miliolinella circularis,stretch,1.0,Miliolinella circularis,0.9857829809188844,1
71,data/eval_images/Miliolinella circularis_6_view3_zstack_slice_z0030.png,Miliolinella circularis,gaussian,0.0,Miliolinella circularis,0.9836764931678772,1
71,data/eval_images/Miliolinella circularis_6_view3_zstack_slice_z0030.png,Miliolinella circularis,gaussian,5.0,Triloculina trigonula,0.8580951690673828,0
71,data/eval_images/Miliolinella circularis_6_view3_zstack_slice_z0030.png,Miliolinella circularis,gaussian,10.0,Triloculina trigonula,0.9584121704101562,0
71,data/eval_images/Miliolinella circularis_6_view3_zstack_slice_z0030.png,Miliolinella circularis,gaussian,25.0,Triloculina trigonula,0.9414414763450624,0
71,data/eval_images/Miliolinella circularis_6_view3_zstack_slice_z0030.png,Miliolinella circularis,gaussian,50.0,Miliolinella circularis,0.5452563166618347,1
71,data/eval_images/Miliolinella circularis_6_view3_zstack_slice_z0030.png,Miliolinella circularis,saltpepper,0.0,Miliolinella circularis,0.9836764931678772,1
71,data/eval_images/Miliolinella circularis_6_view3_zstack_slice_z0030.png,Miliolinella circularis,saltpepper,0.01,Miliolinella circularis,0.9733790755271912,1
71,data/eval_images/Miliolinella circularis_6_view3_zstack_slice_z0030.png,Miliolinella circularis,saltpepper,0.03,Miliolinella circularis,0.9854238629341124,1
71,data/eval_images/Miliolinella circularis_6_view3_zstack_slice_z0030.png,Miliolinella circularis,saltpepper,0.07,Miliolinella circularis,0.9607308506965636,1
71,data/eval_images/Miliolinella circularis_6_view3_zstack_slice_z0030.png,Miliolinella circularis,stretch,1.0,Miliolinella circularis,0.9836764931678772,1
72,data/eval_images/Miliolinella circularis_6_view3_zstack_slice_z0043.png,Miliolinella circularis,gaussian,0.0,Miliolinella circularis,0.9472740292549132,1
72,data/eval_images/Miliolinella circularis_6_view3_zstack_slice_z0043.png,Miliolinella circularis,gaussian,5.0,Triloculina trigonula,0.8775664567947388,0
72,data/eval_images/Miliolinella circularis_6_view3_zstack_slice_z0043.png,Miliolinella circularis,gaussian,10.0,Triloculina trigonula,0.940387487411499,0
72,data/eval_images/Miliolinella circularis_6_view3_zstack_slice_z0043.png,Miliolinella circularis,gaussian,25.0,Triloculina trigonula,0.9691779017448424,0
72,data/eval_images/Miliolinella circularis_6_view3_zstack_slice_z0043.png,Miliolinella circularis,gaussian,50.0,Karreriella bradyi,0.7758625745773315,0
72,data/eval_images/Miliolinella circularis_6_view3_zstack_slice_z0043.png,Miliolinella circularis,saltpepper,0.0,Miliolinella circularis,0.9472740292549132,1
72,data/eval_images/Miliolinella circularis_6_view3_zstack_slice_z0043.png,Miliolinella circularis,saltpepper,0.01,Miliolinella circularis,0.9338782429695128,1
72,data/eval_images/Miliolinella circularis_6_view3_zstack_slice_z0043.png,Miliolinella circularis,saltpepper,0.03,Miliolinella circularis,0.7623792290687561,1
72,data/eval_images/Miliolinella circularis_6_view3_zstack_slice_z0043.png,Miliolinella circularis,saltpepper,0.07,Miliolinella circularis,0.6936604380607605,1
72,data/eval_images/Miliolinella circularis_6_view3_zstack_slice_z0043.png,Miliolinella circularis,stretch,1.0,Miliolinella circularis,0.9472740292549132,1
73,data/eval_images/Neorotalia calcar_26_view3_stacked_tiff.png,Neorotalia calcar,gaussian,0.0,Neorotalia calcar,0.9887939095497132,1
73,data/eval_images/Neorotalia calcar_26_view3_stacked_tiff.png,Neorotalia calcar,gaussian,5.0,Neorotalia calcar,0.9900254011154176,1
73,data/eval_images/Neorotalia calcar_26_view3_stacked_tiff.png,Neorotalia calcar,gaussian,10.0,Neorotalia calcar,0.990042805671692,1
73,data/eval_images/Neorotalia calcar_26_view3_stacked_tiff.png,Neorotalia calcar,gaussian,25.0,Neorotalia calcar,0.9891408681869508,1
73,data/eval_images/Neorotalia calcar_26_view3_stacked_tiff.png,Neorotalia calcar,gaussian,50.0,Neorotalia calcar,0.9893342852592468,1
73,data/eval_images/Neorotalia calcar_26_view3_stacked_tiff.png,Neorotalia calcar,saltpepper,0.0,Neorotalia calcar,0.9887939095497132,1
73,data/eval_images/Neorotalia calcar_26_view3_stacked_tiff.png,Neorotalia calcar,saltpepper,0.01,Neorotalia calcar,0.9890888333320618,1
73,data/eval_images/Neorotalia calcar_26_view3_stacked_tiff.png,Neorotalia calcar,saltpepper,0.03,Neorotalia calcar,0.9866172075271606,1
73,data/eval_images/Neorotalia calcar_26_view3_stacked_tiff.png,Neorotalia calcar,saltpepper,0.07,Neorotalia calcar,0.9876392483711244,1
73,data/eval_images/Neorotalia calcar_26_view3_stacked_tiff.png,Neorotalia calcar,stretch,1.0,Neorotalia calcar,0.9887939095497132,1
74,data/eval_images/Neorotalia calcar_26_view3_zstack_slice_z0006.png,Neorotalia calcar,gaussian,0.0,Neorotalia calcar,0.9903191328048706,1
74,data/eval_images/Neorotalia calcar_26_view3_zstack_slice_z0006.png,Neorotalia calcar,gaussian,5.0,Neorotalia calcar,0.9903501868247986,1
74,data/eval_images/Neorotalia calcar_26_view3_zstack_slice_z0006.png,Neorotalia calcar,gaussian,10.0,Neorotalia calcar,0.9896993041038512,1
74,data/eval_images/Neorotalia calcar_26_view3_zstack_slice_z0006.png,Neorotalia calcar,gaussian,25.0,Neorotalia calcar,0.9870619177818298,1
74,data/eval_images/Neorotalia calcar_26_view3_zstack_slice_z0006.png,Neorotalia calcar,gaussian,50.0,Neorotalia calcar,0.968917429447174,1
74,data/eval_images/Neorotalia calcar_26_view3_zstack_slice_z0006.png,Neorotalia calcar,saltpepper,0.0,Neorotalia calcar,0.9903191328048706,1
74,data/eval_images/Neorotalia calcar_26_view3_zstack_slice_z0006.png,Neorotalia calcar,saltpepper,0.01,Neorotalia calcar,0.98969566822052,1
74,data/eval_images/Neorotalia calcar_26_view3_zstack_slice_z0006.png,Neorotalia calcar,saltpepper,0.03,Neorotalia calcar,0.985937774181366,1
74,data/eval_images/Neorotalia calcar_26_view3_zstack_slice_z0006.png,Neorotalia calcar,saltpepper,0.07,Neorotalia calcar,0.9651583433151244,1
74,data/eval_images/Neorotalia calcar_26_view3_zstack_slice_z0006.png,Neorotalia calcar,stretch,1.0,Neorotalia calcar,0.9903191328048706,1
75,data/eval_images/Neorotalia calcar_26_view3_zstack_slice_z0018.png,Neorotalia calcar,gaussian,0.0,Neorotalia calcar,0.990517556667328,1
75,data/eval_images/Neorotalia calcar_26_view3_zstack_slice_z0018.png,Neorotalia calcar,gaussian,5.0,Neorotalia calcar,0.9897749423980712,1
75,data/eval_images/Neorotalia calcar_26_view3_zstack_slice_z0018.png,Neorotalia calcar,gaussian,10.0,Neorotalia calcar,0.9884441494941713,1
75,data/eval_images/Neorotalia calcar_26_view3_zstack_slice_z0018.png,Neorotalia calcar,gaussian,25.0,Neorotalia calcar,0.9874807000160216,1
75,data/eval_images/Neorotalia calcar_26_view3_zstack_slice_z0018.png,Neorotalia calcar,gaussian,50.0,Neorotalia calcar,0.9876527786254884,1
75,data/eval_images/Neorotalia calcar_26_view3_zstack_slice_z0018.png,Neorotalia calcar,saltpepper,0.0,Neorotalia calcar,0.990517556667328,1
75,data/eval_images/Neorotalia calcar_26_view3_zstack_slice_z0018.png,Neorotalia calcar,saltpepper,0.01,Neorotalia calcar,0.987685203552246,1
75,data/eval_images/Neorotalia calcar_26_view3_zstack_slice_z0018.png,Neorotalia calcar,saltpepper,0.03,Neorotalia calcar,0.987613081932068,1
75,data/eval_images/Neorotalia calcar_26_view3_zstack_slice_z0018.png,Neorotalia calcar,saltpepper,0.07,Neorotalia calcar,0.9882653951644896,1
75,data/eval_images/Neorotalia calcar_26_view3_zstack_slice_z0018.png,Neorotalia calcar,stretch,1.0,Neorotalia calcar,0.990517556667328,1
76,data/eval_images/Neorotalia calcar_26_view3_zstack_slice_z0030.png,Neorotalia calcar,gaussian,0.0,Neorotalia calcar,0.9895039796829224,1
76,data/eval_images/Neorotalia calcar_26_view3_zstack_slice_z0030.png,Neorotalia calcar,gaussian,5.0,Neorotalia calcar,0.9893117547035216,1
76,data/eval_images/Neorotalia calcar_26_view3_zstack_slice_z0030.png,Neorotalia calcar,gaussian,10.0,Neorotalia calcar,0.9880961179733276,1
76,data/eval_images/Neorotalia calcar_26_view3_zstack_slice_z0030.png,Neorotalia calcar,gaussian,25.0,Neorotalia calcar,0.986622989177704,1
76,data/eval_images/Neorotalia calcar_26_view3_zstack_slice_z0030.png,Neorotalia calcar,gaussian,50.0,Neorotalia calcar,0.9766975045204164,1
76,data/eval_images/Neorotalia calcar_26_view3_zstack_slice_z0030.png,Neorotalia calcar,saltpepper,0.0,Neorotalia calcar,0.9895039796829224,1
76,data/eval_images/Neorotalia calcar_26_view3_zstack_slice_z0030.png,Neorotalia calcar,saltpepper,0.01,Neorotalia calcar,0.988390326499939,1
76,data/eval_images/Neorotalia calcar_26_view3_zstack_slice_z0030.png,Neorotalia calcar,saltpepper,0.03,Neorotalia calcar,0.9869204759597778,1
76,data/eval_images/Neorotalia calcar_26_view3_zstack_slice_z0030.png,Neorotalia calcar,saltpepper,0.07,Neorotalia calcar,0.9542698264122008,1
76,data/eval_images/Neorotalia calcar_26_view3_zstack_slice_z0030.png,Neorotalia calcar,stretch,1.0,Neorotalia calcar,0.9895039796829224,1
77,data/eval_images/Neorotalia calcar_26_view3_zstack_slice_z0039.png,Neorotalia calcar,gaussian,0.0,Neorotalia calcar,0.9888840913772584,1
77,data/eval_images/Neorotalia calcar_26_view3_zstack_slice_z0039.png,Neorotalia calcar,gaussian,5.0,Neorotalia calcar,0.988610565662384,1
77,data/eval_images/Neorotalia calcar_26_view3_zstack_slice_z0039.png,Neorotalia calcar,gaussian,10.0,Neorotalia calcar,0.9880746006965636,1
77,data/eval_images/Neorotalia calcar_26_view3_zstack_slice_z0039.png,Neorotalia calcar,gaussian,25.0,Neorotalia calcar,0.9871455430984496,1
77,data/eval_images/Neorotalia calcar_26_view3_zstack_slice_z0039.png,Neorotalia calcar,gaussian,50.0,Neorotalia calcar,0.9874339699745178,1
77,data/eval_images/Neorotalia calcar_26_view3_zstack_slice_z0039.png,Neorotalia calcar,saltpepper,0.0,Neorotalia calcar,0.9888840913772584,1
77,data/eval_images/Neorotalia calcar_26_view3_zstack_slice_z0039.png,Neorotalia calcar,saltpepper,0.01,Neorotalia calcar,0.9897010326385498,1
77,data/eval_images/Neorotalia calcar_26_view3_zstack_slice_z0039.png,Neorotalia calcar,saltpepper,0.03,Neorotalia calcar,0.9867493510246276,1
77,data/eval_images/Neorotalia calcar_26_view3_zstack_slice_z0039.png,Neorotalia calcar,saltpepper,0.07,Neorotalia calcar,0.9828745126724244,1
77,data/eval_images/Neorotalia calcar_26_view3_zstack_slice_z0039.png,Neorotalia calcar,stretch,1.0,Neorotalia calcar,0.9888840913772584,1
78,data/eval_images/Neorotalia calcar_26_view3_zstack_slice_z0054.png,Neorotalia calcar,gaussian,0.0,Neorotalia calcar,0.9884691834449768,1
78,data/eval_images/Neorotalia calcar_26_view3_zstack_slice_z0054.png,Neorotalia calcar,gaussian,5.0,Neorotalia calcar,0.9883015751838684,1
78,data/eval_images/Neorotalia calcar_26_view3_zstack_slice_z0054.png,Neorotalia calcar,gaussian,10.0,Neorotalia calcar,0.9874080419540404,1
78,data/eval_images/Neorotalia calcar_26_view3_zstack_slice_z0054.png,Neorotalia calcar,gaussian,25.0,Neorotalia calcar,0.986134946346283,1
78,data/eval_images/Neorotalia calcar_26_view3_zstack_slice_z0054.png,Neorotalia calcar,gaussian,50.0,Neorotalia calcar,0.9855330586433412,1
78,data/eval_images/Neorotalia calcar_26_view3_zstack_slice_z0054.png,Neorotalia calcar,saltpepper,0.0,Neorotalia calcar,0.9884691834449768,1
78,data/eval_images/Neorotalia calcar_26_view3_zstack_slice_z0054.png,Neorotalia calcar,saltpepper,0.01,Neorotalia calcar,0.9886675477027892,1
78,data/eval_images/Neorotalia calcar_26_view3_zstack_slice_z0054.png,Neorotalia calcar,saltpepper,0.03,Neorotalia calcar,0.9876980185508728,1
78,data/eval_images/Neorotalia calcar_26_view3_zstack_slice_z0054.png,Neorotalia calcar,saltpepper,0.07,Neorotalia calcar,0.9835894107818604,1
78,data/eval_images/Neorotalia calcar_26_view3_zstack_slice_z0054.png,Neorotalia calcar,stretch,1.0,Neorotalia calcar,0.9884691834449768,1
79,data/eval_images/Nodulina dentaliniformis_11_view3_gif_original.png,Nodulina dentaliniformis,gaussian,0.0,Nodulina dentaliniformis,0.9895939826965332,1
79,data/eval_images/Nodulina dentaliniformis_11_view3_gif_original.png,Nodulina dentaliniformis,gaussian,5.0,Nodulina dentaliniformis,0.9888484477996826,1
79,data/eval_images/Nodulina dentaliniformis_11_view3_gif_original.png,Nodulina dentaliniformis,gaussian,10.0,Nodulina dentaliniformis,0.9884623885154724,1
79,data/eval_images/Nodulina dentaliniformis_11_view3_gif_original.png,Nodulina dentaliniformis,gaussian,25.0,Nodulina dentaliniformis,0.9862637519836426,1
79,data/eval_images/Nodulina dentaliniformis_11_view3_gif_original.png,Nodulina dentaliniformis,gaussian,50.0,Nodulina dentaliniformis,0.9452990293502808,1
79,data/eval_images/Nodulina dentaliniformis_11_view3_gif_original.png,Nodulina dentaliniformis,saltpepper,0.0,Nodulina dentaliniformis,0.9895939826965332,1
79,data/eval_images/Nodulina dentaliniformis_11_view3_gif_original.png,Nodulina dentaliniformis,saltpepper,0.01,Nodulina dentaliniformis,0.9882086515426636,1
79,data/eval_images/Nodulina dentaliniformis_11_view3_gif_original.png,Nodulina dentaliniformis,saltpepper,0.03,Nodulina dentaliniformis,0.9879943132400512,1
79,data/eval_images/Nodulina dentaliniformis_11_view3_gif_original.png,Nodulina dentaliniformis,saltpepper,0.07,Nodulina dentaliniformis,0.987448751926422,1
79,data/eval_images/Nodulina dentaliniformis_11_view3_gif_original.png,Nodulina dentaliniformis,stretch,1.0,Nodulina dentaliniformis,0.9895939826965332,1
80,data/eval_images/Nodulina dentaliniformis_11_view3_zstack_slice_z0005.png,Nodulina dentaliniformis,gaussian,0.0,Nodulina dentaliniformis,0.9885259866714478,1
80,data/eval_images/Nodulina dentaliniformis_11_view3_zstack_slice_z0005.png,Nodulina dentaliniformis,gaussian,5.0,Nodulina dentaliniformis,0.986985981464386,1
80,data/eval_images/Nodulina dentaliniformis_11_view3_zstack_slice_z0005.png,Nodulina dentaliniformis,gaussian,10.0,Nodulina dentaliniformis,0.9861380457878112,1
80,data/eval_images/Nodulina dentaliniformis_11_view3_zstack_slice_z0005.png,Nodulina dentaliniformis,gaussian,25.0,Nodulina dentaliniformis,0.9829614758491516,1
80,data/eval_images/Nodulina dentaliniformis_11_view3_zstack_slice_z0005.png,Nodulina dentaliniformis,gaussian,50.0,Nodulina dentaliniformis,0.9601644277572632,1
80,data/eval_images/Nodulina dentaliniformis_11_view3_zstack_slice_z0005.png,Nodulina dentaliniformis,saltpepper,0.0,Nodulina dentaliniformis,0.9885259866714478,1
80,data/eval_images/Nodulina dentaliniformis_11_view3_zstack_slice_z0005.png,Nodulina dentaliniformis,saltpepper,0.01,Nodulina dentaliniformis,0.9872390627861024,1
80,data/eval_images/Nodulina dentaliniformis_11_view3_zstack_slice_z0005.png,Nodulina dentaliniformis,saltpepper,0.03,Nodulina dentaliniformis,0.986640989780426,1
80,data/eval_images/Nodulina dentaliniformis_11_view3_zstack_slice_z0005.png,Nodulina dentaliniformis,saltpepper,0.07,Nodulina dentaliniformis,0.9876514673233032,1
80,data/eval_images/Nodulina dentaliniformis_11_view3_zstack_slice_z0005.png,Nodulina dentaliniformis,stretch,1.0,Nodulina dentaliniformis,0.9885259866714478,1
81,data/eval_images/Nodulina dentaliniformis_11_view3_zstack_slice_z0025.png,Nodulina dentaliniformis,gaussian,0.0,Nodulina dentaliniformis,0.9876556992530824,1
81,data/eval_images/Nodulina dentaliniformis_11_view3_zstack_slice_z0025.png,Nodulina dentaliniformis,gaussian,5.0,Nodulina dentaliniformis,0.986396074295044,1
81,data/eval_images/Nodulina dentaliniformis_11_view3_zstack_slice_z0025.png,Nodulina dentaliniformis,gaussian,10.0,Nodulina dentaliniformis,0.987165629863739,1
81,data/eval_images/Nodulina dentaliniformis_11_view3_zstack_slice_z0025.png,Nodulina dentaliniformis,gaussian,25.0,Nodulina dentaliniformis,0.9868211150169371,1
81,data/eval_images/Nodulina dentaliniformis_11_view3_zstack_slice_z0025.png,Nodulina dentaliniformis,gaussian,50.0,Nodulina dentaliniformis,0.933136522769928,1
81,data/eval_images/Nodulina dentaliniformis_11_view3_zstack_slice_z0025.png,Nodulina dentaliniformis,saltpepper,0.0,Nodulina dentaliniformis,0.9876556992530824,1
81,data/eval_images/Nodulina dentaliniformis_11_view3_zstack_slice_z0025.png,Nodulina dentaliniformis,saltpepper,0.01,Nodulina dentaliniformis,0.9875031113624572,1
81,data/eval_images/Nodulina dentaliniformis_11_view3_zstack_slice_z0025.png,Nodulina dentaliniformis,saltpepper,0.03,Nodulina dentaliniformis,0.9868927597999572,1
81,data/eval_images/Nodulina dentaliniformis_11_view3_zstack_slice_z0025.png,Nodulina dentaliniformis,saltpepper,0.07,Nodulina dentaliniformis,0.9884831309318542,1
81,data/eval_images/Nodulina dentaliniformis_11_view3_zstack_slice_z0025.png,Nodulina dentaliniformis,stretch,1.0,Nodulina dentaliniformis,0.9876556992530824,1
82,data/eval_images/Nodulina dentaliniformis_11_view3_zstack_slice_z0031.png,Nodulina dentaliniformis,gaussian,0.0,Nodulina dentaliniformis,0.9873037934303284,1
82,data/eval_images/Nodulina dentaliniformis_11_view3_zstack_slice_z0031.png,Nodulina dentaliniformis,gaussian,5.0,Nodulina dentaliniformis,0.9866704344749452,1
82,data/eval_images/Nodulina dentaliniformis_11_view3_zstack_slice_z0031.png,Nodulina dentaliniformis,gaussian,10.0,Nodulina dentaliniformis,0.986029326915741,1
82,data/eval_images/Nodulina dentaliniformis_11_view3_zstack_slice_z0031.png,Nodulina dentaliniformis,gaussian,25.0,Nodulina dentaliniformis,0.9856144785881042,1
82,data/eval_images/Nodulina dentaliniformis_11_view3_zstack_slice_z0031.png,Nodulina dentaliniformis,gaussian,50.0,Nodulina dentaliniformis,0.9423632025718688,1
82,data/eval_images/Nodulina dentaliniformis_11_view3_zstack_slice_z0031.png,Nodulina dentaliniformis,saltpepper,0.0,Nodulina dentaliniformis,0.9873037934303284,1
82,data/eval_images/Nodulina dentaliniformis_11_view3_zstack_slice_z0031.png,Nodulina dentaliniformis,saltpepper,0.01,Nodulina dentaliniformis,0.9865586757659912,1
82,data/eval_images/Nodulina dentaliniformis_11_view3_zstack_slice_z0031.png,Nodulina dentaliniformis,saltpepper,0.03,Nodulina dentaliniformis,0.9871371984481812,1
82,data/eval_images/Nodulina dentaliniformis_11_view3_zstack_slice_z0031.png,Nodulina dentaliniformis,saltpepper,0.07,Nodulina dentaliniformis,0.987744152545929,1
82,data/eval_images/Nodulina dentaliniformis_11_view3_zstack_slice_z0031.png,Nodulina dentaliniformis,stretch,1.0,Nodulina dentaliniformis,0.9873037934303284,1
83,data/eval_images/Nodulina dentaliniformis_11_view3_zstack_slice_z0035.png,Nodulina dentaliniformis,gaussian,0.0,Nodulina dentaliniformis,0.9873015880584716,1
83,data/eval_images/Nodulina dentaliniformis_11_view3_zstack_slice_z0035.png,Nodulina dentaliniformis,gaussian,5.0,Nodulina dentaliniformis,0.9865929484367372,1
83,data/eval_images/Nodulina dentaliniformis_11_view3_zstack_slice_z0035.png,Nodulina dentaliniformis,gaussian,10.0,Nodulina dentaliniformis,0.9867139458656312,1
83,data/eval_images/Nodulina dentaliniformis_11_view3_zstack_slice_z0035.png,Nodulina dentaliniformis,gaussian,25.0,Nodulina dentaliniformis,0.9852541089057922,1
83,data/eval_images/Nodulina dentaliniformis_11_view3_zstack_slice_z0035.png,Nodulina dentaliniformis,gaussian,50.0,Nodulina dentaliniformis,0.9684776067733764,1
83,data/eval_images/Nodulina dentaliniformis_11_view3_zstack_slice_z0035.png,Nodulina dentaliniformis,saltpepper,0.0,Nodulina dentaliniformis,0.9873015880584716,1
83,data/eval_images/Nodulina dentaliniformis_11_view3_zstack_slice_z0035.png,Nodulina dentaliniformis,saltpepper,0.01,Nodulina dentaliniformis,0.9871941208839417,1
83,data/eval_images/Nodulina dentaliniformis_11_view3_zstack_slice_z0035.png,Nodulina dentaliniformis,saltpepper,0.03,Nodulina dentaliniformis,0.9865700602531432,1
83,data/eval_images/Nodulina dentaliniformis_11_view3_zstack_slice_z0035.png,Nodulina dentaliniformis,saltpepper,0.07,Nodulina dentaliniformis,0.9873102903366088,1
83,data/eval_images/Nodulina dentaliniformis_11_view3_zstack_slice_z0035.png,Nodulina dentaliniformis,stretch,1.0,Nodulina dentaliniformis,0.9873015880584716,1
84,data/eval_images/Nodulina dentaliniformis_11_view3_zstack_slice_z0037.png,Nodulina dentaliniformis,gaussian,0.0,Nodulina dentaliniformis,0.9872101545333862,1
84,data/eval_images/Nodulina dentaliniformis_11_view3_zstack_slice_z0037.png,Nodulina dentaliniformis,gaussian,5.0,Nodulina dentaliniformis,0.986751914024353,1
84,data/eval_images/Nodulina dentaliniformis_11_view3_zstack_slice_z0037.png,Nodulina dentaliniformis,gaussian,10.0,Nodulina dentaliniformis,0.986397922039032,1
84,data/eval_images/Nodulina dentaliniformis_11_view3_zstack_slice_z0037.png,Nodulina dentaliniformis,gaussian,25.0,Nodulina dentaliniformis,0.9846630096435548,1
84,data/eval_images/Nodulina dentaliniformis_11_view3_zstack_slice_z0037.png,Nodulina dentaliniformis,gaussian,50.0,Nodulina dentaliniformis,0.8716726303100586,1
84,data/eval_images/Nodulina dentaliniformis_11_view3_zstack_slice_z0037.png,Nodulina dentaliniformis,saltpepper,0.0,Nodulina dentaliniformis,0.9872101545333862,1
84,data/eval_images/Nodulina dentaliniformis_11_view3_zstack_slice_z0037.png,Nodulina dentaliniformis,saltpepper,0.01,Nodulina dentaliniformis,0.9871024489402772,1
84,data/eval_images/Nodulina dentaliniformis_11_view3_zstack_slice_z0037.png,Nodulina dentaliniformis,saltpepper,0.03,Nodulina dentaliniformis,0.9866735935211182,1
84,data/eval_images/Nodulina dentaliniformis_11_view3_zstack_slice_z0037.png,Nodulina dentaliniformis,saltpepper,0.07,Nodulina dentaliniformis,0.9874215126037598,1
84,data/eval_images/Nodulina dentaliniformis_11_view3_zstack_slice_z0037.png,Nodulina dentaliniformis,stretch,1.0,Nodulina dentaliniformis,0.9872101545333862,1
85,data/eval_images/Operculina ammonoides_23_view3_gif_original.png,Operculina ammonoides,gaussian,0.0,Operculina ammonoides,0.9244098663330078,1
85,data/eval_images/Operculina ammonoides_23_view3_gif_original.png,Operculina ammonoides,gaussian,5.0,Amphistegina radiata,0.5249361991882324,0
85,data/eval_images/Operculina ammonoides_23_view3_gif_original.png,Operculina ammonoides,gaussian,10.0,Amphistegina radiata,0.7131542563438416,0
85,data/eval_images/Operculina ammonoides_23_view3_gif_original.png,Operculina ammonoides,gaussian,25.0,Amphistegina radiata,0.8845703601837158,0
85,data/eval_images/Operculina ammonoides_23_view3_gif_original.png,Operculina ammonoides,gaussian,50.0,Karreriella bradyi,0.5176727175712585,0
85,data/eval_images/Operculina ammonoides_23_view3_gif_original.png,Operculina ammonoides,saltpepper,0.0,Operculina ammonoides,0.9244098663330078,1
85,data/eval_images/Operculina ammonoides_23_view3_gif_original.png,Operculina ammonoides,saltpepper,0.01,Operculina ammonoides,0.8561521768569946,1
85,data/eval_images/Operculina ammonoides_23_view3_gif_original.png,Operculina ammonoides,saltpepper,0.03,Operculina ammonoides,0.5109410285949707,1
85,data/eval_images/Operculina ammonoides_23_view3_gif_original.png,Operculina ammonoides,saltpepper,0.07,Amphistegina radiata,0.5877584218978882,0
85,data/eval_images/Operculina ammonoides_23_view3_gif_original.png,Operculina ammonoides,stretch,1.0,Operculina ammonoides,0.9244098663330078,1
86,data/eval_images/Operculina ammonoides_23_view3_stacked_tiff.png,Operculina ammonoides,gaussian,0.0,Operculina ammonoides,0.945440709590912,1
86,data/eval_images/Operculina ammonoides_23_view3_stacked_tiff.png,Operculina ammonoides,gaussian,5.0,Operculina ammonoides,0.4820796251296997,1
86,data/eval_images/Operculina ammonoides_23_view3_stacked_tiff.png,Operculina ammonoides,gaussian,10.0,Amphistegina radiata,0.6328685283660889,0
86,data/eval_images/Operculina ammonoides_23_view3_stacked_tiff.png,Operculina ammonoides,gaussian,25.0,Amphistegina radiata,0.7803387641906738,0
86,data/eval_images/Operculina ammonoides_23_view3_stacked_tiff.png,Operculina ammonoides,gaussian,50.0,Amphistegina radiata,0.7419478297233582,0
86,data/eval_images/Operculina ammonoides_23_view3_stacked_tiff.png,Operculina ammonoides,saltpepper,0.0,Operculina ammonoides,0.945440709590912,1
86,data/eval_images/Operculina ammonoides_23_view3_stacked_tiff.png,Operculina ammonoides,saltpepper,0.01,Operculina ammonoides,0.7460891008377075,1
86,data/eval_images/Operculina ammonoides_23_view3_stacked_tiff.png,Operculina ammonoides,saltpepper,0.03,Operculina ammonoides,0.4926989078521728,1
86,data/eval_images/Operculina ammonoides_23_view3_stacked_tiff.png,Operculina ammonoides,saltpepper,0.07,Operculina ammonoides,0.904813289642334,1
86,data/eval_images/Operculina ammonoides_23_view3_stacked_tiff.png,Operculina ammonoides,stretch,1.0,Operculina ammonoides,0.945440709590912,1
87,data/eval_images/Operculina ammonoides_23_view3_zstack_slice_z0011.png,Operculina ammonoides,gaussian,0.0,Operculina ammonoides,0.9605528712272644,1
87,data/eval_images/Operculina ammonoides_23_view3_zstack_slice_z0011.png,Operculina ammonoides,gaussian,5.0,Operculina ammonoides,0.5305861234664917,1
87,data/eval_images/Operculina ammonoides_23_view3_zstack_slice_z0011.png,Operculina ammonoides,gaussian,10.0,Amphistegina radiata,0.7166082262992859,0
87,data/eval_images/Operculina ammonoides_23_view3_zstack_slice_z0011.png,Operculina ammonoides,gaussian,25.0,Amphistegina radiata,0.9466540217399596,0
87,data/eval_images/Operculina ammonoides_23_view3_zstack_slice_z0011.png,Operculina ammonoides,gaussian,50.0,Amphistegina radiata,0.8874138593673706,0
87,data/eval_images/Operculina ammonoides_23_view3_zstack_slice_z0011.png,Operculina ammonoides,saltpepper,0.0,Operculina ammonoides,0.9605528712272644,1
87,data/eval_images/Operculina ammonoides_23_view3_zstack_slice_z0011.png,Operculina ammonoides,saltpepper,0.01,Operculina ammonoides,0.8709259629249573,1
87,data/eval_images/Operculina ammonoides_23_view3_zstack_slice_z0011.png,Operculina ammonoides,saltpepper,0.03,Amphistegina radiata,0.7822828888893127,0
87,data/eval_images/Operculina ammonoides_23_view3_zstack_slice_z0011.png,Operculina ammonoides,saltpepper,0.07,Amphistegina radiata,0.6952269077301025,0
87,data/eval_images/Operculina ammonoides_23_view3_zstack_slice_z0011.png,Operculina ammonoides,stretch,1.0,Operculina ammonoides,0.9605528712272644,1
88,data/eval_images/Operculina ammonoides_23_view3_zstack_slice_z0018.png,Operculina ammonoides,gaussian,0.0,Operculina ammonoides,0.9596297144889832,1
88,data/eval_images/Operculina ammonoides_23_view3_zstack_slice_z0018.png,Operculina ammonoides,gaussian,5.0,Operculina ammonoides,0.5953410863876343,1
88,data/eval_images/Operculina ammonoides_23_view3_zstack_slice_z0018.png,Operculina ammonoides,gaussian,10.0,Amphistegina radiata,0.8383195996284485,0
88,data/eval_images/Operculina ammonoides_23_view3_zstack_slice_z0018.png,Operculina ammonoides,gaussian,25.0,Amphistegina radiata,0.9443751573562622,0
88,data/eval_images/Operculina ammonoides_23_view3_zstack_slice_z0018.png,Operculina ammonoides,gaussian,50.0,Amphistegina radiata,0.9627326130867004,0
88,data/eval_images/Operculina ammonoides_23_view3_zstack_slice_z0018.png,Operculina ammonoides,saltpepper,0.0,Operculina ammonoides,0.9596297144889832,1
88,data/eval_images/Operculina ammonoides_23_view3_zstack_slice_z0018.png,Operculina ammonoides,saltpepper,0.01,Operculina ammonoides,0.9196534752845764,1
88,data/eval_images/Operculina ammonoides_23_view3_zstack_slice_z0018.png,Operculina ammonoides,saltpepper,0.03,Amphistegina radiata,0.727741003036499,0
88,data/eval_images/Operculina ammonoides_23_view3_zstack_slice_z0018.png,Operculina ammonoides,saltpepper,0.07,Amphistegina radiata,0.7055114507675171,0
88,data/eval_images/Operculina ammonoides_23_view3_zstack_slice_z0018.png,Operculina ammonoides,stretch,1.0,Operculina ammonoides,0.9596297144889832,1
89,data/eval_images/Operculina ammonoides_23_view3_zstack_slice_z0034.png,Operculina ammonoides,gaussian,0.0,Operculina ammonoides,0.9758066534996032,1
89,data/eval_images/Operculina ammonoides_23_view3_zstack_slice_z0034.png,Operculina ammonoides,gaussian,5.0,Operculina ammonoides,0.8759161829948425,1
89,data/eval_images/Operculina ammonoides_23_view3_zstack_slice_z0034.png,Operculina ammonoides,gaussian,10.0,Amphistegina radiata,0.6873851418495178,0
89,data/eval_images/Operculina ammonoides_23_view3_zstack_slice_z0034.png,Operculina ammonoides,gaussian,25.0,Amphistegina radiata,0.8237511515617371,0
89,data/eval_images/Operculina ammonoides_23_view3_zstack_slice_z0034.png,Operculina ammonoides,gaussian,50.0,Amphistegina radiata,0.8985235691070557,0
89,data/eval_images/Operculina ammonoides_23_view3_zstack_slice_z0034.png,Operculina ammonoides,saltpepper,0.0,Operculina ammonoides,0.9758066534996032,1
89,data/eval_images/Operculina ammonoides_23_view3_zstack_slice_z0034.png,Operculina ammonoides,saltpepper,0.01,Operculina ammonoides,0.9406750202178956,1
89,data/eval_images/Operculina ammonoides_23_view3_zstack_slice_z0034.png,Operculina ammonoides,saltpepper,0.03,Operculina ammonoides,0.6635602712631226,1
89,data/eval_images/Operculina ammonoides_23_view3_zstack_slice_z0034.png,Operculina ammonoides,saltpepper,0.07,Amphistegina radiata,0.4868073761463165,0
89,data/eval_images/Operculina ammonoides_23_view3_zstack_slice_z0034.png,Operculina ammonoides,stretch,1.0,Operculina ammonoides,0.9758066534996032,1
90,data/eval_images/Operculina ammonoides_23_view3_zstack_slice_z0046.png,Operculina ammonoides,gaussian,0.0,Operculina ammonoides,0.97808039188385,1
90,data/eval_images/Operculina ammonoides_23_view3_zstack_slice_z0046.png,Operculina ammonoides,gaussian,5.0,Operculina ammonoides,0.8843759894371033,1
90,data/eval_images/Operculina ammonoides_23_view3_zstack_slice_z0046.png,Operculina ammonoides,gaussian,10.0,Operculina ammonoides,0.6177762150764465,1
90,data/eval_images/Operculina ammonoides_23_view3_zstack_slice_z0046.png,Operculina ammonoides,gaussian,25.0,Amphistegina radiata,0.8756048679351807,0
90,data/eval_images/Operculina ammonoides_23_view3_zstack_slice_z0046.png,Operculina ammonoides,gaussian,50.0,Karreriella bradyi,0.5738301277160645,0
90,data/eval_images/Operculina ammonoides_23_view3_zstack_slice_z0046.png,Operculina ammonoides,saltpepper,0.0,Operculina ammonoides,0.97808039188385,1
90,data/eval_images/Operculina ammonoides_23_view3_zstack_slice_z0046.png,Operculina ammonoides,saltpepper,0.01,Operculina ammonoides,0.9279303550720216,1
90,data/eval_images/Operculina ammonoides_23_view3_zstack_slice_z0046.png,Operculina ammonoides,saltpepper,0.03,Operculina ammonoides,0.8624799847602844,1
90,data/eval_images/Operculina ammonoides_23_view3_zstack_slice_z0046.png,Operculina ammonoides,saltpepper,0.07,Operculina ammonoides,0.7558920383453369,1
90,data/eval_images/Operculina ammonoides_23_view3_zstack_slice_z0046.png,Operculina ammonoides,stretch,1.0,Operculina ammonoides,0.97808039188385,1
91,data/eval_images/Operculina ammonoides_23_view3_zstack_slice_z0056.png,Operculina ammonoides,gaussian,0.0,Operculina ammonoides,0.981268584728241,1
91,data/eval_images/Operculina ammonoides_23_view3_zstack_slice_z0056.png,Operculina ammonoides,gaussian,5.0,Operculina ammonoides,0.8916817903518677,1
91,data/eval_images/Operculina ammonoides_23_view3_zstack_slice_z0056.png,Operculina ammonoides,gaussian,10.0,Amphistegina radiata,0.5746496319770813,0
91,data/eval_images/Operculina ammonoides_23_view3_zstack_slice_z0056.png,Operculina ammonoides,gaussian,25.0,Amphistegina radiata,0.9125993847846984,0
91,data/eval_images/Operculina ammonoides_23_view3_zstack_slice_z0056.png,Operculina ammonoides,gaussian,50.0,Amphistegina radiata,0.8988385796546936,0
91,data/eval_images/Operculina ammonoides_23_view3_zstack_slice_z0056.png,Operculina ammonoides,saltpepper,0.0,Operculina ammonoides,0.981268584728241,1
91,data/eval_images/Operculina ammonoides_23_view3_zstack_slice_z0056.png,Operculina ammonoides,saltpepper,0.01,Operculina ammonoides,0.9596753716468812,1
91,data/eval_images/Operculina ammonoides_23_view3_zstack_slice_z0056.png,Operculina ammonoides,saltpepper,0.03,Operculina ammonoides,0.7113493084907532,1
91,data/eval_images/Operculina ammonoides_23_view3_zstack_slice_z0056.png,Operculina ammonoides,saltpepper,0.07,Amphistegina radiata,0.8052434921264648,0
91,data/eval_images/Operculina ammonoides_23_view3_zstack_slice_z0056.png,Operculina ammonoides,stretch,1.0,Operculina ammonoides,0.981268584728241,1
92,data/eval_images/Pseudotriloculina limbata_10_view2_gif_original.png,Pseudotriloculina limbata,gaussian,0.0,Pseudotriloculina limbata,0.9924861192703248,1
92,data/eval_images/Pseudotriloculina limbata_10_view2_gif_original.png,Pseudotriloculina limbata,gaussian,5.0,Pseudotriloculina limbata,0.9909789562225342,1
92,data/eval_images/Pseudotriloculina limbata_10_view2_gif_original.png,Pseudotriloculina limbata,gaussian,10.0,Pseudotriloculina limbata,0.987636923789978,1
92,data/eval_images/Pseudotriloculina limbata_10_view2_gif_original.png,Pseudotriloculina limbata,gaussian,25.0,Pseudotriloculina limbata,0.979211688041687,1
92,data/eval_images/Pseudotriloculina limbata_10_view2_gif_original.png,Pseudotriloculina limbata,gaussian,50.0,Pseudotriloculina limbata,0.5895859599113464,1
92,data/eval_images/Pseudotriloculina limbata_10_view2_gif_original.png,Pseudotriloculina limbata,saltpepper,0.0,Pseudotriloculina limbata,0.9924861192703248,1
92,data/eval_images/Pseudotriloculina limbata_10_view2_gif_original.png,Pseudotriloculina limbata,saltpepper,0.01,Pseudotriloculina limbata,0.9919701218605042,1
92,data/eval_images/Pseudotriloculina limbata_10_view2_gif_original.png,Pseudotriloculina limbata,saltpepper,0.03,Pseudotriloculina limbata,0.9902116656303406,1
92,data/eval_images/Pseudotriloculina limbata_10_view2_gif_original.png,Pseudotriloculina limbata,saltpepper,0.07,Pseudotriloculina limbata,0.986170768737793,1
92,data/eval_images/Pseudotriloculina limbata_10_view2_gif_original.png,Pseudotriloculina limbata,stretch,1.0,Pseudotriloculina limbata,0.9924861192703248,1
93,data/eval_images/Pseudotriloculina limbata_10_view2_stacked_tiff.png,Pseudotriloculina limbata,gaussian,0.0,Pseudotriloculina limbata,0.992199957370758,1
93,data/eval_images/Pseudotriloculina limbata_10_view2_stacked_tiff.png,Pseudotriloculina limbata,gaussian,5.0,Pseudotriloculina limbata,0.9908648133277892,1
93,data/eval_images/Pseudotriloculina limbata_10_view2_stacked_tiff.png,Pseudotriloculina limbata,gaussian,10.0,Pseudotriloculina limbata,0.988647758960724,1
93,data/eval_images/Pseudotriloculina limbata_10_view2_stacked_tiff.png,Pseudotriloculina limbata,gaussian,25.0,Pseudotriloculina limbata,0.9827412962913512,1
93,data/eval_images/Pseudotriloculina limbata_10_view2_stacked_tiff.png,Pseudotriloculina limbata,gaussian,50.0,Quinqueloculina crassicarinata,0.2992092072963714,0
93,data/eval_images/Pseudotriloculina limbata_10_view2_stacked_tiff.png,Pseudotriloculina limbata,saltpepper,0.0,Pseudotriloculina limbata,0.992199957370758,1
93,data/eval_images/Pseudotriloculina limbata_10_view2_stacked_tiff.png,Pseudotriloculina limbata,saltpepper,0.01,Pseudotriloculina limbata,0.9915412068367004,1
93,data/eval_images/Pseudotriloculina limbata_10_view2_stacked_tiff.png,Pseudotriloculina limbata,saltpepper,0.03,Pseudotriloculina limbata,0.9894816875457764,1
93,data/eval_images/Pseudotriloculina limbata_10_view2_stacked_tiff.png,Pseudotriloculina limbata,saltpepper,0.07,Pseudotriloculina limbata,0.9824726581573486,1
93,data/eval_images/Pseudotriloculina limbata_10_view2_stacked_tiff.png,Pseudotriloculina limbata,stretch,1.0,Pseudotriloculina limbata,0.992199957370758,1
94,data/eval_images/Pseudotriloculina limbata_10_view2_zstack_slice_z0009.png,Pseudotriloculina limbata,gaussian,0.0,Pseudotriloculina limbata,0.9946547746658324,1
94,data/eval_images/Pseudotriloculina limbata_10_view2_zstack_slice_z0009.png,Pseudotriloculina limbata,gaussian,5.0,Pseudotriloculina limbata,0.993850827217102,1
94,data/eval_images/Pseudotriloculina limbata_10_view2_zstack_slice_z0009.png,Pseudotriloculina limbata,gaussian,10.0,Pseudotriloculina limbata,0.9427292943000792,1
94,data/eval_images/Pseudotriloculina limbata_10_view2_zstack_slice_z0009.png,Pseudotriloculina limbata,gaussian,25.0,Quinqueloculina crassicarinata,0.6284382939338684,0
94,data/eval_images/Pseudotriloculina limbata_10_view2_zstack_slice_z0009.png,Pseudotriloculina limbata,gaussian,50.0,Quinqueloculina crassicarinata,0.7086401581764221,0
94,data/eval_images/Pseudotriloculina limbata_10_view2_zstack_slice_z0009.png,Pseudotriloculina limbata,saltpepper,0.0,Pseudotriloculina limbata,0.9946547746658324,1
94,data/eval_images/Pseudotriloculina limbata_10_view2_zstack_slice_z0009.png,Pseudotriloculina limbata,saltpepper,0.01,Pseudotriloculina limbata,0.9960877895355223,1
94,data/eval_images/Pseudotriloculina limbata_10_view2_zstack_slice_z0009.png,Pseudotriloculina limbata,saltpepper,0.03,Quinqueloculina crassicarinata,0.5070239901542664,0
94,data/eval_images/Pseudotriloculina limbata_10_view2_zstack_slice_z0009.png,Pseudotriloculina limbata,saltpepper,0.07,Quinqueloculina crassicarinata,0.5864406824111938,0
94,data/eval_images/Pseudotriloculina limbata_10_view2_zstack_slice_z0009.png,Pseudotriloculina limbata,stretch,1.0,Pseudotriloculina limbata,0.9946547746658324,1
95,data/eval_images/Pseudotriloculina limbata_10_view2_zstack_slice_z0018.png,Pseudotriloculina limbata,gaussian,0.0,Pseudotriloculina limbata,0.9938014149665833,1
95,data/eval_images/Pseudotriloculina limbata_10_view2_zstack_slice_z0018.png,Pseudotriloculina limbata,gaussian,5.0,Pseudotriloculina limbata,0.99215966463089,1
95,data/eval_images/Pseudotriloculina limbata_10_view2_zstack_slice_z0018.png,Pseudotriloculina limbata,gaussian,10.0,Pseudotriloculina limbata,0.9896169900894164,1
95,data/eval_images/Pseudotriloculina limbata_10_view2_zstack_slice_z0018.png,Pseudotriloculina limbata,gaussian,25.0,Quinqueloculina crassicarinata,0.5319187641143799,0
95,data/eval_images/Pseudotriloculina limbata_10_view2_zstack_slice_z0018.png,Pseudotriloculina limbata,gaussian,50.0,Quinqueloculina crassicarinata,0.5333238840103149,0
95,data/eval_images/Pseudotriloculina limbata_10_view2_zstack_slice_z0018.png,Pseudotriloculina limbata,saltpepper,0.0,Pseudotriloculina limbata,0.9938014149665833,1
95,data/eval_images/Pseudotriloculina limbata_10_view2_zstack_slice_z0018.png,Pseudotriloculina limbata,saltpepper,0.01,Pseudotriloculina limbata,0.9940145611763,1
95,data/eval_images/Pseudotriloculina limbata_10_view2_zstack_slice_z0018.png,Pseudotriloculina limbata,saltpepper,0.03,Pseudotriloculina limbata,0.9902837872505188,1
95,data/eval_images/Pseudotriloculina limbata_10_view2_zstack_slice_z0018.png,Pseudotriloculina limbata,saltpepper,0.07,Quinqueloculina crassicarinata,0.574081540107727,0
95,data/eval_images/Pseudotriloculina limbata_10_view2_zstack_slice_z0018.png,Pseudotriloculina limbata,stretch,1.0,Pseudotriloculina limbata,0.9938014149665833,1
96,data/eval_images/Pseudotriloculina limbata_10_view2_zstack_slice_z0023.png,Pseudotriloculina limbata,gaussian,0.0,Pseudotriloculina limbata,0.9934298396110536,1
96,data/eval_images/Pseudotriloculina limbata_10_view2_zstack_slice_z0023.png,Pseudotriloculina limbata,gaussian,5.0,Pseudotriloculina limbata,0.9916764497756958,1
96,data/eval_images/Pseudotriloculina limbata_10_view2_zstack_slice_z0023.png,Pseudotriloculina limbata,gaussian,10.0,Pseudotriloculina limbata,0.9868898391723632,1
96,data/eval_images/Pseudotriloculina limbata_10_view2_zstack_slice_z0023.png,Pseudotriloculina limbata,gaussian,25.0,Pseudotriloculina limbata,0.9251429438591005,1
96,data/eval_images/Pseudotriloculina limbata_10_view2_zstack_slice_z0023.png,Pseudotriloculina limbata,gaussian,50.0,Quinqueloculina crassicarinata,0.670501172542572,0
96,data/eval_images/Pseudotriloculina limbata_10_view2_zstack_slice_z0023.png,Pseudotriloculina limbata,saltpepper,0.0,Pseudotriloculina limbata,0.9934298396110536,1
96,data/eval_images/Pseudotriloculina limbata_10_view2_zstack_slice_z0023.png,Pseudotriloculina limbata,saltpepper,0.01,Pseudotriloculina limbata,0.9933886528015136,1
96,data/eval_images/Pseudotriloculina limbata_10_view2_zstack_slice_z0023.png,Pseudotriloculina limbata,saltpepper,0.03,Pseudotriloculina limbata,0.9921364784240724,1
96,data/eval_images/Pseudotriloculina limbata_10_view2_zstack_slice_z0023.png,Pseudotriloculina limbata,saltpepper,0.07,Pseudotriloculina limbata,0.9883314967155457,1
96,data/eval_images/Pseudotriloculina limbata_10_view2_zstack_slice_z0023.png,Pseudotriloculina limbata,stretch,1.0,Pseudotriloculina limbata,0.9934298396110536,1
97,data/eval_images/Pseudotriloculina limbata_10_view2_zstack_slice_z0043.png,Pseudotriloculina limbata,gaussian,0.0,Pseudotriloculina limbata,0.992316484451294,1
97,data/eval_images/Pseudotriloculina limbata_10_view2_zstack_slice_z0043.png,Pseudotriloculina limbata,gaussian,5.0,Pseudotriloculina limbata,0.990958333015442,1
97,data/eval_images/Pseudotriloculina limbata_10_view2_zstack_slice_z0043.png,Pseudotriloculina limbata,gaussian,10.0,Pseudotriloculina limbata,0.987787663936615,1
97,data/eval_images/Pseudotriloculina limbata_10_view2_zstack_slice_z0043.png,Pseudotriloculina limbata,gaussian,25.0,Pseudotriloculina limbata,0.976540982723236,1
97,data/eval_images/Pseudotriloculina limbata_10_view2_zstack_slice_z0043.png,Pseudotriloculina limbata,gaussian,50.0,Triloculina plicata,0.7023778557777405,0
97,data/eval_images/Pseudotriloculina limbata_10_view2_zstack_slice_z0043.png,Pseudotriloculina limbata,saltpepper,0.0,Pseudotriloculina limbata,0.992316484451294,1
97,data/eval_images/Pseudotriloculina limbata_10_view2_zstack_slice_z0043.png,Pseudotriloculina limbata,saltpepper,0.01,Pseudotriloculina limbata,0.991339147090912,1
97,data/eval_images/Pseudotriloculina limbata_10_view2_zstack_slice_z0043.png,Pseudotriloculina limbata,saltpepper,0.03,Pseudotriloculina limbata,0.9907949566841124,1
97,data/eval_images/Pseudotriloculina limbata_10_view2_zstack_slice_z0043.png,Pseudotriloculina limbata,saltpepper,0.07,Pseudotriloculina limbata,0.982475996017456,1
97,data/eval_images/Pseudotriloculina limbata_10_view2_zstack_slice_z0043.png,Pseudotriloculina limbata,stretch,1.0,Pseudotriloculina limbata,0.992316484451294,1
98,data/eval_images/Pseudotriloculina limbata_10_view2_zstack_slice_z0045.png,Pseudotriloculina limbata,gaussian,0.0,Pseudotriloculina limbata,0.9924585223197936,1
98,data/eval_images/Pseudotriloculina limbata_10_view2_zstack_slice_z0045.png,Pseudotriloculina limbata,gaussian,5.0,Pseudotriloculina limbata,0.9909736514091492,1
98,data/eval_images/Pseudotriloculina limbata_10_view2_zstack_slice_z0045.png,Pseudotriloculina limbata,gaussian,10.0,Pseudotriloculina limbata,0.9891799688339232,1
98,data/eval_images/Pseudotriloculina limbata_10_view2_zstack_slice_z0045.png,Pseudotriloculina limbata,gaussian,25.0,Pseudotriloculina limbata,0.9548469185829164,1
98,data/eval_images/Pseudotriloculina limbata_10_view2_zstack_slice_z0045.png,Pseudotriloculina limbata,gaussian,50.0,Triloculina plicata,0.5151214599609375,0
98,data/eval_images/Pseudotriloculina limbata_10_view2_zstack_slice_z0045.png,Pseudotriloculina limbata,saltpepper,0.0,Pseudotriloculina limbata,0.9924585223197936,1
98,data/eval_images/Pseudotriloculina limbata_10_view2_zstack_slice_z0045.png,Pseudotriloculina limbata,saltpepper,0.01,Pseudotriloculina limbata,0.9924880266189576,1
98,data/eval_images/Pseudotriloculina limbata_10_view2_zstack_slice_z0045.png,Pseudotriloculina limbata,saltpepper,0.03,Pseudotriloculina limbata,0.9901756644248962,1
98,data/eval_images/Pseudotriloculina limbata_10_view2_zstack_slice_z0045.png,Pseudotriloculina limbata,saltpepper,0.07,Pseudotriloculina limbata,0.986861288547516,1
98,data/eval_images/Pseudotriloculina limbata_10_view2_zstack_slice_z0045.png,Pseudotriloculina limbata,stretch,1.0,Pseudotriloculina limbata,0.9924585223197936,1
99,data/eval_images/Pyrgo depressa_10_view3_gif_original.png,Pyrgo depressa,gaussian,0.0,Pyrgo depressa,0.8926304578781128,1
99,data/eval_images/Pyrgo depressa_10_view3_gif_original.png,Pyrgo depressa,gaussian,5.0,Pyrgo depressa,0.4968811571598053,1
99,data/eval_images/Pyrgo depressa_10_view3_gif_original.png,Pyrgo depressa,gaussian,10.0,Pyrgo inornata,0.4905695617198944,0
99,data/eval_images/Pyrgo depressa_10_view3_gif_original.png,Pyrgo depressa,gaussian,25.0,Pyrgo inornata,0.6837424635887146,0
99,data/eval_images/Pyrgo depressa_10_view3_gif_original.png,Pyrgo depressa,gaussian,50.0,Pyrgo inornata,0.8179042935371399,0
99,data/eval_images/Pyrgo depressa_10_view3_gif_original.png,Pyrgo depressa,saltpepper,0.0,Pyrgo depressa,0.8926304578781128,1
99,data/eval_images/Pyrgo depressa_10_view3_gif_original.png,Pyrgo depressa,saltpepper,0.01,Pyrgo depressa,0.8997725248336792,1
99,data/eval_images/Pyrgo depressa_10_view3_gif_original.png,Pyrgo depressa,saltpepper,0.03,Pyrgo depressa,0.8370007872581482,1
99,data/eval_images/Pyrgo depressa_10_view3_gif_original.png,Pyrgo depressa,saltpepper,0.07,Pyrgo depressa,0.6896145343780518,1
99,data/eval_images/Pyrgo depressa_10_view3_gif_original.png,Pyrgo depressa,stretch,1.0,Pyrgo depressa,0.8926304578781128,1
100,data/eval_images/Pyrgo depressa_10_view3_stacked_tiff.png,Pyrgo depressa,gaussian,0.0,Pyrgo depressa,0.8928065896034241,1
100,data/eval_images/Pyrgo depressa_10_view3_stacked_tiff.png,Pyrgo depressa,gaussian,5.0,Pyrgo depressa,0.6368017792701721,1
100,data/eval_images/Pyrgo depressa_10_view3_stacked_tiff.png,Pyrgo depressa,gaussian,10.0,Pyrgo inornata,0.4967159330844879,0
100,data/eval_images/Pyrgo depressa_10_view3_stacked_tiff.png,Pyrgo depressa,gaussian,25.0,Pyrgo inornata,0.650877058506012,0
100,data/eval_images/Pyrgo depressa_10_view3_stacked_tiff.png,Pyrgo depressa,gaussian,50.0,Pyrgo inornata,0.809171199798584,0
100,data/eval_images/Pyrgo depressa_10_view3_stacked_tiff.png,Pyrgo depressa,saltpepper,0.0,Pyrgo depressa,0.8928065896034241,1
100,data/eval_images/Pyrgo depressa_10_view3_stacked_tiff.png,Pyrgo depressa,saltpepper,0.01,Pyrgo depressa,0.8884329795837402,1
100,data/eval_images/Pyrgo depressa_10_view3_stacked_tiff.png,Pyrgo depressa,saltpepper,0.03,Pyrgo depressa,0.8118446469306946,1
100,data/eval_images/Pyrgo depressa_10_view3_stacked_tiff.png,Pyrgo depressa,saltpepper,0.07,Pyrgo depressa,0.7070282697677612,1
100,data/eval_images/Pyrgo depressa_10_view3_stacked_tiff.png,Pyrgo depressa,stretch,1.0,Pyrgo depressa,0.8928065896034241,1
101,data/eval_images/Pyrgo depressa_10_view3_zstack_slice_z0007.png,Pyrgo depressa,gaussian,0.0,Pyrgo depressa,0.790794849395752,1
101,data/eval_images/Pyrgo depressa_10_view3_zstack_slice_z0007.png,Pyrgo depressa,gaussian,5.0,Pyrgo depressa,0.5738261342048645,1
101,data/eval_images/Pyrgo depressa_10_view3_zstack_slice_z0007.png,Pyrgo depressa,gaussian,10.0,Pyrgo depressa,0.5399034023284912,1
101,data/eval_images/Pyrgo depressa_10_view3_zstack_slice_z0007.png,Pyrgo depressa,gaussian,25.0,Pyrgo inornata,0.6283302307128906,0
101,data/eval_images/Pyrgo depressa_10_view3_zstack_slice_z0007.png,Pyrgo depressa,gaussian,50.0,Pyrgo inornata,0.5455721616744995,0
101,data/eval_images/Pyrgo depressa_10_view3_zstack_slice_z0007.png,Pyrgo depressa,saltpepper,0.0,Pyrgo depressa,0.790794849395752,1
101,data/eval_images/Pyrgo depressa_10_view3_zstack_slice_z0007.png,Pyrgo depressa,saltpepper,0.01,Pyrgo depressa,0.9177577495574952,1
101,data/eval_images/Pyrgo depressa_10_view3_zstack_slice_z0007.png,Pyrgo depressa,saltpepper,0.03,Pyrgo depressa,0.7869045734405518,1
101,data/eval_images/Pyrgo depressa_10_view3_zstack_slice_z0007.png,Pyrgo depressa,saltpepper,0.07,Pyrgo depressa,0.6895940899848938,1
101,data/eval_images/Pyrgo depressa_10_view3_zstack_slice_z0007.png,Pyrgo depressa,stretch,1.0,Pyrgo depressa,0.790794849395752,1
102,data/eval_images/Pyrgo depressa_10_view3_zstack_slice_z0008.png,Pyrgo depressa,gaussian,0.0,Pyrgo depressa,0.7980387210845947,1
102,data/eval_images/Pyrgo depressa_10_view3_zstack_slice_z0008.png,Pyrgo depressa,gaussian,5.0,Pyrgo depressa,0.6309754848480225,1
102,data/eval_images/Pyrgo depressa_10_view3_zstack_slice_z0008.png,Pyrgo depressa,gaussian,10.0,Pyrgo depressa,0.5263645648956299,1
102,data/eval_images/Pyrgo depressa_10_view3_zstack_slice_z0008.png,Pyrgo depressa,gaussian,25.0,Pyrgo inornata,0.6597432494163513,0
102,data/eval_images/Pyrgo depressa_10_view3_zstack_slice_z0008.png,Pyrgo depressa,gaussian,50.0,Pyrgo inornata,0.3534282445907593,0
102,data/eval_images/Pyrgo depressa_10_view3_zstack_slice_z0008.png,Pyrgo depressa,saltpepper,0.0,Pyrgo depressa,0.7980387210845947,1
102,data/eval_images/Pyrgo depressa_10_view3_zstack_slice_z0008.png,Pyrgo depressa,saltpepper,0.01,Pyrgo depressa,0.91368305683136,1
102,data/eval_images/Pyrgo depressa_10_view3_zstack_slice_z0008.png,Pyrgo depressa,saltpepper,0.03,Pyrgo depressa,0.7947391867637634,1
102,data/eval_images/Pyrgo depressa_10_view3_zstack_slice_z0008.png,Pyrgo depressa,saltpepper,0.07,Pyrgo depressa,0.6177676320075989,1
102,data/eval_images/Pyrgo depressa_10_view3_zstack_slice_z0008.png,Pyrgo depressa,stretch,1.0,Pyrgo depressa,0.7980387210845947,1
103,data/eval_images/Pyrgo depressa_10_view3_zstack_slice_z0022.png,Pyrgo depressa,gaussian,0.0,Pyrgo depressa,0.7735567092895508,1
103,data/eval_images/Pyrgo depressa_10_view3_zstack_slice_z0022.png,Pyrgo depressa,gaussian,5.0,Pyrgo depressa,0.5663478374481201,1
103,data/eval_images/Pyrgo depressa_10_view3_zstack_slice_z0022.png,Pyrgo depressa,gaussian,10.0,Pyrgo inornata,0.4738851189613342,0
103,data/eval_images/Pyrgo depressa_10_view3_zstack_slice_z0022.png,Pyrgo depressa,gaussian,25.0,Pyrgo inornata,0.6713364720344543,0
103,data/eval_images/Pyrgo depressa_10_view3_zstack_slice_z0022.png,Pyrgo depressa,gaussian,50.0,Pyrgo inornata,0.5254377722740173,0
103,data/eval_images/Pyrgo depressa_10_view3_zstack_slice_z0022.png,Pyrgo depressa,saltpepper,0.0,Pyrgo depressa,0.7735567092895508,1
103,data/eval_images/Pyrgo depressa_10_view3_zstack_slice_z0022.png,Pyrgo depressa,saltpepper,0.01,Pyrgo depressa,0.9138386845588684,1
103,data/eval_images/Pyrgo depressa_10_view3_zstack_slice_z0022.png,Pyrgo depressa,saltpepper,0.03,Pyrgo depressa,0.8518689274787903,1
103,data/eval_images/Pyrgo depressa_10_view3_zstack_slice_z0022.png,Pyrgo depressa,saltpepper,0.07,Pyrgo depressa,0.7474538087844849,1
103,data/eval_images/Pyrgo depressa_10_view3_zstack_slice_z0022.png,Pyrgo depressa,stretch,1.0,Pyrgo depressa,0.7735567092895508,1
104,data/eval_images/Pyrgo depressa_10_view3_zstack_slice_z0037.png,Pyrgo depressa,gaussian,0.0,Pyrgo depressa,0.8886573314666748,1
104,data/eval_images/Pyrgo depressa_10_view3_zstack_slice_z0037.png,Pyrgo depressa,gaussian,5.0,Pyrgo depressa,0.6528801918029785,1
104,data/eval_images/Pyrgo depressa_10_view3_zstack_slice_z0037.png,Pyrgo depressa,gaussian,10.0,Pyrgo inornata,0.5664715766906738,0
104,data/eval_images/Pyrgo depressa_10_view3_zstack_slice_z0037.png,Pyrgo depressa,gaussian,25.0,Pyrgo inornata,0.6836571097373962,0
104,data/eval_images/Pyrgo depressa_10_view3_zstack_slice_z0037.png,Pyrgo depressa,gaussian,50.0,Pyrgo inornata,0.7818503379821777,0
104,data/eval_images/Pyrgo depressa_10_view3_zstack_slice_z0037.png,Pyrgo depressa,saltpepper,0.0,Pyrgo depressa,0.8886573314666748,1
104,data/eval_images/Pyrgo depressa_10_view3_zstack_slice_z0037.png,Pyrgo depressa,saltpepper,0.01,Pyrgo depressa,0.904780387878418,1
104,data/eval_images/Pyrgo depressa_10_view3_zstack_slice_z0037.png,Pyrgo depressa,saltpepper,0.03,Pyrgo depressa,0.8461154103279114,1
104,data/eval_images/Pyrgo depressa_10_view3_zstack_slice_z0037.png,Pyrgo depressa,saltpepper,0.07,Pyrgo depressa,0.7502781748771667,1
104,data/eval_images/Pyrgo depressa_10_view3_zstack_slice_z0037.png,Pyrgo depressa,stretch,1.0,Pyrgo depressa,0.8886573314666748,1
105,data/eval_images/Pyrgo depressa_10_view3_zstack_slice_z0048.png,Pyrgo depressa,gaussian,0.0,Pyrgo depressa,0.9021475315093994,1
105,data/eval_images/Pyrgo depressa_10_view3_zstack_slice_z0048.png,Pyrgo depressa,gaussian,5.0,Pyrgo depressa,0.625681459903717,1
105,data/eval_images/Pyrgo depressa_10_view3_zstack_slice_z0048.png,Pyrgo depressa,gaussian,10.0,Pyrgo inornata,0.6074036955833435,0
105,data/eval_images/Pyrgo depressa_10_view3_zstack_slice_z0048.png,Pyrgo depressa,gaussian,25.0,Pyrgo inornata,0.7878815531730652,0
105,data/eval_images/Pyrgo depressa_10_view3_zstack_slice_z0048.png,Pyrgo depressa,gaussian,50.0,Pyrgo inornata,0.7777622938156128,0
105,data/eval_images/Pyrgo depressa_10_view3_zstack_slice_z0048.png,Pyrgo depressa,saltpepper,0.0,Pyrgo depressa,0.9021475315093994,1
105,data/eval_images/Pyrgo depressa_10_view3_zstack_slice_z0048.png,Pyrgo depressa,saltpepper,0.01,Pyrgo depressa,0.9000505805015564,1
105,data/eval_images/Pyrgo depressa_10_view3_zstack_slice_z0048.png,Pyrgo depressa,saltpepper,0.03,Pyrgo depressa,0.8257340788841248,1
105,data/eval_images/Pyrgo depressa_10_view3_zstack_slice_z0048.png,Pyrgo depressa,saltpepper,0.07,Pyrgo depressa,0.6491206288337708,1
105,data/eval_images/Pyrgo depressa_10_view3_zstack_slice_z0048.png,Pyrgo depressa,stretch,1.0,Pyrgo depressa,0.9021475315093994,1
106,data/eval_images/Pyrgo inornata_9_view5_gif_original.png,Pyrgo inornata,gaussian,0.0,Pyrgo inornata,0.8831989765167236,1
106,data/eval_images/Pyrgo inornata_9_view5_gif_original.png,Pyrgo inornata,gaussian,5.0,Pyrgo inornata,0.932263731956482,1
106,data/eval_images/Pyrgo inornata_9_view5_gif_original.png,Pyrgo inornata,gaussian,10.0,Pyrgo inornata,0.9384354948997498,1
106,data/eval_images/Pyrgo inornata_9_view5_gif_original.png,Pyrgo inornata,gaussian,25.0,Pyrgo inornata,0.9271183013916016,1
106,data/eval_images/Pyrgo inornata_9_view5_gif_original.png,Pyrgo inornata,gaussian,50.0,Pyrgo inornata,0.8890252113342285,1
106,data/eval_images/Pyrgo inornata_9_view5_gif_original.png,Pyrgo inornata,saltpepper,0.0,Pyrgo inornata,0.8831989765167236,1
106,data/eval_images/Pyrgo inornata_9_view5_gif_original.png,Pyrgo inornata,saltpepper,0.01,Pyrgo inornata,0.8548890948295593,1
106,data/eval_images/Pyrgo inornata_9_view5_gif_original.png,Pyrgo inornata,saltpepper,0.03,Pyrgo inornata,0.8343987464904785,1
106,data/eval_images/Pyrgo inornata_9_view5_gif_original.png,Pyrgo inornata,saltpepper,0.07,Pyrgo inornata,0.8574652075767517,1
106,data/eval_images/Pyrgo inornata_9_view5_gif_original.png,Pyrgo inornata,stretch,1.0,Pyrgo inornata,0.8831989765167236,1
107,data/eval_images/Pyrgo inornata_9_view5_stacked_tiff.png,Pyrgo inornata,gaussian,0.0,Pyrgo inornata,0.9125060439109802,1
107,data/eval_images/Pyrgo inornata_9_view5_stacked_tiff.png,Pyrgo inornata,gaussian,5.0,Pyrgo inornata,0.934175670146942,1
107,data/eval_images/Pyrgo inornata_9_view5_stacked_tiff.png,Pyrgo inornata,gaussian,10.0,Pyrgo inornata,0.9279417991638184,1
107,data/eval_images/Pyrgo inornata_9_view5_stacked_tiff.png,Pyrgo inornata,gaussian,25.0,Pyrgo inornata,0.9205375909805298,1
107,data/eval_images/Pyrgo inornata_9_view5_stacked_tiff.png,Pyrgo inornata,gaussian,50.0,Pyrgo inornata,0.9168922901153564,1
107,data/eval_images/Pyrgo inornata_9_view5_stacked_tiff.png,Pyrgo inornata,saltpepper,0.0,Pyrgo inornata,0.9125060439109802,1
107,data/eval_images/Pyrgo inornata_9_view5_stacked_tiff.png,Pyrgo inornata,saltpepper,0.01,Pyrgo inornata,0.8954852223396301,1
107,data/eval_images/Pyrgo inornata_9_view5_stacked_tiff.png,Pyrgo inornata,saltpepper,0.03,Pyrgo inornata,0.8855671286582947,1
107,data/eval_images/Pyrgo inornata_9_view5_stacked_tiff.png,Pyrgo inornata,saltpepper,0.07,Pyrgo inornata,0.8465788960456848,1
107,data/eval_images/Pyrgo inornata_9_view5_stacked_tiff.png,Pyrgo inornata,stretch,1.0,Pyrgo inornata,0.9125060439109802,1
108,data/eval_images/Pyrgo inornata_9_view5_zstack_slice_z0000.png,Pyrgo inornata,gaussian,0.0,Pyrgo inornata,0.7597993612289429,1
108,data/eval_images/Pyrgo inornata_9_view5_zstack_slice_z0000.png,Pyrgo inornata,gaussian,5.0,Pyrgo inornata,0.8853585124015808,1
108,data/eval_images/Pyrgo inornata_9_view5_zstack_slice_z0000.png,Pyrgo inornata,gaussian,10.0,Pyrgo inornata,0.8866320848464966,1
108,data/eval_images/Pyrgo inornata_9_view5_zstack_slice_z0000.png,Pyrgo inornata,gaussian,25.0,Pyrgo inornata,0.9117715358734132,1
108,data/eval_images/Pyrgo inornata_9_view5_zstack_slice_z0000.png,Pyrgo inornata,gaussian,50.0,Pyrgo inornata,0.9014430046081544,1
108,data/eval_images/Pyrgo inornata_9_view5_zstack_slice_z0000.png,Pyrgo inornata,saltpepper,0.0,Pyrgo inornata,0.7597993612289429,1
108,data/eval_images/Pyrgo inornata_9_view5_zstack_slice_z0000.png,Pyrgo inornata,saltpepper,0.01,Pyrgo inornata,0.7371194362640381,1
108,data/eval_images/Pyrgo inornata_9_view5_zstack_slice_z0000.png,Pyrgo inornata,saltpepper,0.03,Pyrgo inornata,0.82108473777771,1
108,data/eval_images/Pyrgo inornata_9_view5_zstack_slice_z0000.png,Pyrgo inornata,saltpepper,0.07,Pyrgo inornata,0.790739119052887,1
108,data/eval_images/Pyrgo inornata_9_view5_zstack_slice_z0000.png,Pyrgo inornata,stretch,1.0,Pyrgo inornata,0.7597993612289429,1
109,data/eval_images/Pyrgo inornata_9_view5_zstack_slice_z0004.png,Pyrgo inornata,gaussian,0.0,Pyrgo inornata,0.75291907787323,1
109,data/eval_images/Pyrgo inornata_9_view5_zstack_slice_z0004.png,Pyrgo inornata,gaussian,5.0,Pyrgo inornata,0.8867293000221252,1
109,data/eval_images/Pyrgo inornata_9_view5_zstack_slice_z0004.png,Pyrgo inornata,gaussian,10.0,Pyrgo inornata,0.8927648663520813,1
109,data/eval_images/Pyrgo inornata_9_view5_zstack_slice_z0004.png,Pyrgo inornata,gaussian,25.0,Pyrgo inornata,0.9134108424186708,1
109,data/eval_images/Pyrgo inornata_9_view5_zstack_slice_z0004.png,Pyrgo inornata,gaussian,50.0,Pyrgo inornata,0.8754387497901917,1
109,data/eval_images/Pyrgo inornata_9_view5_zstack_slice_z0004.png,Pyrgo inornata,saltpepper,0.0,Pyrgo inornata,0.75291907787323,1
109,data/eval_images/Pyrgo inornata_9_view5_zstack_slice_z0004.png,Pyrgo inornata,saltpepper,0.01,Pyrgo inornata,0.7567672729492188,1
109,data/eval_images/Pyrgo inornata_9_view5_zstack_slice_z0004.png,Pyrgo inornata,saltpepper,0.03,Pyrgo inornata,0.7754641175270081,1
109,data/eval_images/Pyrgo inornata_9_view5_zstack_slice_z0004.png,Pyrgo inornata,saltpepper,0.07,Pyrgo inornata,0.83280348777771,1
109,data/eval_images/Pyrgo inornata_9_view5_zstack_slice_z0004.png,Pyrgo inornata,stretch,1.0,Pyrgo inornata,0.75291907787323,1
110,data/eval_images/Pyrgo inornata_9_view5_zstack_slice_z0008.png,Pyrgo inornata,gaussian,0.0,Pyrgo inornata,0.7096074819564819,1
110,data/eval_images/Pyrgo inornata_9_view5_zstack_slice_z0008.png,Pyrgo inornata,gaussian,5.0,Pyrgo inornata,0.8599942326545715,1
110,data/eval_images/Pyrgo inornata_9_view5_zstack_slice_z0008.png,Pyrgo inornata,gaussian,10.0,Pyrgo inornata,0.8821119666099548,1
110,data/eval_images/Pyrgo inornata_9_view5_zstack_slice_z0008.png,Pyrgo inornata,gaussian,25.0,Pyrgo inornata,0.9057512283325196,1
110,data/eval_images/Pyrgo inornata_9_view5_zstack_slice_z0008.png,Pyrgo inornata,gaussian,50.0,Pyrgo inornata,0.8451329469680786,1
110,data/eval_images/Pyrgo inornata_9_view5_zstack_slice_z0008.png,Pyrgo inornata,saltpepper,0.0,Pyrgo inornata,0.7096074819564819,1
110,data/eval_images/Pyrgo inornata_9_view5_zstack_slice_z0008.png,Pyrgo inornata,saltpepper,0.01,Pyrgo inornata,0.7094064354896545,1
110,data/eval_images/Pyrgo inornata_9_view5_zstack_slice_z0008.png,Pyrgo inornata,saltpepper,0.03,Pyrgo inornata,0.7789426445960999,1
110,data/eval_images/Pyrgo inornata_9_view5_zstack_slice_z0008.png,Pyrgo inornata,saltpepper,0.07,Pyrgo inornata,0.7376824021339417,1
110,data/eval_images/Pyrgo inornata_9_view5_zstack_slice_z0008.png,Pyrgo inornata,stretch,1.0,Pyrgo inornata,0.7096074819564819,1
111,data/eval_images/Pyrgo inornata_9_view5_zstack_slice_z0017.png,Pyrgo inornata,gaussian,0.0,Pyrgo inornata,0.7598453164100647,1
111,data/eval_images/Pyrgo inornata_9_view5_zstack_slice_z0017.png,Pyrgo inornata,gaussian,5.0,Pyrgo inornata,0.8502405881881714,1
111,data/eval_images/Pyrgo inornata_9_view5_zstack_slice_z0017.png,Pyrgo inornata,gaussian,10.0,Pyrgo inornata,0.8561240434646606,1
111,data/eval_images/Pyrgo inornata_9_view5_zstack_slice_z0017.png,Pyrgo inornata,gaussian,25.0,Pyrgo inornata,0.8914785385131836,1
111,data/eval_images/Pyrgo inornata_9_view5_zstack_slice_z0017.png,Pyrgo inornata,gaussian,50.0,Pyrgo inornata,0.8187854886054993,1
111,data/eval_images/Pyrgo inornata_9_view5_zstack_slice_z0017.png,Pyrgo inornata,saltpepper,0.0,Pyrgo inornata,0.7598453164100647,1
111,data/eval_images/Pyrgo inornata_9_view5_zstack_slice_z0017.png,Pyrgo inornata,saltpepper,0.01,Pyrgo inornata,0.7515647411346436,1
111,data/eval_images/Pyrgo inornata_9_view5_zstack_slice_z0017.png,Pyrgo inornata,saltpepper,0.03,Pyrgo inornata,0.7145758867263794,1
111,data/eval_images/Pyrgo inornata_9_view5_zstack_slice_z0017.png,Pyrgo inornata,saltpepper,0.07,Pyrgo inornata,0.7078258395195007,1
111,data/eval_images/Pyrgo inornata_9_view5_zstack_slice_z0017.png,Pyrgo inornata,stretch,1.0,Pyrgo inornata,0.7598453164100647,1
112,data/eval_images/Pyrgo inornata_9_view5_zstack_slice_z0040.png,Pyrgo inornata,gaussian,0.0,Pyrgo inornata,0.9122588634490968,1
112,data/eval_images/Pyrgo inornata_9_view5_zstack_slice_z0040.png,Pyrgo inornata,gaussian,5.0,Pyrgo inornata,0.9410082697868348,1
112,data/eval_images/Pyrgo inornata_9_view5_zstack_slice_z0040.png,Pyrgo inornata,gaussian,10.0,Pyrgo inornata,0.8978968858718872,1
112,data/eval_images/Pyrgo inornata_9_view5_zstack_slice_z0040.png,Pyrgo inornata,gaussian,25.0,Pyrgo inornata,0.9011896848678588,1
112,data/eval_images/Pyrgo inornata_9_view5_zstack_slice_z0040.png,Pyrgo inornata,gaussian,50.0,Pyrgo inornata,0.8410174250602722,1
112,data/eval_images/Pyrgo inornata_9_view5_zstack_slice_z0040.png,Pyrgo inornata,saltpepper,0.0,Pyrgo inornata,0.9122588634490968,1
112,data/eval_images/Pyrgo inornata_9_view5_zstack_slice_z0040.png,Pyrgo inornata,saltpepper,0.01,Pyrgo inornata,0.8609914779663086,1
112,data/eval_images/Pyrgo inornata_9_view5_zstack_slice_z0040.png,Pyrgo inornata,saltpepper,0.03,Pyrgo inornata,0.8524349927902222,1
112,data/eval_images/Pyrgo inornata_9_view5_zstack_slice_z0040.png,Pyrgo inornata,saltpepper,0.07,Pyrgo inornata,0.8488904237747192,1
112,data/eval_images/Pyrgo inornata_9_view5_zstack_slice_z0040.png,Pyrgo inornata,stretch,1.0,Pyrgo inornata,0.9122588634490968,1
113,data/eval_images/Quinqueloculina bosciana_3_view1_gif_original.png,Quinqueloculina bosciana,gaussian,0.0,Quinqueloculina bosciana,0.9026537537574768,1
113,data/eval_images/Quinqueloculina bosciana_3_view1_gif_original.png,Quinqueloculina bosciana,gaussian,5.0,Quinqueloculina bosciana,0.900846004486084,1
113,data/eval_images/Quinqueloculina bosciana_3_view1_gif_original.png,Quinqueloculina bosciana,gaussian,10.0,Quinqueloculina bosciana,0.9094785451889038,1
113,data/eval_images/Quinqueloculina bosciana_3_view1_gif_original.png,Quinqueloculina bosciana,gaussian,25.0,Quinqueloculina bosciana,0.9246946573257446,1
113,data/eval_images/Quinqueloculina bosciana_3_view1_gif_original.png,Quinqueloculina bosciana,gaussian,50.0,Quinqueloculina bosciana,0.9249964952468872,1
113,data/eval_images/Quinqueloculina bosciana_3_view1_gif_original.png,Quinqueloculina bosciana,saltpepper,0.0,Quinqueloculina bosciana,0.9026537537574768,1
113,data/eval_images/Quinqueloculina bosciana_3_view1_gif_original.png,Quinqueloculina bosciana,saltpepper,0.01,Quinqueloculina bosciana,0.8874175548553467,1
113,data/eval_images/Quinqueloculina bosciana_3_view1_gif_original.png,Quinqueloculina bosciana,saltpepper,0.03,Quinqueloculina bosciana,0.9005818963050842,1
113,data/eval_images/Quinqueloculina bosciana_3_view1_gif_original.png,Quinqueloculina bosciana,saltpepper,0.07,Quinqueloculina bosciana,0.9105900526046752,1
113,data/eval_images/Quinqueloculina bosciana_3_view1_gif_original.png,Quinqueloculina bosciana,stretch,1.0,Quinqueloculina bosciana,0.9026537537574768,1
114,data/eval_images/Quinqueloculina bosciana_3_view1_stacked_tiff.png,Quinqueloculina bosciana,gaussian,0.0,Quinqueloculina bosciana,0.9012827277183532,1
114,data/eval_images/Quinqueloculina bosciana_3_view1_stacked_tiff.png,Quinqueloculina bosciana,gaussian,5.0,Quinqueloculina bosciana,0.9000213146209717,1
114,data/eval_images/Quinqueloculina bosciana_3_view1_stacked_tiff.png,Quinqueloculina bosciana,gaussian,10.0,Quinqueloculina bosciana,0.9098013639450072,1
114,data/eval_images/Quinqueloculina bosciana_3_view1_stacked_tiff.png,Quinqueloculina bosciana,gaussian,25.0,Quinqueloculina bosciana,0.9198635220527648,1
114,data/eval_images/Quinqueloculina bosciana_3_view1_stacked_tiff.png,Quinqueloculina bosciana,gaussian,50.0,Quinqueloculina bosciana,0.9286636710166932,1
114,data/eval_images/Quinqueloculina bosciana_3_view1_stacked_tiff.png,Quinqueloculina bosciana,saltpepper,0.0,Quinqueloculina bosciana,0.9012827277183532,1
114,data/eval_images/Quinqueloculina bosciana_3_view1_stacked_tiff.png,Quinqueloculina bosciana,saltpepper,0.01,Quinqueloculina bosciana,0.8796737790107727,1
114,data/eval_images/Quinqueloculina bosciana_3_view1_stacked_tiff.png,Quinqueloculina bosciana,saltpepper,0.03,Quinqueloculina bosciana,0.8959901332855225,1
114,data/eval_images/Quinqueloculina bosciana_3_view1_stacked_tiff.png,Quinqueloculina bosciana,saltpepper,0.07,Quinqueloculina bosciana,0.9128767848014832,1
114,data/eval_images/Quinqueloculina bosciana_3_view1_stacked_tiff.png,Quinqueloculina bosciana,stretch,1.0,Quinqueloculina bosciana,0.9012827277183532,1
115,data/eval_images/Quinqueloculina bosciana_3_view1_zstack_slice_z0012.png,Quinqueloculina bosciana,gaussian,0.0,Quinqueloculina bosciana,0.8830430507659912,1
115,data/eval_images/Quinqueloculina bosciana_3_view1_zstack_slice_z0012.png,Quinqueloculina bosciana,gaussian,5.0,Quinqueloculina bosciana,0.8960766196250916,1
115,data/eval_images/Quinqueloculina bosciana_3_view1_zstack_slice_z0012.png,Quinqueloculina bosciana,gaussian,10.0,Quinqueloculina bosciana,0.9075284600257874,1
115,data/eval_images/Quinqueloculina bosciana_3_view1_zstack_slice_z0012.png,Quinqueloculina bosciana,gaussian,25.0,Quinqueloculina bosciana,0.9218888878822328,1
115,data/eval_images/Quinqueloculina bosciana_3_view1_zstack_slice_z0012.png,Quinqueloculina bosciana,gaussian,50.0,Quinqueloculina bosciana,0.9293262362480164,1
115,data/eval_images/Quinqueloculina bosciana_3_view1_zstack_slice_z0012.png,Quinqueloculina bosciana,saltpepper,0.0,Quinqueloculina bosciana,0.8830430507659912,1
115,data/eval_images/Quinqueloculina bosciana_3_view1_zstack_slice_z0012.png,Quinqueloculina bosciana,saltpepper,0.01,Quinqueloculina bosciana,0.8697456121444702,1
115,data/eval_images/Quinqueloculina bosciana_3_view1_zstack_slice_z0012.png,Quinqueloculina bosciana,saltpepper,0.03,Quinqueloculina bosciana,0.8958987593650818,1
115,data/eval_images/Quinqueloculina bosciana_3_view1_zstack_slice_z0012.png,Quinqueloculina bosciana,saltpepper,0.07,Quinqueloculina bosciana,0.9041984677314758,1
115,data/eval_images/Quinqueloculina bosciana_3_view1_zstack_slice_z0012.png,Quinqueloculina bosciana,stretch,1.0,Quinqueloculina bosciana,0.8830430507659912,1
116,data/eval_images/Quinqueloculina bosciana_3_view1_zstack_slice_z0013.png,Quinqueloculina bosciana,gaussian,0.0,Quinqueloculina bosciana,0.883231520652771,1
116,data/eval_images/Quinqueloculina bosciana_3_view1_zstack_slice_z0013.png,Quinqueloculina bosciana,gaussian,5.0,Quinqueloculina bosciana,0.8956361413002014,1
116,data/eval_images/Quinqueloculina bosciana_3_view1_zstack_slice_z0013.png,Quinqueloculina bosciana,gaussian,10.0,Quinqueloculina bosciana,0.9076906442642212,1
116,data/eval_images/Quinqueloculina bosciana_3_view1_zstack_slice_z0013.png,Quinqueloculina bosciana,gaussian,25.0,Quinqueloculina bosciana,0.919119119644165,1
116,data/eval_images/Quinqueloculina bosciana_3_view1_zstack_slice_z0013.png,Quinqueloculina bosciana,gaussian,50.0,Quinqueloculina bosciana,0.9269807934761048,1
116,data/eval_images/Quinqueloculina bosciana_3_view1_zstack_slice_z0013.png,Quinqueloculina bosciana,saltpepper,0.0,Quinqueloculina bosciana,0.883231520652771,1
116,data/eval_images/Quinqueloculina bosciana_3_view1_zstack_slice_z0013.png,Quinqueloculina bosciana,saltpepper,0.01,Quinqueloculina bosciana,0.8662246465682983,1
116,data/eval_images/Quinqueloculina bosciana_3_view1_zstack_slice_z0013.png,Quinqueloculina bosciana,saltpepper,0.03,Quinqueloculina bosciana,0.8988344669342041,1
116,data/eval_images/Quinqueloculina bosciana_3_view1_zstack_slice_z0013.png,Quinqueloculina bosciana,saltpepper,0.07,Quinqueloculina bosciana,0.9122526049613952,1
116,data/eval_images/Quinqueloculina bosciana_3_view1_zstack_slice_z0013.png,Quinqueloculina bosciana,stretch,1.0,Quinqueloculina bosciana,0.883231520652771,1
117,data/eval_images/Quinqueloculina bosciana_3_view1_zstack_slice_z0014.png,Quinqueloculina bosciana,gaussian,0.0,Quinqueloculina bosciana,0.8801455497741699,1
117,data/eval_images/Quinqueloculina bosciana_3_view1_zstack_slice_z0014.png,Quinqueloculina bosciana,gaussian,5.0,Quinqueloculina bosciana,0.895122766494751,1
117,data/eval_images/Quinqueloculina bosciana_3_view1_zstack_slice_z0014.png,Quinqueloculina bosciana,gaussian,10.0,Quinqueloculina bosciana,0.9091030955314636,1
117,data/eval_images/Quinqueloculina bosciana_3_view1_zstack_slice_z0014.png,Quinqueloculina bosciana,gaussian,25.0,Quinqueloculina bosciana,0.9238539934158324,1
117,data/eval_images/Quinqueloculina bosciana_3_view1_zstack_slice_z0014.png,Quinqueloculina bosciana,gaussian,50.0,Quinqueloculina bosciana,0.9316076636314392,1
117,data/eval_images/Quinqueloculina bosciana_3_view1_zstack_slice_z0014.png,Quinqueloculina bosciana,saltpepper,0.0,Quinqueloculina bosciana,0.8801455497741699,1
117,data/eval_images/Quinqueloculina bosciana_3_view1_zstack_slice_z0014.png,Quinqueloculina bosciana,saltpepper,0.01,Quinqueloculina bosciana,0.8720270395278931,1
117,data/eval_images/Quinqueloculina bosciana_3_view1_zstack_slice_z0014.png,Quinqueloculina bosciana,saltpepper,0.03,Quinqueloculina bosciana,0.8915445804595947,1
117,data/eval_images/Quinqueloculina bosciana_3_view1_zstack_slice_z0014.png,Quinqueloculina bosciana,saltpepper,0.07,Quinqueloculina bosciana,0.908589482307434,1
117,data/eval_images/Quinqueloculina bosciana_3_view1_zstack_slice_z0014.png,Quinqueloculina bosciana,stretch,1.0,Quinqueloculina bosciana,0.8801455497741699,1
118,data/eval_images/Quinqueloculina bosciana_3_view1_zstack_slice_z0021.png,Quinqueloculina bosciana,gaussian,0.0,Quinqueloculina bosciana,0.8745548129081726,1
118,data/eval_images/Quinqueloculina bosciana_3_view1_zstack_slice_z0021.png,Quinqueloculina bosciana,gaussian,5.0,Quinqueloculina bosciana,0.8835939764976501,1
118,data/eval_images/Quinqueloculina bosciana_3_view1_zstack_slice_z0021.png,Quinqueloculina bosciana,gaussian,10.0,Quinqueloculina bosciana,0.901932418346405,1
118,data/eval_images/Quinqueloculina bosciana_3_view1_zstack_slice_z0021.png,Quinqueloculina bosciana,gaussian,25.0,Quinqueloculina bosciana,0.9155694842338562,1
118,data/eval_images/Quinqueloculina bosciana_3_view1_zstack_slice_z0021.png,Quinqueloculina bosciana,gaussian,50.0,Quinqueloculina bosciana,0.926271378993988,1
118,data/eval_images/Quinqueloculina bosciana_3_view1_zstack_slice_z0021.png,Quinqueloculina bosciana,saltpepper,0.0,Quinqueloculina bosciana,0.8745548129081726,1
118,data/eval_images/Quinqueloculina bosciana_3_view1_zstack_slice_z0021.png,Quinqueloculina bosciana,saltpepper,0.01,Quinqueloculina bosciana,0.863048791885376,1
118,data/eval_images/Quinqueloculina bosciana_3_view1_zstack_slice_z0021.png,Quinqueloculina bosciana,saltpepper,0.03,Quinqueloculina bosciana,0.8892462253570557,1
118,data/eval_images/Quinqueloculina bosciana_3_view1_zstack_slice_z0021.png,Quinqueloculina bosciana,saltpepper,0.07,Quinqueloculina bosciana,0.9098439812660216,1
118,data/eval_images/Quinqueloculina bosciana_3_view1_zstack_slice_z0021.png,Quinqueloculina bosciana,stretch,1.0,Quinqueloculina bosciana,0.8745548129081726,1
119,data/eval_images/Quinqueloculina bosciana_3_view1_zstack_slice_z0027.png,Quinqueloculina bosciana,gaussian,0.0,Quinqueloculina bosciana,0.8615627884864807,1
119,data/eval_images/Quinqueloculina bosciana_3_view1_zstack_slice_z0027.png,Quinqueloculina bosciana,gaussian,5.0,Quinqueloculina bosciana,0.8788309097290039,1
119,data/eval_images/Quinqueloculina bosciana_3_view1_zstack_slice_z0027.png,Quinqueloculina bosciana,gaussian,10.0,Quinqueloculina bosciana,0.897909939289093,1
119,data/eval_images/Quinqueloculina bosciana_3_view1_zstack_slice_z0027.png,Quinqueloculina bosciana,gaussian,25.0,Quinqueloculina bosciana,0.9186311364173888,1
119,data/eval_images/Quinqueloculina bosciana_3_view1_zstack_slice_z0027.png,Quinqueloculina bosciana,gaussian,50.0,Quinqueloculina bosciana,0.9289399981498718,1
119,data/eval_images/Quinqueloculina bosciana_3_view1_zstack_slice_z0027.png,Quinqueloculina bosciana,saltpepper,0.0,Quinqueloculina bosciana,0.8615627884864807,1
119,data/eval_images/Quinqueloculina bosciana_3_view1_zstack_slice_z0027.png,Quinqueloculina bosciana,saltpepper,0.01,Quinqueloculina bosciana,0.8349891901016235,1
119,data/eval_images/Quinqueloculina bosciana_3_view1_zstack_slice_z0027.png,Quinqueloculina bosciana,saltpepper,0.03,Quinqueloculina bosciana,0.8980868458747864,1
119,data/eval_images/Quinqueloculina bosciana_3_view1_zstack_slice_z0027.png,Quinqueloculina bosciana,saltpepper,0.07,Quinqueloculina bosciana,0.9110031127929688,1
119,data/eval_images/Quinqueloculina bosciana_3_view1_zstack_slice_z0027.png,Quinqueloculina bosciana,stretch,1.0,Quinqueloculina bosciana,0.8615627884864807,1
120,data/eval_images/Quinqueloculina crassicarinata_4_view5_gif_original.png,Quinqueloculina crassicarinata,gaussian,0.0,Spiroloculina communis,0.3525435328483581,0
120,data/eval_images/Quinqueloculina crassicarinata_4_view5_gif_original.png,Quinqueloculina crassicarinata,gaussian,5.0,Spiroloculina communis,0.7264564037322998,0
120,data/eval_images/Quinqueloculina crassicarinata_4_view5_gif_original.png,Quinqueloculina crassicarinata,gaussian,10.0,Spiroloculina communis,0.79637211561203,0
120,data/eval_images/Quinqueloculina crassicarinata_4_view5_gif_original.png,Quinqueloculina crassicarinata,gaussian,25.0,Spiroloculina communis,0.7225081920623779,0
120,data/eval_images/Quinqueloculina crassicarinata_4_view5_gif_original.png,Quinqueloculina crassicarinata,gaussian,50.0,Spiroloculina communis,0.6718406677246094,0
120,data/eval_images/Quinqueloculina crassicarinata_4_view5_gif_original.png,Quinqueloculina crassicarinata,saltpepper,0.0,Spiroloculina communis,0.3525435328483581,0
120,data/eval_images/Quinqueloculina crassicarinata_4_view5_gif_original.png,Quinqueloculina crassicarinata,saltpepper,0.01,Spiroloculina communis,0.8686909675598145,0
120,data/eval_images/Quinqueloculina crassicarinata_4_view5_gif_original.png,Quinqueloculina crassicarinata,saltpepper,0.03,Spiroloculina communis,0.90672105550766,0
120,data/eval_images/Quinqueloculina crassicarinata_4_view5_gif_original.png,Quinqueloculina crassicarinata,saltpepper,0.07,Spiroloculina communis,0.8853306770324707,0
120,data/eval_images/Quinqueloculina crassicarinata_4_view5_gif_original.png,Quinqueloculina crassicarinata,stretch,1.0,Spiroloculina communis,0.3525435328483581,0
121,data/eval_images/Quinqueloculina crassicarinata_4_view5_stacked_tiff.png,Quinqueloculina crassicarinata,gaussian,0.0,Quinqueloculina crassicarinata,0.3536551296710968,1
121,data/eval_images/Quinqueloculina crassicarinata_4_view5_stacked_tiff.png,Quinqueloculina crassicarinata,gaussian,5.0,Spiroloculina communis,0.7659757137298584,0
121,data/eval_images/Quinqueloculina crassicarinata_4_view5_stacked_tiff.png,Quinqueloculina crassicarinata,gaussian,10.0,Spiroloculina communis,0.8106603622436523,0
121,data/eval_images/Quinqueloculina crassicarinata_4_view5_stacked_tiff.png,Quinqueloculina crassicarinata,gaussian,25.0,Spiroloculina communis,0.779514491558075,0
121,data/eval_images/Quinqueloculina crassicarinata_4_view5_stacked_tiff.png,Quinqueloculina crassicarinata,gaussian,50.0,Spiroloculina communis,0.5572215914726257,0
121,data/eval_images/Quinqueloculina crassicarinata_4_view5_stacked_tiff.png,Quinqueloculina crassicarinata,saltpepper,0.0,Quinqueloculina crassicarinata,0.3536551296710968,1
121,data/eval_images/Quinqueloculina crassicarinata_4_view5_stacked_tiff.png,Quinqueloculina crassicarinata,saltpepper,0.01,Spiroloculina communis,0.8729740977287292,0
121,data/eval_images/Quinqueloculina crassicarinata_4_view5_stacked_tiff.png,Quinqueloculina crassicarinata,saltpepper,0.03,Spiroloculina communis,0.9045324921607972,0
121,data/eval_images/Quinqueloculina crassicarinata_4_view5_stacked_tiff.png,Quinqueloculina crassicarinata,saltpepper,0.07,Spiroloculina communis,0.9087947607040404,0
121,data/eval_images/Quinqueloculina crassicarinata_4_view5_stacked_tiff.png,Quinqueloculina crassicarinata,stretch,1.0,Quinqueloculina crassicarinata,0.3536551296710968,1
122,data/eval_images/Quinqueloculina crassicarinata_4_view5_zstack_slice_z0015.png,Quinqueloculina crassicarinata,gaussian,0.0,Spiroloculina communis,0.6126193404197693,0
122,data/eval_images/Quinqueloculina crassicarinata_4_view5_zstack_slice_z0015.png,Quinqueloculina crassicarinata,gaussian,5.0,Spiroloculina communis,0.6722846031188965,0
122,data/eval_images/Quinqueloculina crassicarinata_4_view5_zstack_slice_z0015.png,Quinqueloculina crassicarinata,gaussian,10.0,Spiroloculina communis,0.5828549265861511,0
122,data/eval_images/Quinqueloculina crassicarinata_4_view5_zstack_slice_z0015.png,Quinqueloculina crassicarinata,gaussian,25.0,Triloculina trigonula,0.7963255643844604,0
122,data/eval_images/Quinqueloculina crassicarinata_4_view5_zstack_slice_z0015.png,Quinqueloculina crassicarinata,gaussian,50.0,Triloculina trigonula,0.5379464030265808,0
122,data/eval_images/Quinqueloculina crassicarinata_4_view5_zstack_slice_z0015.png,Quinqueloculina crassicarinata,saltpepper,0.0,Spiroloculina communis,0.6126193404197693,0
122,data/eval_images/Quinqueloculina crassicarinata_4_view5_zstack_slice_z0015.png,Quinqueloculina crassicarinata,saltpepper,0.01,Spiroloculina communis,0.818985641002655,0
122,data/eval_images/Quinqueloculina crassicarinata_4_view5_zstack_slice_z0015.png,Quinqueloculina crassicarinata,saltpepper,0.03,Spiroloculina communis,0.8155234456062317,0
122,data/eval_images/Quinqueloculina crassicarinata_4_view5_zstack_slice_z0015.png,Quinqueloculina crassicarinata,saltpepper,0.07,Spiroloculina communis,0.6899580955505371,0
122,data/eval_images/Quinqueloculina crassicarinata_4_view5_zstack_slice_z0015.png,Quinqueloculina crassicarinata,stretch,1.0,Spiroloculina communis,0.6126193404197693,0
123,data/eval_images/Quinqueloculina crassicarinata_4_view5_zstack_slice_z0025.png,Quinqueloculina crassicarinata,gaussian,0.0,Spiroloculina communis,0.5175944566726685,0
123,data/eval_images/Quinqueloculina crassicarinata_4_view5_zstack_slice_z0025.png,Quinqueloculina crassicarinata,gaussian,5.0,Spiroloculina communis,0.4629724025726318,0
123,data/eval_images/Quinqueloculina crassicarinata_4_view5_zstack_slice_z0025.png,Quinqueloculina crassicarinata,gaussian,10.0,Triloculina trigonula,0.5003871321678162,0
123,data/eval_images/Quinqueloculina crassicarinata_4_view5_zstack_slice_z0025.png,Quinqueloculina crassicarinata,gaussian,25.0,Triloculina trigonula,0.7959480285644531,0
123,data/eval_images/Quinqueloculina crassicarinata_4_view5_zstack_slice_z0025.png,Quinqueloculina crassicarinata,gaussian,50.0,Quinqueloculina crassicarinata,0.6858587265014648,1
123,data/eval_images/Quinqueloculina crassicarinata_4_view5_zstack_slice_z0025.png,Quinqueloculina crassicarinata,saltpepper,0.0,Spiroloculina communis,0.5175944566726685,0
123,data/eval_images/Quinqueloculina crassicarinata_4_view5_zstack_slice_z0025.png,Quinqueloculina crassicarinata,saltpepper,0.01,Quinqueloculina pulchella,0.4321344494819641,0
123,data/eval_images/Quinqueloculina crassicarinata_4_view5_zstack_slice_z0025.png,Quinqueloculina crassicarinata,saltpepper,0.03,Spiroloculina communis,0.8438836932182312,0
123,data/eval_images/Quinqueloculina crassicarinata_4_view5_zstack_slice_z0025.png,Quinqueloculina crassicarinata,saltpepper,0.07,Quinqueloculina crassicarinata,0.5249977111816406,1
123,data/eval_images/Quinqueloculina crassicarinata_4_view5_zstack_slice_z0025.png,Quinqueloculina crassicarinata,stretch,1.0,Spiroloculina communis,0.5175944566726685,0
124,data/eval_images/Quinqueloculina crassicarinata_4_view5_zstack_slice_z0027.png,Quinqueloculina crassicarinata,gaussian,0.0,Spiroloculina communis,0.3797157108783722,0
124,data/eval_images/Quinqueloculina crassicarinata_4_view5_zstack_slice_z0027.png,Quinqueloculina crassicarinata,gaussian,5.0,Triloculina trigonula,0.5627389550209045,0
124,data/eval_images/Quinqueloculina crassicarinata_4_view5_zstack_slice_z0027.png,Quinqueloculina crassicarinata,gaussian,10.0,Triloculina trigonula,0.6339783072471619,0
124,data/eval_images/Quinqueloculina crassicarinata_4_view5_zstack_slice_z0027.png,Quinqueloculina crassicarinata,gaussian,25.0,Triloculina trigonula,0.70301753282547,0
124,data/eval_images/Quinqueloculina crassicarinata_4_view5_zstack_slice_z0027.png,Quinqueloculina crassicarinata,gaussian,50.0,Quinqueloculina crassicarinata,0.7479532361030579,1
124,data/eval_images/Quinqueloculina crassicarinata_4_view5_zstack_slice_z0027.png,Quinqueloculina crassicarinata,saltpepper,0.0,Spiroloculina communis,0.3797157108783722,0
124,data/eval_images/Quinqueloculina crassicarinata_4_view5_zstack_slice_z0027.png,Quinqueloculina crassicarinata,saltpepper,0.01,Quinqueloculina pulchella,0.4163583517074585,0
124,data/eval_images/Quinqueloculina crassicarinata_4_view5_zstack_slice_z0027.png,Quinqueloculina crassicarinata,saltpepper,0.03,Spiroloculina communis,0.4275729656219482,0
124,data/eval_images/Quinqueloculina crassicarinata_4_view5_zstack_slice_z0027.png,Quinqueloculina crassicarinata,saltpepper,0.07,Quinqueloculina crassicarinata,0.5222508907318115,1
124,data/eval_images/Quinqueloculina crassicarinata_4_view5_zstack_slice_z0027.png,Quinqueloculina crassicarinata,stretch,1.0,Spiroloculina communis,0.3797157108783722,0
125,data/eval_images/Quinqueloculina crassicarinata_4_view5_zstack_slice_z0039.png,Quinqueloculina crassicarinata,gaussian,0.0,Quinqueloculina crassicarinata,0.5859537720680237,1
125,data/eval_images/Quinqueloculina crassicarinata_4_view5_zstack_slice_z0039.png,Quinqueloculina crassicarinata,gaussian,5.0,Triloculina plicata,0.5232713222503662,0
125,data/eval_images/Quinqueloculina crassicarinata_4_view5_zstack_slice_z0039.png,Quinqueloculina crassicarinata,gaussian,10.0,Triloculina trigonula,0.5624032616615295,0
125,data/eval_images/Quinqueloculina crassicarinata_4_view5_zstack_slice_z0039.png,Quinqueloculina crassicarinata,gaussian,25.0,Triloculina trigonula,0.5824095010757446,0
125,data/eval_images/Quinqueloculina crassicarinata_4_view5_zstack_slice_z0039.png,Quinqueloculina crassicarinata,gaussian,50.0,Quinqueloculina crassicarinata,0.8789995908737183,1
125,data/eval_images/Quinqueloculina crassicarinata_4_view5_zstack_slice_z0039.png,Quinqueloculina crassicarinata,saltpepper,0.0,Quinqueloculina crassicarinata,0.5859537720680237,1
125,data/eval_images/Quinqueloculina crassicarinata_4_view5_zstack_slice_z0039.png,Quinqueloculina crassicarinata,saltpepper,0.01,Quinqueloculina crassicarinata,0.8028983473777771,1
125,data/eval_images/Quinqueloculina crassicarinata_4_view5_zstack_slice_z0039.png,Quinqueloculina crassicarinata,saltpepper,0.03,Quinqueloculina crassicarinata,0.8963145613670349,1
125,data/eval_images/Quinqueloculina crassicarinata_4_view5_zstack_slice_z0039.png,Quinqueloculina crassicarinata,saltpepper,0.07,Quinqueloculina crassicarinata,0.89720618724823,1
125,data/eval_images/Quinqueloculina crassicarinata_4_view5_zstack_slice_z0039.png,Quinqueloculina crassicarinata,stretch,1.0,Quinqueloculina crassicarinata,0.5859537720680237,1
126,data/eval_images/Quinqueloculina crassicarinata_4_view5_zstack_slice_z0041.png,Quinqueloculina crassicarinata,gaussian,0.0,Quinqueloculina crassicarinata,0.6022977232933044,1
126,data/eval_images/Quinqueloculina crassicarinata_4_view5_zstack_slice_z0041.png,Quinqueloculina crassicarinata,gaussian,5.0,Triloculina plicata,0.5364465117454529,0
126,data/eval_images/Quinqueloculina crassicarinata_4_view5_zstack_slice_z0041.png,Quinqueloculina crassicarinata,gaussian,10.0,Triloculina trigonula,0.584797739982605,0
126,data/eval_images/Quinqueloculina crassicarinata_4_view5_zstack_slice_z0041.png,Quinqueloculina crassicarinata,gaussian,25.0,Triloculina trigonula,0.6352745294570923,0
126,data/eval_images/Quinqueloculina crassicarinata_4_view5_zstack_slice_z0041.png,Quinqueloculina crassicarinata,gaussian,50.0,Quinqueloculina crassicarinata,0.888547956943512,1
126,data/eval_images/Quinqueloculina crassicarinata_4_view5_zstack_slice_z0041.png,Quinqueloculina crassicarinata,saltpepper,0.0,Quinqueloculina crassicarinata,0.6022977232933044,1
126,data/eval_images/Quinqueloculina crassicarinata_4_view5_zstack_slice_z0041.png,Quinqueloculina crassicarinata,saltpepper,0.01,Quinqueloculina crassicarinata,0.892295777797699,1
126,data/eval_images/Quinqueloculina crassicarinata_4_view5_zstack_slice_z0041.png,Quinqueloculina crassicarinata,saltpepper,0.03,Quinqueloculina crassicarinata,0.8078887462615967,1
126,data/eval_images/Quinqueloculina crassicarinata_4_view5_zstack_slice_z0041.png,Quinqueloculina crassicarinata,saltpepper,0.07,Quinqueloculina crassicarinata,0.8924039006233215,1
126,data/eval_images/Quinqueloculina crassicarinata_4_view5_zstack_slice_z0041.png,Quinqueloculina crassicarinata,stretch,1.0,Quinqueloculina crassicarinata,0.6022977232933044,1
127,data/eval_images/Quinqueloculina pulchella_5_view2_gif_original.png,Quinqueloculina pulchella,gaussian,0.0,Quinqueloculina pulchella,0.7086160182952881,1
127,data/eval_images/Quinqueloculina pulchella_5_view2_gif_original.png,Quinqueloculina pulchella,gaussian,5.0,Quinqueloculina pulchella,0.3360736072063446,1
127,data/eval_images/Quinqueloculina pulchella_5_view2_gif_original.png,Quinqueloculina pulchella,gaussian,10.0,Spiroloculina communis,0.4139307141304016,0
127,data/eval_images/Quinqueloculina pulchella_5_view2_gif_original.png,Quinqueloculina pulchella,gaussian,25.0,Quinqueloculina pulchella,0.3420605063438415,1
127,data/eval_images/Quinqueloculina pulchella_5_view2_gif_original.png,Quinqueloculina pulchella,gaussian,50.0,Quinqueloculina pulchella,0.6143166422843933,1
127,data/eval_images/Quinqueloculina pulchella_5_view2_gif_original.png,Quinqueloculina pulchella,saltpepper,0.0,Quinqueloculina pulchella,0.7086160182952881,1
127,data/eval_images/Quinqueloculina pulchella_5_view2_gif_original.png,Quinqueloculina pulchella,saltpepper,0.01,Quinqueloculina pulchella,0.7312094569206238,1
127,data/eval_images/Quinqueloculina pulchella_5_view2_gif_original.png,Quinqueloculina pulchella,saltpepper,0.03,Spiroloculina communis,0.5535807013511658,0
127,data/eval_images/Quinqueloculina pulchella_5_view2_gif_original.png,Quinqueloculina pulchella,saltpepper,0.07,Pyrgo depressa,0.458263099193573,0
127,data/eval_images/Quinqueloculina pulchella_5_view2_gif_original.png,Quinqueloculina pulchella,stretch,1.0,Quinqueloculina pulchella,0.7086160182952881,1
128,data/eval_images/Quinqueloculina pulchella_5_view2_stacked_tiff.png,Quinqueloculina pulchella,gaussian,0.0,Quinqueloculina pulchella,0.9444090723991394,1
128,data/eval_images/Quinqueloculina pulchella_5_view2_stacked_tiff.png,Quinqueloculina pulchella,gaussian,5.0,Amphistegina radiata,0.9254035949707032,0
128,data/eval_images/Quinqueloculina pulchella_5_view2_stacked_tiff.png,Quinqueloculina pulchella,gaussian,10.0,Amphistegina radiata,0.9582826495170592,0
128,data/eval_images/Quinqueloculina pulchella_5_view2_stacked_tiff.png,Quinqueloculina pulchella,gaussian,25.0,Siphonaperta arenata,0.2473404258489608,0
128,data/eval_images/Quinqueloculina pulchella_5_view2_stacked_tiff.png,Quinqueloculina pulchella,gaussian,50.0,Quinqueloculina pulchella,0.3864017724990845,1
128,data/eval_images/Quinqueloculina pulchella_5_view2_stacked_tiff.png,Quinqueloculina pulchella,saltpepper,0.0,Quinqueloculina pulchella,0.9444090723991394,1
128,data/eval_images/Quinqueloculina pulchella_5_view2_stacked_tiff.png,Quinqueloculina pulchella,saltpepper,0.01,Quinqueloculina pulchella,0.9602859020233154,1
128,data/eval_images/Quinqueloculina pulchella_5_view2_stacked_tiff.png,Quinqueloculina pulchella,saltpepper,0.03,Quinqueloculina pulchella,0.7648311257362366,1
128,data/eval_images/Quinqueloculina pulchella_5_view2_stacked_tiff.png,Quinqueloculina pulchella,saltpepper,0.07,Quinqueloculina pulchella,0.8381089568138123,1
128,data/eval_images/Quinqueloculina pulchella_5_view2_stacked_tiff.png,Quinqueloculina pulchella,stretch,1.0,Quinqueloculina pulchella,0.9444090723991394,1
129,data/eval_images/Quinqueloculina pulchella_5_view2_zstack_slice_z0003.png,Quinqueloculina pulchella,gaussian,0.0,Quinqueloculina pulchella,0.9677680730819702,1
129,data/eval_images/Quinqueloculina pulchella_5_view2_zstack_slice_z0003.png,Quinqueloculina pulchella,gaussian,5.0,Quinqueloculina pulchella,0.9472865462303162,1
129,data/eval_images/Quinqueloculina pulchella_5_view2_zstack_slice_z0003.png,Quinqueloculina pulchella,gaussian,10.0,Quinqueloculina pulchella,0.9023125767707824,1
129,data/eval_images/Quinqueloculina pulchella_5_view2_zstack_slice_z0003.png,Quinqueloculina pulchella,gaussian,25.0,Quinqueloculina pulchella,0.4587665498256683,1
129,data/eval_images/Quinqueloculina pulchella_5_view2_zstack_slice_z0003.png,Quinqueloculina pulchella,gaussian,50.0,Siphonaperta arenata,0.4066947400569916,0
129,data/eval_images/Quinqueloculina pulchella_5_view2_zstack_slice_z0003.png,Quinqueloculina pulchella,saltpepper,0.0,Quinqueloculina pulchella,0.9677680730819702,1
129,data/eval_images/Quinqueloculina pulchella_5_view2_zstack_slice_z0003.png,Quinqueloculina pulchella,saltpepper,0.01,Quinqueloculina pulchella,0.9751052260398864,1
129,data/eval_images/Quinqueloculina pulchella_5_view2_zstack_slice_z0003.png,Quinqueloculina pulchella,saltpepper,0.03,Quinqueloculina pulchella,0.9595890045166016,1
129,data/eval_images/Quinqueloculina pulchella_5_view2_zstack_slice_z0003.png,Quinqueloculina pulchella,saltpepper,0.07,Quinqueloculina pulchella,0.5318163633346558,1
129,data/eval_images/Quinqueloculina pulchella_5_view2_zstack_slice_z0003.png,Quinqueloculina pulchella,stretch,1.0,Quinqueloculina pulchella,0.9677680730819702,1
130,data/eval_images/Quinqueloculina pulchella_5_view2_zstack_slice_z0010.png,Quinqueloculina pulchella,gaussian,0.0,Quinqueloculina pulchella,0.9680278301239014,1
130,data/eval_images/Quinqueloculina pulchella_5_view2_zstack_slice_z0010.png,Quinqueloculina pulchella,gaussian,5.0,Quinqueloculina pulchella,0.9757421016693116,1
130,data/eval_images/Quinqueloculina pulchella_5_view2_zstack_slice_z0010.png,Quinqueloculina pulchella,gaussian,10.0,Quinqueloculina pulchella,0.9592966437339784,1
130,data/eval_images/Quinqueloculina pulchella_5_view2_zstack_slice_z0010.png,Quinqueloculina pulchella,gaussian,25.0,Quinqueloculina pulchella,0.781086266040802,1
130,data/eval_images/Quinqueloculina pulchella_5_view2_zstack_slice_z0010.png,Quinqueloculina pulchella,gaussian,50.0,Quinqueloculina pulchella,0.5066596269607544,1
130,data/eval_images/Quinqueloculina pulchella_5_view2_zstack_slice_z0010.png,Quinqueloculina pulchella,saltpepper,0.0,Quinqueloculina pulchella,0.9680278301239014,1
130,data/eval_images/Quinqueloculina pulchella_5_view2_zstack_slice_z0010.png,Quinqueloculina pulchella,saltpepper,0.01,Quinqueloculina pulchella,0.9819722771644592,1
130,data/eval_images/Quinqueloculina pulchella_5_view2_zstack_slice_z0010.png,Quinqueloculina pulchella,saltpepper,0.03,Quinqueloculina pulchella,0.9701400399208068,1
130,data/eval_images/Quinqueloculina pulchella_5_view2_zstack_slice_z0010.png,Quinqueloculina pulchella,saltpepper,0.07,Quinqueloculina pulchella,0.8040096163749695,1
130,data/eval_images/Quinqueloculina pulchella_5_view2_zstack_slice_z0010.png,Quinqueloculina pulchella,stretch,1.0,Quinqueloculina pulchella,0.9680278301239014,1
131,data/eval_images/Quinqueloculina pulchella_5_view2_zstack_slice_z0014.png,Quinqueloculina pulchella,gaussian,0.0,Quinqueloculina pulchella,0.9627723097801208,1
131,data/eval_images/Quinqueloculina pulchella_5_view2_zstack_slice_z0014.png,Quinqueloculina pulchella,gaussian,5.0,Quinqueloculina pulchella,0.979819357395172,1
131,data/eval_images/Quinqueloculina pulchella_5_view2_zstack_slice_z0014.png,Quinqueloculina pulchella,gaussian,10.0,Quinqueloculina pulchella,0.9602988362312316,1
131,data/eval_images/Quinqueloculina pulchella_5_view2_zstack_slice_z0014.png,Quinqueloculina pulchella,gaussian,25.0,Quinqueloculina pulchella,0.8956453204154968,1
131,data/eval_images/Quinqueloculina pulchella_5_view2_zstack_slice_z0014.png,Quinqueloculina pulchella,gaussian,50.0,Amphistegina radiata,0.3512836396694183,0
131,data/eval_images/Quinqueloculina pulchella_5_view2_zstack_slice_z0014.png,Quinqueloculina pulchella,saltpepper,0.0,Quinqueloculina pulchella,0.9627723097801208,1
131,data/eval_images/Quinqueloculina pulchella_5_view2_zstack_slice_z0014.png,Quinqueloculina pulchella,saltpepper,0.01,Quinqueloculina pulchella,0.9885632991790771,1
131,data/eval_images/Quinqueloculina pulchella_5_view2_zstack_slice_z0014.png,Quinqueloculina pulchella,saltpepper,0.03,Quinqueloculina pulchella,0.9346324801445008,1
131,data/eval_images/Quinqueloculina pulchella_5_view2_zstack_slice_z0014.png,Quinqueloculina pulchella,saltpepper,0.07,Quinqueloculina pulchella,0.8918176293373108,1
131,data/eval_images/Quinqueloculina pulchella_5_view2_zstack_slice_z0014.png,Quinqueloculina pulchella,stretch,1.0,Quinqueloculina pulchella,0.9627723097801208,1
132,data/eval_images/Quinqueloculina pulchella_5_view2_zstack_slice_z0019.png,Quinqueloculina pulchella,gaussian,0.0,Quinqueloculina pulchella,0.9685568809509276,1
132,data/eval_images/Quinqueloculina pulchella_5_view2_zstack_slice_z0019.png,Quinqueloculina pulchella,gaussian,5.0,Quinqueloculina pulchella,0.977517545223236,1
132,data/eval_images/Quinqueloculina pulchella_5_view2_zstack_slice_z0019.png,Quinqueloculina pulchella,gaussian,10.0,Quinqueloculina pulchella,0.908710241317749,1
132,data/eval_images/Quinqueloculina pulchella_5_view2_zstack_slice_z0019.png,Quinqueloculina pulchella,gaussian,25.0,Quinqueloculina pulchella,0.8484670519828796,1
132,data/eval_images/Quinqueloculina pulchella_5_view2_zstack_slice_z0019.png,Quinqueloculina pulchella,gaussian,50.0,Siphonaperta arenata,0.7768408060073853,0
132,data/eval_images/Quinqueloculina pulchella_5_view2_zstack_slice_z0019.png,Quinqueloculina pulchella,saltpepper,0.0,Quinqueloculina pulchella,0.9685568809509276,1
132,data/eval_images/Quinqueloculina pulchella_5_view2_zstack_slice_z0019.png,Quinqueloculina pulchella,saltpepper,0.01,Quinqueloculina pulchella,0.9897963404655457,1
132,data/eval_images/Quinqueloculina pulchella_5_view2_zstack_slice_z0019.png,Quinqueloculina pulchella,saltpepper,0.03,Quinqueloculina pulchella,0.9862406849861144,1
132,data/eval_images/Quinqueloculina pulchella_5_view2_zstack_slice_z0019.png,Quinqueloculina pulchella,saltpepper,0.07,Quinqueloculina pulchella,0.7574918866157532,1
132,data/eval_images/Quinqueloculina pulchella_5_view2_zstack_slice_z0019.png,Quinqueloculina pulchella,stretch,1.0,Quinqueloculina pulchella,0.9685568809509276,1
133,data/eval_images/Quinqueloculina pulchella_5_view2_zstack_slice_z0050.png,Quinqueloculina pulchella,gaussian,0.0,Spiroloculina communis,0.6021742820739746,0
133,data/eval_images/Quinqueloculina pulchella_5_view2_zstack_slice_z0050.png,Quinqueloculina pulchella,gaussian,5.0,Amphistegina radiata,0.9906123280525208,0
133,data/eval_images/Quinqueloculina pulchella_5_view2_zstack_slice_z0050.png,Quinqueloculina pulchella,gaussian,10.0,Amphistegina radiata,0.9823957085609436,0
133,data/eval_images/Quinqueloculina pulchella_5_view2_zstack_slice_z0050.png,Quinqueloculina pulchella,gaussian,25.0,Siphonaperta arenata,0.5006663203239441,0
133,data/eval_images/Quinqueloculina pulchella_5_view2_zstack_slice_z0050.png,Quinqueloculina pulchella,gaussian,50.0,Siphonaperta arenata,0.5319951176643372,0
133,data/eval_images/Quinqueloculina pulchella_5_view2_zstack_slice_z0050.png,Quinqueloculina pulchella,saltpepper,0.0,Spiroloculina communis,0.6021742820739746,0
133,data/eval_images/Quinqueloculina pulchella_5_view2_zstack_slice_z0050.png,Quinqueloculina pulchella,saltpepper,0.01,Spiroloculina communis,0.5476651787757874,0
133,data/eval_images/Quinqueloculina pulchella_5_view2_zstack_slice_z0050.png,Quinqueloculina pulchella,saltpepper,0.03,Amphistegina radiata,0.2256907224655151,0
133,data/eval_images/Quinqueloculina pulchella_5_view2_zstack_slice_z0050.png,Quinqueloculina pulchella,saltpepper,0.07,Amphistegina radiata,0.7220168113708496,0
133,data/eval_images/Quinqueloculina pulchella_5_view2_zstack_slice_z0050.png,Quinqueloculina pulchella,stretch,1.0,Spiroloculina communis,0.6021742820739746,0
134,data/eval_images/Sahulia kerimbaensis_19_view1_gif_original.png,Sahulia kerimbaensis,gaussian,0.0,Sahulia kerimbaensis,0.9880014061927797,1
134,data/eval_images/Sahulia kerimbaensis_19_view1_gif_original.png,Sahulia kerimbaensis,gaussian,5.0,Sahulia kerimbaensis,0.9868999123573304,1
134,data/eval_images/Sahulia kerimbaensis_19_view1_gif_original.png,Sahulia kerimbaensis,gaussian,10.0,Sahulia kerimbaensis,0.97866553068161,1
134,data/eval_images/Sahulia kerimbaensis_19_view1_gif_original.png,Sahulia kerimbaensis,gaussian,25.0,Sahulia kerimbaensis,0.9405680894851683,1
134,data/eval_images/Sahulia kerimbaensis_19_view1_gif_original.png,Sahulia kerimbaensis,gaussian,50.0,Sahulia kerimbaensis,0.7918410301208496,1
134,data/eval_images/Sahulia kerimbaensis_19_view1_gif_original.png,Sahulia kerimbaensis,saltpepper,0.0,Sahulia kerimbaensis,0.9880014061927797,1
134,data/eval_images/Sahulia kerimbaensis_19_view1_gif_original.png,Sahulia kerimbaensis,saltpepper,0.01,Sahulia kerimbaensis,0.9854080080986024,1
134,data/eval_images/Sahulia kerimbaensis_19_view1_gif_original.png,Sahulia kerimbaensis,saltpepper,0.03,Sahulia kerimbaensis,0.9821940660476683,1
134,data/eval_images/Sahulia kerimbaensis_19_view1_gif_original.png,Sahulia kerimbaensis,saltpepper,0.07,Sahulia kerimbaensis,0.9632173776626588,1
134,data/eval_images/Sahulia kerimbaensis_19_view1_gif_original.png,Sahulia kerimbaensis,stretch,1.0,Sahulia kerimbaensis,0.9880014061927797,1
135,data/eval_images/Sahulia kerimbaensis_19_view1_stacked_tiff.png,Sahulia kerimbaensis,gaussian,0.0,Sahulia kerimbaensis,0.98697692155838,1
135,data/eval_images/Sahulia kerimbaensis_19_view1_stacked_tiff.png,Sahulia kerimbaensis,gaussian,5.0,Sahulia kerimbaensis,0.9855875968933104,1
135,data/eval_images/Sahulia kerimbaensis_19_view1_stacked_tiff.png,Sahulia kerimbaensis,gaussian,10.0,Sahulia kerimbaensis,0.9800783395767212,1
135,data/eval_images/Sahulia kerimbaensis_19_view1_stacked_tiff.png,Sahulia kerimbaensis,gaussian,25.0,Sahulia kerimbaensis,0.959013819694519,1
135,data/eval_images/Sahulia kerimbaensis_19_view1_stacked_tiff.png,Sahulia kerimbaensis,gaussian,50.0,Sahulia kerimbaensis,0.8535327911376953,1
135,data/eval_images/Sahulia kerimbaensis_19_view1_stacked_tiff.png,Sahulia kerimbaensis,saltpepper,0.0,Sahulia kerimbaensis,0.98697692155838,1
135,data/eval_images/Sahulia kerimbaensis_19_view1_stacked_tiff.png,Sahulia kerimbaensis,saltpepper,0.01,Sahulia kerimbaensis,0.9855334162712096,1
135,data/eval_images/Sahulia kerimbaensis_19_view1_stacked_tiff.png,Sahulia kerimbaensis,saltpepper,0.03,Sahulia kerimbaensis,0.981164813041687,1
135,data/eval_images/Sahulia kerimbaensis_19_view1_stacked_tiff.png,Sahulia kerimbaensis,saltpepper,0.07,Sahulia kerimbaensis,0.9669031500816344,1
135,data/eval_images/Sahulia kerimbaensis_19_view1_stacked_tiff.png,Sahulia kerimbaensis,stretch,1.0,Sahulia kerimbaensis,0.98697692155838,1
136,data/eval_images/Sahulia kerimbaensis_19_view1_zstack_slice_z0000.png,Sahulia kerimbaensis,gaussian,0.0,Sahulia kerimbaensis,0.9865111112594604,1
136,data/eval_images/Sahulia kerimbaensis_19_view1_zstack_slice_z0000.png,Sahulia kerimbaensis,gaussian,5.0,Sahulia kerimbaensis,0.9847487807273864,1
136,data/eval_images/Sahulia kerimbaensis_19_view1_zstack_slice_z0000.png,Sahulia kerimbaensis,gaussian,10.0,Sahulia kerimbaensis,0.9843338131904602,1
136,data/eval_images/Sahulia kerimbaensis_19_view1_zstack_slice_z0000.png,Sahulia kerimbaensis,gaussian,25.0,Sahulia kerimbaensis,0.9199199080467224,1
136,data/eval_images/Sahulia kerimbaensis_19_view1_zstack_slice_z0000.png,Sahulia kerimbaensis,gaussian,50.0,Agglutinella soriformis,0.5333194136619568,0
136,data/eval_images/Sahulia kerimbaensis_19_view1_zstack_slice_z0000.png,Sahulia kerimbaensis,saltpepper,0.0,Sahulia kerimbaensis,0.9865111112594604,1
136,data/eval_images/Sahulia kerimbaensis_19_view1_zstack_slice_z0000.png,Sahulia kerimbaensis,saltpepper,0.01,Sahulia kerimbaensis,0.9875413775444032,1
136,data/eval_images/Sahulia kerimbaensis_19_view1_zstack_slice_z0000.png,Sahulia kerimbaensis,saltpepper,0.03,Sahulia kerimbaensis,0.9845557808876038,1
136,data/eval_images/Sahulia kerimbaensis_19_view1_zstack_slice_z0000.png,Sahulia kerimbaensis,saltpepper,0.07,Sahulia kerimbaensis,0.9741469025611876,1
136,data/eval_images/Sahulia kerimbaensis_19_view1_zstack_slice_z0000.png,Sahulia kerimbaensis,stretch,1.0,Sahulia kerimbaensis,0.9865111112594604,1
137,data/eval_images/Sahulia kerimbaensis_19_view1_zstack_slice_z0011.png,Sahulia kerimbaensis,gaussian,0.0,Sahulia kerimbaensis,0.9868268966674804,1
137,data/eval_images/Sahulia kerimbaensis_19_view1_zstack_slice_z0011.png,Sahulia kerimbaensis,gaussian,5.0,Sahulia kerimbaensis,0.9856767654418944,1
137,data/eval_images/Sahulia kerimbaensis_19_view1_zstack_slice_z0011.png,Sahulia kerimbaensis,gaussian,10.0,Sahulia kerimbaensis,0.9807846546173096,1
137,data/eval_images/Sahulia kerimbaensis_19_view1_zstack_slice_z0011.png,Sahulia kerimbaensis,gaussian,25.0,Sahulia kerimbaensis,0.8997918367385864,1
137,data/eval_images/Sahulia kerimbaensis_19_view1_zstack_slice_z0011.png,Sahulia kerimbaensis,gaussian,50.0,Sahulia kerimbaensis,0.536229133605957,1
137,data/eval_images/Sahulia kerimbaensis_19_view1_zstack_slice_z0011.png,Sahulia kerimbaensis,saltpepper,0.0,Sahulia kerimbaensis,0.9868268966674804,1
137,data/eval_images/Sahulia kerimbaensis_19_view1_zstack_slice_z0011.png,Sahulia kerimbaensis,saltpepper,0.01,Sahulia kerimbaensis,0.985119640827179,1
137,data/eval_images/Sahulia kerimbaensis_19_view1_zstack_slice_z0011.png,Sahulia kerimbaensis,saltpepper,0.03,Sahulia kerimbaensis,0.9830741286277772,1
137,data/eval_images/Sahulia kerimbaensis_19_view1_zstack_slice_z0011.png,Sahulia kerimbaensis,saltpepper,0.07,Sahulia kerimbaensis,0.9681108593940736,1
137,data/eval_images/Sahulia kerimbaensis_19_view1_zstack_slice_z0011.png,Sahulia kerimbaensis,stretch,1.0,Sahulia kerimbaensis,0.9868268966674804,1
138,data/eval_images/Sahulia kerimbaensis_19_view1_zstack_slice_z0013.png,Sahulia kerimbaensis,gaussian,0.0,Sahulia kerimbaensis,0.9872401356697084,1
138,data/eval_images/Sahulia kerimbaensis_19_view1_zstack_slice_z0013.png,Sahulia kerimbaensis,gaussian,5.0,Sahulia kerimbaensis,0.9849504232406616,1
138,data/eval_images/Sahulia kerimbaensis_19_view1_zstack_slice_z0013.png,Sahulia kerimbaensis,gaussian,10.0,Sahulia kerimbaensis,0.9793165326118468,1
138,data/eval_images/Sahulia kerimbaensis_19_view1_zstack_slice_z0013.png,Sahulia kerimbaensis,gaussian,25.0,Sahulia kerimbaensis,0.9229365587234496,1
138,data/eval_images/Sahulia kerimbaensis_19_view1_zstack_slice_z0013.png,Sahulia kerimbaensis,gaussian,50.0,Sahulia kerimbaensis,0.6866048574447632,1
138,data/eval_images/Sahulia kerimbaensis_19_view1_zstack_slice_z0013.png,Sahulia kerimbaensis,saltpepper,0.0,Sahulia kerimbaensis,0.9872401356697084,1
138,data/eval_images/Sahulia kerimbaensis_19_view1_zstack_slice_z0013.png,Sahulia kerimbaensis,saltpepper,0.01,Sahulia kerimbaensis,0.9857973456382751,1
138,data/eval_images/Sahulia kerimbaensis_19_view1_zstack_slice_z0013.png,Sahulia kerimbaensis,saltpepper,0.03,Sahulia kerimbaensis,0.9806657433509828,1
138,data/eval_images/Sahulia kerimbaensis_19_view1_zstack_slice_z0013.png,Sahulia kerimbaensis,saltpepper,0.07,Sahulia kerimbaensis,0.9630514979362488,1
138,data/eval_images/Sahulia kerimbaensis_19_view1_zstack_slice_z0013.png,Sahulia kerimbaensis,stretch,1.0,Sahulia kerimbaensis,0.9872401356697084,1
139,data/eval_images/Sahulia kerimbaensis_19_view1_zstack_slice_z0018.png,Sahulia kerimbaensis,gaussian,0.0,Sahulia kerimbaensis,0.9856648445129396,1
139,data/eval_images/Sahulia kerimbaensis_19_view1_zstack_slice_z0018.png,Sahulia kerimbaensis,gaussian,5.0,Sahulia kerimbaensis,0.9845716953277588,1
139,data/eval_images/Sahulia kerimbaensis_19_view1_zstack_slice_z0018.png,Sahulia kerimbaensis,gaussian,10.0,Sahulia kerimbaensis,0.975846529006958,1
139,data/eval_images/Sahulia kerimbaensis_19_view1_zstack_slice_z0018.png,Sahulia kerimbaensis,gaussian,25.0,Sahulia kerimbaensis,0.8959293365478516,1
139,data/eval_images/Sahulia kerimbaensis_19_view1_zstack_slice_z0018.png,Sahulia kerimbaensis,gaussian,50.0,Sahulia kerimbaensis,0.6985130310058594,1
139,data/eval_images/Sahulia kerimbaensis_19_view1_zstack_slice_z0018.png,Sahulia kerimbaensis,saltpepper,0.0,Sahulia kerimbaensis,0.9856648445129396,1
139,data/eval_images/Sahulia kerimbaensis_19_view1_zstack_slice_z0018.png,Sahulia kerimbaensis,saltpepper,0.01,Sahulia kerimbaensis,0.9842190146446228,1
139,data/eval_images/Sahulia kerimbaensis_19_view1_zstack_slice_z0018.png,Sahulia kerimbaensis,saltpepper,0.03,Sahulia kerimbaensis,0.9808371663093568,1
139,data/eval_images/Sahulia kerimbaensis_19_view1_zstack_slice_z0018.png,Sahulia kerimbaensis,saltpepper,0.07,Sahulia kerimbaensis,0.9611935615539552,1
139,data/eval_images/Sahulia kerimbaensis_19_view1_zstack_slice_z0018.png,Sahulia kerimbaensis,stretch,1.0,Sahulia kerimbaensis,0.9856648445129396,1
140,data/eval_images/Sahulia kerimbaensis_19_view1_zstack_slice_z0021.png,Sahulia kerimbaensis,gaussian,0.0,Sahulia kerimbaensis,0.984673261642456,1
140,data/eval_images/Sahulia kerimbaensis_19_view1_zstack_slice_z0021.png,Sahulia kerimbaensis,gaussian,5.0,Sahulia kerimbaensis,0.983241081237793,1
140,data/eval_images/Sahulia kerimbaensis_19_view1_zstack_slice_z0021.png,Sahulia kerimbaensis,gaussian,10.0,Sahulia kerimbaensis,0.970252811908722,1
140,data/eval_images/Sahulia kerimbaensis_19_view1_zstack_slice_z0021.png,Sahulia kerimbaensis,gaussian,25.0,Sahulia kerimbaensis,0.8503942489624023,1
140,data/eval_images/Sahulia kerimbaensis_19_view1_zstack_slice_z0021.png,Sahulia kerimbaensis,gaussian,50.0,Sahulia kerimbaensis,0.6708899140357971,1
140,data/eval_images/Sahulia kerimbaensis_19_view1_zstack_slice_z0021.png,Sahulia kerimbaensis,saltpepper,0.0,Sahulia kerimbaensis,0.984673261642456,1
140,data/eval_images/Sahulia kerimbaensis_19_view1_zstack_slice_z0021.png,Sahulia kerimbaensis,saltpepper,0.01,Sahulia kerimbaensis,0.9830633997917176,1
140,data/eval_images/Sahulia kerimbaensis_19_view1_zstack_slice_z0021.png,Sahulia kerimbaensis,saltpepper,0.03,Sahulia kerimbaensis,0.9783363342285156,1
140,data/eval_images/Sahulia kerimbaensis_19_view1_zstack_slice_z0021.png,Sahulia kerimbaensis,saltpepper,0.07,Sahulia kerimbaensis,0.9551767706871032,1
140,data/eval_images/Sahulia kerimbaensis_19_view1_zstack_slice_z0021.png,Sahulia kerimbaensis,stretch,1.0,Sahulia kerimbaensis,0.984673261642456,1
141,data/eval_images/Siphonaperta arenata_21_view3_gif_original.png,Siphonaperta arenata,gaussian,0.0,Siphonaperta arenata,0.9837136268615724,1
141,data/eval_images/Siphonaperta arenata_21_view3_gif_original.png,Siphonaperta arenata,gaussian,5.0,Siphonaperta arenata,0.9854458570480348,1
141,data/eval_images/Siphonaperta arenata_21_view3_gif_original.png,Siphonaperta arenata,gaussian,10.0,Siphonaperta arenata,0.9857595562934875,1
141,data/eval_images/Siphonaperta arenata_21_view3_gif_original.png,Siphonaperta arenata,gaussian,25.0,Siphonaperta arenata,0.9795459508895874,1
141,data/eval_images/Siphonaperta arenata_21_view3_gif_original.png,Siphonaperta arenata,gaussian,50.0,Siphonaperta arenata,0.9596077799797058,1
141,data/eval_images/Siphonaperta arenata_21_view3_gif_original.png,Siphonaperta arenata,saltpepper,0.0,Siphonaperta arenata,0.9837136268615724,1
141,data/eval_images/Siphonaperta arenata_21_view3_gif_original.png,Siphonaperta arenata,saltpepper,0.01,Siphonaperta arenata,0.982868194580078,1
141,data/eval_images/Siphonaperta arenata_21_view3_gif_original.png,Siphonaperta arenata,saltpepper,0.03,Siphonaperta arenata,0.9821781516075134,1
141,data/eval_images/Siphonaperta arenata_21_view3_gif_original.png,Siphonaperta arenata,saltpepper,0.07,Siphonaperta arenata,0.9800642132759094,1
141,data/eval_images/Siphonaperta arenata_21_view3_gif_original.png,Siphonaperta arenata,stretch,1.0,Siphonaperta arenata,0.9837136268615724,1
142,data/eval_images/Siphonaperta arenata_21_view3_stacked_tiff.png,Siphonaperta arenata,gaussian,0.0,Siphonaperta arenata,0.984279990196228,1
142,data/eval_images/Siphonaperta arenata_21_view3_stacked_tiff.png,Siphonaperta arenata,gaussian,5.0,Siphonaperta arenata,0.985178291797638,1
142,data/eval_images/Siphonaperta arenata_21_view3_stacked_tiff.png,Siphonaperta arenata,gaussian,10.0,Siphonaperta arenata,0.9856451153755188,1
142,data/eval_images/Siphonaperta arenata_21_view3_stacked_tiff.png,Siphonaperta arenata,gaussian,25.0,Siphonaperta arenata,0.9784067273139954,1
142,data/eval_images/Siphonaperta arenata_21_view3_stacked_tiff.png,Siphonaperta arenata,gaussian,50.0,Siphonaperta arenata,0.966571033000946,1
142,data/eval_images/Siphonaperta arenata_21_view3_stacked_tiff.png,Siphonaperta arenata,saltpepper,0.0,Siphonaperta arenata,0.984279990196228,1
142,data/eval_images/Siphonaperta arenata_21_view3_stacked_tiff.png,Siphonaperta arenata,saltpepper,0.01,Siphonaperta arenata,0.98349529504776,1
142,data/eval_images/Siphonaperta arenata_21_view3_stacked_tiff.png,Siphonaperta arenata,saltpepper,0.03,Siphonaperta arenata,0.9825581908226012,1
142,data/eval_images/Siphonaperta arenata_21_view3_stacked_tiff.png,Siphonaperta arenata,saltpepper,0.07,Siphonaperta arenata,0.9796172976493835,1
142,data/eval_images/Siphonaperta arenata_21_view3_stacked_tiff.png,Siphonaperta arenata,stretch,1.0,Siphonaperta arenata,0.984279990196228,1
143,data/eval_images/Siphonaperta arenata_21_view3_zstack_slice_z0001.png,Siphonaperta arenata,gaussian,0.0,Siphonaperta arenata,0.9842202663421632,1
143,data/eval_images/Siphonaperta arenata_21_view3_zstack_slice_z0001.png,Siphonaperta arenata,gaussian,5.0,Siphonaperta arenata,0.9858983755111694,1
143,data/eval_images/Siphonaperta arenata_21_view3_zstack_slice_z0001.png,Siphonaperta arenata,gaussian,10.0,Siphonaperta arenata,0.9837452173233032,1
143,data/eval_images/Siphonaperta arenata_21_view3_zstack_slice_z0001.png,Siphonaperta arenata,gaussian,25.0,Siphonaperta arenata,0.973828136920929,1
143,data/eval_images/Siphonaperta arenata_21_view3_zstack_slice_z0001.png,Siphonaperta arenata,gaussian,50.0,Siphonaperta arenata,0.8818528056144714,1
143,data/eval_images/Siphonaperta arenata_21_view3_zstack_slice_z0001.png,Siphonaperta arenata,saltpepper,0.0,Siphonaperta arenata,0.9842202663421632,1
143,data/eval_images/Siphonaperta arenata_21_view3_zstack_slice_z0001.png,Siphonaperta arenata,saltpepper,0.01,Siphonaperta arenata,0.9810313582420348,1
143,data/eval_images/Siphonaperta arenata_21_view3_zstack_slice_z0001.png,Siphonaperta arenata,saltpepper,0.03,Siphonaperta arenata,0.9773354530334472,1
143,data/eval_images/Siphonaperta arenata_21_view3_zstack_slice_z0001.png,Siphonaperta arenata,saltpepper,0.07,Siphonaperta arenata,0.961769998073578,1
143,data/eval_images/Siphonaperta arenata_21_view3_zstack_slice_z0001.png,Siphonaperta arenata,stretch,1.0,Siphonaperta arenata,0.9842202663421632,1
144,data/eval_images/Siphonaperta arenata_21_view3_zstack_slice_z0002.png,Siphonaperta arenata,gaussian,0.0,Siphonaperta arenata,0.9843591451644896,1
144,data/eval_images/Siphonaperta arenata_21_view3_zstack_slice_z0002.png,Siphonaperta arenata,gaussian,5.0,Siphonaperta arenata,0.9861425757408142,1
144,data/eval_images/Siphonaperta arenata_21_view3_zstack_slice_z0002.png,Siphonaperta arenata,gaussian,10.0,Siphonaperta arenata,0.9848616123199464,1
144,data/eval_images/Siphonaperta arenata_21_view3_zstack_slice_z0002.png,Siphonaperta arenata,gaussian,25.0,Siphonaperta arenata,0.977542757987976,1
144,data/eval_images/Siphonaperta arenata_21_view3_zstack_slice_z0002.png,Siphonaperta arenata,gaussian,50.0,Siphonaperta arenata,0.9374656081199646,1
144,data/eval_images/Siphonaperta arenata_21_view3_zstack_slice_z0002.png,Siphonaperta arenata,saltpepper,0.0,Siphonaperta arenata,0.9843591451644896,1
144,data/eval_images/Siphonaperta arenata_21_view3_zstack_slice_z0002.png,Siphonaperta arenata,saltpepper,0.01,Siphonaperta arenata,0.9824073314666748,1
144,data/eval_images/Siphonaperta arenata_21_view3_zstack_slice_z0002.png,Siphonaperta arenata,saltpepper,0.03,Siphonaperta arenata,0.9786654114723206,1
144,data/eval_images/Siphonaperta arenata_21_view3_zstack_slice_z0002.png,Siphonaperta arenata,saltpepper,0.07,Siphonaperta arenata,0.9671459197998048,1
144,data/eval_images/Siphonaperta arenata_21_view3_zstack_slice_z0002.png,Siphonaperta arenata,stretch,1.0,Siphonaperta arenata,0.9843591451644896,1
145,data/eval_images/Siphonaperta arenata_21_view3_zstack_slice_z0005.png,Siphonaperta arenata,gaussian,0.0,Siphonaperta arenata,0.9833557605743408,1
145,data/eval_images/Siphonaperta arenata_21_view3_zstack_slice_z0005.png,Siphonaperta arenata,gaussian,5.0,Siphonaperta arenata,0.985784113407135,1
145,data/eval_images/Siphonaperta arenata_21_view3_zstack_slice_z0005.png,Siphonaperta arenata,gaussian,10.0,Siphonaperta arenata,0.986047387123108,1
145,data/eval_images/Siphonaperta arenata_21_view3_zstack_slice_z0005.png,Siphonaperta arenata,gaussian,25.0,Siphonaperta arenata,0.9795610308647156,1
145,data/eval_images/Siphonaperta arenata_21_view3_zstack_slice_z0005.png,Siphonaperta arenata,gaussian,50.0,Siphonaperta arenata,0.8840219378471375,1
145,data/eval_images/Siphonaperta arenata_21_view3_zstack_slice_z0005.png,Siphonaperta arenata,saltpepper,0.0,Siphonaperta arenata,0.9833557605743408,1
145,data/eval_images/Siphonaperta arenata_21_view3_zstack_slice_z0005.png,Siphonaperta arenata,saltpepper,0.01,Siphonaperta arenata,0.9831725358963012,1
145,data/eval_images/Siphonaperta arenata_21_view3_zstack_slice_z0005.png,Siphonaperta arenata,saltpepper,0.03,Siphonaperta arenata,0.9814627170562744,1
145,data/eval_images/Siphonaperta arenata_21_view3_zstack_slice_z0005.png,Siphonaperta arenata,saltpepper,0.07,Siphonaperta arenata,0.9750535488128662,1
145,data/eval_images/Siphonaperta arenata_21_view3_zstack_slice_z0005.png,Siphonaperta arenata,stretch,1.0,Siphonaperta arenata,0.9833557605743408,1
146,data/eval_images/Siphonaperta arenata_21_view3_zstack_slice_z0007.png,Siphonaperta arenata,gaussian,0.0,Siphonaperta arenata,0.983539581298828,1
146,data/eval_images/Siphonaperta arenata_21_view3_zstack_slice_z0007.png,Siphonaperta arenata,gaussian,5.0,Siphonaperta arenata,0.9858332872390748,1
146,data/eval_images/Siphonaperta arenata_21_view3_zstack_slice_z0007.png,Siphonaperta arenata,gaussian,10.0,Siphonaperta arenata,0.9857089519500732,1
146,data/eval_images/Siphonaperta arenata_21_view3_zstack_slice_z0007.png,Siphonaperta arenata,gaussian,25.0,Siphonaperta arenata,0.9813761711120604,1
146,data/eval_images/Siphonaperta arenata_21_view3_zstack_slice_z0007.png,Siphonaperta arenata,gaussian,50.0,Siphonaperta arenata,0.9549065828323364,1
146,data/eval_images/Siphonaperta arenata_21_view3_zstack_slice_z0007.png,Siphonaperta arenata,saltpepper,0.0,Siphonaperta arenata,0.983539581298828,1
146,data/eval_images/Siphonaperta arenata_21_view3_zstack_slice_z0007.png,Siphonaperta arenata,saltpepper,0.01,Siphonaperta arenata,0.9839842915534972,1
146,data/eval_images/Siphonaperta arenata_21_view3_zstack_slice_z0007.png,Siphonaperta arenata,saltpepper,0.03,Siphonaperta arenata,0.9815238118171692,1
146,data/eval_images/Siphonaperta arenata_21_view3_zstack_slice_z0007.png,Siphonaperta arenata,saltpepper,0.07,Siphonaperta arenata,0.9776702523231506,1
146,data/eval_images/Siphonaperta arenata_21_view3_zstack_slice_z0007.png,Siphonaperta arenata,stretch,1.0,Siphonaperta arenata,0.983539581298828,1
147,data/eval_images/Siphonaperta arenata_21_view3_zstack_slice_z0017.png,Siphonaperta arenata,gaussian,0.0,Siphonaperta arenata,0.9868198037147522,1
147,data/eval_images/Siphonaperta arenata_21_view3_zstack_slice_z0017.png,Siphonaperta arenata,gaussian,5.0,Siphonaperta arenata,0.9861169457435608,1
147,data/eval_images/Siphonaperta arenata_21_view3_zstack_slice_z0017.png,Siphonaperta arenata,gaussian,10.0,Siphonaperta arenata,0.9807870388031006,1
147,data/eval_images/Siphonaperta arenata_21_view3_zstack_slice_z0017.png,Siphonaperta arenata,gaussian,25.0,Siphonaperta arenata,0.9478133916854858,1
147,data/eval_images/Siphonaperta arenata_21_view3_zstack_slice_z0017.png,Siphonaperta arenata,gaussian,50.0,Siphonaperta arenata,0.6597939729690552,1
147,data/eval_images/Siphonaperta arenata_21_view3_zstack_slice_z0017.png,Siphonaperta arenata,saltpepper,0.0,Siphonaperta arenata,0.9868198037147522,1
147,data/eval_images/Siphonaperta arenata_21_view3_zstack_slice_z0017.png,Siphonaperta arenata,saltpepper,0.01,Siphonaperta arenata,0.9848511815071106,1
147,data/eval_images/Siphonaperta arenata_21_view3_zstack_slice_z0017.png,Siphonaperta arenata,saltpepper,0.03,Siphonaperta arenata,0.9821254014968872,1
147,data/eval_images/Siphonaperta arenata_21_view3_zstack_slice_z0017.png,Siphonaperta arenata,saltpepper,0.07,Siphonaperta arenata,0.9744584560394288,1
147,data/eval_images/Siphonaperta arenata_21_view3_zstack_slice_z0017.png,Siphonaperta arenata,stretch,1.0,Siphonaperta arenata,0.9868198037147522,1
148,data/eval_images/Siphouvigerina proboscidea_32_view3_gif_original.png,Siphouvigerina proboscidea,gaussian,0.0,Siphouvigerina proboscidea,0.9862470626831056,1
148,data/eval_images/Siphouvigerina proboscidea_32_view3_gif_original.png,Siphouvigerina proboscidea,gaussian,5.0,Siphouvigerina proboscidea,0.9859965443611144,1
148,data/eval_images/Siphouvigerina proboscidea_32_view3_gif_original.png,Siphouvigerina proboscidea,gaussian,10.0,Siphouvigerina proboscidea,0.9848355650901794,1
148,data/eval_images/Siphouvigerina proboscidea_32_view3_gif_original.png,Siphouvigerina proboscidea,gaussian,25.0,Siphouvigerina proboscidea,0.9808751344680786,1
148,data/eval_images/Siphouvigerina proboscidea_32_view3_gif_original.png,Siphouvigerina proboscidea,gaussian,50.0,Siphouvigerina proboscidea,0.9788570404052734,1
148,data/eval_images/Siphouvigerina proboscidea_32_view3_gif_original.png,Siphouvigerina proboscidea,saltpepper,0.0,Siphouvigerina proboscidea,0.9862470626831056,1
148,data/eval_images/Siphouvigerina proboscidea_32_view3_gif_original.png,Siphouvigerina proboscidea,saltpepper,0.01,Siphouvigerina proboscidea,0.9847436547279358,1
148,data/eval_images/Siphouvigerina proboscidea_32_view3_gif_original.png,Siphouvigerina proboscidea,saltpepper,0.03,Siphouvigerina proboscidea,0.9822847843170166,1
148,data/eval_images/Siphouvigerina proboscidea_32_view3_gif_original.png,Siphouvigerina proboscidea,saltpepper,0.07,Siphouvigerina proboscidea,0.9807828068733216,1
148,data/eval_images/Siphouvigerina proboscidea_32_view3_gif_original.png,Siphouvigerina proboscidea,stretch,1.0,Siphouvigerina proboscidea,0.9862470626831056,1
149,data/eval_images/Siphouvigerina proboscidea_32_view3_zstack_slice_z0004.png,Siphouvigerina proboscidea,gaussian,0.0,Siphouvigerina proboscidea,0.9861056208610536,1
149,data/eval_images/Siphouvigerina proboscidea_32_view3_zstack_slice_z0004.png,Siphouvigerina proboscidea,gaussian,5.0,Siphouvigerina proboscidea,0.9850585460662842,1
149,data/eval_images/Siphouvigerina proboscidea_32_view3_zstack_slice_z0004.png,Siphouvigerina proboscidea,gaussian,10.0,Siphouvigerina proboscidea,0.9830679297447203,1
149,data/eval_images/Siphouvigerina proboscidea_32_view3_zstack_slice_z0004.png,Siphouvigerina proboscidea,gaussian,25.0,Siphouvigerina proboscidea,0.976058840751648,1
149,data/eval_images/Siphouvigerina proboscidea_32_view3_zstack_slice_z0004.png,Siphouvigerina proboscidea,gaussian,50.0,Siphouvigerina proboscidea,0.9574242830276488,1
149,data/eval_images/Siphouvigerina proboscidea_32_view3_zstack_slice_z0004.png,Siphouvigerina proboscidea,saltpepper,0.0,Siphouvigerina proboscidea,0.9861056208610536,1
149,data/eval_images/Siphouvigerina proboscidea_32_view3_zstack_slice_z0004.png,Siphouvigerina proboscidea,saltpepper,0.01,Siphouvigerina proboscidea,0.985634982585907,1
149,data/eval_images/Siphouvigerina proboscidea_32_view3_zstack_slice_z0004.png,Siphouvigerina proboscidea,saltpepper,0.03,Siphouvigerina proboscidea,0.9845037460327148,1
149,data/eval_images/Siphouvigerina proboscidea_32_view3_zstack_slice_z0004.png,Siphouvigerina proboscidea,saltpepper,0.07,Siphouvigerina proboscidea,0.9824878573417664,1
149,data/eval_images/Siphouvigerina proboscidea_32_view3_zstack_slice_z0004.png,Siphouvigerina proboscidea,stretch,1.0,Siphouvigerina proboscidea,0.9861056208610536,1
150,data/eval_images/Siphouvigerina proboscidea_32_view3_zstack_slice_z0020.png,Siphouvigerina proboscidea,gaussian,0.0,Siphouvigerina proboscidea,0.9860267639160156,1
150,data/eval_images/Siphouvigerina proboscidea_32_view3_zstack_slice_z0020.png,Siphouvigerina proboscidea,gaussian,5.0,Siphouvigerina proboscidea,0.9850043058395386,1
150,data/eval_images/Siphouvigerina proboscidea_32_view3_zstack_slice_z0020.png,Siphouvigerina proboscidea,gaussian,10.0,Siphouvigerina proboscidea,0.9836385250091552,1
150,data/eval_images/Siphouvigerina proboscidea_32_view3_zstack_slice_z0020.png,Siphouvigerina proboscidea,gaussian,25.0,Siphouvigerina proboscidea,0.9803999662399292,1
150,data/eval_images/Siphouvigerina proboscidea_32_view3_zstack_slice_z0020.png,Siphouvigerina proboscidea,gaussian,50.0,Siphouvigerina proboscidea,0.9376035928726196,1
150,data/eval_images/Siphouvigerina proboscidea_32_view3_zstack_slice_z0020.png,Siphouvigerina proboscidea,saltpepper,0.0,Siphouvigerina proboscidea,0.9860267639160156,1
150,data/eval_images/Siphouvigerina proboscidea_32_view3_zstack_slice_z0020.png,Siphouvigerina proboscidea,saltpepper,0.01,Siphouvigerina proboscidea,0.9857729077339172,1
150,data/eval_images/Siphouvigerina proboscidea_32_view3_zstack_slice_z0020.png,Siphouvigerina proboscidea,saltpepper,0.03,Siphouvigerina proboscidea,0.9842349886894226,1
150,data/eval_images/Siphouvigerina proboscidea_32_view3_zstack_slice_z0020.png,Siphouvigerina proboscidea,saltpepper,0.07,Siphouvigerina proboscidea,0.9820818305015564,1
150,data/eval_images/Siphouvigerina proboscidea_32_view3_zstack_slice_z0020.png,Siphouvigerina proboscidea,stretch,1.0,Siphouvigerina proboscidea,0.9860267639160156,1
151,data/eval_images/Siphouvigerina proboscidea_32_view3_zstack_slice_z0021.png,Siphouvigerina proboscidea,gaussian,0.0,Siphouvigerina proboscidea,0.9860107898712158,1
151,data/eval_images/Siphouvigerina proboscidea_32_view3_zstack_slice_z0021.png,Siphouvigerina proboscidea,gaussian,5.0,Siphouvigerina proboscidea,0.9849189519882202,1
151,data/eval_images/Siphouvigerina proboscidea_32_view3_zstack_slice_z0021.png,Siphouvigerina proboscidea,gaussian,10.0,Siphouvigerina proboscidea,0.9838880896568298,1
151,data/eval_images/Siphouvigerina proboscidea_32_view3_zstack_slice_z0021.png,Siphouvigerina proboscidea,gaussian,25.0,Siphouvigerina proboscidea,0.9799540042877196,1
151,data/eval_images/Siphouvigerina proboscidea_32_view3_zstack_slice_z0021.png,Siphouvigerina proboscidea,gaussian,50.0,Siphouvigerina proboscidea,0.9764478802680968,1
151,data/eval_images/Siphouvigerina proboscidea_32_view3_zstack_slice_z0021.png,Siphouvigerina proboscidea,saltpepper,0.0,Siphouvigerina proboscidea,0.9860107898712158,1
151,data/eval_images/Siphouvigerina proboscidea_32_view3_zstack_slice_z0021.png,Siphouvigerina proboscidea,saltpepper,0.01,Siphouvigerina proboscidea,0.9853286147117616,1
151,data/eval_images/Siphouvigerina proboscidea_32_view3_zstack_slice_z0021.png,Siphouvigerina proboscidea,saltpepper,0.03,Siphouvigerina proboscidea,0.9844610095024108,1
151,data/eval_images/Siphouvigerina proboscidea_32_view3_zstack_slice_z0021.png,Siphouvigerina proboscidea,saltpepper,0.07,Siphouvigerina proboscidea,0.9814894795417786,1
151,data/eval_images/Siphouvigerina proboscidea_32_view3_zstack_slice_z0021.png,Siphouvigerina proboscidea,stretch,1.0,Siphouvigerina proboscidea,0.9860107898712158,1
152,data/eval_images/Siphouvigerina proboscidea_32_view3_zstack_slice_z0025.png,Siphouvigerina proboscidea,gaussian,0.0,Siphouvigerina proboscidea,0.985701322555542,1
152,data/eval_images/Siphouvigerina proboscidea_32_view3_zstack_slice_z0025.png,Siphouvigerina proboscidea,gaussian,5.0,Siphouvigerina proboscidea,0.9848565459251404,1
152,data/eval_images/Siphouvigerina proboscidea_32_view3_zstack_slice_z0025.png,Siphouvigerina proboscidea,gaussian,10.0,Siphouvigerina proboscidea,0.9833166003227234,1
152,data/eval_images/Siphouvigerina proboscidea_32_view3_zstack_slice_z0025.png,Siphouvigerina proboscidea,gaussian,25.0,Siphouvigerina proboscidea,0.9814975261688232,1
152,data/eval_images/Siphouvigerina proboscidea_32_view3_zstack_slice_z0025.png,Siphouvigerina proboscidea,gaussian,50.0,Siphouvigerina proboscidea,0.964585542678833,1
152,data/eval_images/Siphouvigerina proboscidea_32_view3_zstack_slice_z0025.png,Siphouvigerina proboscidea,saltpepper,0.0,Siphouvigerina proboscidea,0.985701322555542,1
152,data/eval_images/Siphouvigerina proboscidea_32_view3_zstack_slice_z0025.png,Siphouvigerina proboscidea,saltpepper,0.01,Siphouvigerina proboscidea,0.985282301902771,1
152,data/eval_images/Siphouvigerina proboscidea_32_view3_zstack_slice_z0025.png,Siphouvigerina proboscidea,saltpepper,0.03,Siphouvigerina proboscidea,0.9846991896629332,1
152,data/eval_images/Siphouvigerina proboscidea_32_view3_zstack_slice_z0025.png,Siphouvigerina proboscidea,saltpepper,0.07,Siphouvigerina proboscidea,0.9820244312286376,1
152,data/eval_images/Siphouvigerina proboscidea_32_view3_zstack_slice_z0025.png,Siphouvigerina proboscidea,stretch,1.0,Siphouvigerina proboscidea,0.985701322555542,1
153,data/eval_images/Siphouvigerina proboscidea_32_view3_zstack_slice_z0031.png,Siphouvigerina proboscidea,gaussian,0.0,Siphouvigerina proboscidea,0.9852313995361328,1
153,data/eval_images/Siphouvigerina proboscidea_32_view3_zstack_slice_z0031.png,Siphouvigerina proboscidea,gaussian,5.0,Siphouvigerina proboscidea,0.9846579432487488,1
153,data/eval_images/Siphouvigerina proboscidea_32_view3_zstack_slice_z0031.png,Siphouvigerina proboscidea,gaussian,10.0,Siphouvigerina proboscidea,0.9833402037620544,1
153,data/eval_images/Siphouvigerina proboscidea_32_view3_zstack_slice_z0031.png,Siphouvigerina proboscidea,gaussian,25.0,Siphouvigerina proboscidea,0.9800159335136414,1
153,data/eval_images/Siphouvigerina proboscidea_32_view3_zstack_slice_z0031.png,Siphouvigerina proboscidea,gaussian,50.0,Siphouvigerina proboscidea,0.9740294814109802,1
153,data/eval_images/Siphouvigerina proboscidea_32_view3_zstack_slice_z0031.png,Siphouvigerina proboscidea,saltpepper,0.0,Siphouvigerina proboscidea,0.9852313995361328,1
153,data/eval_images/Siphouvigerina proboscidea_32_view3_zstack_slice_z0031.png,Siphouvigerina proboscidea,saltpepper,0.01,Siphouvigerina proboscidea,0.9851590991020204,1
153,data/eval_images/Siphouvigerina proboscidea_32_view3_zstack_slice_z0031.png,Siphouvigerina proboscidea,saltpepper,0.03,Siphouvigerina proboscidea,0.9835729002952576,1
153,data/eval_images/Siphouvigerina proboscidea_32_view3_zstack_slice_z0031.png,Siphouvigerina proboscidea,saltpepper,0.07,Siphouvigerina proboscidea,0.982807159423828,1
153,data/eval_images/Siphouvigerina proboscidea_32_view3_zstack_slice_z0031.png,Siphouvigerina proboscidea,stretch,1.0,Siphouvigerina proboscidea,0.9852313995361328,1
154,data/eval_images/Sorites orbiculus_25_view4_gif_original.png,Sorites orbiculus,gaussian,0.0,Sorites orbiculus,0.991036891937256,1
154,data/eval_images/Sorites orbiculus_25_view4_gif_original.png,Sorites orbiculus,gaussian,5.0,Sorites orbiculus,0.9925552010536194,1
154,data/eval_images/Sorites orbiculus_25_view4_gif_original.png,Sorites orbiculus,gaussian,10.0,Sorites orbiculus,0.9933643341064452,1
154,data/eval_images/Sorites orbiculus_25_view4_gif_original.png,Sorites orbiculus,gaussian,25.0,Sorites orbiculus,0.9904614090919496,1
154,data/eval_images/Sorites orbiculus_25_view4_gif_original.png,Sorites orbiculus,gaussian,50.0,Sorites orbiculus,0.9872806668281556,1
154,data/eval_images/Sorites orbiculus_25_view4_gif_original.png,Sorites orbiculus,saltpepper,0.0,Sorites orbiculus,0.991036891937256,1
154,data/eval_images/Sorites orbiculus_25_view4_gif_original.png,Sorites orbiculus,saltpepper,0.01,Sorites orbiculus,0.9915367364883424,1
154,data/eval_images/Sorites orbiculus_25_view4_gif_original.png,Sorites orbiculus,saltpepper,0.03,Sorites orbiculus,0.991996705532074,1
154,data/eval_images/Sorites orbiculus_25_view4_gif_original.png,Sorites orbiculus,saltpepper,0.07,Sorites orbiculus,0.9928094148635864,1
154,data/eval_images/Sorites orbiculus_25_view4_gif_original.png,Sorites orbiculus,stretch,1.0,Sorites orbiculus,0.991036891937256,1
155,data/eval_images/Sorites orbiculus_25_view4_stacked_tiff.png,Sorites orbiculus,gaussian,0.0,Sorites orbiculus,0.99147367477417,1
155,data/eval_images/Sorites orbiculus_25_view4_stacked_tiff.png,Sorites orbiculus,gaussian,5.0,Sorites orbiculus,0.9923056960105896,1
155,data/eval_images/Sorites orbiculus_25_view4_stacked_tiff.png,Sorites orbiculus,gaussian,10.0,Sorites orbiculus,0.9933751225471495,1
155,data/eval_images/Sorites orbiculus_25_view4_stacked_tiff.png,Sorites orbiculus,gaussian,25.0,Sorites orbiculus,0.9927229285240172,1
155,data/eval_images/Sorites orbiculus_25_view4_stacked_tiff.png,Sorites orbiculus,gaussian,50.0,Sorites orbiculus,0.9901796579360962,1
155,data/eval_images/Sorites orbiculus_25_view4_stacked_tiff.png,Sorites orbiculus,saltpepper,0.0,Sorites orbiculus,0.99147367477417,1
155,data/eval_images/Sorites orbiculus_25_view4_stacked_tiff.png,Sorites orbiculus,saltpepper,0.01,Sorites orbiculus,0.9914836287498474,1
155,data/eval_images/Sorites orbiculus_25_view4_stacked_tiff.png,Sorites orbiculus,saltpepper,0.03,Sorites orbiculus,0.9920634627342224,1
155,data/eval_images/Sorites orbiculus_25_view4_stacked_tiff.png,Sorites orbiculus,saltpepper,0.07,Sorites orbiculus,0.9930393099784852,1
155,data/eval_images/Sorites orbiculus_25_view4_stacked_tiff.png,Sorites orbiculus,stretch,1.0,Sorites orbiculus,0.99147367477417,1
156,data/eval_images/Sorites orbiculus_25_view4_zstack_slice_z0003.png,Sorites orbiculus,gaussian,0.0,Sorites orbiculus,0.9921687245368958,1
156,data/eval_images/Sorites orbiculus_25_view4_zstack_slice_z0003.png,Sorites orbiculus,gaussian,5.0,Sorites orbiculus,0.9933005571365356,1
156,data/eval_images/Sorites orbiculus_25_view4_zstack_slice_z0003.png,Sorites orbiculus,gaussian,10.0,Sorites orbiculus,0.9928134083747864,1
156,data/eval_images/Sorites orbiculus_25_view4_zstack_slice_z0003.png,Sorites orbiculus,gaussian,25.0,Sorites orbiculus,0.991933524608612,1
156,data/eval_images/Sorites orbiculus_25_view4_zstack_slice_z0003.png,Sorites orbiculus,gaussian,50.0,Sorites orbiculus,0.9897640943527222,1
156,data/eval_images/Sorites orbiculus_25_view4_zstack_slice_z0003.png,Sorites orbiculus,saltpepper,0.0,Sorites orbiculus,0.9921687245368958,1
156,data/eval_images/Sorites orbiculus_25_view4_zstack_slice_z0003.png,Sorites orbiculus,saltpepper,0.01,Sorites orbiculus,0.9923120141029358,1
156,data/eval_images/Sorites orbiculus_25_view4_zstack_slice_z0003.png,Sorites orbiculus,saltpepper,0.03,Sorites orbiculus,0.9925421476364136,1
156,data/eval_images/Sorites orbiculus_25_view4_zstack_slice_z0003.png,Sorites orbiculus,saltpepper,0.07,Sorites orbiculus,0.9942545294761658,1
156,data/eval_images/Sorites orbiculus_25_view4_zstack_slice_z0003.png,Sorites orbiculus,stretch,1.0,Sorites orbiculus,0.9921687245368958,1
157,data/eval_images/Sorites orbiculus_25_view4_zstack_slice_z0006.png,Sorites orbiculus,gaussian,0.0,Sorites orbiculus,0.992084503173828,1
157,data/eval_images/Sorites orbiculus_25_view4_zstack_slice_z0006.png,Sorites orbiculus,gaussian,5.0,Sorites orbiculus,0.9931740164756776,1
157,data/eval_images/Sorites orbiculus_25_view4_zstack_slice_z0006.png,Sorites orbiculus,gaussian,10.0,Sorites orbiculus,0.9929498434066772,1
157,data/eval_images/Sorites orbiculus_25_view4_zstack_slice_z0006.png,Sorites orbiculus,gaussian,25.0,Sorites orbiculus,0.9911030530929564,1
157,data/eval_images/Sorites orbiculus_25_view4_zstack_slice_z0006.png,Sorites orbiculus,gaussian,50.0,Sorites orbiculus,0.9888153672218324,1
157,data/eval_images/Sorites orbiculus_25_view4_zstack_slice_z0006.png,Sorites orbiculus,saltpepper,0.0,Sorites orbiculus,0.992084503173828,1
157,data/eval_images/Sorites orbiculus_25_view4_zstack_slice_z0006.png,Sorites orbiculus,saltpepper,0.01,Sorites orbiculus,0.9924572706222534,1
157,data/eval_images/Sorites orbiculus_25_view4_zstack_slice_z0006.png,Sorites orbiculus,saltpepper,0.03,Sorites orbiculus,0.9924391508102416,1
157,data/eval_images/Sorites orbiculus_25_view4_zstack_slice_z0006.png,Sorites orbiculus,saltpepper,0.07,Sorites orbiculus,0.9935989379882812,1
157,data/eval_images/Sorites orbiculus_25_view4_zstack_slice_z0006.png,Sorites orbiculus,stretch,1.0,Sorites orbiculus,0.992084503173828,1
158,data/eval_images/Sorites orbiculus_25_view4_zstack_slice_z0007.png,Sorites orbiculus,gaussian,0.0,Sorites orbiculus,0.9918445944786072,1
158,data/eval_images/Sorites orbiculus_25_view4_zstack_slice_z0007.png,Sorites orbiculus,gaussian,5.0,Sorites orbiculus,0.9927724003791808,1
158,data/eval_images/Sorites orbiculus_25_view4_zstack_slice_z0007.png,Sorites orbiculus,gaussian,10.0,Sorites orbiculus,0.9935709238052368,1
158,data/eval_images/Sorites orbiculus_25_view4_zstack_slice_z0007.png,Sorites orbiculus,gaussian,25.0,Sorites orbiculus,0.9894904494285583,1
158,data/eval_images/Sorites orbiculus_25_view4_zstack_slice_z0007.png,Sorites orbiculus,gaussian,50.0,Sorites orbiculus,0.986695408821106,1
158,data/eval_images/Sorites orbiculus_25_view4_zstack_slice_z0007.png,Sorites orbiculus,saltpepper,0.0,Sorites orbiculus,0.9918445944786072,1
158,data/eval_images/Sorites orbiculus_25_view4_zstack_slice_z0007.png,Sorites orbiculus,saltpepper,0.01,Sorites orbiculus,0.9921122789382936,1
158,data/eval_images/Sorites orbiculus_25_view4_zstack_slice_z0007.png,Sorites orbiculus,saltpepper,0.03,Sorites orbiculus,0.992514669895172,1
158,data/eval_images/Sorites orbiculus_25_view4_zstack_slice_z0007.png,Sorites orbiculus,saltpepper,0.07,Sorites orbiculus,0.9933016300201416,1
158,data/eval_images/Sorites orbiculus_25_view4_zstack_slice_z0007.png,Sorites orbiculus,stretch,1.0,Sorites orbiculus,0.9918445944786072,1
159,data/eval_images/Sorites orbiculus_25_view4_zstack_slice_z0010.png,Sorites orbiculus,gaussian,0.0,Sorites orbiculus,0.9915618300437928,1
159,data/eval_images/Sorites orbiculus_25_view4_zstack_slice_z0010.png,Sorites orbiculus,gaussian,5.0,Sorites orbiculus,0.9923747181892396,1
159,data/eval_images/Sorites orbiculus_25_view4_zstack_slice_z0010.png,Sorites orbiculus,gaussian,10.0,Sorites orbiculus,0.9923905730247498,1
159,data/eval_images/Sorites orbiculus_25_view4_zstack_slice_z0010.png,Sorites orbiculus,gaussian,25.0,Sorites orbiculus,0.9920411705970764,1
159,data/eval_images/Sorites orbiculus_25_view4_zstack_slice_z0010.png,Sorites orbiculus,gaussian,50.0,Sorites orbiculus,0.9875698685646056,1
159,data/eval_images/Sorites orbiculus_25_view4_zstack_slice_z0010.png,Sorites orbiculus,saltpepper,0.0,Sorites orbiculus,0.9915618300437928,1
159,data/eval_images/Sorites orbiculus_25_view4_zstack_slice_z0010.png,Sorites orbiculus,saltpepper,0.01,Sorites orbiculus,0.991821587085724,1
159,data/eval_images/Sorites orbiculus_25_view4_zstack_slice_z0010.png,Sorites orbiculus,saltpepper,0.03,Sorites orbiculus,0.9922550916671752,1
159,data/eval_images/Sorites orbiculus_25_view4_zstack_slice_z0010.png,Sorites orbiculus,saltpepper,0.07,Sorites orbiculus,0.9927997589111328,1
159,data/eval_images/Sorites orbiculus_25_view4_zstack_slice_z0010.png,Sorites orbiculus,stretch,1.0,Sorites orbiculus,0.9915618300437928,1
160,data/eval_images/Sorites orbiculus_25_view4_zstack_slice_z0011.png,Sorites orbiculus,gaussian,0.0,Sorites orbiculus,0.9916048049926758,1
160,data/eval_images/Sorites orbiculus_25_view4_zstack_slice_z0011.png,Sorites orbiculus,gaussian,5.0,Sorites orbiculus,0.9922423362731934,1
160,data/eval_images/Sorites orbiculus_25_view4_zstack_slice_z0011.png,Sorites orbiculus,gaussian,10.0,Sorites orbiculus,0.9902690649032592,1
160,data/eval_images/Sorites orbiculus_25_view4_zstack_slice_z0011.png,Sorites orbiculus,gaussian,25.0,Sorites orbiculus,0.9897195100784302,1
160,data/eval_images/Sorites orbiculus_25_view4_zstack_slice_z0011.png,Sorites orbiculus,gaussian,50.0,Sorites orbiculus,0.9884110689163208,1
160,data/eval_images/Sorites orbiculus_25_view4_zstack_slice_z0011.png,Sorites orbiculus,saltpepper,0.0,Sorites orbiculus,0.9916048049926758,1
160,data/eval_images/Sorites orbiculus_25_view4_zstack_slice_z0011.png,Sorites orbiculus,saltpepper,0.01,Sorites orbiculus,0.9922560453414916,1
160,data/eval_images/Sorites orbiculus_25_view4_zstack_slice_z0011.png,Sorites orbiculus,saltpepper,0.03,Sorites orbiculus,0.9922049641609192,1
160,data/eval_images/Sorites orbiculus_25_view4_zstack_slice_z0011.png,Sorites orbiculus,saltpepper,0.07,Sorites orbiculus,0.9923285841941832,1
160,data/eval_images/Sorites orbiculus_25_view4_zstack_slice_z0011.png,Sorites orbiculus,stretch,1.0,Sorites orbiculus,0.9916048049926758,1
161,data/eval_images/Spiroloculina communis_1_view1_gif_original.png,Spiroloculina communis,gaussian,0.0,Spiroloculina communis,0.9214596152305604,1
161,data/eval_images/Spiroloculina communis_1_view1_gif_original.png,Spiroloculina communis,gaussian,5.0,Spiroloculina communis,0.9071326851844788,1
161,data/eval_images/Spiroloculina communis_1_view1_gif_original.png,Spiroloculina communis,gaussian,10.0,Spiroloculina communis,0.885860025882721,1
161,data/eval_images/Spiroloculina communis_1_view1_gif_original.png,Spiroloculina communis,gaussian,25.0,Spiroloculina communis,0.7431626915931702,1
161,data/eval_images/Spiroloculina communis_1_view1_gif_original.png,Spiroloculina communis,gaussian,50.0,Spiroloculina communis,0.5956611633300781,1
161,data/eval_images/Spiroloculina communis_1_view1_gif_original.png,Spiroloculina communis,saltpepper,0.0,Spiroloculina communis,0.9214596152305604,1
161,data/eval_images/Spiroloculina communis_1_view1_gif_original.png,Spiroloculina communis,saltpepper,0.01,Spiroloculina communis,0.9281749129295348,1
161,data/eval_images/Spiroloculina communis_1_view1_gif_original.png,Spiroloculina communis,saltpepper,0.03,Spiroloculina communis,0.9226616621017456,1
161,data/eval_images/Spiroloculina communis_1_view1_gif_original.png,Spiroloculina communis,saltpepper,0.07,Spiroloculina communis,0.8859781622886658,1
161,data/eval_images/Spiroloculina communis_1_view1_gif_original.png,Spiroloculina communis,stretch,1.0,Spiroloculina communis,0.9214596152305604,1
162,data/eval_images/Spiroloculina communis_1_view1_stacked_tiff.png,Spiroloculina communis,gaussian,0.0,Spiroloculina communis,0.920555293560028,1
162,data/eval_images/Spiroloculina communis_1_view1_stacked_tiff.png,Spiroloculina communis,gaussian,5.0,Spiroloculina communis,0.9142016172409058,1
162,data/eval_images/Spiroloculina communis_1_view1_stacked_tiff.png,Spiroloculina communis,gaussian,10.0,Spiroloculina communis,0.8767436742782593,1
162,data/eval_images/Spiroloculina communis_1_view1_stacked_tiff.png,Spiroloculina communis,gaussian,25.0,Spiroloculina communis,0.7738393545150757,1
162,data/eval_images/Spiroloculina communis_1_view1_stacked_tiff.png,Spiroloculina communis,gaussian,50.0,Spiroloculina communis,0.666138768196106,1
162,data/eval_images/Spiroloculina communis_1_view1_stacked_tiff.png,Spiroloculina communis,saltpepper,0.0,Spiroloculina communis,0.920555293560028,1
162,data/eval_images/Spiroloculina communis_1_view1_stacked_tiff.png,Spiroloculina communis,saltpepper,0.01,Spiroloculina communis,0.917915940284729,1
162,data/eval_images/Spiroloculina communis_1_view1_stacked_tiff.png,Spiroloculina communis,saltpepper,0.03,Spiroloculina communis,0.9246050715446472,1
162,data/eval_images/Spiroloculina communis_1_view1_stacked_tiff.png,Spiroloculina communis,saltpepper,0.07,Spiroloculina communis,0.8733818531036377,1
162,data/eval_images/Spiroloculina communis_1_view1_stacked_tiff.png,Spiroloculina communis,stretch,1.0,Spiroloculina communis,0.920555293560028,1
163,data/eval_images/Spiroloculina communis_1_view1_zstack_slice_z0003.png,Spiroloculina communis,gaussian,0.0,Spiroloculina communis,0.8674715757369995,1
163,data/eval_images/Spiroloculina communis_1_view1_zstack_slice_z0003.png,Spiroloculina communis,gaussian,5.0,Spiroloculina communis,0.8678429126739502,1
163,data/eval_images/Spiroloculina communis_1_view1_zstack_slice_z0003.png,Spiroloculina communis,gaussian,10.0,Spiroloculina communis,0.8521954417228699,1
163,data/eval_images/Spiroloculina communis_1_view1_zstack_slice_z0003.png,Spiroloculina communis,gaussian,25.0,Spiroloculina communis,0.8504713773727417,1
163,data/eval_images/Spiroloculina communis_1_view1_zstack_slice_z0003.png,Spiroloculina communis,gaussian,50.0,Spiroloculina communis,0.8236826062202454,1
163,data/eval_images/Spiroloculina communis_1_view1_zstack_slice_z0003.png,Spiroloculina communis,saltpepper,0.0,Spiroloculina communis,0.8674715757369995,1
163,data/eval_images/Spiroloculina communis_1_view1_zstack_slice_z0003.png,Spiroloculina communis,saltpepper,0.01,Spiroloculina communis,0.8739324808120728,1
163,data/eval_images/Spiroloculina communis_1_view1_zstack_slice_z0003.png,Spiroloculina communis,saltpepper,0.03,Spiroloculina communis,0.8819237351417542,1
163,data/eval_images/Spiroloculina communis_1_view1_zstack_slice_z0003.png,Spiroloculina communis,saltpepper,0.07,Spiroloculina communis,0.8767566680908203,1
163,data/eval_images/Spiroloculina communis_1_view1_zstack_slice_z0003.png,Spiroloculina communis,stretch,1.0,Spiroloculina communis,0.8674715757369995,1
164,data/eval_images/Spiroloculina communis_1_view1_zstack_slice_z0004.png,Spiroloculina communis,gaussian,0.0,Spiroloculina communis,0.8813214302062988,1
164,data/eval_images/Spiroloculina communis_1_view1_zstack_slice_z0004.png,Spiroloculina communis,gaussian,5.0,Spiroloculina communis,0.8719072937965393,1
164,data/eval_images/Spiroloculina communis_1_view1_zstack_slice_z0004.png,Spiroloculina communis,gaussian,10.0,Spiroloculina communis,0.8617914915084839,1
164,data/eval_images/Spiroloculina communis_1_view1_zstack_slice_z0004.png,Spiroloculina communis,gaussian,25.0,Spiroloculina communis,0.8278733491897583,1
164,data/eval_images/Spiroloculina communis_1_view1_zstack_slice_z0004.png,Spiroloculina communis,gaussian,50.0,Spiroloculina communis,0.7906498312950134,1
164,data/eval_images/Spiroloculina communis_1_view1_zstack_slice_z0004.png,Spiroloculina communis,saltpepper,0.0,Spiroloculina communis,0.8813214302062988,1
164,data/eval_images/Spiroloculina communis_1_view1_zstack_slice_z0004.png,Spiroloculina communis,saltpepper,0.01,Spiroloculina communis,0.8867540955543518,1
164,data/eval_images/Spiroloculina communis_1_view1_zstack_slice_z0004.png,Spiroloculina communis,saltpepper,0.03,Spiroloculina communis,0.8859198093414307,1
164,data/eval_images/Spiroloculina communis_1_view1_zstack_slice_z0004.png,Spiroloculina communis,saltpepper,0.07,Spiroloculina communis,0.8779714703559875,1
164,data/eval_images/Spiroloculina communis_1_view1_zstack_slice_z0004.png,Spiroloculina communis,stretch,1.0,Spiroloculina communis,0.8813214302062988,1
165,data/eval_images/Spiroloculina communis_1_view1_zstack_slice_z0044.png,Spiroloculina communis,gaussian,0.0,Spiroloculina communis,0.9066402316093444,1
165,data/eval_images/Spiroloculina communis_1_view1_zstack_slice_z0044.png,Spiroloculina communis,gaussian,5.0,Spiroloculina communis,0.9114359021186828,1
165,data/eval_images/Spiroloculina communis_1_view1_zstack_slice_z0044.png,Spiroloculina communis,gaussian,10.0,Spiroloculina communis,0.9005622863769531,1
165,data/eval_images/Spiroloculina communis_1_view1_zstack_slice_z0044.png,Spiroloculina communis,gaussian,25.0,Spiroloculina communis,0.4631063938140869,1
165,data/eval_images/Spiroloculina communis_1_view1_zstack_slice_z0044.png,Spiroloculina communis,gaussian,50.0,Triloculina trigonula,0.3875378668308258,0
165,data/eval_images/Spiroloculina communis_1_view1_zstack_slice_z0044.png,Spiroloculina communis,saltpepper,0.0,Spiroloculina communis,0.9066402316093444,1
165,data/eval_images/Spiroloculina communis_1_view1_zstack_slice_z0044.png,Spiroloculina communis,saltpepper,0.01,Spiroloculina communis,0.9126731753349304,1
165,data/eval_images/Spiroloculina communis_1_view1_zstack_slice_z0044.png,Spiroloculina communis,saltpepper,0.03,Spiroloculina communis,0.9157971739768982,1
165,data/eval_images/Spiroloculina communis_1_view1_zstack_slice_z0044.png,Spiroloculina communis,saltpepper,0.07,Spiroloculina communis,0.8537032604217529,1
165,data/eval_images/Spiroloculina communis_1_view1_zstack_slice_z0044.png,Spiroloculina communis,stretch,1.0,Spiroloculina communis,0.9066402316093444,1
166,data/eval_images/Spiroloculina communis_1_view1_zstack_slice_z0077.png,Spiroloculina communis,gaussian,0.0,Spiroloculina communis,0.9295457005500792,1
166,data/eval_images/Spiroloculina communis_1_view1_zstack_slice_z0077.png,Spiroloculina communis,gaussian,5.0,Spiroloculina communis,0.8967958092689514,1
166,data/eval_images/Spiroloculina communis_1_view1_zstack_slice_z0077.png,Spiroloculina communis,gaussian,10.0,Triloculina trigonula,0.4521239399909973,0
166,data/eval_images/Spiroloculina communis_1_view1_zstack_slice_z0077.png,Spiroloculina communis,gaussian,25.0,Triloculina trigonula,0.8075453042984009,0
166,data/eval_images/Spiroloculina communis_1_view1_zstack_slice_z0077.png,Spiroloculina communis,gaussian,50.0,Triloculina trigonula,0.5630635619163513,0
166,data/eval_images/Spiroloculina communis_1_view1_zstack_slice_z0077.png,Spiroloculina communis,saltpepper,0.0,Spiroloculina communis,0.9295457005500792,1
166,data/eval_images/Spiroloculina communis_1_view1_zstack_slice_z0077.png,Spiroloculina communis,saltpepper,0.01,Spiroloculina communis,0.908599317073822,1
166,data/eval_images/Spiroloculina communis_1_view1_zstack_slice_z0077.png,Spiroloculina communis,saltpepper,0.03,Spiroloculina communis,0.8638924360275269,1
166,data/eval_images/Spiroloculina communis_1_view1_zstack_slice_z0077.png,Spiroloculina communis,saltpepper,0.07,Spiroloculina communis,0.5940852165222168,1
166,data/eval_images/Spiroloculina communis_1_view1_zstack_slice_z0077.png,Spiroloculina communis,stretch,1.0,Spiroloculina communis,0.9295457005500792,1
167,data/eval_images/Spiroloculina communis_1_view1_zstack_slice_z0078.png,Spiroloculina communis,gaussian,0.0,Spiroloculina communis,0.9274649620056152,1
167,data/eval_images/Spiroloculina communis_1_view1_zstack_slice_z0078.png,Spiroloculina communis,gaussian,5.0,Spiroloculina communis,0.8893516063690186,1
167,data/eval_images/Spiroloculina communis_1_view1_zstack_slice_z0078.png,Spiroloculina communis,gaussian,10.0,Triloculina trigonula,0.5868645906448364,0
167,data/eval_images/Spiroloculina communis_1_view1_zstack_slice_z0078.png,Spiroloculina communis,gaussian,25.0,Triloculina trigonula,0.7960700988769531,0
167,data/eval_images/Spiroloculina communis_1_view1_zstack_slice_z0078.png,Spiroloculina communis,gaussian,50.0,Triloculina trigonula,0.6864034533500671,0
167,data/eval_images/Spiroloculina communis_1_view1_zstack_slice_z0078.png,Spiroloculina communis,saltpepper,0.0,Spiroloculina communis,0.9274649620056152,1
167,data/eval_images/Spiroloculina communis_1_view1_zstack_slice_z0078.png,Spiroloculina communis,saltpepper,0.01,Spiroloculina communis,0.909727156162262,1
167,data/eval_images/Spiroloculina communis_1_view1_zstack_slice_z0078.png,Spiroloculina communis,saltpepper,0.03,Spiroloculina communis,0.9116092324256896,1
167,data/eval_images/Spiroloculina communis_1_view1_zstack_slice_z0078.png,Spiroloculina communis,saltpepper,0.07,Spiroloculina communis,0.6410323977470398,1
167,data/eval_images/Spiroloculina communis_1_view1_zstack_slice_z0078.png,Spiroloculina communis,stretch,1.0,Spiroloculina communis,0.9274649620056152,1
168,data/eval_images/Spiroloculina ornata_7_view6_gif_original.png,Spiroloculina ornata,gaussian,0.0,Spiroloculina ornata,0.8711963891983032,1
168,data/eval_images/Spiroloculina ornata_7_view6_gif_original.png,Spiroloculina ornata,gaussian,5.0,Spiroloculina ornata,0.8726561665534973,1
168,data/eval_images/Spiroloculina ornata_7_view6_gif_original.png,Spiroloculina ornata,gaussian,10.0,Spiroloculina ornata,0.8208081722259521,1
168,data/eval_images/Spiroloculina ornata_7_view6_gif_original.png,Spiroloculina ornata,gaussian,25.0,Spiroloculina ornata,0.6889376640319824,1
168,data/eval_images/Spiroloculina ornata_7_view6_gif_original.png,Spiroloculina ornata,gaussian,50.0,Spiroloculina communis,0.5496454238891602,0
168,data/eval_images/Spiroloculina ornata_7_view6_gif_original.png,Spiroloculina ornata,saltpepper,0.0,Spiroloculina ornata,0.8711963891983032,1
168,data/eval_images/Spiroloculina ornata_7_view6_gif_original.png,Spiroloculina ornata,saltpepper,0.01,Spiroloculina ornata,0.8725087642669678,1
168,data/eval_images/Spiroloculina ornata_7_view6_gif_original.png,Spiroloculina ornata,saltpepper,0.03,Spiroloculina ornata,0.8257040977478027,1
168,data/eval_images/Spiroloculina ornata_7_view6_gif_original.png,Spiroloculina ornata,saltpepper,0.07,Spiroloculina ornata,0.6323224306106567,1
168,data/eval_images/Spiroloculina ornata_7_view6_gif_original.png,Spiroloculina ornata,stretch,1.0,Spiroloculina ornata,0.8711963891983032,1
169,data/eval_images/Spiroloculina ornata_7_view6_stacked_tiff.png,Spiroloculina ornata,gaussian,0.0,Spiroloculina ornata,0.8693862557411194,1
169,data/eval_images/Spiroloculina ornata_7_view6_stacked_tiff.png,Spiroloculina ornata,gaussian,5.0,Spiroloculina ornata,0.877517819404602,1
169,data/eval_images/Spiroloculina ornata_7_view6_stacked_tiff.png,Spiroloculina ornata,gaussian,10.0,Spiroloculina ornata,0.8545522689819336,1
169,data/eval_images/Spiroloculina ornata_7_view6_stacked_tiff.png,Spiroloculina ornata,gaussian,25.0,Spiroloculina ornata,0.703093945980072,1
169,data/eval_images/Spiroloculina ornata_7_view6_stacked_tiff.png,Spiroloculina ornata,gaussian,50.0,Spiroloculina communis,0.4918610751628876,0
169,data/eval_images/Spiroloculina ornata_7_view6_stacked_tiff.png,Spiroloculina ornata,saltpepper,0.0,Spiroloculina ornata,0.8693862557411194,1
169,data/eval_images/Spiroloculina ornata_7_view6_stacked_tiff.png,Spiroloculina ornata,saltpepper,0.01,Spiroloculina ornata,0.877855658531189,1
169,data/eval_images/Spiroloculina ornata_7_view6_stacked_tiff.png,Spiroloculina ornata,saltpepper,0.03,Spiroloculina ornata,0.8467881679534912,1
169,data/eval_images/Spiroloculina ornata_7_view6_stacked_tiff.png,Spiroloculina ornata,saltpepper,0.07,Spiroloculina ornata,0.6963182091712952,1
169,data/eval_images/Spiroloculina ornata_7_view6_stacked_tiff.png,Spiroloculina ornata,stretch,1.0,Spiroloculina ornata,0.8693862557411194,1
170,data/eval_images/Spiroloculina ornata_7_view6_zstack_slice_z0003.png,Spiroloculina ornata,gaussian,0.0,Spiroloculina ornata,0.8669220209121704,1
170,data/eval_images/Spiroloculina ornata_7_view6_zstack_slice_z0003.png,Spiroloculina ornata,gaussian,5.0,Spiroloculina ornata,0.819422721862793,1
170,data/eval_images/Spiroloculina ornata_7_view6_zstack_slice_z0003.png,Spiroloculina ornata,gaussian,10.0,Spiroloculina ornata,0.6574141383171082,1
170,data/eval_images/Spiroloculina ornata_7_view6_zstack_slice_z0003.png,Spiroloculina ornata,gaussian,25.0,Spiroloculina communis,0.5328789949417114,0
170,data/eval_images/Spiroloculina ornata_7_view6_zstack_slice_z0003.png,Spiroloculina ornata,gaussian,50.0,Spiroloculina communis,0.5997149348258972,0
170,data/eval_images/Spiroloculina ornata_7_view6_zstack_slice_z0003.png,Spiroloculina ornata,saltpepper,0.0,Spiroloculina ornata,0.8669220209121704,1
170,data/eval_images/Spiroloculina ornata_7_view6_zstack_slice_z0003.png,Spiroloculina ornata,saltpepper,0.01,Spiroloculina ornata,0.8716647624969482,1
170,data/eval_images/Spiroloculina ornata_7_view6_zstack_slice_z0003.png,Spiroloculina ornata,saltpepper,0.03,Spiroloculina ornata,0.7291870713233948,1
170,data/eval_images/Spiroloculina ornata_7_view6_zstack_slice_z0003.png,Spiroloculina ornata,saltpepper,0.07,Spiroloculina communis,0.5642979145050049,0
170,data/eval_images/Spiroloculina ornata_7_view6_zstack_slice_z0003.png,Spiroloculina ornata,stretch,1.0,Spiroloculina ornata,0.8669220209121704,1
171,data/eval_images/Spiroloculina ornata_7_view6_zstack_slice_z0020.png,Spiroloculina ornata,gaussian,0.0,Spiroloculina ornata,0.8724438548088074,1
171,data/eval_images/Spiroloculina ornata_7_view6_zstack_slice_z0020.png,Spiroloculina ornata,gaussian,5.0,Spiroloculina ornata,0.8829459547996521,1
171,data/eval_images/Spiroloculina ornata_7_view6_zstack_slice_z0020.png,Spiroloculina ornata,gaussian,10.0,Spiroloculina ornata,0.8005922436714172,1
171,data/eval_images/Spiroloculina ornata_7_view6_zstack_slice_z0020.png,Spiroloculina ornata,gaussian,25.0,Spiroloculina ornata,0.6033044457435608,1
171,data/eval_images/Spiroloculina ornata_7_view6_zstack_slice_z0020.png,Spiroloculina ornata,gaussian,50.0,Spiroloculina communis,0.5124307870864868,0
171,data/eval_images/Spiroloculina ornata_7_view6_zstack_slice_z0020.png,Spiroloculina ornata,saltpepper,0.0,Spiroloculina ornata,0.8724438548088074,1
171,data/eval_images/Spiroloculina ornata_7_view6_zstack_slice_z0020.png,Spiroloculina ornata,saltpepper,0.01,Spiroloculina ornata,0.8742659687995911,1
171,data/eval_images/Spiroloculina ornata_7_view6_zstack_slice_z0020.png,Spiroloculina ornata,saltpepper,0.03,Spiroloculina ornata,0.7378369569778442,1
171,data/eval_images/Spiroloculina ornata_7_view6_zstack_slice_z0020.png,Spiroloculina ornata,saltpepper,0.07,Spiroloculina ornata,0.6439974904060364,1
171,data/eval_images/Spiroloculina ornata_7_view6_zstack_slice_z0020.png,Spiroloculina ornata,stretch,1.0,Spiroloculina ornata,0.8724438548088074,1
172,data/eval_images/Spiroloculina ornata_7_view6_zstack_slice_z0023.png,Spiroloculina ornata,gaussian,0.0,Spiroloculina ornata,0.8736770153045654,1
172,data/eval_images/Spiroloculina ornata_7_view6_zstack_slice_z0023.png,Spiroloculina ornata,gaussian,5.0,Spiroloculina ornata,0.8720329403877258,1
172,data/eval_images/Spiroloculina ornata_7_view6_zstack_slice_z0023.png,Spiroloculina ornata,gaussian,10.0,Spiroloculina ornata,0.8103209733963013,1
172,data/eval_images/Spiroloculina ornata_7_view6_zstack_slice_z0023.png,Spiroloculina ornata,gaussian,25.0,Spiroloculina ornata,0.5605126023292542,1
172,data/eval_images/Spiroloculina ornata_7_view6_zstack_slice_z0023.png,Spiroloculina ornata,gaussian,50.0,Spiroloculina ornata,0.4503168165683746,1
172,data/eval_images/Spiroloculina ornata_7_view6_zstack_slice_z0023.png,Spiroloculina ornata,saltpepper,0.0,Spiroloculina ornata,0.8736770153045654,1
172,data/eval_images/Spiroloculina ornata_7_view6_zstack_slice_z0023.png,Spiroloculina ornata,saltpepper,0.01,Spiroloculina ornata,0.863598644733429,1
172,data/eval_images/Spiroloculina ornata_7_view6_zstack_slice_z0023.png,Spiroloculina ornata,saltpepper,0.03,Spiroloculina ornata,0.8136113286018372,1
172,data/eval_images/Spiroloculina ornata_7_view6_zstack_slice_z0023.png,Spiroloculina ornata,saltpepper,0.07,Spiroloculina ornata,0.5237801671028137,1
172,data/eval_images/Spiroloculina ornata_7_view6_zstack_slice_z0023.png,Spiroloculina ornata,stretch,1.0,Spiroloculina ornata,0.8736770153045654,1
173,data/eval_images/Spiroloculina ornata_7_view6_zstack_slice_z0025.png,Spiroloculina ornata,gaussian,0.0,Spiroloculina ornata,0.8729062676429749,1
173,data/eval_images/Spiroloculina ornata_7_view6_zstack_slice_z0025.png,Spiroloculina ornata,gaussian,5.0,Spiroloculina ornata,0.8796014785766602,1
173,data/eval_images/Spiroloculina ornata_7_view6_zstack_slice_z0025.png,Spiroloculina ornata,gaussian,10.0,Spiroloculina ornata,0.8153584003448486,1
173,data/eval_images/Spiroloculina ornata_7_view6_zstack_slice_z0025.png,Spiroloculina ornata,gaussian,25.0,Spiroloculina ornata,0.6338398456573486,1
173,data/eval_images/Spiroloculina ornata_7_view6_zstack_slice_z0025.png,Spiroloculina ornata,gaussian,50.0,Spiroloculina ornata,0.4329851269721985,1
173,data/eval_images/Spiroloculina ornata_7_view6_zstack_slice_z0025.png,Spiroloculina ornata,saltpepper,0.0,Spiroloculina ornata,0.8729062676429749,1
173,data/eval_images/Spiroloculina ornata_7_view6_zstack_slice_z0025.png,Spiroloculina ornata,saltpepper,0.01,Spiroloculina ornata,0.8751747608184814,1
173,data/eval_images/Spiroloculina ornata_7_view6_zstack_slice_z0025.png,Spiroloculina ornata,saltpepper,0.03,Spiroloculina ornata,0.7537288069725037,1
173,data/eval_images/Spiroloculina ornata_7_view6_zstack_slice_z0025.png,Spiroloculina ornata,saltpepper,0.07,Spiroloculina ornata,0.6171298027038574,1
173,data/eval_images/Spiroloculina ornata_7_view6_zstack_slice_z0025.png,Spiroloculina ornata,stretch,1.0,Spiroloculina ornata,0.8729062676429749,1
174,data/eval_images/Spiroloculina ornata_7_view6_zstack_slice_z0027.png,Spiroloculina ornata,gaussian,0.0,Spiroloculina ornata,0.8741946816444397,1
174,data/eval_images/Spiroloculina ornata_7_view6_zstack_slice_z0027.png,Spiroloculina ornata,gaussian,5.0,Spiroloculina ornata,0.8752867579460144,1
174,data/eval_images/Spiroloculina ornata_7_view6_zstack_slice_z0027.png,Spiroloculina ornata,gaussian,10.0,Spiroloculina ornata,0.7946186661720276,1
174,data/eval_images/Spiroloculina ornata_7_view6_zstack_slice_z0027.png,Spiroloculina ornata,gaussian,25.0,Spiroloculina ornata,0.6797462105751038,1
174,data/eval_images/Spiroloculina ornata_7_view6_zstack_slice_z0027.png,Spiroloculina ornata,gaussian,50.0,Spiroloculina ornata,0.5174108147621155,1
174,data/eval_images/Spiroloculina ornata_7_view6_zstack_slice_z0027.png,Spiroloculina ornata,saltpepper,0.0,Spiroloculina ornata,0.8741946816444397,1
174,data/eval_images/Spiroloculina ornata_7_view6_zstack_slice_z0027.png,Spiroloculina ornata,saltpepper,0.01,Spiroloculina ornata,0.878117024898529,1
174,data/eval_images/Spiroloculina ornata_7_view6_zstack_slice_z0027.png,Spiroloculina ornata,saltpepper,0.03,Spiroloculina ornata,0.8148918747901917,1
174,data/eval_images/Spiroloculina ornata_7_view6_zstack_slice_z0027.png,Spiroloculina ornata,saltpepper,0.07,Spiroloculina ornata,0.586384654045105,1
174,data/eval_images/Spiroloculina ornata_7_view6_zstack_slice_z0027.png,Spiroloculina ornata,stretch,1.0,Spiroloculina ornata,0.8741946816444397,1
175,data/eval_images/Spirosigmoilina parri_8_view3_gif_original.png,Spirosigmoilina parri,gaussian,0.0,Spirosigmoilina parri,0.9229759573936462,1
175,data/eval_images/Spirosigmoilina parri_8_view3_gif_original.png,Spirosigmoilina parri,gaussian,5.0,Spirosigmoilina parri,0.9473165273666382,1
175,data/eval_images/Spirosigmoilina parri_8_view3_gif_original.png,Spirosigmoilina parri,gaussian,10.0,Quinqueloculina pulchella,0.4631343483924866,0
175,data/eval_images/Spirosigmoilina parri_8_view3_gif_original.png,Spirosigmoilina parri,gaussian,25.0,Quinqueloculina pulchella,0.7345020174980164,0
175,data/eval_images/Spirosigmoilina parri_8_view3_gif_original.png,Spirosigmoilina parri,gaussian,50.0,Quinqueloculina pulchella,0.7522244453430176,0
175,data/eval_images/Spirosigmoilina parri_8_view3_gif_original.png,Spirosigmoilina parri,saltpepper,0.0,Spirosigmoilina parri,0.9229759573936462,1
175,data/eval_images/Spirosigmoilina parri_8_view3_gif_original.png,Spirosigmoilina parri,saltpepper,0.01,Spirosigmoilina parri,0.5196210145950317,1
175,data/eval_images/Spirosigmoilina parri_8_view3_gif_original.png,Spirosigmoilina parri,saltpepper,0.03,Quinqueloculina pulchella,0.8785922527313232,0
175,data/eval_images/Spirosigmoilina parri_8_view3_gif_original.png,Spirosigmoilina parri,saltpepper,0.07,Quinqueloculina pulchella,0.8626171946525574,0
175,data/eval_images/Spirosigmoilina parri_8_view3_gif_original.png,Spirosigmoilina parri,stretch,1.0,Spirosigmoilina parri,0.9229759573936462,1
176,data/eval_images/Spirosigmoilina parri_8_view3_stacked_tiff.png,Spirosigmoilina parri,gaussian,0.0,Spirosigmoilina parri,0.956503450870514,1
176,data/eval_images/Spirosigmoilina parri_8_view3_stacked_tiff.png,Spirosigmoilina parri,gaussian,5.0,Spirosigmoilina parri,0.966824233531952,1
176,data/eval_images/Spirosigmoilina parri_8_view3_stacked_tiff.png,Spirosigmoilina parri,gaussian,10.0,Spirosigmoilina parri,0.8034263253211975,1
176,data/eval_images/Spirosigmoilina parri_8_view3_stacked_tiff.png,Spirosigmoilina parri,gaussian,25.0,Quinqueloculina pulchella,0.7714455723762512,0
176,data/eval_images/Spirosigmoilina parri_8_view3_stacked_tiff.png,Spirosigmoilina parri,gaussian,50.0,Quinqueloculina pulchella,0.7380865216255188,0
176,data/eval_images/Spirosigmoilina parri_8_view3_stacked_tiff.png,Spirosigmoilina parri,saltpepper,0.0,Spirosigmoilina parri,0.956503450870514,1
176,data/eval_images/Spirosigmoilina parri_8_view3_stacked_tiff.png,Spirosigmoilina parri,saltpepper,0.01,Spirosigmoilina parri,0.8665607571601868,1
176,data/eval_images/Spirosigmoilina parri_8_view3_stacked_tiff.png,Spirosigmoilina parri,saltpepper,0.03,Quinqueloculina pulchella,0.7178465127944946,0
176,data/eval_images/Spirosigmoilina parri_8_view3_stacked_tiff.png,Spirosigmoilina parri,saltpepper,0.07,Quinqueloculina pulchella,0.7688656449317932,0
176,data/eval_images/Spirosigmoilina parri_8_view3_stacked_tiff.png,Spirosigmoilina parri,stretch,1.0,Spirosigmoilina parri,0.956503450870514,1
177,data/eval_images/Spirosigmoilina parri_8_view3_zstack_slice_z0012.png,Spirosigmoilina parri,gaussian,0.0,Quinqueloculina pulchella,0.6160122156143188,0
177,data/eval_images/Spirosigmoilina parri_8_view3_zstack_slice_z0012.png,Spirosigmoilina parri,gaussian,5.0,Quinqueloculina pulchella,0.7728593945503235,0
177,data/eval_images/Spirosigmoilina parri_8_view3_zstack_slice_z0012.png,Spirosigmoilina parri,gaussian,10.0,Quinqueloculina pulchella,0.5099115967750549,0
177,data/eval_images/Spirosigmoilina parri_8_view3_zstack_slice_z0012.png,Spirosigmoilina parri,gaussian,25.0,Quinqueloculina pulchella,0.6519518494606018,0
177,data/eval_images/Spirosigmoilina parri_8_view3_zstack_slice_z0012.png,Spirosigmoilina parri,gaussian,50.0,Quinqueloculina pulchella,0.5456156134605408,0
177,data/eval_images/Spirosigmoilina parri_8_view3_zstack_slice_z0012.png,Spirosigmoilina parri,saltpepper,0.0,Quinqueloculina pulchella,0.6160122156143188,0
177,data/eval_images/Spirosigmoilina parri_8_view3_zstack_slice_z0012.png,Spirosigmoilina parri,saltpepper,0.01,Quinqueloculina pulchella,0.8731793761253357,0
177,data/eval_images/Spirosigmoilina parri_8_view3_zstack_slice_z0012.png,Spirosigmoilina parri,saltpepper,0.03,Quinqueloculina pulchella,0.8343266248703003,0
177,data/eval_images/Spirosigmoilina parri_8_view3_zstack_slice_z0012.png,Spirosigmoilina parri,saltpepper,0.07,Quinqueloculina pulchella,0.8035344481468201,0
177,data/eval_images/Spirosigmoilina parri_8_view3_zstack_slice_z0012.png,Spirosigmoilina parri,stretch,1.0,Quinqueloculina pulchella,0.6160122156143188,0
178,data/eval_images/Spirosigmoilina parri_8_view3_zstack_slice_z0028.png,Spirosigmoilina parri,gaussian,0.0,Quinqueloculina pulchella,0.8428150415420532,0
178,data/eval_images/Spirosigmoilina parri_8_view3_zstack_slice_z0028.png,Spirosigmoilina parri,gaussian,5.0,Quinqueloculina pulchella,0.8903804421424866,0
178,data/eval_images/Spirosigmoilina parri_8_view3_zstack_slice_z0028.png,Spirosigmoilina parri,gaussian,10.0,Quinqueloculina pulchella,0.8883629441261292,0
178,data/eval_images/Spirosigmoilina parri_8_view3_zstack_slice_z0028.png,Spirosigmoilina parri,gaussian,25.0,Quinqueloculina pulchella,0.8658843636512756,0
178,data/eval_images/Spirosigmoilina parri_8_view3_zstack_slice_z0028.png,Spirosigmoilina parri,gaussian,50.0,Quinqueloculina pulchella,0.4957617521286011,0
178,data/eval_images/Spirosigmoilina parri_8_view3_zstack_slice_z0028.png,Spirosigmoilina parri,saltpepper,0.0,Quinqueloculina pulchella,0.8428150415420532,0
178,data/eval_images/Spirosigmoilina parri_8_view3_zstack_slice_z0028.png,Spirosigmoilina parri,saltpepper,0.01,Quinqueloculina pulchella,0.8526138067245483,0
178,data/eval_images/Spirosigmoilina parri_8_view3_zstack_slice_z0028.png,Spirosigmoilina parri,saltpepper,0.03,Quinqueloculina pulchella,0.8445109724998474,0
178,data/eval_images/Spirosigmoilina parri_8_view3_zstack_slice_z0028.png,Spirosigmoilina parri,saltpepper,0.07,Quinqueloculina pulchella,0.8625965118408203,0
178,data/eval_images/Spirosigmoilina parri_8_view3_zstack_slice_z0028.png,Spirosigmoilina parri,stretch,1.0,Quinqueloculina pulchella,0.8428150415420532,0
179,data/eval_images/Spirosigmoilina parri_8_view3_zstack_slice_z0030.png,Spirosigmoilina parri,gaussian,0.0,Quinqueloculina pulchella,0.8254649639129639,0
179,data/eval_images/Spirosigmoilina parri_8_view3_zstack_slice_z0030.png,Spirosigmoilina parri,gaussian,5.0,Quinqueloculina pulchella,0.9065417647361756,0
179,data/eval_images/Spirosigmoilina parri_8_view3_zstack_slice_z0030.png,Spirosigmoilina parri,gaussian,10.0,Quinqueloculina pulchella,0.8826305270195007,0
179,data/eval_images/Spirosigmoilina parri_8_view3_zstack_slice_z0030.png,Spirosigmoilina parri,gaussian,25.0,Quinqueloculina pulchella,0.7034832835197449,0
179,data/eval_images/Spirosigmoilina parri_8_view3_zstack_slice_z0030.png,Spirosigmoilina parri,gaussian,50.0,Quinqueloculina bosciana,0.5582374334335327,0
179,data/eval_images/Spirosigmoilina parri_8_view3_zstack_slice_z0030.png,Spirosigmoilina parri,saltpepper,0.0,Quinqueloculina pulchella,0.8254649639129639,0
179,data/eval_images/Spirosigmoilina parri_8_view3_zstack_slice_z0030.png,Spirosigmoilina parri,saltpepper,0.01,Quinqueloculina pulchella,0.8385546207427979,0
179,data/eval_images/Spirosigmoilina parri_8_view3_zstack_slice_z0030.png,Spirosigmoilina parri,saltpepper,0.03,Quinqueloculina pulchella,0.8683357834815979,0
179,data/eval_images/Spirosigmoilina parri_8_view3_zstack_slice_z0030.png,Spirosigmoilina parri,saltpepper,0.07,Quinqueloculina pulchella,0.7647998332977295,0
179,data/eval_images/Spirosigmoilina parri_8_view3_zstack_slice_z0030.png,Spirosigmoilina parri,stretch,1.0,Quinqueloculina pulchella,0.8254649639129639,0
180,data/eval_images/Spirosigmoilina parri_8_view3_zstack_slice_z0032.png,Spirosigmoilina parri,gaussian,0.0,Quinqueloculina pulchella,0.8031792640686035,0
180,data/eval_images/Spirosigmoilina parri_8_view3_zstack_slice_z0032.png,Spirosigmoilina parri,gaussian,5.0,Quinqueloculina pulchella,0.8730898499488831,0
180,data/eval_images/Spirosigmoilina parri_8_view3_zstack_slice_z0032.png,Spirosigmoilina parri,gaussian,10.0,Quinqueloculina pulchella,0.8639137744903564,0
180,data/eval_images/Spirosigmoilina parri_8_view3_zstack_slice_z0032.png,Spirosigmoilina parri,gaussian,25.0,Quinqueloculina pulchella,0.7988899350166321,0
180,data/eval_images/Spirosigmoilina parri_8_view3_zstack_slice_z0032.png,Spirosigmoilina parri,gaussian,50.0,Quinqueloculina bosciana,0.6377214789390564,0
180,data/eval_images/Spirosigmoilina parri_8_view3_zstack_slice_z0032.png,Spirosigmoilina parri,saltpepper,0.0,Quinqueloculina pulchella,0.8031792640686035,0
180,data/eval_images/Spirosigmoilina parri_8_view3_zstack_slice_z0032.png,Spirosigmoilina parri,saltpepper,0.01,Quinqueloculina pulchella,0.8663428425788879,0
180,data/eval_images/Spirosigmoilina parri_8_view3_zstack_slice_z0032.png,Spirosigmoilina parri,saltpepper,0.03,Quinqueloculina pulchella,0.810126006603241,0
180,data/eval_images/Spirosigmoilina parri_8_view3_zstack_slice_z0032.png,Spirosigmoilina parri,saltpepper,0.07,Quinqueloculina pulchella,0.7687364816665649,0
180,data/eval_images/Spirosigmoilina parri_8_view3_zstack_slice_z0032.png,Spirosigmoilina parri,stretch,1.0,Quinqueloculina pulchella,0.8031792640686035,0
181,data/eval_images/Spirosigmoilina parri_8_view3_zstack_slice_z0039.png,Spirosigmoilina parri,gaussian,0.0,Quinqueloculina pulchella,0.8057811260223389,0
181,data/eval_images/Spirosigmoilina parri_8_view3_zstack_slice_z0039.png,Spirosigmoilina parri,gaussian,5.0,Quinqueloculina pulchella,0.8196534514427185,0
181,data/eval_images/Spirosigmoilina parri_8_view3_zstack_slice_z0039.png,Spirosigmoilina parri,gaussian,10.0,Quinqueloculina pulchella,0.777941107749939,0
181,data/eval_images/Spirosigmoilina parri_8_view3_zstack_slice_z0039.png,Spirosigmoilina parri,gaussian,25.0,Quinqueloculina pulchella,0.6199021935462952,0
181,data/eval_images/Spirosigmoilina parri_8_view3_zstack_slice_z0039.png,Spirosigmoilina parri,gaussian,50.0,Quinqueloculina bosciana,0.5419796109199524,0
181,data/eval_images/Spirosigmoilina parri_8_view3_zstack_slice_z0039.png,Spirosigmoilina parri,saltpepper,0.0,Quinqueloculina pulchella,0.8057811260223389,0
181,data/eval_images/Spirosigmoilina parri_8_view3_zstack_slice_z0039.png,Spirosigmoilina parri,saltpepper,0.01,Quinqueloculina pulchella,0.8508523106575012,0
181,data/eval_images/Spirosigmoilina parri_8_view3_zstack_slice_z0039.png,Spirosigmoilina parri,saltpepper,0.03,Quinqueloculina pulchella,0.7968893647193909,0
181,data/eval_images/Spirosigmoilina parri_8_view3_zstack_slice_z0039.png,Spirosigmoilina parri,saltpepper,0.07,Quinqueloculina pulchella,0.7620079517364502,0
181,data/eval_images/Spirosigmoilina parri_8_view3_zstack_slice_z0039.png,Spirosigmoilina parri,stretch,1.0,Quinqueloculina pulchella,0.8057811260223389,0
182,data/eval_images/Spirotextularia floridana_18_view4_stacked_tiff.png,Spirotextularia floridana,gaussian,0.0,Spirotextularia floridana,0.997297465801239,1
182,data/eval_images/Spirotextularia floridana_18_view4_stacked_tiff.png,Spirotextularia floridana,gaussian,5.0,Spirotextularia floridana,0.9972741007804872,1
182,data/eval_images/Spirotextularia floridana_18_view4_stacked_tiff.png,Spirotextularia floridana,gaussian,10.0,Spirotextularia floridana,0.9976407289505004,1
182,data/eval_images/Spirotextularia floridana_18_view4_stacked_tiff.png,Spirotextularia floridana,gaussian,25.0,Spirotextularia floridana,0.9973904490470886,1
182,data/eval_images/Spirotextularia floridana_18_view4_stacked_tiff.png,Spirotextularia floridana,gaussian,50.0,Spirotextularia floridana,0.9924772381782532,1
182,data/eval_images/Spirotextularia floridana_18_view4_stacked_tiff.png,Spirotextularia floridana,saltpepper,0.0,Spirotextularia floridana,0.997297465801239,1
182,data/eval_images/Spirotextularia floridana_18_view4_stacked_tiff.png,Spirotextularia floridana,saltpepper,0.01,Spirotextularia floridana,0.9975497126579284,1
182,data/eval_images/Spirotextularia floridana_18_view4_stacked_tiff.png,Spirotextularia floridana,saltpepper,0.03,Spirotextularia floridana,0.9976946711540222,1
182,data/eval_images/Spirotextularia floridana_18_view4_stacked_tiff.png,Spirotextularia floridana,saltpepper,0.07,Spirotextularia floridana,0.9761675596237184,1
182,data/eval_images/Spirotextularia floridana_18_view4_stacked_tiff.png,Spirotextularia floridana,stretch,1.0,Spirotextularia floridana,0.997297465801239,1
183,data/eval_images/Spirotextularia floridana_18_view4_zstack_slice_z0010.png,Spirotextularia floridana,gaussian,0.0,Spirotextularia floridana,0.9971018433570862,1
183,data/eval_images/Spirotextularia floridana_18_view4_zstack_slice_z0010.png,Spirotextularia floridana,gaussian,5.0,Spirotextularia floridana,0.9972623586654664,1
183,data/eval_images/Spirotextularia floridana_18_view4_zstack_slice_z0010.png,Spirotextularia floridana,gaussian,10.0,Spirotextularia floridana,0.9974470138549804,1
183,data/eval_images/Spirotextularia floridana_18_view4_zstack_slice_z0010.png,Spirotextularia floridana,gaussian,25.0,Spirotextularia floridana,0.9970778226852416,1
183,data/eval_images/Spirotextularia floridana_18_view4_zstack_slice_z0010.png,Spirotextularia floridana,gaussian,50.0,Spirotextularia floridana,0.7358251214027405,1
183,data/eval_images/Spirotextularia floridana_18_view4_zstack_slice_z0010.png,Spirotextularia floridana,saltpepper,0.0,Spirotextularia floridana,0.9971018433570862,1
183,data/eval_images/Spirotextularia floridana_18_view4_zstack_slice_z0010.png,Spirotextularia floridana,saltpepper,0.01,Spirotextularia floridana,0.997247278690338,1
183,data/eval_images/Spirotextularia floridana_18_view4_zstack_slice_z0010.png,Spirotextularia floridana,saltpepper,0.03,Spirotextularia floridana,0.997734546661377,1
183,data/eval_images/Spirotextularia floridana_18_view4_zstack_slice_z0010.png,Spirotextularia floridana,saltpepper,0.07,Agglutinella soriformis,0.5281185507774353,0
183,data/eval_images/Spirotextularia floridana_18_view4_zstack_slice_z0010.png,Spirotextularia floridana,stretch,1.0,Spirotextularia floridana,0.9971018433570862,1
184,data/eval_images/Spirotextularia floridana_18_view4_zstack_slice_z0015.png,Spirotextularia floridana,gaussian,0.0,Spirotextularia floridana,0.9966055154800416,1
184,data/eval_images/Spirotextularia floridana_18_view4_zstack_slice_z0015.png,Spirotextularia floridana,gaussian,5.0,Spirotextularia floridana,0.9969161748886108,1
184,data/eval_images/Spirotextularia floridana_18_view4_zstack_slice_z0015.png,Spirotextularia floridana,gaussian,10.0,Spirotextularia floridana,0.9972245693206788,1
184,data/eval_images/Spirotextularia floridana_18_view4_zstack_slice_z0015.png,Spirotextularia floridana,gaussian,25.0,Spirotextularia floridana,0.9955249428749084,1
184,data/eval_images/Spirotextularia floridana_18_view4_zstack_slice_z0015.png,Spirotextularia floridana,gaussian,50.0,Spirotextularia floridana,0.3582203984260559,1
184,data/eval_images/Spirotextularia floridana_18_view4_zstack_slice_z0015.png,Spirotextularia floridana,saltpepper,0.0,Spirotextularia floridana,0.9966055154800416,1
184,data/eval_images/Spirotextularia floridana_18_view4_zstack_slice_z0015.png,Spirotextularia floridana,saltpepper,0.01,Spirotextularia floridana,0.9970821738243104,1
184,data/eval_images/Spirotextularia floridana_18_view4_zstack_slice_z0015.png,Spirotextularia floridana,saltpepper,0.03,Spirotextularia floridana,0.9944915771484376,1
184,data/eval_images/Spirotextularia floridana_18_view4_zstack_slice_z0015.png,Spirotextularia floridana,saltpepper,0.07,Agglutinella soriformis,0.6462313532829285,0
184,data/eval_images/Spirotextularia floridana_18_view4_zstack_slice_z0015.png,Spirotextularia floridana,stretch,1.0,Spirotextularia floridana,0.9966055154800416,1
185,data/eval_images/Spirotextularia floridana_18_view4_zstack_slice_z0019.png,Spirotextularia floridana,gaussian,0.0,Spirotextularia floridana,0.9963616728782654,1
185,data/eval_images/Spirotextularia floridana_18_view4_zstack_slice_z0019.png,Spirotextularia floridana,gaussian,5.0,Spirotextularia floridana,0.9967617392539978,1
185,data/eval_images/Spirotextularia floridana_18_view4_zstack_slice_z0019.png,Spirotextularia floridana,gaussian,10.0,Spirotextularia floridana,0.99681156873703,1
185,data/eval_images/Spirotextularia floridana_18_view4_zstack_slice_z0019.png,Spirotextularia floridana,gaussian,25.0,Spirotextularia floridana,0.9960300326347352,1
185,data/eval_images/Spirotextularia floridana_18_view4_zstack_slice_z0019.png,Spirotextularia floridana,gaussian,50.0,Spirotextularia floridana,0.7709124088287354,1
185,data/eval_images/Spirotextularia floridana_18_view4_zstack_slice_z0019.png,Spirotextularia floridana,saltpepper,0.0,Spirotextularia floridana,0.9963616728782654,1
185,data/eval_images/Spirotextularia floridana_18_view4_zstack_slice_z0019.png,Spirotextularia floridana,saltpepper,0.01,Spirotextularia floridana,0.9967040419578552,1
185,data/eval_images/Spirotextularia floridana_18_view4_zstack_slice_z0019.png,Spirotextularia floridana,saltpepper,0.03,Spirotextularia floridana,0.9963033199310304,1
185,data/eval_images/Spirotextularia floridana_18_view4_zstack_slice_z0019.png,Spirotextularia floridana,saltpepper,0.07,Agglutinella soriformis,0.5971540212631226,0
185,data/eval_images/Spirotextularia floridana_18_view4_zstack_slice_z0019.png,Spirotextularia floridana,stretch,1.0,Spirotextularia floridana,0.9963616728782654,1
186,data/eval_images/Spirotextularia floridana_18_view4_zstack_slice_z0020.png,Spirotextularia floridana,gaussian,0.0,Spirotextularia floridana,0.996256947517395,1
186,data/eval_images/Spirotextularia floridana_18_view4_zstack_slice_z0020.png,Spirotextularia floridana,gaussian,5.0,Spirotextularia floridana,0.9966410398483276,1
186,data/eval_images/Spirotextularia floridana_18_view4_zstack_slice_z0020.png,Spirotextularia floridana,gaussian,10.0,Spirotextularia floridana,0.9966802597045898,1
186,data/eval_images/Spirotextularia floridana_18_view4_zstack_slice_z0020.png,Spirotextularia floridana,gaussian,25.0,Spirotextularia floridana,0.9963288903236388,1
186,data/eval_images/Spirotextularia floridana_18_view4_zstack_slice_z0020.png,Spirotextularia floridana,gaussian,50.0,Spirotextularia floridana,0.4356892704963684,1
186,data/eval_images/Spirotextularia floridana_18_view4_zstack_slice_z0020.png,Spirotextularia floridana,saltpepper,0.0,Spirotextularia floridana,0.996256947517395,1
186,data/eval_images/Spirotextularia floridana_18_view4_zstack_slice_z0020.png,Spirotextularia floridana,saltpepper,0.01,Spirotextularia floridana,0.996852695941925,1
186,data/eval_images/Spirotextularia floridana_18_view4_zstack_slice_z0020.png,Spirotextularia floridana,saltpepper,0.03,Spirotextularia floridana,0.9966402053833008,1
186,data/eval_images/Spirotextularia floridana_18_view4_zstack_slice_z0020.png,Spirotextularia floridana,saltpepper,0.07,Agglutinella soriformis,0.5271202325820923,0
186,data/eval_images/Spirotextularia floridana_18_view4_zstack_slice_z0020.png,Spirotextularia floridana,stretch,1.0,Spirotextularia floridana,0.996256947517395,1
187,data/eval_images/Spirotextularia floridana_18_view4_zstack_slice_z0022.png,Spirotextularia floridana,gaussian,0.0,Spirotextularia floridana,0.9963001608848572,1
187,data/eval_images/Spirotextularia floridana_18_view4_zstack_slice_z0022.png,Spirotextularia floridana,gaussian,5.0,Spirotextularia floridana,0.996467113494873,1
187,data/eval_images/Spirotextularia floridana_18_view4_zstack_slice_z0022.png,Spirotextularia floridana,gaussian,10.0,Spirotextularia floridana,0.9964075684547424,1
187,data/eval_images/Spirotextularia floridana_18_view4_zstack_slice_z0022.png,Spirotextularia floridana,gaussian,25.0,Spirotextularia floridana,0.9950120449066162,1
187,data/eval_images/Spirotextularia floridana_18_view4_zstack_slice_z0022.png,Spirotextularia floridana,gaussian,50.0,Spirotextularia floridana,0.6729125380516052,1
187,data/eval_images/Spirotextularia floridana_18_view4_zstack_slice_z0022.png,Spirotextularia floridana,saltpepper,0.0,Spirotextularia floridana,0.9963001608848572,1
187,data/eval_images/Spirotextularia floridana_18_view4_zstack_slice_z0022.png,Spirotextularia floridana,saltpepper,0.01,Spirotextularia floridana,0.9965875148773192,1
187,data/eval_images/Spirotextularia floridana_18_view4_zstack_slice_z0022.png,Spirotextularia floridana,saltpepper,0.03,Spirotextularia floridana,0.9951263666152954,1
187,data/eval_images/Spirotextularia floridana_18_view4_zstack_slice_z0022.png,Spirotextularia floridana,saltpepper,0.07,Agglutinella soriformis,0.6143306493759155,0
187,data/eval_images/Spirotextularia floridana_18_view4_zstack_slice_z0022.png,Spirotextularia floridana,stretch,1.0,Spirotextularia floridana,0.9963001608848572,1
188,data/eval_images/Triloculina plicata_2_view3_gif_original.png,Triloculina plicata,gaussian,0.0,Triloculina plicata,0.921992003917694,1
188,data/eval_images/Triloculina plicata_2_view3_gif_original.png,Triloculina plicata,gaussian,5.0,Triloculina plicata,0.924287736415863,1
188,data/eval_images/Triloculina plicata_2_view3_gif_original.png,Triloculina plicata,gaussian,10.0,Triloculina plicata,0.9286674857139589,1
188,data/eval_images/Triloculina plicata_2_view3_gif_original.png,Triloculina plicata,gaussian,25.0,Triloculina plicata,0.937817394733429,1
188,data/eval_images/Triloculina plicata_2_view3_gif_original.png,Triloculina plicata,gaussian,50.0,Triloculina plicata,0.9431476593017578,1
188,data/eval_images/Triloculina plicata_2_view3_gif_original.png,Triloculina plicata,saltpepper,0.0,Triloculina plicata,0.921992003917694,1
188,data/eval_images/Triloculina plicata_2_view3_gif_original.png,Triloculina plicata,saltpepper,0.01,Triloculina plicata,0.9048956632614136,1
188,data/eval_images/Triloculina plicata_2_view3_gif_original.png,Triloculina plicata,saltpepper,0.03,Triloculina plicata,0.939210057258606,1
188,data/eval_images/Triloculina plicata_2_view3_gif_original.png,Triloculina plicata,saltpepper,0.07,Triloculina plicata,0.9684812426567078,1
188,data/eval_images/Triloculina plicata_2_view3_gif_original.png,Triloculina plicata,stretch,1.0,Triloculina plicata,0.921992003917694,1
189,data/eval_images/Triloculina plicata_2_view3_stacked_tiff.png,Triloculina plicata,gaussian,0.0,Triloculina plicata,0.9627390503883362,1
189,data/eval_images/Triloculina plicata_2_view3_stacked_tiff.png,Triloculina plicata,gaussian,5.0,Triloculina plicata,0.9346123933792114,1
189,data/eval_images/Triloculina plicata_2_view3_stacked_tiff.png,Triloculina plicata,gaussian,10.0,Triloculina plicata,0.8721178770065308,1
189,data/eval_images/Triloculina plicata_2_view3_stacked_tiff.png,Triloculina plicata,gaussian,25.0,Triloculina plicata,0.6487768292427063,1
189,data/eval_images/Triloculina plicata_2_view3_stacked_tiff.png,Triloculina plicata,gaussian,50.0,Quinqueloculina crassicarinata,0.3069043457508087,0
189,data/eval_images/Triloculina plicata_2_view3_stacked_tiff.png,Triloculina plicata,saltpepper,0.0,Triloculina plicata,0.9627390503883362,1
189,data/eval_images/Triloculina plicata_2_view3_stacked_tiff.png,Triloculina plicata,saltpepper,0.01,Triloculina plicata,0.951515793800354,1
189,data/eval_images/Triloculina plicata_2_view3_stacked_tiff.png,Triloculina plicata,saltpepper,0.03,Triloculina plicata,0.8547952175140381,1
189,data/eval_images/Triloculina plicata_2_view3_stacked_tiff.png,Triloculina plicata,saltpepper,0.07,Spiroloculina communis,0.7505811452865601,0
189,data/eval_images/Triloculina plicata_2_view3_stacked_tiff.png,Triloculina plicata,stretch,1.0,Triloculina plicata,0.9627390503883362,1
190,data/eval_images/Triloculina plicata_2_view3_zstack_slice_z0001.png,Triloculina plicata,gaussian,0.0,Triloculina plicata,0.9647741317749025,1
190,data/eval_images/Triloculina plicata_2_view3_zstack_slice_z0001.png,Triloculina plicata,gaussian,5.0,Triloculina plicata,0.9142243266105652,1
190,data/eval_images/Triloculina plicata_2_view3_zstack_slice_z0001.png,Triloculina plicata,gaussian,10.0,Triloculina plicata,0.823414146900177,1
190,data/eval_images/Triloculina plicata_2_view3_zstack_slice_z0001.png,Triloculina plicata,gaussian,25.0,Triloculina plicata,0.5414729118347168,1
190,data/eval_images/Triloculina plicata_2_view3_zstack_slice_z0001.png,Triloculina plicata,gaussian,50.0,Quinqueloculina crassicarinata,0.2833447456359863,0
190,data/eval_images/Triloculina plicata_2_view3_zstack_slice_z0001.png,Triloculina plicata,saltpepper,0.0,Triloculina plicata,0.9647741317749025,1
190,data/eval_images/Triloculina plicata_2_view3_zstack_slice_z0001.png,Triloculina plicata,saltpepper,0.01,Triloculina plicata,0.8795408606529236,1
190,data/eval_images/Triloculina plicata_2_view3_zstack_slice_z0001.png,Triloculina plicata,saltpepper,0.03,Spiroloculina communis,0.8048672080039978,0
190,data/eval_images/Triloculina plicata_2_view3_zstack_slice_z0001.png,Triloculina plicata,saltpepper,0.07,Spiroloculina communis,0.359502762556076,0
190,data/eval_images/Triloculina plicata_2_view3_zstack_slice_z0001.png,Triloculina plicata,stretch,1.0,Triloculina plicata,0.9647741317749025,1
191,data/eval_images/Triloculina plicata_2_view3_zstack_slice_z0002.png,Triloculina plicata,gaussian,0.0,Triloculina plicata,0.9642016291618348,1
191,data/eval_images/Triloculina plicata_2_view3_zstack_slice_z0002.png,Triloculina plicata,gaussian,5.0,Triloculina plicata,0.9115588068962096,1
191,data/eval_images/Triloculina plicata_2_view3_zstack_slice_z0002.png,Triloculina plicata,gaussian,10.0,Triloculina plicata,0.8095570802688599,1
191,data/eval_images/Triloculina plicata_2_view3_zstack_slice_z0002.png,Triloculina plicata,gaussian,25.0,Triloculina plicata,0.566352128982544,1
191,data/eval_images/Triloculina plicata_2_view3_zstack_slice_z0002.png,Triloculina plicata,gaussian,50.0,Triloculina trigonula,0.2946067750453949,0
191,data/eval_images/Triloculina plicata_2_view3_zstack_slice_z0002.png,Triloculina plicata,saltpepper,0.0,Triloculina plicata,0.9642016291618348,1
191,data/eval_images/Triloculina plicata_2_view3_zstack_slice_z0002.png,Triloculina plicata,saltpepper,0.01,Triloculina plicata,0.9418494701385498,1
191,data/eval_images/Triloculina plicata_2_view3_zstack_slice_z0002.png,Triloculina plicata,saltpepper,0.03,Triloculina plicata,0.766049325466156,1
191,data/eval_images/Triloculina plicata_2_view3_zstack_slice_z0002.png,Triloculina plicata,saltpepper,0.07,Spirosigmoilina parri,0.2926197946071625,0
191,data/eval_images/Triloculina plicata_2_view3_zstack_slice_z0002.png,Triloculina plicata,stretch,1.0,Triloculina plicata,0.9642016291618348,1
192,data/eval_images/Triloculina plicata_2_view3_zstack_slice_z0004.png,Triloculina plicata,gaussian,0.0,Triloculina plicata,0.9626601338386536,1
192,data/eval_images/Triloculina plicata_2_view3_zstack_slice_z0004.png,Triloculina plicata,gaussian,5.0,Triloculina plicata,0.9314799904823304,1
192,data/eval_images/Triloculina plicata_2_view3_zstack_slice_z0004.png,Triloculina plicata,gaussian,10.0,Triloculina plicata,0.8507611751556396,1
192,data/eval_images/Triloculina plicata_2_view3_zstack_slice_z0004.png,Triloculina plicata,gaussian,25.0,Triloculina plicata,0.5606478452682495,1
192,data/eval_images/Triloculina plicata_2_view3_zstack_slice_z0004.png,Triloculina plicata,gaussian,50.0,Spiroloculina communis,0.2899006903171539,0
192,data/eval_images/Triloculina plicata_2_view3_zstack_slice_z0004.png,Triloculina plicata,saltpepper,0.0,Triloculina plicata,0.9626601338386536,1
192,data/eval_images/Triloculina plicata_2_view3_zstack_slice_z0004.png,Triloculina plicata,saltpepper,0.01,Triloculina plicata,0.930044412612915,1
192,data/eval_images/Triloculina plicata_2_view3_zstack_slice_z0004.png,Triloculina plicata,saltpepper,0.03,Spiroloculina communis,0.4213099479675293,0
192,data/eval_images/Triloculina plicata_2_view3_zstack_slice_z0004.png,Triloculina plicata,saltpepper,0.07,Spiroloculina communis,0.6829726099967957,0
192,data/eval_images/Triloculina plicata_2_view3_zstack_slice_z0004.png,Triloculina plicata,stretch,1.0,Triloculina plicata,0.9626601338386536,1
193,data/eval_images/Triloculina plicata_2_view3_zstack_slice_z0010.png,Triloculina plicata,gaussian,0.0,Triloculina plicata,0.9602372646331788,1
193,data/eval_images/Triloculina plicata_2_view3_zstack_slice_z0010.png,Triloculina plicata,gaussian,5.0,Triloculina plicata,0.9148249626159668,1
193,data/eval_images/Triloculina plicata_2_view3_zstack_slice_z0010.png,Triloculina plicata,gaussian,10.0,Triloculina plicata,0.8466029763221741,1
193,data/eval_images/Triloculina plicata_2_view3_zstack_slice_z0010.png,Triloculina plicata,gaussian,25.0,Triloculina plicata,0.5653066635131836,1
193,data/eval_images/Triloculina plicata_2_view3_zstack_slice_z0010.png,Triloculina plicata,gaussian,50.0,Triloculina trigonula,0.6019901633262634,0
193,data/eval_images/Triloculina plicata_2_view3_zstack_slice_z0010.png,Triloculina plicata,saltpepper,0.0,Triloculina plicata,0.9602372646331788,1
193,data/eval_images/Triloculina plicata_2_view3_zstack_slice_z0010.png,Triloculina plicata,saltpepper,0.01,Triloculina plicata,0.8281815052032471,1
193,data/eval_images/Triloculina plicata_2_view3_zstack_slice_z0010.png,Triloculina plicata,saltpepper,0.03,Spiroloculina communis,0.6054503917694092,0
193,data/eval_images/Triloculina plicata_2_view3_zstack_slice_z0010.png,Triloculina plicata,saltpepper,0.07,Spiroloculina communis,0.6089702844619751,0
193,data/eval_images/Triloculina plicata_2_view3_zstack_slice_z0010.png,Triloculina plicata,stretch,1.0,Triloculina plicata,0.9602372646331788,1
194,data/eval_images/Triloculina plicata_2_view3_zstack_slice_z0011.png,Triloculina plicata,gaussian,0.0,Triloculina plicata,0.9607411026954652,1
194,data/eval_images/Triloculina plicata_2_view3_zstack_slice_z0011.png,Triloculina plicata,gaussian,5.0,Triloculina plicata,0.931526780128479,1
194,data/eval_images/Triloculina plicata_2_view3_zstack_slice_z0011.png,Triloculina plicata,gaussian,10.0,Triloculina plicata,0.8582723736763,1
194,data/eval_images/Triloculina plicata_2_view3_zstack_slice_z0011.png,Triloculina plicata,gaussian,25.0,Triloculina plicata,0.6033609509468079,1
194,data/eval_images/Triloculina plicata_2_view3_zstack_slice_z0011.png,Triloculina plicata,gaussian,50.0,Quinqueloculina crassicarinata,0.4699819386005401,0
194,data/eval_images/Triloculina plicata_2_view3_zstack_slice_z0011.png,Triloculina plicata,saltpepper,0.0,Triloculina plicata,0.9607411026954652,1
194,data/eval_images/Triloculina plicata_2_view3_zstack_slice_z0011.png,Triloculina plicata,saltpepper,0.01,Triloculina plicata,0.9070706963539124,1
194,data/eval_images/Triloculina plicata_2_view3_zstack_slice_z0011.png,Triloculina plicata,saltpepper,0.03,Triloculina plicata,0.4814739525318146,1
194,data/eval_images/Triloculina plicata_2_view3_zstack_slice_z0011.png,Triloculina plicata,saltpepper,0.07,Spiroloculina communis,0.537642240524292,0
194,data/eval_images/Triloculina plicata_2_view3_zstack_slice_z0011.png,Triloculina plicata,stretch,1.0,Triloculina plicata,0.9607411026954652,1
195,data/eval_images/Triloculina trigonula_14_view5_gif_original.png,Triloculina trigonula,gaussian,0.0,Pyrgo inornata,0.8953716158866882,0
195,data/eval_images/Triloculina trigonula_14_view5_gif_original.png,Triloculina trigonula,gaussian,5.0,Pyrgo inornata,0.5675683617591858,0
195,data/eval_images/Triloculina trigonula_14_view5_gif_original.png,Triloculina trigonula,gaussian,10.0,Triloculina trigonula,0.8316608667373657,1
195,data/eval_images/Triloculina trigonula_14_view5_gif_original.png,Triloculina trigonula,gaussian,25.0,Pyrgo inornata,0.9096945524215698,0
195,data/eval_images/Triloculina trigonula_14_view5_gif_original.png,Triloculina trigonula,gaussian,50.0,Pyrgo inornata,0.9126113057136536,0
195,data/eval_images/Triloculina trigonula_14_view5_gif_original.png,Triloculina trigonula,saltpepper,0.0,Pyrgo inornata,0.8953716158866882,0
195,data/eval_images/Triloculina trigonula_14_view5_gif_original.png,Triloculina trigonula,saltpepper,0.01,Pyrgo inornata,0.9150224328041076,0
195,data/eval_images/Triloculina trigonula_14_view5_gif_original.png,Triloculina trigonula,saltpepper,0.03,Pyrgo inornata,0.8643629550933838,0
195,data/eval_images/Triloculina trigonula_14_view5_gif_original.png,Triloculina trigonula,saltpepper,0.07,Pyrgo inornata,0.9099224805831908,0
195,data/eval_images/Triloculina trigonula_14_view5_gif_original.png,Triloculina trigonula,stretch,1.0,Pyrgo inornata,0.8953716158866882,0
196,data/eval_images/Triloculina trigonula_14_view5_stacked_tiff.png,Triloculina trigonula,gaussian,0.0,Pyrgo inornata,0.8710721731185913,0
196,data/eval_images/Triloculina trigonula_14_view5_stacked_tiff.png,Triloculina trigonula,gaussian,5.0,Triloculina trigonula,0.5663142800331116,1
196,data/eval_images/Triloculina trigonula_14_view5_stacked_tiff.png,Triloculina trigonula,gaussian,10.0,Triloculina trigonula,0.8762585520744324,1
196,data/eval_images/Triloculina trigonula_14_view5_stacked_tiff.png,Triloculina trigonula,gaussian,25.0,Pyrgo inornata,0.8680533766746521,0
196,data/eval_images/Triloculina trigonula_14_view5_stacked_tiff.png,Triloculina trigonula,gaussian,50.0,Pyrgo inornata,0.917600154876709,0
196,data/eval_images/Triloculina trigonula_14_view5_stacked_tiff.png,Triloculina trigonula,saltpepper,0.0,Pyrgo inornata,0.8710721731185913,0
196,data/eval_images/Triloculina trigonula_14_view5_stacked_tiff.png,Triloculina trigonula,saltpepper,0.01,Pyrgo inornata,0.8967873454093933,0
196,data/eval_images/Triloculina trigonula_14_view5_stacked_tiff.png,Triloculina trigonula,saltpepper,0.03,Pyrgo inornata,0.8749703764915466,0
196,data/eval_images/Triloculina trigonula_14_view5_stacked_tiff.png,Triloculina trigonula,saltpepper,0.07,Pyrgo inornata,0.8918532729148865,0
196,data/eval_images/Triloculina trigonula_14_view5_stacked_tiff.png,Triloculina trigonula,stretch,1.0,Pyrgo inornata,0.8710721731185913,0
197,data/eval_images/Triloculina trigonula_14_view5_zstack_slice_z0028.png,Triloculina trigonula,gaussian,0.0,Pyrgo inornata,0.8587680459022522,0
197,data/eval_images/Triloculina trigonula_14_view5_zstack_slice_z0028.png,Triloculina trigonula,gaussian,5.0,Triloculina trigonula,0.966168224811554,1
197,data/eval_images/Triloculina trigonula_14_view5_zstack_slice_z0028.png,Triloculina trigonula,gaussian,10.0,Triloculina trigonula,0.9509704113006592,1
197,data/eval_images/Triloculina trigonula_14_view5_zstack_slice_z0028.png,Triloculina trigonula,gaussian,25.0,Triloculina trigonula,0.8221361041069031,1
197,data/eval_images/Triloculina trigonula_14_view5_zstack_slice_z0028.png,Triloculina trigonula,gaussian,50.0,Pyrgo inornata,0.7713281512260437,0
197,data/eval_images/Triloculina trigonula_14_view5_zstack_slice_z0028.png,Triloculina trigonula,saltpepper,0.0,Pyrgo inornata,0.8587680459022522,0
197,data/eval_images/Triloculina trigonula_14_view5_zstack_slice_z0028.png,Triloculina trigonula,saltpepper,0.01,Pyrgo inornata,0.8275681138038635,0
197,data/eval_images/Triloculina trigonula_14_view5_zstack_slice_z0028.png,Triloculina trigonula,saltpepper,0.03,Pyrgo inornata,0.8635834455490112,0
197,data/eval_images/Triloculina trigonula_14_view5_zstack_slice_z0028.png,Triloculina trigonula,saltpepper,0.07,Pyrgo inornata,0.649162232875824,0
197,data/eval_images/Triloculina trigonula_14_view5_zstack_slice_z0028.png,Triloculina trigonula,stretch,1.0,Pyrgo inornata,0.8587680459022522,0
198,data/eval_images/Triloculina trigonula_14_view5_zstack_slice_z0052.png,Triloculina trigonula,gaussian,0.0,Pyrgo inornata,0.4532338082790375,0
198,data/eval_images/Triloculina trigonula_14_view5_zstack_slice_z0052.png,Triloculina trigonula,gaussian,5.0,Triloculina trigonula,0.9542413949966432,1
198,data/eval_images/Triloculina trigonula_14_view5_zstack_slice_z0052.png,Triloculina trigonula,gaussian,10.0,Triloculina trigonula,0.9607836604118348,1
198,data/eval_images/Triloculina trigonula_14_view5_zstack_slice_z0052.png,Triloculina trigonula,gaussian,25.0,Triloculina trigonula,0.8714533448219299,1
198,data/eval_images/Triloculina trigonula_14_view5_zstack_slice_z0052.png,Triloculina trigonula,gaussian,50.0,Pyrgo inornata,0.6853975653648376,0
198,data/eval_images/Triloculina trigonula_14_view5_zstack_slice_z0052.png,Triloculina trigonula,saltpepper,0.0,Pyrgo inornata,0.4532338082790375,0
198,data/eval_images/Triloculina trigonula_14_view5_zstack_slice_z0052.png,Triloculina trigonula,saltpepper,0.01,Pyrgo inornata,0.6589003801345825,0
198,data/eval_images/Triloculina trigonula_14_view5_zstack_slice_z0052.png,Triloculina trigonula,saltpepper,0.03,Pyrgo inornata,0.6098326444625854,0
198,data/eval_images/Triloculina trigonula_14_view5_zstack_slice_z0052.png,Triloculina trigonula,saltpepper,0.07,Pyrgo inornata,0.6834796071052551,0
198,data/eval_images/Triloculina trigonula_14_view5_zstack_slice_z0052.png,Triloculina trigonula,stretch,1.0,Pyrgo inornata,0.4532338082790375,0
199,data/eval_images/Triloculina trigonula_14_view5_zstack_slice_z0065.png,Triloculina trigonula,gaussian,0.0,Triloculina trigonula,0.9542906284332277,1
199,data/eval_images/Triloculina trigonula_14_view5_zstack_slice_z0065.png,Triloculina trigonula,gaussian,5.0,Triloculina trigonula,0.9573497772216796,1
199,data/eval_images/Triloculina trigonula_14_view5_zstack_slice_z0065.png,Triloculina trigonula,gaussian,10.0,Triloculina trigonula,0.9535900950431824,1
199,data/eval_images/Triloculina trigonula_14_view5_zstack_slice_z0065.png,Triloculina trigonula,gaussian,25.0,Triloculina trigonula,0.6094438433647156,1
199,data/eval_images/Triloculina trigonula_14_view5_zstack_slice_z0065.png,Triloculina trigonula,gaussian,50.0,Pyrgo inornata,0.6747944951057434,0
199,data/eval_images/Triloculina trigonula_14_view5_zstack_slice_z0065.png,Triloculina trigonula,saltpepper,0.0,Triloculina trigonula,0.9542906284332277,1
199,data/eval_images/Triloculina trigonula_14_view5_zstack_slice_z0065.png,Triloculina trigonula,saltpepper,0.01,Triloculina trigonula,0.5332708954811096,1
199,data/eval_images/Triloculina trigonula_14_view5_zstack_slice_z0065.png,Triloculina trigonula,saltpepper,0.03,Triloculina trigonula,0.4749557673931122,1
199,data/eval_images/Triloculina trigonula_14_view5_zstack_slice_z0065.png,Triloculina trigonula,saltpepper,0.07,Pyrgo inornata,0.6612388491630554,0
199,data/eval_images/Triloculina trigonula_14_view5_zstack_slice_z0065.png,Triloculina trigonula,stretch,1.0,Triloculina trigonula,0.9542906284332277,1
200,data/eval_images/Triloculina trigonula_14_view5_zstack_slice_z0082.png,Triloculina trigonula,gaussian,0.0,Triloculina trigonula,0.9540306329727172,1
200,data/eval_images/Triloculina trigonula_14_view5_zstack_slice_z0082.png,Triloculina trigonula,gaussian,5.0,Triloculina trigonula,0.9450095891952516,1
200,data/eval_images/Triloculina trigonula_14_view5_zstack_slice_z0082.png,Triloculina trigonula,gaussian,10.0,Triloculina trigonula,0.9237436056137084,1
200,data/eval_images/Triloculina trigonula_14_view5_zstack_slice_z0082.png,Triloculina trigonula,gaussian,25.0,Pyrgo inornata,0.5226174592971802,0
200,data/eval_images/Triloculina trigonula_14_view5_zstack_slice_z0082.png,Triloculina trigonula,gaussian,50.0,Pyrgo inornata,0.537809431552887,0
200,data/eval_images/Triloculina trigonula_14_view5_zstack_slice_z0082.png,Triloculina trigonula,saltpepper,0.0,Triloculina trigonula,0.9540306329727172,1
200,data/eval_images/Triloculina trigonula_14_view5_zstack_slice_z0082.png,Triloculina trigonula,saltpepper,0.01,Pyrgo inornata,0.4377041161060333,0
200,data/eval_images/Triloculina trigonula_14_view5_zstack_slice_z0082.png,Triloculina trigonula,saltpepper,0.03,Pyrgo inornata,0.5403332710266113,0
200,data/eval_images/Triloculina trigonula_14_view5_zstack_slice_z0082.png,Triloculina trigonula,saltpepper,0.07,Pyrgo inornata,0.4502227902412414,0
200,data/eval_images/Triloculina trigonula_14_view5_zstack_slice_z0082.png,Triloculina trigonula,stretch,1.0,Triloculina trigonula,0.9540306329727172,1
201,data/eval_images/Triloculina trigonula_14_view5_zstack_slice_z0083.png,Triloculina trigonula,gaussian,0.0,Triloculina trigonula,0.943494975566864,1
201,data/eval_images/Triloculina trigonula_14_view5_zstack_slice_z0083.png,Triloculina trigonula,gaussian,5.0,Triloculina trigonula,0.9532707333564758,1
201,data/eval_images/Triloculina trigonula_14_view5_zstack_slice_z0083.png,Triloculina trigonula,gaussian,10.0,Triloculina trigonula,0.9287711381912231,1
201,data/eval_images/Triloculina trigonula_14_view5_zstack_slice_z0083.png,Triloculina trigonula,gaussian,25.0,Triloculina trigonula,0.4618335664272308,1
201,data/eval_images/Triloculina trigonula_14_view5_zstack_slice_z0083.png,Triloculina trigonula,gaussian,50.0,Pyrgo inornata,0.5952281951904297,0
201,data/eval_images/Triloculina trigonula_14_view5_zstack_slice_z0083.png,Triloculina trigonula,saltpepper,0.0,Triloculina trigonula,0.943494975566864,1
201,data/eval_images/Triloculina trigonula_14_view5_zstack_slice_z0083.png,Triloculina trigonula,saltpepper,0.01,Triloculina trigonula,0.3651616871356964,1
201,data/eval_images/Triloculina trigonula_14_view5_zstack_slice_z0083.png,Triloculina trigonula,saltpepper,0.03,Triloculina trigonula,0.3531646728515625,1
201,data/eval_images/Triloculina trigonula_14_view5_zstack_slice_z0083.png,Triloculina trigonula,saltpepper,0.07,Triloculina trigonula,0.4034812748432159,1
201,data/eval_images/Triloculina trigonula_14_view5_zstack_slice_z0083.png,Triloculina trigonula,stretch,1.0,Triloculina trigonula,0.943494975566864,1
